metric_id,document_id,page_number,section_id,section_title,label_raw,label_canonical,value_numeric,value_text,unit_hint,bbox,extraction_method
bea7b3cf-eb22-5c85-955b-dab7c2f9c630,c11b9579-45d1-58de-af90-2c8b6bc73152,1,7adb84da-dc07-5f63-8457-c0a1f4cbcf25,AGENDA: IGUALDADE RACIAL: CAPACIDADE INSTITUCIONAL,PPA 2024 Espelho do Monitoramento,ppa_2024_espelho_do_monitoramento,-2027.0,-2027,,"{'page_number': 1, 'left': 523.27, 'top': 540.2171273242186, 'right': 665.0898400000005, 'bottom': 516.7550402523955, 'coord_origin': 'BOTTOMLEFT'}",text_heuristic
5a3ffbe2-4c4d-5b05-bb7b-3884d13b85d5,c11b9579-45d1-58de-af90-2c8b6bc73152,1,1495057e-dda4-5055-87ef-88caaf7db004,PROGRAMA: 1189 - BIOECONOMIA PARA UM NOVO CICLO DE PROSPERIDADE,PROGRAMA: - BIOECONOMIA PARA UM NOVO CICLO DE PROSPERIDADE,programa_bioeconomia_para_um_novo_ciclo_de_prosperidade,1189.0,1189,,"{'page_number': 1, 'left': 51.0, 'top': 438.8411273242187, 'right': 589.0752800000007, 'bottom': 426.24825572200876, 'coord_origin': 'BOTTOMLEFT'}",text_heuristic
bc922eb7-8e1c-5c19-898b-86cefd0acfe1,c11b9579-45d1-58de-af90-2c8b6bc73152,1,1495057e-dda4-5055-87ef-88caaf7db004,PROGRAMA: 1189 - BIOECONOMIA PARA UM NOVO CICLO DE PROSPERIDADE,Órgão Responsável: - Ministério do Meio Ambiente e Mudança do Clima,orgao_responsavel_ministerio_do_meio_ambiente_e_mudanca_do_clima,44000.0,44000,,"{'page_number': 1, 'left': 77.28, 'top': 333.7208873242187, 'right': 434.4943999999999, 'bottom': 324.78748268333476, 'coord_origin': 'BOTTOMLEFT'}",text_heuristic
1409aa92-fc34-5104-bc88-9073f7e90de3,c11b9579-45d1-58de-af90-2c8b6bc73152,2,5d2f08b8-bd90-53ab-b810-a40c0d37e243,Informações do Monitoramento,Ministério do Meio Ambiente e Mudança do Clima,ministerio_do_meio_ambiente_e_mudanca_do_clima,44000.0,44000,,"{'page_number': 2, 'left': 192.26, 'top': 515.6708873242187, 'right': 449.4943999999999, 'bottom': 506.73748268333475, 'coord_origin': 'BOTTOMLEFT'}",text_heuristic
d4ece079-029f-5f75-9536-9297fa3a29ba,c11b9579-45d1-58de-af90-2c8b6bc73152,2,5d2f08b8-bd90-53ab-b810-a40c0d37e243,Informações do Monitoramento,Ministério do Meio Ambiente e Mudança do Clima,ministerio_do_meio_ambiente_e_mudanca_do_clima,44000.0,44000,,"{'page_number': 2, 'left': 192.26, 'top': 245.02088732421873, 'right': 449.4943999999999, 'bottom': 236.08748268333477, 'coord_origin': 'BOTTOMLEFT'}",text_heuristic
c709873d-ce02-5c1d-b04f-d45d86772266,c11b9579-45d1-58de-af90-2c8b6bc73152,3,a060bf64-a010-5128-98f6-3b39d04ac12f,Medida Institucional Normativa: 0715 - Criar Rede de Instituições Nacionais parceiras de usuários internacionais Informações básicas,Ministério do Meio Ambiente e Mudança do Clima,ministerio_do_meio_ambiente_e_mudanca_do_clima,44000.0,44000,,"{'page_number': 3, 'left': 192.26, 'top': 438.5108873242187, 'right': 449.4943999999999, 'bottom': 429.5774826833347, 'coord_origin': 'BOTTOMLEFT'}",text_heuristic
5749c611-02c6-52ab-b943-d60e0d6cf1e9,c11b9579-45d1-58de-af90-2c8b6bc73152,3,a060bf64-a010-5128-98f6-3b39d04ac12f,Medida Institucional Normativa: 0715 - Criar Rede de Instituições Nacionais parceiras de usuários internacionais Informações básicas,Órgão Responsável: - Ministério do Meio Ambiente e Mudança do Clima,orgao_responsavel_ministerio_do_meio_ambiente_e_mudanca_do_clima,44000.0,44000,,"{'page_number': 3, 'left': 77.28, 'top': 216.10088732421866, 'right': 434.4943999999999, 'bottom': 207.1674826833347, 'coord_origin': 'BOTTOMLEFT'}",text_heuristic
bc068687-ec3a-5ff9-8fd0-402bf1cfbf9e,c11b9579-45d1-58de-af90-2c8b6bc73152,4,baacf447-0a2d-5190-8ba4-5e5ba27227c0,PROGRAMA: 2224 - PLANEJAMENTO E ORÇAMENTO PARA O DESENVOLVIMENTO SUSTENTÁVEL E INCLUSIVO,Órgão Responsável: - Ministério do Planejamento e Orçamento,orgao_responsavel_ministerio_do_planejamento_e_orcamento,47000.0,47000,,"{'page_number': 4, 'left': 77.28, 'top': 104.23488732421868, 'right': 395.0428399999998, 'bottom': 95.30148268333471, 'coord_origin': 'BOTTOMLEFT'}",text_heuristic
886ba7e5-be96-5d75-8b1d-999d9eb3745b,c11b9579-45d1-58de-af90-2c8b6bc73152,5,b17a9ad9-67e8-5b5b-b5ac-f7041ef23d62,"Entrega: 0045 - Diagnósticos, estudos e pesquisas sobre a realidade e as políticas públicas brasileiras",Indicador: - Número de visualizações dos sites do Ipea,indicador_numero_de_visualizacoes_dos_sites_do_ipea,8854.0,8854,,"{'page_number': 5, 'left': 88.56, 'top': 414.88600732421867, 'right': 431.36000000000035, 'bottom': 404.1228692026717, 'coord_origin': 'BOTTOMLEFT'}",text_heuristic
f8d3aef1-512d-5a95-8b6b-e27a524fdc34,c11b9579-45d1-58de-af90-2c8b6bc73152,5,b17a9ad9-67e8-5b5b-b5ac-f7041ef23d62,"Entrega: 0045 - Diagnósticos, estudos e pesquisas sobre a realidade e as políticas públicas brasileiras",Meta: CZ - Número de visualizações dos sites do IPEA,meta_cz_numero_de_visualizacoes_dos_sites_do_ipea,7.0,07,,"{'page_number': 5, 'left': 88.56, 'top': 396.5260073242187, 'right': 411.3440000000003, 'bottom': 385.76286920267177, 'coord_origin': 'BOTTOMLEFT'}",text_heuristic
e5934c26-80cd-50f2-a0ea-f4a30a201320,c11b9579-45d1-58de-af90-2c8b6bc73152,5,64ba3a59-242b-50bd-90ab-a9952494afec,Informações do Monitoramento,Meta prevista para,meta_prevista_para,2024.0,2024,,"{'page_number': 5, 'left': 92.304, 'top': 346.2008873242187, 'right': 211.0172399999999, 'bottom': 337.2674826833347, 'coord_origin': 'BOTTOMLEFT'}",text_heuristic
c349b76a-6dd2-5f81-b42a-1c0fe682c4d2,c11b9579-45d1-58de-af90-2c8b6bc73152,5,64ba3a59-242b-50bd-90ab-a9952494afec,Informações do Monitoramento,Meta prevista para,meta_prevista_para,2025.0,2025,,"{'page_number': 5, 'left': 92.304, 'top': 334.6808873242187, 'right': 211.0172399999999, 'bottom': 325.74748268333474, 'coord_origin': 'BOTTOMLEFT'}",text_heuristic
5b544be7-7492-5386-a66f-0b305bf77811,c11b9579-45d1-58de-af90-2c8b6bc73152,5,64ba3a59-242b-50bd-90ab-a9952494afec,Informações do Monitoramento,Meta prevista para,meta_prevista_para,2026.0,2026,,"{'page_number': 5, 'left': 92.304, 'top': 323.1608873242187, 'right': 211.0172399999999, 'bottom': 314.22748268333476, 'coord_origin': 'BOTTOMLEFT'}",text_heuristic
33383cdb-a224-5358-a645-4f566c8ec66c,c11b9579-45d1-58de-af90-2c8b6bc73152,5,64ba3a59-242b-50bd-90ab-a9952494afec,Informações do Monitoramento,Meta prevista para,meta_prevista_para,2027.0,2027,,"{'page_number': 5, 'left': 92.304, 'top': 311.6408873242187, 'right': 211.0172399999999, 'bottom': 302.7074826833347, 'coord_origin': 'BOTTOMLEFT'}",text_heuristic
3de09d1c-8567-5fa5-aa3e-b3136597d9f3,c11b9579-45d1-58de-af90-2c8b6bc73152,5,b17a9ad9-67e8-5b5b-b5ac-f7041ef23d62,"Entrega: 0045 - Diagnósticos, estudos e pesquisas sobre a realidade e as políticas públicas brasileiras","Meta: QV - Número de Publicações Baseadas em Diagnósticos, Estudos e Pesquisas",meta_qv_numero_de_publicacoes_baseadas_em_diagnosticos_estudos_e_pesquisas,7.0,07,,"{'page_number': 5, 'left': 96.024, 'top': 74.52000732421868, 'right': 593.2160000000005, 'bottom': 63.75686920267174, 'coord_origin': 'BOTTOMLEFT'}",text_heuristic
caf52540-2f07-5047-87f4-4ded968b1774,c11b9579-45d1-58de-af90-2c8b6bc73152,6,598adc51-774d-5357-b550-21219e5b01a7,Informações do Monitoramento,Meta prevista para 2024,meta_prevista_para_2024,540.0,540,,"{'page_number': 6, 'left': 99.744, 'top': 531.7508873242188, 'right': 235.23767999999998, 'bottom': 522.8174826833347, 'coord_origin': 'BOTTOMLEFT'}",text_heuristic
490e5660-33af-5527-b9d4-be27a763d5d8,c11b9579-45d1-58de-af90-2c8b6bc73152,6,598adc51-774d-5357-b550-21219e5b01a7,Informações do Monitoramento,Meta prevista para,meta_prevista_para,2025.0,2025,,"{'page_number': 6, 'left': 99.744, 'top': 520.2308873242188, 'right': 218.45723999999987, 'bottom': 511.29748268333475, 'coord_origin': 'BOTTOMLEFT'}",text_heuristic
908e4ee7-c41a-51da-9dbd-3dd6e24247fc,c11b9579-45d1-58de-af90-2c8b6bc73152,6,598adc51-774d-5357-b550-21219e5b01a7,Informações do Monitoramento,Meta prevista para 2026,meta_prevista_para_2026,560.0,560,,"{'page_number': 6, 'left': 99.744, 'top': 508.7108873242187, 'right': 235.23767999999998, 'bottom': 499.7774826833347, 'coord_origin': 'BOTTOMLEFT'}",text_heuristic
b583e623-572e-531b-9bd3-1950f948aeab,c11b9579-45d1-58de-af90-2c8b6bc73152,6,598adc51-774d-5357-b550-21219e5b01a7,Informações do Monitoramento,Meta prevista para,meta_prevista_para,2027.0,2027,,"{'page_number': 6, 'left': 99.744, 'top': 497.1908873242187, 'right': 218.45723999999987, 'bottom': 488.25748268333473, 'coord_origin': 'BOTTOMLEFT'}",text_heuristic
1cf8f985-7fab-5ba1-ac0b-6fbdeb9a8ecc,c11b9579-45d1-58de-af90-2c8b6bc73152,6,160f7972-0ff6-599e-abea-274ce97ead0e,Entrega: 0057 - Estudos de assessoria à União,Entrega: - Estudos de assessoria à União,entrega_estudos_de_assessoria_a_uniao,57.0,0057,,"{'page_number': 6, 'left': 88.56, 'top': 339.0460073242187, 'right': 354.7520000000002, 'bottom': 328.28286920267175, 'coord_origin': 'BOTTOMLEFT'}",text_heuristic
9e7021eb-89fa-5370-bfac-87792f1d8a58,c11b9579-45d1-58de-af90-2c8b6bc73152,6,160f7972-0ff6-599e-abea-274ce97ead0e,Entrega: 0057 - Estudos de assessoria à União,Meta prevista para 2024,meta_prevista_para_2024,43.0,43,,"{'page_number': 6, 'left': 99.744, 'top': 221.14088732421868, 'right': 229.71771999999999, 'bottom': 212.20748268333472, 'coord_origin': 'BOTTOMLEFT'}",text_heuristic
f705fb51-1a8d-541b-8c98-d026582986c4,c11b9579-45d1-58de-af90-2c8b6bc73152,6,160f7972-0ff6-599e-abea-274ce97ead0e,Entrega: 0057 - Estudos de assessoria à União,Meta prevista para 2025,meta_prevista_para_2025,47.0,47,,"{'page_number': 6, 'left': 99.744, 'top': 209.6208873242187, 'right': 229.71771999999999, 'bottom': 200.68748268333474, 'coord_origin': 'BOTTOMLEFT'}",text_heuristic
93eb9dad-e4b2-50cd-a783-97a5b460fdac,c11b9579-45d1-58de-af90-2c8b6bc73152,6,160f7972-0ff6-599e-abea-274ce97ead0e,Entrega: 0057 - Estudos de assessoria à União,Meta prevista para 2026,meta_prevista_para_2026,51.0,51,,"{'page_number': 6, 'left': 99.744, 'top': 198.10088732421866, 'right': 229.71771999999999, 'bottom': 189.1674826833347, 'coord_origin': 'BOTTOMLEFT'}",text_heuristic
76a8fee1-5eb4-509b-bd28-fbef6c6550b9,c11b9579-45d1-58de-af90-2c8b6bc73152,6,160f7972-0ff6-599e-abea-274ce97ead0e,Entrega: 0057 - Estudos de assessoria à União,Meta prevista para,meta_prevista_para,2027.0,2027,,"{'page_number': 6, 'left': 99.744, 'top': 186.58088732421868, 'right': 218.45723999999987, 'bottom': 177.64748268333472, 'coord_origin': 'BOTTOMLEFT'}",text_heuristic
a45d4d5b-a7b1-5918-9209-81ad16d83078,c11b9579-45d1-58de-af90-2c8b6bc73152,7,3fd3075b-a3fe-5e5a-972d-cd95e2d939e3,Entrega: 2092 - Nova versão do Portal Retrato das Desigualdades de Gênero e Raça,Entrega: - Nova versão do Portal Retrato das Desigualdades de Gênero e Raça,entrega_nova_versao_do_portal_retrato_das_desigualdades_de_genero_e_raca,2092.0,2092,,"{'page_number': 7, 'left': 88.56, 'top': 477.3160073242187, 'right': 566.8820000000002, 'bottom': 466.55286920267173, 'coord_origin': 'BOTTOMLEFT'}",text_heuristic
20e0f6ff-dbe8-594a-a320-d14323f6c19d,c11b9579-45d1-58de-af90-2c8b6bc73152,7,3fd3075b-a3fe-5e5a-972d-cd95e2d939e3,Entrega: 2092 - Nova versão do Portal Retrato das Desigualdades de Gênero e Raça,Meta: QX - Nova versão do Portal Retrato das Desigualdades de Gênero e Raça,meta_qx_nova_versao_do_portal_retrato_das_desigualdades_de_genero_e_raca,7.0,07,,"{'page_number': 7, 'left': 96.024, 'top': 409.8460073242187, 'right': 560.7320000000004, 'bottom': 399.08286920267176, 'coord_origin': 'BOTTOMLEFT'}",text_heuristic
a6ec5c2f-e41b-5855-97d2-0e56f8c8eff0,c11b9579-45d1-58de-af90-2c8b6bc73152,7,3fd3075b-a3fe-5e5a-972d-cd95e2d939e3,Entrega: 2092 - Nova versão do Portal Retrato das Desigualdades de Gênero e Raça,Meta prevista para 2024,meta_prevista_para_2024,1.0,1,,"{'page_number': 7, 'left': 99.744, 'top': 359.5208873242187, 'right': 224.19776, 'bottom': 350.5874826833347, 'coord_origin': 'BOTTOMLEFT'}",text_heuristic
7d0c2266-54bf-51cf-bbab-7bdcb7229073,c11b9579-45d1-58de-af90-2c8b6bc73152,7,3fd3075b-a3fe-5e5a-972d-cd95e2d939e3,Entrega: 2092 - Nova versão do Portal Retrato das Desigualdades de Gênero e Raça,Meta prevista para 2025,meta_prevista_para_2025,0.0,0,,"{'page_number': 7, 'left': 99.744, 'top': 348.0008873242187, 'right': 224.19776, 'bottom': 339.06748268333473, 'coord_origin': 'BOTTOMLEFT'}",text_heuristic
2f7b9dc5-08ac-5196-8c91-c892dfe3f1f2,c11b9579-45d1-58de-af90-2c8b6bc73152,7,3fd3075b-a3fe-5e5a-972d-cd95e2d939e3,Entrega: 2092 - Nova versão do Portal Retrato das Desigualdades de Gênero e Raça,Meta prevista para 2026,meta_prevista_para_2026,0.0,0,,"{'page_number': 7, 'left': 99.744, 'top': 336.4808873242187, 'right': 224.19776, 'bottom': 327.54748268333475, 'coord_origin': 'BOTTOMLEFT'}",text_heuristic
c501f5cb-aebf-5d88-a92c-3469591970ca,c11b9579-45d1-58de-af90-2c8b6bc73152,7,3fd3075b-a3fe-5e5a-972d-cd95e2d939e3,Entrega: 2092 - Nova versão do Portal Retrato das Desigualdades de Gênero e Raça,Meta prevista para 2027,meta_prevista_para_2027,0.0,0,,"{'page_number': 7, 'left': 99.744, 'top': 324.9608873242187, 'right': 224.19776, 'bottom': 316.0274826833347, 'coord_origin': 'BOTTOMLEFT'}",text_heuristic
b4793f98-b686-5405-8089-df8d0d92abc1,c11b9579-45d1-58de-af90-2c8b6bc73152,7,daa6f318-b54a-5cf5-8ff3-bc84a95dc946,Informações do Monitoramento,Quantidade alcançada,quantidade_alcancada,1.0,1,,"{'page_number': 7, 'left': 99.744, 'top': 260.7408873242187, 'right': 217.47776, 'bottom': 251.80748268333474, 'coord_origin': 'BOTTOMLEFT'}",text_heuristic
4b005fae-5844-5742-a4aa-ba2ea58f5d42,c11b9579-45d1-58de-af90-2c8b6bc73152,7,3fd3075b-a3fe-5e5a-972d-cd95e2d939e3,Entrega: 2092 - Nova versão do Portal Retrato das Desigualdades de Gênero e Raça,Ministério do Planejamento e Orçamento,ministerio_do_planejamento_e_orcamento,47000.0,47000,,"{'page_number': 7, 'left': 177.26, 'top': 104.8348873242187, 'right': 395.0428399999998, 'bottom': 95.90148268333473, 'coord_origin': 'BOTTOMLEFT'}",text_heuristic
5d2ba0f1-ec89-5be8-a439-dbb80c23dbce,c11b9579-45d1-58de-af90-2c8b6bc73152,8,92fff359-1b29-5354-a7be-7e9f751b369d,Entrega: 0512 - Relatórios de monitoramento das Agendas Transversais,Indicador: - Média dos percentuais de atributos marcados na PPA,indicador_media_dos_percentuais_de_atributos_marcados_na_ppa,9386.0,9386,,"{'page_number': 8, 'left': 88.56, 'top': 368.8060073242187, 'right': 494.1320000000004, 'bottom': 358.04286920267174, 'coord_origin': 'BOTTOMLEFT'}",text_heuristic
9aaecde9-fabc-54b0-a793-d676b7acca70,c11b9579-45d1-58de-af90-2c8b6bc73152,8,92fff359-1b29-5354-a7be-7e9f751b369d,Entrega: 0512 - Relatórios de monitoramento das Agendas Transversais,Meta: 07D - Média dos percentuais de atributos marcados na PPA,meta_07d_media_dos_percentuais_de_atributos_marcados_na_ppa,6.0,6,,"{'page_number': 8, 'left': 88.56, 'top': 350.5660073242187, 'right': 469.2920000000003, 'bottom': 339.80286920267173, 'coord_origin': 'BOTTOMLEFT'}",text_heuristic
99f4e65f-35df-5b5c-b369-b0bb95b1f187,c11b9579-45d1-58de-af90-2c8b6bc73152,8,b885bbf7-53e9-55f0-8915-3875a0bc2566,Informações do Monitoramento,Meta prevista para 2024,meta_prevista_para_2024,55.0,55,,"{'page_number': 8, 'left': 92.304, 'top': 300.2408873242187, 'right': 222.27772, 'bottom': 291.30748268333474, 'coord_origin': 'BOTTOMLEFT'}",text_heuristic
adbeda8c-d737-5e71-9c22-35c810fc25a0,c11b9579-45d1-58de-af90-2c8b6bc73152,8,b885bbf7-53e9-55f0-8915-3875a0bc2566,Informações do Monitoramento,Meta prevista para 2025,meta_prevista_para_2025,60.0,60,,"{'page_number': 8, 'left': 92.304, 'top': 288.7208873242187, 'right': 222.27772, 'bottom': 279.78748268333476, 'coord_origin': 'BOTTOMLEFT'}",text_heuristic
e3c173af-c196-5001-b921-40debb8163cf,c11b9579-45d1-58de-af90-2c8b6bc73152,8,b885bbf7-53e9-55f0-8915-3875a0bc2566,Informações do Monitoramento,Meta prevista para 2026,meta_prevista_para_2026,65.0,65,,"{'page_number': 8, 'left': 92.304, 'top': 277.1808873242187, 'right': 222.27772, 'bottom': 268.24748268333474, 'coord_origin': 'BOTTOMLEFT'}",text_heuristic
32693028-3bcd-596d-8226-668434383166,c11b9579-45d1-58de-af90-2c8b6bc73152,8,b885bbf7-53e9-55f0-8915-3875a0bc2566,Informações do Monitoramento,Meta prevista para,meta_prevista_para,2027.0,2027,,"{'page_number': 8, 'left': 92.304, 'top': 265.6608873242187, 'right': 211.0172399999999, 'bottom': 256.72748268333476, 'coord_origin': 'BOTTOMLEFT'}",text_heuristic
09930959-8894-5c14-a642-ede0e9951633,c11b9579-45d1-58de-af90-2c8b6bc73152,8,92fff359-1b29-5354-a7be-7e9f751b369d,Entrega: 0512 - Relatórios de monitoramento das Agendas Transversais,Entrega: - Relatórios de monitoramento das Agendas Transversais,entrega_relatorios_de_monitoramento_das_agendas_transversais,512.0,0512,,"{'page_number': 8, 'left': 88.56, 'top': 130.43600732421874, 'right': 499.94000000000034, 'bottom': 119.67286920267173, 'coord_origin': 'BOTTOMLEFT'}",text_heuristic
88aac418-1b8d-58cd-ad9c-d71862a41848,c11b9579-45d1-58de-af90-2c8b6bc73152,8,92fff359-1b29-5354-a7be-7e9f751b369d,Entrega: 0512 - Relatórios de monitoramento das Agendas Transversais,Indicador: - Número de relatórios,indicador_numero_de_relatorios,9392.0,9392,,"{'page_number': 8, 'left': 96.024, 'top': 81.24000732421871, 'right': 315.5000000000001, 'bottom': 70.47686920267176, 'coord_origin': 'BOTTOMLEFT'}",text_heuristic
68e40f6e-2cc0-57da-9af6-8bb467f38ae6,c11b9579-45d1-58de-af90-2c8b6bc73152,8,92fff359-1b29-5354-a7be-7e9f751b369d,Entrega: 0512 - Relatórios de monitoramento das Agendas Transversais,Meta: 07R - Número de relatórios,meta_07r_numero_de_relatorios,4.0,4,,"{'page_number': 8, 'left': 96.024, 'top': 63.0000073242187, 'right': 290.78000000000003, 'bottom': 52.236869202671755, 'coord_origin': 'BOTTOMLEFT'}",text_heuristic
f7b02705-bb99-5e63-ac78-696ff908eca6,c11b9579-45d1-58de-af90-2c8b6bc73152,9,1372f604-948d-5aed-bafc-cfc5b84942eb,Informações do Monitoramento,Órgão Responsável: - Ministério do Planejamento e Orçamento,orgao_responsavel_ministerio_do_planejamento_e_orcamento,47000.0,47000,,"{'page_number': 9, 'left': 77.28, 'top': 241.78088732421872, 'right': 395.0428399999998, 'bottom': 232.84748268333476, 'coord_origin': 'BOTTOMLEFT'}",text_heuristic
9fe4ee07-8b5d-52e7-9be4-ac7769c58a4f,c11b9579-45d1-58de-af90-2c8b6bc73152,10,9add66f9-e2cf-5479-a6f4-623e127aa230,Informações do Monitoramento,Meta prevista para 2024,meta_prevista_para_2024,20.0,20,,"{'page_number': 10, 'left': 92.304, 'top': 448.2308873242187, 'right': 222.27772, 'bottom': 439.29748268333475, 'coord_origin': 'BOTTOMLEFT'}",text_heuristic
eff0909d-37df-51c0-8171-2331def0b79e,c11b9579-45d1-58de-af90-2c8b6bc73152,10,9add66f9-e2cf-5479-a6f4-623e127aa230,Informações do Monitoramento,Meta prevista para 2025,meta_prevista_para_2025,21.0,21,,"{'page_number': 10, 'left': 92.304, 'top': 436.7108873242187, 'right': 222.27772, 'bottom': 427.7774826833347, 'coord_origin': 'BOTTOMLEFT'}",text_heuristic
5915d6f0-67e3-5c13-aeb4-9dfe18b240f1,c11b9579-45d1-58de-af90-2c8b6bc73152,10,9add66f9-e2cf-5479-a6f4-623e127aa230,Informações do Monitoramento,Meta prevista para 2026,meta_prevista_para_2026,22.0,22,,"{'page_number': 10, 'left': 92.304, 'top': 425.1908873242187, 'right': 222.27772, 'bottom': 416.25748268333473, 'coord_origin': 'BOTTOMLEFT'}",text_heuristic
76ba552b-c247-592b-b0cd-1c1e21fbc6f7,c11b9579-45d1-58de-af90-2c8b6bc73152,10,9add66f9-e2cf-5479-a6f4-623e127aa230,Informações do Monitoramento,Meta prevista para,meta_prevista_para,2027.0,2027,,"{'page_number': 10, 'left': 92.304, 'top': 413.6708873242187, 'right': 211.0172399999999, 'bottom': 404.73748268333475, 'coord_origin': 'BOTTOMLEFT'}",text_heuristic
eb919f4e-0c3a-5a3e-8bd3-20a435617195,c11b9579-45d1-58de-af90-2c8b6bc73152,10,d95f2dc2-b984-5931-95df-3f9e90a14f05,Entrega: 1354 - Relatórios Anuais das Agendas Transversais e Multissetoriais Selecionadas,Meta prevista para 2024,meta_prevista_para_2024,5.0,5,,"{'page_number': 10, 'left': 99.744, 'top': 160.6308873242187, 'right': 224.19776, 'bottom': 151.69748268333473, 'coord_origin': 'BOTTOMLEFT'}",text_heuristic
7bc855f4-b773-5080-9ea7-f3fdb9ade0aa,c11b9579-45d1-58de-af90-2c8b6bc73152,10,d95f2dc2-b984-5931-95df-3f9e90a14f05,Entrega: 1354 - Relatórios Anuais das Agendas Transversais e Multissetoriais Selecionadas,Meta prevista para 2025,meta_prevista_para_2025,5.0,5,,"{'page_number': 10, 'left': 99.744, 'top': 149.1108873242187, 'right': 224.19776, 'bottom': 140.17748268333474, 'coord_origin': 'BOTTOMLEFT'}",text_heuristic
ea0efea9-0462-5d52-bd28-8f2e1c60e44e,c11b9579-45d1-58de-af90-2c8b6bc73152,10,d95f2dc2-b984-5931-95df-3f9e90a14f05,Entrega: 1354 - Relatórios Anuais das Agendas Transversais e Multissetoriais Selecionadas,Meta prevista para 2026,meta_prevista_para_2026,5.0,5,,"{'page_number': 10, 'left': 99.744, 'top': 137.59088732421867, 'right': 224.19776, 'bottom': 128.6574826833347, 'coord_origin': 'BOTTOMLEFT'}",text_heuristic
15a1292d-3ab5-5f0f-a717-c664a3f1f203,c11b9579-45d1-58de-af90-2c8b6bc73152,10,d95f2dc2-b984-5931-95df-3f9e90a14f05,Entrega: 1354 - Relatórios Anuais das Agendas Transversais e Multissetoriais Selecionadas,Meta prevista para 2027,meta_prevista_para_2027,5.0,5,,"{'page_number': 10, 'left': 99.744, 'top': 126.07088732421869, 'right': 224.19776, 'bottom': 117.13748268333472, 'coord_origin': 'BOTTOMLEFT'}",text_heuristic
6e3f3d16-b15a-5404-a491-80132482f520,c11b9579-45d1-58de-af90-2c8b6bc73152,11,347ad185-b5e3-58c6-93c7-03d5e32d65d6,"Medida Institucional Normativa: 08BB - Ações institucionais para ampliação da equidade, diversidade, inclusão e acessibilidade. ..",Planejamento e Orçamento para o Desenvolvimento Sustentável e Inclusivo,planejamento_e_orcamento_para_o_desenvolvimento_sustentavel_e_inclusivo,2224.0,2224,,"{'page_number': 11, 'left': 129.98, 'top': 385.3208873242187, 'right': 498.13676, 'bottom': 376.3874826833347, 'coord_origin': 'BOTTOMLEFT'}",text_heuristic
5b2d1faa-e9c8-59e1-ad20-a453540f7f57,c11b9579-45d1-58de-af90-2c8b6bc73152,11,347ad185-b5e3-58c6-93c7-03d5e32d65d6,"Medida Institucional Normativa: 08BB - Ações institucionais para ampliação da equidade, diversidade, inclusão e acessibilidade. ..",Ministério do Planejamento e Orçamento,ministerio_do_planejamento_e_orcamento,47000.0,47000,,"{'page_number': 11, 'left': 177.26, 'top': 373.6808873242187, 'right': 395.0428399999998, 'bottom': 364.74748268333474, 'coord_origin': 'BOTTOMLEFT'}",text_heuristic
55b75fc6-f4f8-515f-9754-7aefc58f9d18,c11b9579-45d1-58de-af90-2c8b6bc73152,11,0eab099a-703d-518d-b9d0-ca0c2fe56ac6,PROGRAMA: 2301 - TRANSFORMAÇÃO DO ESTADO PARA A CIDADANIA E O DESENVOLVIMENTO,PROGRAMA: - TRANSFORMAÇÃO DO ESTADO PARA A CIDADANIA E O DESENVOLVIMENTO,programa_transformacao_do_estado_para_a_cidadania_e_o_desenvolvimento,2301.0,2301,,"{'page_number': 11, 'left': 51.0, 'top': 106.36512732421869, 'right': 716.6988800000005, 'bottom': 93.77225572200877, 'coord_origin': 'BOTTOMLEFT'}",text_heuristic
e3d377b1-a337-570f-ad07-a6db02b0683a,c11b9579-45d1-58de-af90-2c8b6bc73152,12,b0ec088d-1c97-5997-9c2c-b3e4448b0ace,Informações do Monitoramento,Indicador: - Percentual de necessidades atendidas integralmente,indicador_percentual_de_necessidades_atendidas_integralmente,9495.0,9495,,"{'page_number': 12, 'left': 88.56, 'top': 150.5960073242187, 'right': 489.35600000000045, 'bottom': 139.83286920267176, 'coord_origin': 'BOTTOMLEFT'}",text_heuristic
05e7aa2e-b26b-51ac-8846-ac6f369efb71,c11b9579-45d1-58de-af90-2c8b6bc73152,12,b0ec088d-1c97-5997-9c2c-b3e4448b0ace,Informações do Monitoramento,Meta prevista para 2024,meta_prevista_para_2024,60.0,60,,"{'page_number': 12, 'left': 92.304, 'top': 68.11488732421867, 'right': 222.27772, 'bottom': 59.18148268333471, 'coord_origin': 'BOTTOMLEFT'}",text_heuristic
da39c388-703e-5fb9-9dcd-0ba7dfe746f5,c11b9579-45d1-58de-af90-2c8b6bc73152,13,21e15883-9415-51b1-af97-f0a06f3ad087,Informações do Monitoramento,Meta prevista para,meta_prevista_para,2025.0,2025,,"{'page_number': 13, 'left': 92.304, 'top': 548.2108873242188, 'right': 211.0172399999999, 'bottom': 539.2774826833347, 'coord_origin': 'BOTTOMLEFT'}",text_heuristic
5dcc29d3-ce8e-5308-b3e7-b2321a6242d6,c11b9579-45d1-58de-af90-2c8b6bc73152,13,21e15883-9415-51b1-af97-f0a06f3ad087,Informações do Monitoramento,Meta prevista para,meta_prevista_para,2026.0,2026,,"{'page_number': 13, 'left': 92.304, 'top': 536.6708873242187, 'right': 211.0172399999999, 'bottom': 527.7374826833346, 'coord_origin': 'BOTTOMLEFT'}",text_heuristic
c51638ea-3dd8-5943-87f8-a71832fc8e66,c11b9579-45d1-58de-af90-2c8b6bc73152,13,21e15883-9415-51b1-af97-f0a06f3ad087,Informações do Monitoramento,Meta prevista para,meta_prevista_para,2027.0,2027,,"{'page_number': 13, 'left': 92.304, 'top': 525.1508873242187, 'right': 211.0172399999999, 'bottom': 516.2174826833347, 'coord_origin': 'BOTTOMLEFT'}",text_heuristic
5ef7989e-b9af-534b-be96-bc9056b92424,c11b9579-45d1-58de-af90-2c8b6bc73152,13,f82d20a9-ad9e-5fdf-80d2-e160719ad4ab,Entrega: 2091 - Agente público certificado em ação de desenvolvimento da Enap.,Entrega: - Agente público certificado em ação de desenvolvimento da Enap.,entrega_agente_publico_certificado_em_acao_de_desenvolvimento_da_enap,2091.0,2091,,"{'page_number': 13, 'left': 88.56, 'top': 343.9660073242187, 'right': 552.0560000000005, 'bottom': 333.20286920267176, 'coord_origin': 'BOTTOMLEFT'}",text_heuristic
963ac60e-a127-5f67-86d5-9fc92c3c4528,c11b9579-45d1-58de-af90-2c8b6bc73152,13,f82d20a9-ad9e-5fdf-80d2-e160719ad4ab,Entrega: 2091 - Agente público certificado em ação de desenvolvimento da Enap.,Indicador: - Percentual de agentes públicos certificados na Enap,indicador_percentual_de_agentes_publicos_certificados_na_enap,11442.0,11442,,"{'page_number': 13, 'left': 96.024, 'top': 294.76600732421866, 'right': 502.05200000000036, 'bottom': 284.0028692026717, 'coord_origin': 'BOTTOMLEFT'}",text_heuristic
e524f5ad-6716-5b07-9d74-fbc54241f83a,c11b9579-45d1-58de-af90-2c8b6bc73152,13,f82d20a9-ad9e-5fdf-80d2-e160719ad4ab,Entrega: 2091 - Agente público certificado em ação de desenvolvimento da Enap.,Meta: V - Efetuar o percentual de agentes públicos certificados na Enap,meta_v_efetuar_o_percentual_de_agentes_publicos_certificados_na_enap,67.0,067,,"{'page_number': 13, 'left': 96.024, 'top': 276.5060073242187, 'right': 524.6960000000004, 'bottom': 265.7428692026717, 'coord_origin': 'BOTTOMLEFT'}",text_heuristic
7c7f58fa-b0fd-5313-aed1-3d94ef09ad34,c11b9579-45d1-58de-af90-2c8b6bc73152,13,f82d20a9-ad9e-5fdf-80d2-e160719ad4ab,Entrega: 2091 - Agente público certificado em ação de desenvolvimento da Enap.,Meta prevista para 2024,meta_prevista_para_2024,10.0,10,,"{'page_number': 13, 'left': 99.744, 'top': 226.1808873242187, 'right': 229.71771999999999, 'bottom': 217.24748268333474, 'coord_origin': 'BOTTOMLEFT'}",text_heuristic
b621a93f-4f44-59f5-b164-422ddb6289e9,c11b9579-45d1-58de-af90-2c8b6bc73152,13,f82d20a9-ad9e-5fdf-80d2-e160719ad4ab,Entrega: 2091 - Agente público certificado em ação de desenvolvimento da Enap.,Meta prevista para 2025,meta_prevista_para_2025,10.0,10,,"{'page_number': 13, 'left': 99.744, 'top': 214.66088732421872, 'right': 229.71771999999999, 'bottom': 205.72748268333476, 'coord_origin': 'BOTTOMLEFT'}",text_heuristic
fcc25eef-506e-5613-986e-7d137d849095,c11b9579-45d1-58de-af90-2c8b6bc73152,13,f82d20a9-ad9e-5fdf-80d2-e160719ad4ab,Entrega: 2091 - Agente público certificado em ação de desenvolvimento da Enap.,Meta prevista para 2026,meta_prevista_para_2026,10.0,10,,"{'page_number': 13, 'left': 99.744, 'top': 203.14088732421868, 'right': 229.71771999999999, 'bottom': 194.20748268333472, 'coord_origin': 'BOTTOMLEFT'}",text_heuristic
662006a2-d797-5bd9-b545-512266bae23f,c11b9579-45d1-58de-af90-2c8b6bc73152,13,f82d20a9-ad9e-5fdf-80d2-e160719ad4ab,Entrega: 2091 - Agente público certificado em ação de desenvolvimento da Enap.,Meta prevista para 2027,meta_prevista_para_2027,10.0,10,,"{'page_number': 13, 'left': 99.744, 'top': 191.6208873242187, 'right': 229.71771999999999, 'bottom': 182.68748268333474, 'coord_origin': 'BOTTOMLEFT'}",text_heuristic
ed1bdd2e-3c7b-54e9-90f5-c9fc57d7c20b,c11b9579-45d1-58de-af90-2c8b6bc73152,17,d080c5db-9922-5055-810b-a96111a6d5d7,Entrega: 2105 - Agente público certificado na Escola Virtual GOV-EV.G.,Entrega: - Agente público certificado na Escola Virtual GOV-EV.G.,entrega_agente_publico_certificado_na_escola_virtual_gov_evg,2105.0,2105,,"{'page_number': 17, 'left': 88.56, 'top': 516.9160073242188, 'right': 494.8900000000001, 'bottom': 506.15286920267175, 'coord_origin': 'BOTTOMLEFT'}",text_heuristic
186a162a-d3e3-5e99-803a-c1f31aeca121,c11b9579-45d1-58de-af90-2c8b6bc73152,17,d080c5db-9922-5055-810b-a96111a6d5d7,Entrega: 2105 - Agente público certificado na Escola Virtual GOV-EV.G.,Meta prevista para 2024,meta_prevista_para_2024,10.0,10,,"{'page_number': 17, 'left': 99.744, 'top': 399.0008873242187, 'right': 229.71771999999999, 'bottom': 390.06748268333473, 'coord_origin': 'BOTTOMLEFT'}",text_heuristic
2bc69ef2-a8a3-591d-9d8f-cc38ceaffb98,c11b9579-45d1-58de-af90-2c8b6bc73152,17,d080c5db-9922-5055-810b-a96111a6d5d7,Entrega: 2105 - Agente público certificado na Escola Virtual GOV-EV.G.,Meta prevista para 2025,meta_prevista_para_2025,10.0,10,,"{'page_number': 17, 'left': 99.744, 'top': 387.4808873242187, 'right': 229.71771999999999, 'bottom': 378.54748268333475, 'coord_origin': 'BOTTOMLEFT'}",text_heuristic
6b925960-ccba-5da8-8261-cca7574d967d,c11b9579-45d1-58de-af90-2c8b6bc73152,17,d080c5db-9922-5055-810b-a96111a6d5d7,Entrega: 2105 - Agente público certificado na Escola Virtual GOV-EV.G.,Meta prevista para 2026,meta_prevista_para_2026,10.0,10,,"{'page_number': 17, 'left': 99.744, 'top': 376.0808873242187, 'right': 229.71771999999999, 'bottom': 367.1474826833347, 'coord_origin': 'BOTTOMLEFT'}",text_heuristic
a44f0ba4-c3f4-5c62-a351-7ffad715c509,c11b9579-45d1-58de-af90-2c8b6bc73152,17,d080c5db-9922-5055-810b-a96111a6d5d7,Entrega: 2105 - Agente público certificado na Escola Virtual GOV-EV.G.,Meta prevista para 2027,meta_prevista_para_2027,10.0,10,,"{'page_number': 17, 'left': 99.744, 'top': 364.5608873242187, 'right': 229.71771999999999, 'bottom': 355.62748268333473, 'coord_origin': 'BOTTOMLEFT'}",text_heuristic
68d15faa-642a-5bb7-8fd1-e64cae6df2fb,c11b9579-45d1-58de-af90-2c8b6bc73152,20,b5ad4f38-5492-51f2-bcd2-4af71791af45,"PROGRAMA: 2304 - CIÊNCIA, TECNOLOGIA E INOVAÇÃO PARA O DESENVOLVIMENTO SOCIAL","PROGRAMA: - CIÊNCIA, TECNOLOGIA E INOVAÇÃO PARA O DESENVOLVIMENTO SOCIAL",programa_ciencia_tecnologia_e_inovacao_para_o_desenvolvimento_social,2304.0,2304,,"{'page_number': 20, 'left': 51.0, 'top': 282.6711273242187, 'right': 697.0007600000009, 'bottom': 270.07825572200875, 'coord_origin': 'BOTTOMLEFT'}",text_heuristic
b07becc7-edff-50a9-aa35-101f607d8ff7,c11b9579-45d1-58de-af90-2c8b6bc73152,21,d67c8b8d-b1ea-5291-ab3c-b3d7da5abd50,"PROGRAMA: 2308 - CONSOLIDAÇÃO DO SISTEMA NACIONAL DE CIÊNCIA, TECNOLOGIA E INOVAÇÃO SNCTI","Ministério da Ciência, Tecnologia e Inovação",ministerio_da_ciencia_tecnologia_e_inovacao,24000.0,24000,,"{'page_number': 21, 'left': 177.26, 'top': 164.2608873242187, 'right': 412.8015199999998, 'bottom': 155.32748268333472, 'coord_origin': 'BOTTOMLEFT'}",text_heuristic
27400b7a-ce0b-5a26-9534-fdd59c7c1700,c11b9579-45d1-58de-af90-2c8b6bc73152,22,2babdb42-f205-5eb9-88d1-60cf39fde928,"PROGRAMA: 2310 - PROMOÇÃO DO TRABALHO DECENTE, EMPREGO E RENDA","PROGRAMA: - PROMOÇÃO DO TRABALHO DECENTE, EMPREGO E RENDA",programa_promocao_do_trabalho_decente_emprego_e_renda,2310.0,2310,,"{'page_number': 22, 'left': 51.0, 'top': 333.6911273242187, 'right': 594.5508800000007, 'bottom': 321.0982557220088, 'coord_origin': 'BOTTOMLEFT'}",text_heuristic
c8f5d066-54a9-5377-af64-d96572a4eaf8,c11b9579-45d1-58de-af90-2c8b6bc73152,22,2babdb42-f205-5eb9-88d1-60cf39fde928,"PROGRAMA: 2310 - PROMOÇÃO DO TRABALHO DECENTE, EMPREGO E RENDA",Órgão Responsável: - Ministério do Trabalho e Emprego,orgao_responsavel_ministerio_do_trabalho_e_emprego,40000.0,40000,,"{'page_number': 22, 'left': 77.28, 'top': 228.58088732421868, 'right': 364.43444, 'bottom': 219.64748268333472, 'coord_origin': 'BOTTOMLEFT'}",text_heuristic
2b61db7b-255f-5037-9da8-cfec220594f6,c11b9579-45d1-58de-af90-2c8b6bc73152,23,03a2de5c-f4df-5bd4-b6a4-ff63fce4b2bc,Indicador: 9776 - Número de acessos ao Portal de Disseminação de Estatísticas de Trabalho,Meta prevista para,meta_prevista_para,2024.0,2024,,"{'page_number': 23, 'left': 92.304, 'top': 325.9208873242187, 'right': 211.0172399999999, 'bottom': 316.98748268333475, 'coord_origin': 'BOTTOMLEFT'}",text_heuristic
62aae284-0308-5329-a6b5-876d029af729,c11b9579-45d1-58de-af90-2c8b6bc73152,23,03a2de5c-f4df-5bd4-b6a4-ff63fce4b2bc,Indicador: 9776 - Número de acessos ao Portal de Disseminação de Estatísticas de Trabalho,Meta prevista para 2025,meta_prevista_para_2025,22000.0,22.000,,"{'page_number': 23, 'left': 92.304, 'top': 314.4008873242187, 'right': 241.71751999999995, 'bottom': 305.4674826833347, 'coord_origin': 'BOTTOMLEFT'}",text_heuristic
2b5bc064-b517-542c-93ed-374f1e973b16,c11b9579-45d1-58de-af90-2c8b6bc73152,23,03a2de5c-f4df-5bd4-b6a4-ff63fce4b2bc,Indicador: 9776 - Número de acessos ao Portal de Disseminação de Estatísticas de Trabalho,Meta prevista para 2026,meta_prevista_para_2026,23150.0,23.150,,"{'page_number': 23, 'left': 92.304, 'top': 302.8808873242187, 'right': 241.71751999999995, 'bottom': 293.9474826833347, 'coord_origin': 'BOTTOMLEFT'}",text_heuristic
a9a73d49-3efb-5f93-9ef3-3afcacf474e0,c11b9579-45d1-58de-af90-2c8b6bc73152,23,03a2de5c-f4df-5bd4-b6a4-ff63fce4b2bc,Indicador: 9776 - Número de acessos ao Portal de Disseminação de Estatísticas de Trabalho,Meta prevista para,meta_prevista_para,2027.0,2027,,"{'page_number': 23, 'left': 92.304, 'top': 291.3608873242187, 'right': 211.0172399999999, 'bottom': 282.42748268333474, 'coord_origin': 'BOTTOMLEFT'}",text_heuristic
e07cd62b-72d0-5e59-ac8d-6437121a1735,c11b9579-45d1-58de-af90-2c8b6bc73152,24,7fe8e09d-ff15-5f99-b146-5120eb1639c8,Informações do Monitoramento,Meta prevista para 2024,meta_prevista_para_2024,12.0,12,,"{'page_number': 24, 'left': 99.744, 'top': 515.6708873242187, 'right': 229.71771999999999, 'bottom': 506.73748268333475, 'coord_origin': 'BOTTOMLEFT'}",text_heuristic
f7c94d9b-9dbf-576a-bb45-e449a5e04184,c11b9579-45d1-58de-af90-2c8b6bc73152,24,7fe8e09d-ff15-5f99-b146-5120eb1639c8,Informações do Monitoramento,Meta prevista para 2025,meta_prevista_para_2025,24.0,24,,"{'page_number': 24, 'left': 99.744, 'top': 504.2708873242187, 'right': 229.71771999999999, 'bottom': 495.3374826833347, 'coord_origin': 'BOTTOMLEFT'}",text_heuristic
a49f8f26-f912-57d8-bc2e-0e50142fa89c,c11b9579-45d1-58de-af90-2c8b6bc73152,24,7fe8e09d-ff15-5f99-b146-5120eb1639c8,Informações do Monitoramento,Meta prevista para 2026,meta_prevista_para_2026,36.0,36,,"{'page_number': 24, 'left': 99.744, 'top': 492.7508873242187, 'right': 229.71771999999999, 'bottom': 483.81748268333473, 'coord_origin': 'BOTTOMLEFT'}",text_heuristic
4b98ca9a-038a-52e8-b45a-303ed31ddcc9,c11b9579-45d1-58de-af90-2c8b6bc73152,24,7fe8e09d-ff15-5f99-b146-5120eb1639c8,Informações do Monitoramento,Meta prevista para,meta_prevista_para,2027.0,2027,,"{'page_number': 24, 'left': 99.744, 'top': 481.2308873242187, 'right': 218.45723999999987, 'bottom': 472.29748268333475, 'coord_origin': 'BOTTOMLEFT'}",text_heuristic
47edcd27-e407-55fd-9041-028183590809,c11b9579-45d1-58de-af90-2c8b6bc73152,24,0333ca03-d8c3-5d3f-b96c-95bda5c9d88a,Entrega: 0834 - Classificação Brasileira de Ocupações e Quadro Brasileiro de Qualificações plenamente atualizados,Meta prevista para 2024,meta_prevista_para_2024,2.0,2,,"{'page_number': 24, 'left': 99.744, 'top': 110.83088732421868, 'right': 224.19776, 'bottom': 101.89748268333472, 'coord_origin': 'BOTTOMLEFT'}",text_heuristic
596f807f-c8f8-5775-aa7a-b8d8eb088c4a,c11b9579-45d1-58de-af90-2c8b6bc73152,24,0333ca03-d8c3-5d3f-b96c-95bda5c9d88a,Entrega: 0834 - Classificação Brasileira de Ocupações e Quadro Brasileiro de Qualificações plenamente atualizados,Meta prevista para 2025,meta_prevista_para_2025,4.0,4,,"{'page_number': 24, 'left': 99.744, 'top': 99.31488732421872, 'right': 224.19776, 'bottom': 90.3814826833347, 'coord_origin': 'BOTTOMLEFT'}",text_heuristic
31e92f23-6af5-516c-bd5f-bd1f04fc5c99,c11b9579-45d1-58de-af90-2c8b6bc73152,24,0333ca03-d8c3-5d3f-b96c-95bda5c9d88a,Entrega: 0834 - Classificação Brasileira de Ocupações e Quadro Brasileiro de Qualificações plenamente atualizados,Meta prevista para 2026,meta_prevista_para_2026,6.0,6,,"{'page_number': 24, 'left': 99.744, 'top': 87.79488732421868, 'right': 224.19776, 'bottom': 78.86148268333477, 'coord_origin': 'BOTTOMLEFT'}",text_heuristic
205823a2-4a3c-557c-b846-f8c215017dcb,c11b9579-45d1-58de-af90-2c8b6bc73152,24,0333ca03-d8c3-5d3f-b96c-95bda5c9d88a,Entrega: 0834 - Classificação Brasileira de Ocupações e Quadro Brasileiro de Qualificações plenamente atualizados,Meta prevista para 2027,meta_prevista_para_2027,8.0,8,,"{'page_number': 24, 'left': 99.744, 'top': 76.27488732421875, 'right': 224.19776, 'bottom': 67.34148268333468, 'coord_origin': 'BOTTOMLEFT'}",text_heuristic
45bc77fe-a2bd-505a-baa7-a3a8216114e5,c11b9579-45d1-58de-af90-2c8b6bc73152,25,7509c240-5c57-51a3-9aab-2caca0b6983f,Informações do Monitoramento,Quantidade alcançada,quantidade_alcancada,0.0,0,,"{'page_number': 25, 'left': 99.744, 'top': 86.35488732421868, 'right': 217.47776, 'bottom': 77.42148268333472, 'coord_origin': 'BOTTOMLEFT'}",text_heuristic
f5efc066-2601-5a92-a813-0bd3e6c67597,c11b9579-45d1-58de-af90-2c8b6bc73152,26,edecb89d-a74f-590e-8748-c14d1224ab6e,Entrega: 0931 - Ampliação e fortalecimento da rede de Observatórios do Mercado de Trabalho,Meta prevista para 2024,meta_prevista_para_2024,10.0,10,,"{'page_number': 26, 'left': 99.744, 'top': 302.0408873242187, 'right': 229.71771999999999, 'bottom': 293.10748268333475, 'coord_origin': 'BOTTOMLEFT'}",text_heuristic
f1c42a53-b8eb-5f1b-8222-37967fddfd51,c11b9579-45d1-58de-af90-2c8b6bc73152,26,edecb89d-a74f-590e-8748-c14d1224ab6e,Entrega: 0931 - Ampliação e fortalecimento da rede de Observatórios do Mercado de Trabalho,Meta prevista para 2025,meta_prevista_para_2025,15.0,15,,"{'page_number': 26, 'left': 99.744, 'top': 290.5208873242187, 'right': 229.71771999999999, 'bottom': 281.5874826833347, 'coord_origin': 'BOTTOMLEFT'}",text_heuristic
221b3e27-3a14-524c-9b4f-bbbe527120cd,c11b9579-45d1-58de-af90-2c8b6bc73152,26,edecb89d-a74f-590e-8748-c14d1224ab6e,Entrega: 0931 - Ampliação e fortalecimento da rede de Observatórios do Mercado de Trabalho,Meta prevista para 2026,meta_prevista_para_2026,20.0,20,,"{'page_number': 26, 'left': 99.744, 'top': 278.9808873242187, 'right': 229.71771999999999, 'bottom': 270.04748268333475, 'coord_origin': 'BOTTOMLEFT'}",text_heuristic
4111a091-d61b-5675-a3de-7d3967eb70f1,c11b9579-45d1-58de-af90-2c8b6bc73152,26,edecb89d-a74f-590e-8748-c14d1224ab6e,Entrega: 0931 - Ampliação e fortalecimento da rede de Observatórios do Mercado de Trabalho,Meta prevista para 2027,meta_prevista_para_2027,27.0,27,,"{'page_number': 26, 'left': 99.744, 'top': 267.4608873242187, 'right': 229.71771999999999, 'bottom': 258.5274826833347, 'coord_origin': 'BOTTOMLEFT'}",text_heuristic
411b0a5d-0975-51e2-9697-17581679eddf,c11b9579-45d1-58de-af90-2c8b6bc73152,28,395d16c5-aa25-5189-9ddb-e6ce1adf037e,"Entrega: 0932 - Construção de cenários e projeções de trabalho, emprego e renda, utilizando mecanismos de inteligência artificial",Indicador: - Número de cenários e projeções elaborados,indicador_numero_de_cenarios_e_projecoes_elaborados,9916.0,9916,,"{'page_number': 28, 'left': 96.024, 'top': 355.3660073242187, 'right': 447.4520000000004, 'bottom': 344.60286920267174, 'coord_origin': 'BOTTOMLEFT'}",text_heuristic
48aee22d-3822-56bf-939b-1cd2a302f430,c11b9579-45d1-58de-af90-2c8b6bc73152,28,395d16c5-aa25-5189-9ddb-e6ce1adf037e,"Entrega: 0932 - Construção de cenários e projeções de trabalho, emprego e renda, utilizando mecanismos de inteligência artificial",Meta prevista para 2024,meta_prevista_para_2024,1.0,1,,"{'page_number': 28, 'left': 99.744, 'top': 286.6608873242187, 'right': 224.19776, 'bottom': 277.72748268333476, 'coord_origin': 'BOTTOMLEFT'}",text_heuristic
5cb60785-6779-5575-8e59-32213adf0060,c11b9579-45d1-58de-af90-2c8b6bc73152,28,395d16c5-aa25-5189-9ddb-e6ce1adf037e,"Entrega: 0932 - Construção de cenários e projeções de trabalho, emprego e renda, utilizando mecanismos de inteligência artificial",Meta prevista para 2025,meta_prevista_para_2025,2.0,2,,"{'page_number': 28, 'left': 99.744, 'top': 275.2608873242187, 'right': 224.19776, 'bottom': 266.3274826833347, 'coord_origin': 'BOTTOMLEFT'}",text_heuristic
58a6472e-c698-5719-a0dd-355a95af48c2,c11b9579-45d1-58de-af90-2c8b6bc73152,28,395d16c5-aa25-5189-9ddb-e6ce1adf037e,"Entrega: 0932 - Construção de cenários e projeções de trabalho, emprego e renda, utilizando mecanismos de inteligência artificial",Meta prevista para 2026,meta_prevista_para_2026,3.0,3,,"{'page_number': 28, 'left': 99.744, 'top': 263.7408873242187, 'right': 224.19776, 'bottom': 254.80748268333474, 'coord_origin': 'BOTTOMLEFT'}",text_heuristic
015975f9-f09d-5a0f-8896-39612edb6f9a,c11b9579-45d1-58de-af90-2c8b6bc73152,28,395d16c5-aa25-5189-9ddb-e6ce1adf037e,"Entrega: 0932 - Construção de cenários e projeções de trabalho, emprego e renda, utilizando mecanismos de inteligência artificial",Meta prevista para 2027,meta_prevista_para_2027,4.0,4,,"{'page_number': 28, 'left': 99.744, 'top': 252.22088732421867, 'right': 224.19776, 'bottom': 243.2874826833347, 'coord_origin': 'BOTTOMLEFT'}",text_heuristic
c123a657-ca7f-5763-88ab-c5200f543fb2,c11b9579-45d1-58de-af90-2c8b6bc73152,29,f3112b25-812b-5716-88d0-111ba04c93bb,Entrega: 0933 - Novas versões do eSocial,Entrega: - Novas versões do eSocial,entrega_novas_versoes_do_esocial,933.0,0933,,"{'page_number': 29, 'left': 88.56, 'top': 516.9160073242188, 'right': 325.9400000000001, 'bottom': 506.15286920267175, 'coord_origin': 'BOTTOMLEFT'}",text_heuristic
88a3f1f2-9ab5-5e5e-9e34-5001f5bcf36b,c11b9579-45d1-58de-af90-2c8b6bc73152,29,f3112b25-812b-5716-88d0-111ba04c93bb,Entrega: 0933 - Novas versões do eSocial,Indicador: - Número de versões do eSocial disponibilizadas,indicador_numero_de_versoes_do_esocial_disponibilizadas,9918.0,9918,,"{'page_number': 29, 'left': 96.024, 'top': 467.7160073242187, 'right': 466.1120000000004, 'bottom': 456.95286920267176, 'coord_origin': 'BOTTOMLEFT'}",text_heuristic
707556bc-b681-5480-a104-7cb1dc7828d8,c11b9579-45d1-58de-af90-2c8b6bc73152,29,f3112b25-812b-5716-88d0-111ba04c93bb,Entrega: 0933 - Novas versões do eSocial,Meta prevista para 2024,meta_prevista_para_2024,1.0,1,,"{'page_number': 29, 'left': 99.744, 'top': 399.0008873242187, 'right': 224.19776, 'bottom': 390.06748268333473, 'coord_origin': 'BOTTOMLEFT'}",text_heuristic
27e57989-02e3-5114-97a1-e8a08ef7fc07,c11b9579-45d1-58de-af90-2c8b6bc73152,29,f3112b25-812b-5716-88d0-111ba04c93bb,Entrega: 0933 - Novas versões do eSocial,Meta prevista para 2025,meta_prevista_para_2025,2.0,2,,"{'page_number': 29, 'left': 99.744, 'top': 387.4808873242187, 'right': 224.19776, 'bottom': 378.54748268333475, 'coord_origin': 'BOTTOMLEFT'}",text_heuristic
3be294da-8c27-5326-aacd-b3ae9a4595fc,c11b9579-45d1-58de-af90-2c8b6bc73152,29,f3112b25-812b-5716-88d0-111ba04c93bb,Entrega: 0933 - Novas versões do eSocial,Meta prevista para 2026,meta_prevista_para_2026,3.0,3,,"{'page_number': 29, 'left': 99.744, 'top': 376.0808873242187, 'right': 224.19776, 'bottom': 367.1474826833347, 'coord_origin': 'BOTTOMLEFT'}",text_heuristic
fd1642a9-be15-5960-a5f6-e6f2c7e5457c,c11b9579-45d1-58de-af90-2c8b6bc73152,29,f3112b25-812b-5716-88d0-111ba04c93bb,Entrega: 0933 - Novas versões do eSocial,Meta prevista para 2027,meta_prevista_para_2027,4.0,4,,"{'page_number': 29, 'left': 99.744, 'top': 364.5608873242187, 'right': 224.19776, 'bottom': 355.62748268333473, 'coord_origin': 'BOTTOMLEFT'}",text_heuristic
5888c669-3f90-59a0-8b98-53aba584d1f3,c11b9579-45d1-58de-af90-2c8b6bc73152,30,f8e90d1c-bb6c-5f9c-8ea0-afbd09e9da16,Informações do Monitoramento,Meta prevista para 2024,meta_prevista_para_2024,2.0,2,,"{'page_number': 30, 'left': 99.744, 'top': 531.7508873242188, 'right': 224.19776, 'bottom': 522.8174826833347, 'coord_origin': 'BOTTOMLEFT'}",text_heuristic
0a3b0767-d420-56c3-9392-bf2e1bdbae20,c11b9579-45d1-58de-af90-2c8b6bc73152,30,f8e90d1c-bb6c-5f9c-8ea0-afbd09e9da16,Informações do Monitoramento,Meta prevista para 2025,meta_prevista_para_2025,4.0,4,,"{'page_number': 30, 'left': 99.744, 'top': 520.2308873242188, 'right': 224.19776, 'bottom': 511.29748268333475, 'coord_origin': 'BOTTOMLEFT'}",text_heuristic
686421c1-d08a-58e6-9a43-cee7b4b47bcc,c11b9579-45d1-58de-af90-2c8b6bc73152,30,f8e90d1c-bb6c-5f9c-8ea0-afbd09e9da16,Informações do Monitoramento,Meta prevista para 2026,meta_prevista_para_2026,6.0,6,,"{'page_number': 30, 'left': 99.744, 'top': 508.7108873242187, 'right': 224.19776, 'bottom': 499.7774826833347, 'coord_origin': 'BOTTOMLEFT'}",text_heuristic
170a794d-ff20-5f62-9962-6b7c22608423,c11b9579-45d1-58de-af90-2c8b6bc73152,30,f8e90d1c-bb6c-5f9c-8ea0-afbd09e9da16,Informações do Monitoramento,Meta prevista para 2027,meta_prevista_para_2027,6.0,6,,"{'page_number': 30, 'left': 99.744, 'top': 497.1908873242187, 'right': 224.19776, 'bottom': 488.25748268333473, 'coord_origin': 'BOTTOMLEFT'}",text_heuristic
2ec47309-68f2-5ab4-8acd-0676db58d164,c11b9579-45d1-58de-af90-2c8b6bc73152,30,20de459e-2452-55e8-b3c0-9899a56ee75a,Entrega: 2094 - Elaboração de materiais sobre relações do trabalho,Entrega: - Elaboração de materiais sobre relações do trabalho,entrega_elaboracao_de_materiais_sobre_relacoes_do_trabalho,2094.0,2094,,"{'page_number': 30, 'left': 88.56, 'top': 316.0060073242187, 'right': 472.6280000000004, 'bottom': 305.2428692026717, 'coord_origin': 'BOTTOMLEFT'}",text_heuristic
7fbca771-ab05-5dfa-8015-310f8216495d,c11b9579-45d1-58de-af90-2c8b6bc73152,30,20de459e-2452-55e8-b3c0-9899a56ee75a,Entrega: 2094 - Elaboração de materiais sobre relações do trabalho,Indicador: - Número de materiais sobre relações do trabalho elaborados,indicador_numero_de_materiais_sobre_relacoes_do_trabalho_elaborados,11444.0,11444,,"{'page_number': 30, 'left': 96.024, 'top': 266.7860073242187, 'right': 544.1360000000005, 'bottom': 256.02286920267176, 'coord_origin': 'BOTTOMLEFT'}",text_heuristic
ccc4d188-0769-53c6-9ef1-23fc9ca32b5b,c11b9579-45d1-58de-af90-2c8b6bc73152,30,20de459e-2452-55e8-b3c0-9899a56ee75a,Entrega: 2094 - Elaboração de materiais sobre relações do trabalho,Meta prevista para 2024,meta_prevista_para_2024,3.0,3,,"{'page_number': 30, 'left': 99.744, 'top': 198.10088732421866, 'right': 224.19776, 'bottom': 189.1674826833347, 'coord_origin': 'BOTTOMLEFT'}",text_heuristic
451c3d1c-ad33-5a26-8604-0cd1e8df80e3,c11b9579-45d1-58de-af90-2c8b6bc73152,30,20de459e-2452-55e8-b3c0-9899a56ee75a,Entrega: 2094 - Elaboração de materiais sobre relações do trabalho,Meta prevista para 2025,meta_prevista_para_2025,4.0,4,,"{'page_number': 30, 'left': 99.744, 'top': 186.70088732421868, 'right': 224.19776, 'bottom': 177.76748268333472, 'coord_origin': 'BOTTOMLEFT'}",text_heuristic
7340ffb6-1f04-50a3-a194-830c6ca71456,c11b9579-45d1-58de-af90-2c8b6bc73152,30,20de459e-2452-55e8-b3c0-9899a56ee75a,Entrega: 2094 - Elaboração de materiais sobre relações do trabalho,Meta prevista para 2026,meta_prevista_para_2026,5.0,5,,"{'page_number': 30, 'left': 99.744, 'top': 175.1808873242187, 'right': 224.19776, 'bottom': 166.24748268333474, 'coord_origin': 'BOTTOMLEFT'}",text_heuristic
0b09a378-36fc-58fc-a20b-158702eec1d3,c11b9579-45d1-58de-af90-2c8b6bc73152,30,20de459e-2452-55e8-b3c0-9899a56ee75a,Entrega: 2094 - Elaboração de materiais sobre relações do trabalho,Meta prevista para 2027,meta_prevista_para_2027,6.0,6,,"{'page_number': 30, 'left': 99.744, 'top': 163.66088732421872, 'right': 224.19776, 'bottom': 154.72748268333476, 'coord_origin': 'BOTTOMLEFT'}",text_heuristic
48b3ec13-19b8-5ca0-b830-aceb3589724b,c11b9579-45d1-58de-af90-2c8b6bc73152,30,4952ba66-f82a-5d88-8ae2-0de7db3be049,Informações do Monitoramento,Quantidade alcançada,quantidade_alcancada,3.0,3,,"{'page_number': 30, 'left': 99.744, 'top': 99.31488732421872, 'right': 217.47776, 'bottom': 90.3814826833347, 'coord_origin': 'BOTTOMLEFT'}",text_heuristic
c6e304c3-809f-5ac7-aa32-c4634918a391,c11b9579-45d1-58de-af90-2c8b6bc73152,31,300f21d3-03ca-5782-bb95-0ef65afb0ea4,Informações do Monitoramento,Meta prevista para 2024,meta_prevista_para_2024,3.0,3,,"{'page_number': 31, 'left': 99.744, 'top': 344.4008873242187, 'right': 224.19776, 'bottom': 335.4674826833347, 'coord_origin': 'BOTTOMLEFT'}",text_heuristic
5e09ee87-b468-5c7c-b98c-f4dd5cf1be54,c11b9579-45d1-58de-af90-2c8b6bc73152,31,300f21d3-03ca-5782-bb95-0ef65afb0ea4,Informações do Monitoramento,Meta prevista para 2025,meta_prevista_para_2025,4.0,4,,"{'page_number': 31, 'left': 99.744, 'top': 332.8808873242187, 'right': 224.19776, 'bottom': 323.9474826833347, 'coord_origin': 'BOTTOMLEFT'}",text_heuristic
78daf14e-bc6a-59bb-aef6-e5a890c4c805,c11b9579-45d1-58de-af90-2c8b6bc73152,31,300f21d3-03ca-5782-bb95-0ef65afb0ea4,Informações do Monitoramento,Meta prevista para 2026,meta_prevista_para_2026,5.0,5,,"{'page_number': 31, 'left': 99.744, 'top': 321.3608873242187, 'right': 224.19776, 'bottom': 312.42748268333474, 'coord_origin': 'BOTTOMLEFT'}",text_heuristic
a82b2704-7102-5481-9465-0178362ca0b8,c11b9579-45d1-58de-af90-2c8b6bc73152,31,300f21d3-03ca-5782-bb95-0ef65afb0ea4,Informações do Monitoramento,Meta prevista para 2027,meta_prevista_para_2027,6.0,6,,"{'page_number': 31, 'left': 99.744, 'top': 309.84088732421867, 'right': 224.19776, 'bottom': 300.9074826833347, 'coord_origin': 'BOTTOMLEFT'}",text_heuristic
47090c7d-50a5-5b1d-b1d8-133428be9f89,c11b9579-45d1-58de-af90-2c8b6bc73152,32,967608dd-c8e3-5ac6-9d10-a5d90809d93f,Informações do Monitoramento,Ministério do Trabalho e Emprego,ministerio_do_trabalho_e_emprego,40000.0,40000,,"{'page_number': 32, 'left': 192.26, 'top': 531.7508873242188, 'right': 379.43444, 'bottom': 522.8174826833347, 'coord_origin': 'BOTTOMLEFT'}",text_heuristic
3c40ddcd-c68d-504f-a0e1-e4603b56e45c,c11b9579-45d1-58de-af90-2c8b6bc73152,32,967608dd-c8e3-5ac6-9d10-a5d90809d93f,Informações do Monitoramento,Ministério do Trabalho e Emprego,ministerio_do_trabalho_e_emprego,40000.0,40000,,"{'page_number': 32, 'left': 192.26, 'top': 205.90088732421873, 'right': 379.3759999999999, 'bottom': 196.96748268333477, 'coord_origin': 'BOTTOMLEFT'}",text_heuristic
fd2e96a1-97c1-5d50-9219-27616474ad36,c11b9579-45d1-58de-af90-2c8b6bc73152,33,cd0ea18b-b9fb-5d0b-bbc6-dcde6136eb37,Medida Institucional Normativa: 0775 - Publicação de Portaria regulando competências do Observatório do Mercado de Trabalho e as atividades relativas à coordenação da rede de observatórios estaduais,Ministério do Trabalho e Emprego,ministerio_do_trabalho_e_emprego,40000.0,40000,,"{'page_number': 33, 'left': 192.26, 'top': 452.7908873242187, 'right': 379.3759999999999, 'bottom': 443.85748268333475, 'coord_origin': 'BOTTOMLEFT'}",text_heuristic
edea7a4b-c3e5-5ba3-91ba-910a7edbdf5a,c11b9579-45d1-58de-af90-2c8b6bc73152,33,cd0ea18b-b9fb-5d0b-bbc6-dcde6136eb37,Medida Institucional Normativa: 0775 - Publicação de Portaria regulando competências do Observatório do Mercado de Trabalho e as atividades relativas à coordenação da rede de observatórios estaduais,Ministério do Trabalho e Emprego,ministerio_do_trabalho_e_emprego,40000.0,40000,,"{'page_number': 33, 'left': 192.26, 'top': 172.90088732421873, 'right': 379.3759999999999, 'bottom': 163.96748268333477, 'coord_origin': 'BOTTOMLEFT'}",text_heuristic
69549964-6c9a-5c86-87af-97c07aad8a15,c11b9579-45d1-58de-af90-2c8b6bc73152,34,011453e7-6db5-5ef7-9d52-b40f8a57baf6,PROGRAMA: 2316 - RELAÇÕES INTERNACIONAIS E ASSISTÊNCIA A BRASILEIRAS E BRASILEIROS NO EXTERIOR,Ministério do Trabalho e Emprego,ministerio_do_trabalho_e_emprego,40000.0,40000,,"{'page_number': 34, 'left': 192.26, 'top': 424.7108873242187, 'right': 379.3759999999999, 'bottom': 415.7774826833347, 'coord_origin': 'BOTTOMLEFT'}",text_heuristic
b925fc94-94a5-54c1-8736-8b7d7fd6cce4,c11b9579-45d1-58de-af90-2c8b6bc73152,35,07ccee0d-51ed-59e8-a036-5efc1eeddc06,"Objetivo Específico: 0319 - Expandir a rede e modernizar a prestação de serviços consulares, garantindo assistência a brasileiras e brasileiros no exterior",Órgão Responsável: - Ministério das Relações Exteriores,orgao_responsavel_ministerio_das_relacoes_exteriores,35000.0,35000,,"{'page_number': 35, 'left': 77.28, 'top': 495.03088732421867, 'right': 367.76240000000007, 'bottom': 486.0974826833347, 'coord_origin': 'BOTTOMLEFT'}",text_heuristic
781a3720-35e7-5d0c-a14f-f700bff23e5c,c11b9579-45d1-58de-af90-2c8b6bc73152,35,07ccee0d-51ed-59e8-a036-5efc1eeddc06,"Objetivo Específico: 0319 - Expandir a rede e modernizar a prestação de serviços consulares, garantindo assistência a brasileiras e brasileiros no exterior",Meta: H - Número total de serviços consulares processados pelo SCI,meta_h_numero_total_de_servicos_consulares_processados_pelo_sci,59.0,059,,"{'page_number': 35, 'left': 88.56, 'top': 330.0460073242187, 'right': 501.4160000000005, 'bottom': 319.28286920267175, 'coord_origin': 'BOTTOMLEFT'}",text_heuristic
6f923c12-4809-543b-a4d3-b37bd38f6668,c11b9579-45d1-58de-af90-2c8b6bc73152,35,2caec84f-dcfb-54a2-80df-fc996e683177,Informações do Monitoramento,Meta prevista para,meta_prevista_para,2024.0,2024,,"{'page_number': 35, 'left': 92.304, 'top': 279.7008873242187, 'right': 211.0172399999999, 'bottom': 270.7674826833347, 'coord_origin': 'BOTTOMLEFT'}",text_heuristic
cec9f51d-49cc-57ac-abaf-09ba044ea6ed,c11b9579-45d1-58de-af90-2c8b6bc73152,35,2caec84f-dcfb-54a2-80df-fc996e683177,Informações do Monitoramento,Meta prevista para,meta_prevista_para,2025.0,2025,,"{'page_number': 35, 'left': 92.304, 'top': 268.1808873242187, 'right': 211.0172399999999, 'bottom': 259.24748268333474, 'coord_origin': 'BOTTOMLEFT'}",text_heuristic
d1c780db-438d-5820-8448-2e4f47b37602,c11b9579-45d1-58de-af90-2c8b6bc73152,35,2caec84f-dcfb-54a2-80df-fc996e683177,Informações do Monitoramento,Meta prevista para,meta_prevista_para,2026.0,2026,,"{'page_number': 35, 'left': 92.304, 'top': 256.7808873242187, 'right': 211.0172399999999, 'bottom': 247.84748268333476, 'coord_origin': 'BOTTOMLEFT'}",text_heuristic
fb4cf233-0ab1-5544-9a53-767a911d0179,c11b9579-45d1-58de-af90-2c8b6bc73152,35,2caec84f-dcfb-54a2-80df-fc996e683177,Informações do Monitoramento,Meta prevista para,meta_prevista_para,2027.0,2027,,"{'page_number': 35, 'left': 92.304, 'top': 245.2608873242187, 'right': 211.0172399999999, 'bottom': 236.32748268333472, 'coord_origin': 'BOTTOMLEFT'}",text_heuristic
e73cb2ec-a9df-54f7-bfbd-ae7bb9d4309b,c11b9579-45d1-58de-af90-2c8b6bc73152,36,ae151031-fdc6-503f-ba06-aa02c25c8f07,Informações do Monitoramento,Quantidade alcançada,quantidade_alcancada,17.0,17,,"{'page_number': 36, 'left': 99.744, 'top': 398.6408873242187, 'right': 223.11751999999998, 'bottom': 389.7074826833347, 'coord_origin': 'BOTTOMLEFT'}",text_heuristic
0d4e8866-4975-57e2-bc30-534dc6f1d551,c11b9579-45d1-58de-af90-2c8b6bc73152,36,a6531b97-5a3e-5a22-ab9d-43011d6e58a7,Meta: 05EU - Seminários para orientação e compartilhamento de práticas de combate à violência de gênero (1 por ano) Informações básicas,Ministério das Relações Exteriores,ministerio_das_relacoes_exteriores,35000.0,35000,,"{'page_number': 36, 'left': 177.26, 'top': 231.22088732421867, 'right': 367.76240000000007, 'bottom': 222.2874826833347, 'coord_origin': 'BOTTOMLEFT'}",text_heuristic
966810bf-3b0d-5038-937a-0340622bf06e,c11b9579-45d1-58de-af90-2c8b6bc73152,37,5a556170-2f0f-5701-a60f-1f78faa0789c,Indicador: 9645 - Documento de Diretrizes para Transversalização publicado,Indicador: - Documento de Diretrizes para Transversalização publicado,indicador_documento_de_diretrizes_para_transversalizacao_publicado,9645.0,9645,,"{'page_number': 37, 'left': 88.56, 'top': 224.30600732421868, 'right': 524.7200000000005, 'bottom': 213.54286920267174, 'coord_origin': 'BOTTOMLEFT'}",text_heuristic
2b4b5d1e-4ec1-5fa8-9fef-ca30e5e81cc8,c11b9579-45d1-58de-af90-2c8b6bc73152,37,5a556170-2f0f-5701-a60f-1f78faa0789c,Indicador: 9645 - Documento de Diretrizes para Transversalização publicado,Meta: 059C - Publicar um documento de diretrizes em,meta_059c_publicar_um_documento_de_diretrizes_em,2024.0,2024.,,"{'page_number': 37, 'left': 88.56, 'top': 206.06600732421873, 'right': 427.4120000000003, 'bottom': 195.3028692026718, 'coord_origin': 'BOTTOMLEFT'}",text_heuristic
5cae0c86-48a7-55f2-909e-44630538ad2b,c11b9579-45d1-58de-af90-2c8b6bc73152,38,08cd4b12-87bc-5834-a183-ba341df86ba9,Informações do Monitoramento,Ministério das Relações Exteriores,ministerio_das_relacoes_exteriores,35000.0,35000,,"{'page_number': 38, 'left': 192.26, 'top': 394.4408873242187, 'right': 382.76240000000007, 'bottom': 385.50748268333473, 'coord_origin': 'BOTTOMLEFT'}",text_heuristic
7c29c675-e75b-5549-b7c8-64e10ce7f8da,c11b9579-45d1-58de-af90-2c8b6bc73152,39,da2384cc-c590-51f2-a1f9-3696efaa6720,Informações do Monitoramento,Ministério das Relações Exteriores,ministerio_das_relacoes_exteriores,35000.0,35000,,"{'page_number': 39, 'left': 192.26, 'top': 321.2408873242187, 'right': 382.76240000000007, 'bottom': 312.30748268333474, 'coord_origin': 'BOTTOMLEFT'}",text_heuristic
879804a7-0782-5208-b0c9-61dffcae5ede,c11b9579-45d1-58de-af90-2c8b6bc73152,40,10d69f87-a119-590c-9658-1043884cad19,Informações do Monitoramento,Ministério das Relações Exteriores,ministerio_das_relacoes_exteriores,35000.0,35000,,"{'page_number': 40, 'left': 192.26, 'top': 376.4408873242187, 'right': 382.76240000000007, 'bottom': 367.50748268333473, 'coord_origin': 'BOTTOMLEFT'}",text_heuristic
9b828425-72d9-5ecf-b89b-3095ca128547,c11b9579-45d1-58de-af90-2c8b6bc73152,41,3a5a2af8-aac4-556d-82ee-5b945c5a9612,"PROGRAMA: 5121 - GESTÃO, TRABALHO, EDUCAÇÃO E TRANSFORMAÇÃO DIGITAL NA SAÚDE","PROGRAMA: - GESTÃO, TRABALHO, EDUCAÇÃO E TRANSFORMAÇÃO DIGITAL NA SAÚDE",programa_gestao_trabalho_educacao_e_transformacao_digital_na_saude,5121.0,5121,,"{'page_number': 41, 'left': 51.0, 'top': 547.4611273242188, 'right': 704.9474000000007, 'bottom': 534.8682557220087, 'coord_origin': 'BOTTOMLEFT'}",text_heuristic
59bccc7c-bedb-55ae-990d-5fc9fef68977,c11b9579-45d1-58de-af90-2c8b6bc73152,41,3a5a2af8-aac4-556d-82ee-5b945c5a9612,"PROGRAMA: 5121 - GESTÃO, TRABALHO, EDUCAÇÃO E TRANSFORMAÇÃO DIGITAL NA SAÚDE",Órgão Responsável: - Ministério da Saúde,orgao_responsavel_ministerio_da_saude,36000.0,36000,,"{'page_number': 41, 'left': 77.28, 'top': 428.5508873242187, 'right': 302.26543999999996, 'bottom': 419.61748268333474, 'coord_origin': 'BOTTOMLEFT'}",text_heuristic
8cb38346-4167-52ac-b8d7-c53edd300404,c11b9579-45d1-58de-af90-2c8b6bc73152,42,65ef5426-ceda-5470-8048-6c0c7554b1e9,Informações do Monitoramento,Indicador: - Número de estratégias e dispositivos implantados,indicador_numero_de_estrategias_e_dispositivos_implantados,10100.0,10100,,"{'page_number': 42, 'left': 88.56, 'top': 431.3560073242187, 'right': 480.67400000000015, 'bottom': 420.59286920267175, 'coord_origin': 'BOTTOMLEFT'}",text_heuristic
775c9afa-d8a0-5370-b8fc-aee5395a35db,c11b9579-45d1-58de-af90-2c8b6bc73152,42,65ef5426-ceda-5470-8048-6c0c7554b1e9,Informações do Monitoramento,Meta: MT - Ampliar o número de estratégias e dispositivos implantados.,meta_mt_ampliar_o_numero_de_estrategias_e_dispositivos_implantados,5.0,05,,"{'page_number': 42, 'left': 88.56, 'top': 413.0860073242187, 'right': 511.9880000000004, 'bottom': 402.32286920267177, 'coord_origin': 'BOTTOMLEFT'}",text_heuristic
7dae7946-c55f-5c98-abc0-40399d78b3e1,c11b9579-45d1-58de-af90-2c8b6bc73152,42,65ef5426-ceda-5470-8048-6c0c7554b1e9,Informações do Monitoramento,Meta prevista para,meta_prevista_para,2024.0,2024,,"{'page_number': 42, 'left': 92.304, 'top': 362.7608873242187, 'right': 211.0172399999999, 'bottom': 353.8274826833347, 'coord_origin': 'BOTTOMLEFT'}",text_heuristic
cf418f65-89e9-58e1-ae01-dc697bc338e5,c11b9579-45d1-58de-af90-2c8b6bc73152,42,65ef5426-ceda-5470-8048-6c0c7554b1e9,Informações do Monitoramento,Meta prevista para,meta_prevista_para,2025.0,2025,,"{'page_number': 42, 'left': 92.304, 'top': 351.2408873242187, 'right': 211.0172399999999, 'bottom': 342.30748268333474, 'coord_origin': 'BOTTOMLEFT'}",text_heuristic
c1a1296a-c074-5d53-be8b-84429c05b14e,c11b9579-45d1-58de-af90-2c8b6bc73152,42,65ef5426-ceda-5470-8048-6c0c7554b1e9,Informações do Monitoramento,Meta prevista para,meta_prevista_para,2026.0,2026,,"{'page_number': 42, 'left': 92.304, 'top': 339.7208873242187, 'right': 211.0172399999999, 'bottom': 330.78748268333476, 'coord_origin': 'BOTTOMLEFT'}",text_heuristic
7dcda0c2-4d8b-5b7d-873b-994217d225ed,c11b9579-45d1-58de-af90-2c8b6bc73152,42,65ef5426-ceda-5470-8048-6c0c7554b1e9,Informações do Monitoramento,Meta prevista para,meta_prevista_para,2027.0,2027,,"{'page_number': 42, 'left': 92.304, 'top': 328.2008873242187, 'right': 211.0172399999999, 'bottom': 319.2674826833347, 'coord_origin': 'BOTTOMLEFT'}",text_heuristic
1067fc38-4951-50fe-a697-72c992f9463b,c11b9579-45d1-58de-af90-2c8b6bc73152,43,7a292cb6-1ab3-5bda-ac72-6ea42799f7ed,Quantitativa::,Meta prevista para 2024,meta_prevista_para_2024,12.0,12,,"{'page_number': 43, 'left': 99.744, 'top': 146.23088732421866, 'right': 229.71771999999999, 'bottom': 137.2974826833347, 'coord_origin': 'BOTTOMLEFT'}",text_heuristic
718b93d9-416f-51a9-aade-7206dd457ab4,c11b9579-45d1-58de-af90-2c8b6bc73152,43,7a292cb6-1ab3-5bda-ac72-6ea42799f7ed,Quantitativa::,Meta prevista para 2025,meta_prevista_para_2025,12.0,12,,"{'page_number': 43, 'left': 99.744, 'top': 134.71088732421867, 'right': 229.71771999999999, 'bottom': 125.77748268333471, 'coord_origin': 'BOTTOMLEFT'}",text_heuristic
f2ab6878-9bd8-5d5f-9773-6fa6bc29b4cf,c11b9579-45d1-58de-af90-2c8b6bc73152,43,7a292cb6-1ab3-5bda-ac72-6ea42799f7ed,Quantitativa::,Meta prevista para 2026,meta_prevista_para_2026,18.0,18,,"{'page_number': 43, 'left': 99.744, 'top': 123.19088732421869, 'right': 229.71771999999999, 'bottom': 114.25748268333473, 'coord_origin': 'BOTTOMLEFT'}",text_heuristic
83930e8e-d6f6-519b-9034-e6dbcf046ff5,c11b9579-45d1-58de-af90-2c8b6bc73152,43,7a292cb6-1ab3-5bda-ac72-6ea42799f7ed,Quantitativa::,Meta prevista para 2027,meta_prevista_para_2027,18.0,18,,"{'page_number': 43, 'left': 99.744, 'top': 111.67088732421871, 'right': 229.71771999999999, 'bottom': 102.73748268333475, 'coord_origin': 'BOTTOMLEFT'}",text_heuristic
9a5cc2e1-ceea-597e-a646-0eb245ace9d9,c11b9579-45d1-58de-af90-2c8b6bc73152,44,8f2aa3ea-f791-5272-b272-00f5b44df45b,Quantidade alcançada: 11,Quantidade alcançada,quantidade_alcancada,11.0,11,,"{'page_number': 44, 'left': 99.744, 'top': 543.2908873242187, 'right': 223.11751999999998, 'bottom': 534.3574826833346, 'coord_origin': 'BOTTOMLEFT'}",text_heuristic
35f23959-46e1-5ddc-9e28-7bfb8f4204cb,c11b9579-45d1-58de-af90-2c8b6bc73152,47,b2f9ab58-42ed-5a4d-9062-b0ad406751b2,Informações do Monitoramento,Meta prevista para 2024,meta_prevista_para_2024,8.0,8,,"{'page_number': 47, 'left': 99.744, 'top': 515.6708873242187, 'right': 224.19776, 'bottom': 506.73748268333475, 'coord_origin': 'BOTTOMLEFT'}",text_heuristic
f753078c-cc65-5cd0-ad33-7b3a2738a8bb,c11b9579-45d1-58de-af90-2c8b6bc73152,47,b2f9ab58-42ed-5a4d-9062-b0ad406751b2,Informações do Monitoramento,Meta prevista para 2025,meta_prevista_para_2025,8.0,8,,"{'page_number': 47, 'left': 99.744, 'top': 504.2708873242187, 'right': 224.19776, 'bottom': 495.3374826833347, 'coord_origin': 'BOTTOMLEFT'}",text_heuristic
91d03106-116f-5b69-ac21-d4cf02c2efda,c11b9579-45d1-58de-af90-2c8b6bc73152,47,b2f9ab58-42ed-5a4d-9062-b0ad406751b2,Informações do Monitoramento,Meta prevista para 2026,meta_prevista_para_2026,12.0,12,,"{'page_number': 47, 'left': 99.744, 'top': 492.7508873242187, 'right': 229.71771999999999, 'bottom': 483.81748268333473, 'coord_origin': 'BOTTOMLEFT'}",text_heuristic
32c656a8-b35b-5713-a850-4570094d9f9c,c11b9579-45d1-58de-af90-2c8b6bc73152,47,b2f9ab58-42ed-5a4d-9062-b0ad406751b2,Informações do Monitoramento,Meta prevista para,meta_prevista_para,2027.0,2027,,"{'page_number': 47, 'left': 99.744, 'top': 481.2308873242187, 'right': 218.45723999999987, 'bottom': 472.29748268333475, 'coord_origin': 'BOTTOMLEFT'}",text_heuristic
5089e501-20e2-5cad-ac2b-6d776e50b804,c11b9579-45d1-58de-af90-2c8b6bc73152,48,0dcc2f6f-5456-5738-aff5-2a5fdbaa5f21,"Entrega: 1268 - Mobilizadoras/es de equidade de gênero, raça, etnia e valorização das trabalbalhadoras do SUS nas 27 UFs formados",Indicador: - Número de mobilizadoras/es formadas/os,indicador_numero_de_mobilizadoras_es_formadas_os,10771.0,10771,,"{'page_number': 48, 'left': 96.024, 'top': 214.82600732421872, 'right': 439.4240000000003, 'bottom': 204.06286920267178, 'coord_origin': 'BOTTOMLEFT'}",text_heuristic
6fd4e1b4-208b-58ef-b627-57b0aaec5078,c11b9579-45d1-58de-af90-2c8b6bc73152,48,0dcc2f6f-5456-5738-aff5-2a5fdbaa5f21,"Entrega: 1268 - Mobilizadoras/es de equidade de gênero, raça, etnia e valorização das trabalbalhadoras do SUS nas 27 UFs formados",Meta: MZ - Ampliar o número de mobilizadoras/es formadas/os.,meta_mz_ampliar_o_numero_de_mobilizadoras_es_formadas_os,5.0,05,,"{'page_number': 48, 'left': 96.024, 'top': 196.5860073242187, 'right': 470.72000000000037, 'bottom': 185.82286920267177, 'coord_origin': 'BOTTOMLEFT'}",text_heuristic
14833825-0753-528e-859c-72e12cf755fe,c11b9579-45d1-58de-af90-2c8b6bc73152,48,0dcc2f6f-5456-5738-aff5-2a5fdbaa5f21,"Entrega: 1268 - Mobilizadoras/es de equidade de gênero, raça, etnia e valorização das trabalbalhadoras do SUS nas 27 UFs formados",Meta prevista para 2024,meta_prevista_para_2024,0.0,0,,"{'page_number': 48, 'left': 99.744, 'top': 146.23088732421866, 'right': 224.19776, 'bottom': 137.2974826833347, 'coord_origin': 'BOTTOMLEFT'}",text_heuristic
2b6834ec-eecc-58ec-a3fe-d323f6e66733,c11b9579-45d1-58de-af90-2c8b6bc73152,48,0dcc2f6f-5456-5738-aff5-2a5fdbaa5f21,"Entrega: 1268 - Mobilizadoras/es de equidade de gênero, raça, etnia e valorização das trabalbalhadoras do SUS nas 27 UFs formados",Meta prevista para 2025,meta_prevista_para_2025,236.0,236,,"{'page_number': 48, 'left': 99.744, 'top': 134.71088732421867, 'right': 235.23767999999998, 'bottom': 125.77748268333471, 'coord_origin': 'BOTTOMLEFT'}",text_heuristic
ea531568-4968-5dd5-8b3e-27e44bf47647,c11b9579-45d1-58de-af90-2c8b6bc73152,48,0dcc2f6f-5456-5738-aff5-2a5fdbaa5f21,"Entrega: 1268 - Mobilizadoras/es de equidade de gênero, raça, etnia e valorização das trabalbalhadoras do SUS nas 27 UFs formados",Meta prevista para 2026,meta_prevista_para_2026,236.0,236,,"{'page_number': 48, 'left': 99.744, 'top': 123.19088732421869, 'right': 235.23767999999998, 'bottom': 114.25748268333473, 'coord_origin': 'BOTTOMLEFT'}",text_heuristic
db9b14f8-13f0-5eda-9724-8853759f0b7a,c11b9579-45d1-58de-af90-2c8b6bc73152,48,0dcc2f6f-5456-5738-aff5-2a5fdbaa5f21,"Entrega: 1268 - Mobilizadoras/es de equidade de gênero, raça, etnia e valorização das trabalbalhadoras do SUS nas 27 UFs formados",Meta prevista para 2027,meta_prevista_para_2027,472.0,472,,"{'page_number': 48, 'left': 99.744, 'top': 111.67088732421871, 'right': 235.23767999999998, 'bottom': 102.73748268333475, 'coord_origin': 'BOTTOMLEFT'}",text_heuristic
dfb37d1e-3db2-5b48-8f25-bfb89c7d163f,c11b9579-45d1-58de-af90-2c8b6bc73152,49,8a89cc2c-ba0d-5e40-adc2-2fcc8ff69afa,PROGRAMA: 5123 - VIGILÂNCIA EM SAÚDE E AMBIENTE,PROGRAMA: - VIGILÂNCIA EM SAÚDE E AMBIENTE,programa_vigilancia_em_saude_e_ambiente,5123.0,5123,,"{'page_number': 49, 'left': 51.0, 'top': 248.11112732421867, 'right': 435.25304000000045, 'bottom': 235.51825572200875, 'coord_origin': 'BOTTOMLEFT'}",text_heuristic
f1dafcd2-cc64-591f-9d35-0262580cfb38,c11b9579-45d1-58de-af90-2c8b6bc73152,49,8a89cc2c-ba0d-5e40-adc2-2fcc8ff69afa,PROGRAMA: 5123 - VIGILÂNCIA EM SAÚDE E AMBIENTE,Órgão Responsável: - Ministério da Saúde,orgao_responsavel_ministerio_da_saude,36000.0,36000,,"{'page_number': 49, 'left': 77.28, 'top': 143.1108873242187, 'right': 302.26543999999996, 'bottom': 134.17748268333474, 'coord_origin': 'BOTTOMLEFT'}",text_heuristic
506bab6a-697b-585b-8591-d341f1742d45,c11b9579-45d1-58de-af90-2c8b6bc73152,50,d6a4c7db-f22f-5b97-aada-f3407e78f4df,Informações do Monitoramento,Meta prevista para 2024,meta_prevista_para_2024,5.0,5,,"{'page_number': 50, 'left': 92.304, 'top': 337.4408873242187, 'right': 216.75776, 'bottom': 328.50748268333473, 'coord_origin': 'BOTTOMLEFT'}",text_heuristic
90d317f7-4096-5138-86df-6f40d681ce54,c11b9579-45d1-58de-af90-2c8b6bc73152,50,d6a4c7db-f22f-5b97-aada-f3407e78f4df,Informações do Monitoramento,Meta prevista para 2025,meta_prevista_para_2025,25.0,25,,"{'page_number': 50, 'left': 92.304, 'top': 325.9208873242187, 'right': 222.27772, 'bottom': 316.98748268333475, 'coord_origin': 'BOTTOMLEFT'}",text_heuristic
e005c84d-5967-558a-90dd-9da65310b9f4,c11b9579-45d1-58de-af90-2c8b6bc73152,50,d6a4c7db-f22f-5b97-aada-f3407e78f4df,Informações do Monitoramento,Meta prevista para,meta_prevista_para,2026.0,2026,,"{'page_number': 50, 'left': 92.304, 'top': 314.4008873242187, 'right': 211.0172399999999, 'bottom': 305.4674826833347, 'coord_origin': 'BOTTOMLEFT'}",text_heuristic
3c0b2e03-3100-5fae-8e29-978db9ed8dfd,c11b9579-45d1-58de-af90-2c8b6bc73152,50,d6a4c7db-f22f-5b97-aada-f3407e78f4df,Informações do Monitoramento,Meta prevista para,meta_prevista_para,2027.0,2027,,"{'page_number': 50, 'left': 92.304, 'top': 302.8808873242187, 'right': 211.0172399999999, 'bottom': 293.9474826833347, 'coord_origin': 'BOTTOMLEFT'}",text_heuristic
5330e9f4-3a31-50d2-b85e-a88429becb1b,c11b9579-45d1-58de-af90-2c8b6bc73152,51,d7c2350c-2bc9-5f44-9e5c-e2a9d7d59ec7,Informações do Monitoramento,Meta prevista para 2024,meta_prevista_para_2024,5.0,5,,"{'page_number': 51, 'left': 99.744, 'top': 531.7508873242188, 'right': 224.19776, 'bottom': 522.8174826833347, 'coord_origin': 'BOTTOMLEFT'}",text_heuristic
8398d4df-9222-506d-a43d-e56370c29e83,c11b9579-45d1-58de-af90-2c8b6bc73152,51,d7c2350c-2bc9-5f44-9e5c-e2a9d7d59ec7,Informações do Monitoramento,Meta prevista para 2025,meta_prevista_para_2025,25.0,25,,"{'page_number': 51, 'left': 99.744, 'top': 520.2308873242188, 'right': 229.71771999999999, 'bottom': 511.29748268333475, 'coord_origin': 'BOTTOMLEFT'}",text_heuristic
925cc2fd-09e8-5f8e-bcb8-8a13f414a9cc,c11b9579-45d1-58de-af90-2c8b6bc73152,51,d7c2350c-2bc9-5f44-9e5c-e2a9d7d59ec7,Informações do Monitoramento,Meta prevista para 2026,meta_prevista_para_2026,50.0,50,,"{'page_number': 51, 'left': 99.744, 'top': 508.7108873242187, 'right': 229.71771999999999, 'bottom': 499.7774826833347, 'coord_origin': 'BOTTOMLEFT'}",text_heuristic
99311da1-e911-5d37-a9fb-d7539d406100,c11b9579-45d1-58de-af90-2c8b6bc73152,51,d7c2350c-2bc9-5f44-9e5c-e2a9d7d59ec7,Informações do Monitoramento,Meta prevista para,meta_prevista_para,2027.0,2027,,"{'page_number': 51, 'left': 99.744, 'top': 497.1908873242187, 'right': 218.45723999999987, 'bottom': 488.25748268333473, 'coord_origin': 'BOTTOMLEFT'}",text_heuristic
8d59334a-cf2c-56d6-8d00-d87fb4ccbd57,c11b9579-45d1-58de-af90-2c8b6bc73152,51,07e57967-17ac-5b82-9a6b-46492ec357a7,Entrega: 1671 - Municípios notificando no formulário online da Declaração de Óbito,Meta prevista para 2024,meta_prevista_para_2024,1.0,1,,"{'page_number': 51, 'left': 99.744, 'top': 140.59088732421867, 'right': 224.19776, 'bottom': 131.6574826833347, 'coord_origin': 'BOTTOMLEFT'}",text_heuristic
eb2e1134-c82c-51d7-9585-68b38c87c3d1,c11b9579-45d1-58de-af90-2c8b6bc73152,51,07e57967-17ac-5b82-9a6b-46492ec357a7,Entrega: 1671 - Municípios notificando no formulário online da Declaração de Óbito,Meta prevista para 2025,meta_prevista_para_2025,10.0,10,,"{'page_number': 51, 'left': 99.744, 'top': 129.1908873242187, 'right': 229.71771999999999, 'bottom': 120.25748268333473, 'coord_origin': 'BOTTOMLEFT'}",text_heuristic
24ff7417-7076-598d-9afa-de442f484841,c11b9579-45d1-58de-af90-2c8b6bc73152,51,07e57967-17ac-5b82-9a6b-46492ec357a7,Entrega: 1671 - Municípios notificando no formulário online da Declaração de Óbito,Meta prevista para 2026,meta_prevista_para_2026,30.0,30,,"{'page_number': 51, 'left': 99.744, 'top': 117.67088732421871, 'right': 229.71771999999999, 'bottom': 108.73748268333475, 'coord_origin': 'BOTTOMLEFT'}",text_heuristic
999ddeab-bfcc-559a-8f6f-3f82917e5aa2,c11b9579-45d1-58de-af90-2c8b6bc73152,51,07e57967-17ac-5b82-9a6b-46492ec357a7,Entrega: 1671 - Municípios notificando no formulário online da Declaração de Óbito,Meta prevista para 2027,meta_prevista_para_2027,50.0,50,,"{'page_number': 51, 'left': 99.744, 'top': 106.15488732421869, 'right': 229.71771999999999, 'bottom': 97.22148268333473, 'coord_origin': 'BOTTOMLEFT'}",text_heuristic
7eb537d8-fb4b-5015-a04f-87ed79acea1c,c11b9579-45d1-58de-af90-2c8b6bc73152,52,9ada9030-880a-5d8d-bdb6-983c6c2db7f9,Entrega: 1672 - Dados sobre causa básica de óbito por causas externas qualificados,Meta prevista para 2024,meta_prevista_para_2024,8.6,"8,6",,"{'page_number': 52, 'left': 99.744, 'top': 269.3808873242187, 'right': 232.4688, 'bottom': 260.4474826833347, 'coord_origin': 'BOTTOMLEFT'}",text_heuristic
ae01379e-1667-5d4d-aa9f-340554db7248,c11b9579-45d1-58de-af90-2c8b6bc73152,52,9ada9030-880a-5d8d-bdb6-983c6c2db7f9,Entrega: 1672 - Dados sobre causa básica de óbito por causas externas qualificados,Meta prevista para 2025,meta_prevista_para_2025,7.9,"7,9",,"{'page_number': 52, 'left': 99.744, 'top': 257.8608873242187, 'right': 232.4688, 'bottom': 248.92748268333474, 'coord_origin': 'BOTTOMLEFT'}",text_heuristic
022fb7eb-4bb7-573d-b293-03e8229dcf92,c11b9579-45d1-58de-af90-2c8b6bc73152,52,9ada9030-880a-5d8d-bdb6-983c6c2db7f9,Entrega: 1672 - Dados sobre causa básica de óbito por causas externas qualificados,Meta prevista para 2026,meta_prevista_para_2026,7.2,"7,2",,"{'page_number': 52, 'left': 99.744, 'top': 246.46088732421867, 'right': 232.4688, 'bottom': 237.5274826833347, 'coord_origin': 'BOTTOMLEFT'}",text_heuristic
5e888cc4-51af-57b7-94a9-ce95778f4686,c11b9579-45d1-58de-af90-2c8b6bc73152,52,9ada9030-880a-5d8d-bdb6-983c6c2db7f9,Entrega: 1672 - Dados sobre causa básica de óbito por causas externas qualificados,Meta prevista para 2027,meta_prevista_para_2027,6.5,"6,5",,"{'page_number': 52, 'left': 99.744, 'top': 234.9408873242187, 'right': 232.4688, 'bottom': 226.00748268333473, 'coord_origin': 'BOTTOMLEFT'}",text_heuristic
3f75205c-da96-59ed-8167-a04c847e9ada,c11b9579-45d1-58de-af90-2c8b6bc73152,53,23701d4d-15be-5998-a5a5-aeb4c9fcd27f,Entrega: 1673 - Cobertura das notificações de violência interpessoal e autoprovocada aumentada,Meta prevista para 2024,meta_prevista_para_2024,85.0,85,,"{'page_number': 53, 'left': 99.744, 'top': 371.0408873242187, 'right': 229.71771999999999, 'bottom': 362.10748268333475, 'coord_origin': 'BOTTOMLEFT'}",text_heuristic
90bf6d64-ee32-5270-8cf4-034172772fdd,c11b9579-45d1-58de-af90-2c8b6bc73152,53,23701d4d-15be-5998-a5a5-aeb4c9fcd27f,Entrega: 1673 - Cobertura das notificações de violência interpessoal e autoprovocada aumentada,Meta prevista para 2025,meta_prevista_para_2025,87.0,87,,"{'page_number': 53, 'left': 99.744, 'top': 359.5208873242187, 'right': 229.71771999999999, 'bottom': 350.5874826833347, 'coord_origin': 'BOTTOMLEFT'}",text_heuristic
8aba4ee1-bd89-5a3a-9d3f-8660d4b0e13d,c11b9579-45d1-58de-af90-2c8b6bc73152,53,23701d4d-15be-5998-a5a5-aeb4c9fcd27f,Entrega: 1673 - Cobertura das notificações de violência interpessoal e autoprovocada aumentada,Meta prevista para 2026,meta_prevista_para_2026,89.0,89,,"{'page_number': 53, 'left': 99.744, 'top': 348.0008873242187, 'right': 229.71771999999999, 'bottom': 339.06748268333473, 'coord_origin': 'BOTTOMLEFT'}",text_heuristic
f5d7d05f-6e8e-50c1-a429-eeabc337b820,c11b9579-45d1-58de-af90-2c8b6bc73152,53,23701d4d-15be-5998-a5a5-aeb4c9fcd27f,Entrega: 1673 - Cobertura das notificações de violência interpessoal e autoprovocada aumentada,Meta prevista para 2027,meta_prevista_para_2027,91.0,91,,"{'page_number': 53, 'left': 99.744, 'top': 336.4808873242187, 'right': 229.71771999999999, 'bottom': 327.54748268333475, 'coord_origin': 'BOTTOMLEFT'}",text_heuristic
abbda3cf-01a7-514b-bb27-b030364d457e,c11b9579-45d1-58de-af90-2c8b6bc73152,55,b42ffad5-6ec3-5a04-8945-7e999f21b654,PROGRAMA: 5126 - ESPORTE PARA A VIDA,Vigilância em Saúde e Ambiente,vigilancia_em_saude_e_ambiente,5123.0,5123,,"{'page_number': 55, 'left': 129.98, 'top': 527.3108873242187, 'right': 305.5900399999998, 'bottom': 518.3774826833346, 'coord_origin': 'BOTTOMLEFT'}",text_heuristic
d7859c57-c725-5eaa-9c37-297390cd92d2,c11b9579-45d1-58de-af90-2c8b6bc73152,55,b42ffad5-6ec3-5a04-8945-7e999f21b654,PROGRAMA: 5126 - ESPORTE PARA A VIDA,Ministério da Saúde,ministerio_da_saude,36000.0,36000,,"{'page_number': 55, 'left': 177.26, 'top': 515.6708873242187, 'right': 302.26543999999996, 'bottom': 506.73748268333475, 'coord_origin': 'BOTTOMLEFT'}",text_heuristic
1db21a9f-4f1a-54a1-b8f1-2ef0e5607351,c11b9579-45d1-58de-af90-2c8b6bc73152,55,b42ffad5-6ec3-5a04-8945-7e999f21b654,PROGRAMA: 5126 - ESPORTE PARA A VIDA,PROGRAMA: - ESPORTE PARA A VIDA,programa_esporte_para_a_vida,5126.0,5126,,"{'page_number': 55, 'left': 51.0, 'top': 236.8311273242187, 'right': 348.24716000000024, 'bottom': 224.23825572200877, 'coord_origin': 'BOTTOMLEFT'}",text_heuristic
3c3b0ea6-7be0-5556-845b-36e3af56bf7b,c11b9579-45d1-58de-af90-2c8b6bc73152,55,b42ffad5-6ec3-5a04-8945-7e999f21b654,PROGRAMA: 5126 - ESPORTE PARA A VIDA,Ministério do Esporte,ministerio_do_esporte,51000.0,51000,,"{'page_number': 55, 'left': 177.26, 'top': 117.91088732421872, 'right': 307.76336, 'bottom': 108.9774826833347, 'coord_origin': 'BOTTOMLEFT'}",text_heuristic
78fe40b0-312a-50ab-a8d9-07ac86ef856b,c11b9579-45d1-58de-af90-2c8b6bc73152,56,4b1e2353-cca2-56af-ba77-37c5d4ea92f6,Medida Institucional Normativa: 08C0 - Instituição da Agência Nacional de Proteção e Fomento à Integridade Esportiva Informações básicas,Ministério do Esporte,ministerio_do_esporte,51000.0,51000,,"{'page_number': 56, 'left': 192.26, 'top': 318.4808873242187, 'right': 322.76336, 'bottom': 309.54748268333475, 'coord_origin': 'BOTTOMLEFT'}",text_heuristic
99921c3f-0614-50ba-9bbb-01029c3643c6,c11b9579-45d1-58de-af90-2c8b6bc73152,58,8d15cc1d-adf9-55ec-b873-b43400b4d2c5,Informações do Monitoramento,Meta prevista para,meta_prevista_para,2024.0,2024,,"{'page_number': 58, 'left': 92.304, 'top': 265.9008873242187, 'right': 211.0172399999999, 'bottom': 256.9674826833347, 'coord_origin': 'BOTTOMLEFT'}",text_heuristic
b81dc985-ddb4-5195-835a-d4617632ee4c,c11b9579-45d1-58de-af90-2c8b6bc73152,58,8d15cc1d-adf9-55ec-b873-b43400b4d2c5,Informações do Monitoramento,Meta prevista para,meta_prevista_para,2025.0,2025,,"{'page_number': 58, 'left': 92.304, 'top': 254.3808873242187, 'right': 211.0172399999999, 'bottom': 245.44748268333473, 'coord_origin': 'BOTTOMLEFT'}",text_heuristic
63ebba60-7345-5eab-bfd3-70c8b5afa3fd,c11b9579-45d1-58de-af90-2c8b6bc73152,58,8d15cc1d-adf9-55ec-b873-b43400b4d2c5,Informações do Monitoramento,Meta prevista para 2026,meta_prevista_para_2026,85.0,85,,"{'page_number': 58, 'left': 92.304, 'top': 242.98088732421866, 'right': 222.27772, 'bottom': 234.0474826833347, 'coord_origin': 'BOTTOMLEFT'}",text_heuristic
5248c35c-43a4-5bb8-bb00-80030c4add2e,c11b9579-45d1-58de-af90-2c8b6bc73152,58,8d15cc1d-adf9-55ec-b873-b43400b4d2c5,Informações do Monitoramento,Meta prevista para,meta_prevista_para,2027.0,2027,,"{'page_number': 58, 'left': 92.304, 'top': 231.46088732421867, 'right': 211.0172399999999, 'bottom': 222.5274826833347, 'coord_origin': 'BOTTOMLEFT'}",text_heuristic
1b596ec0-41ed-5027-9a98-721aea246a78,c11b9579-45d1-58de-af90-2c8b6bc73152,59,b4e6484b-de1a-5d8e-baee-20a9e774ee52,Informações do Monitoramento,Meta: 055Y - Executar do projeto de integração Cadastro Único - CNIS,meta_055y_executar_do_projeto_de_integracao_cadastro_unico_cnis,100.0,100%,percent,"{'page_number': 59, 'left': 96.024, 'top': 335.32600732421866, 'right': 528.85, 'bottom': 324.5628692026717, 'coord_origin': 'BOTTOMLEFT'}",text_heuristic
f12f7517-ef01-5e49-9489-8b3122028597,c11b9579-45d1-58de-af90-2c8b6bc73152,59,b4e6484b-de1a-5d8e-baee-20a9e774ee52,Informações do Monitoramento,Meta prevista para 2024,meta_prevista_para_2024,50.0,50,,"{'page_number': 59, 'left': 99.744, 'top': 284.9808873242187, 'right': 229.71771999999999, 'bottom': 276.04748268333475, 'coord_origin': 'BOTTOMLEFT'}",text_heuristic
679bc07a-ad0d-5c85-8dce-f9cd445acf8f,c11b9579-45d1-58de-af90-2c8b6bc73152,59,b4e6484b-de1a-5d8e-baee-20a9e774ee52,Informações do Monitoramento,Meta prevista para 2025,meta_prevista_para_2025,100.0,100,,"{'page_number': 59, 'left': 99.744, 'top': 273.4608873242187, 'right': 235.23767999999998, 'bottom': 264.5274826833347, 'coord_origin': 'BOTTOMLEFT'}",text_heuristic
ce40e77e-5162-5e90-87ca-bc3ca8eeb26d,c11b9579-45d1-58de-af90-2c8b6bc73152,59,b4e6484b-de1a-5d8e-baee-20a9e774ee52,Informações do Monitoramento,Meta prevista para,meta_prevista_para,2026.0,2026,,"{'page_number': 59, 'left': 99.744, 'top': 262.0608873242187, 'right': 218.45723999999987, 'bottom': 253.12748268333473, 'coord_origin': 'BOTTOMLEFT'}",text_heuristic
fe9b24bd-ecfe-518b-a375-67cfe205d416,c11b9579-45d1-58de-af90-2c8b6bc73152,59,b4e6484b-de1a-5d8e-baee-20a9e774ee52,Informações do Monitoramento,Meta prevista para,meta_prevista_para,2027.0,2027,,"{'page_number': 59, 'left': 99.744, 'top': 250.54088732421872, 'right': 218.45723999999987, 'bottom': 241.60748268333475, 'coord_origin': 'BOTTOMLEFT'}",text_heuristic
18a38e52-f93c-5539-9db0-ee0d23138b79,c11b9579-45d1-58de-af90-2c8b6bc73152,60,ab396a10-bfb3-57ec-a1e8-f113d2a8cc5b,Informações do Monitoramento,Meta prevista para 2024,meta_prevista_para_2024,19.0,19,,"{'page_number': 60, 'left': 99.744, 'top': 416.1908873242187, 'right': 229.71771999999999, 'bottom': 407.25748268333473, 'coord_origin': 'BOTTOMLEFT'}",text_heuristic
32a2c8ed-eefc-5c90-a0eb-034c55f20ff6,c11b9579-45d1-58de-af90-2c8b6bc73152,60,ab396a10-bfb3-57ec-a1e8-f113d2a8cc5b,Informações do Monitoramento,Meta prevista para 2025,meta_prevista_para_2025,13.0,13,,"{'page_number': 60, 'left': 99.744, 'top': 404.6408873242187, 'right': 229.71771999999999, 'bottom': 395.7074826833347, 'coord_origin': 'BOTTOMLEFT'}",text_heuristic
0f991410-b6be-50ed-bd2c-26e89533d37b,c11b9579-45d1-58de-af90-2c8b6bc73152,60,ab396a10-bfb3-57ec-a1e8-f113d2a8cc5b,Informações do Monitoramento,Meta prevista para 2026,meta_prevista_para_2026,6.0,6,,"{'page_number': 60, 'left': 99.744, 'top': 393.1208873242187, 'right': 224.19776, 'bottom': 384.18748268333474, 'coord_origin': 'BOTTOMLEFT'}",text_heuristic
b384cc04-1dac-58be-af2d-db9c877bf9de,c11b9579-45d1-58de-af90-2c8b6bc73152,60,ab396a10-bfb3-57ec-a1e8-f113d2a8cc5b,Informações do Monitoramento,Meta prevista para 2027,meta_prevista_para_2027,6.0,6,,"{'page_number': 60, 'left': 99.744, 'top': 381.6008873242187, 'right': 224.19776, 'bottom': 372.66748268333475, 'coord_origin': 'BOTTOMLEFT'}",text_heuristic
9eef5fe1-16eb-52c0-b7bb-b004ca828d93,c11b9579-45d1-58de-af90-2c8b6bc73152,60,ab396a10-bfb3-57ec-a1e8-f113d2a8cc5b,Informações do Monitoramento,Quantidade alcançada,quantidade_alcancada,3.0,3,,"{'page_number': 60, 'left': 99.744, 'top': 317.28088732421867, 'right': 217.47776, 'bottom': 308.3474826833347, 'coord_origin': 'BOTTOMLEFT'}",text_heuristic
cb75e646-5a0b-5339-bd12-d8dd9e66e1f3,c11b9579-45d1-58de-af90-2c8b6bc73152,61,31e27297-8edb-5603-a469-81051ad24230,Informações do Monitoramento,Meta prevista para 2024,meta_prevista_para_2024,2.0,2,,"{'page_number': 61, 'left': 99.744, 'top': 515.6708873242187, 'right': 224.19776, 'bottom': 506.73748268333475, 'coord_origin': 'BOTTOMLEFT'}",text_heuristic
8aef8d94-ac44-592f-9885-fece49d58dd0,c11b9579-45d1-58de-af90-2c8b6bc73152,61,31e27297-8edb-5603-a469-81051ad24230,Informações do Monitoramento,Meta prevista para 2025,meta_prevista_para_2025,2.0,2,,"{'page_number': 61, 'left': 99.744, 'top': 504.2708873242187, 'right': 224.19776, 'bottom': 495.3374826833347, 'coord_origin': 'BOTTOMLEFT'}",text_heuristic
a12dc818-dd53-5a3e-8dcc-936db30862f9,c11b9579-45d1-58de-af90-2c8b6bc73152,61,31e27297-8edb-5603-a469-81051ad24230,Informações do Monitoramento,Meta prevista para 2026,meta_prevista_para_2026,2.0,2,,"{'page_number': 61, 'left': 99.744, 'top': 492.7508873242187, 'right': 224.19776, 'bottom': 483.81748268333473, 'coord_origin': 'BOTTOMLEFT'}",text_heuristic
264ece37-c0ea-5c1d-9392-9092adf5f9ce,c11b9579-45d1-58de-af90-2c8b6bc73152,61,31e27297-8edb-5603-a469-81051ad24230,Informações do Monitoramento,Meta prevista para 2027,meta_prevista_para_2027,2.0,2,,"{'page_number': 61, 'left': 99.744, 'top': 481.2308873242187, 'right': 224.19776, 'bottom': 472.29748268333475, 'coord_origin': 'BOTTOMLEFT'}",text_heuristic
154daf7d-3e77-5187-87fa-f1c968e6f0bd,c11b9579-45d1-58de-af90-2c8b6bc73152,61,31e27297-8edb-5603-a469-81051ad24230,Informações do Monitoramento,Quantidade alcançada,quantidade_alcancada,2.0,2,,"{'page_number': 61, 'left': 99.744, 'top': 416.9108873242187, 'right': 217.47776, 'bottom': 407.97748268333476, 'coord_origin': 'BOTTOMLEFT'}",text_heuristic
3ca796f4-e974-5db7-85c2-c63744896744,c11b9579-45d1-58de-af90-2c8b6bc73152,62,945eb7bd-5941-5028-b0ae-9d2024361fba,Informações do Monitoramento,Meta prevista para 2024,meta_prevista_para_2024,60.0,60,,"{'page_number': 62, 'left': 92.304, 'top': 392.6408873242187, 'right': 222.27772, 'bottom': 383.7074826833347, 'coord_origin': 'BOTTOMLEFT'}",text_heuristic
842ea4e0-10b5-510a-8a1e-8f4ab5cceda1,c11b9579-45d1-58de-af90-2c8b6bc73152,62,945eb7bd-5941-5028-b0ae-9d2024361fba,Informações do Monitoramento,Meta prevista para 2025,meta_prevista_para_2025,70.0,70,,"{'page_number': 62, 'left': 92.304, 'top': 381.1208873242187, 'right': 222.27772, 'bottom': 372.18748268333474, 'coord_origin': 'BOTTOMLEFT'}",text_heuristic
59ab4b2b-8b68-5465-9370-ae1b21af85a5,c11b9579-45d1-58de-af90-2c8b6bc73152,62,945eb7bd-5941-5028-b0ae-9d2024361fba,Informações do Monitoramento,Meta prevista para 2026,meta_prevista_para_2026,80.0,80,,"{'page_number': 62, 'left': 92.304, 'top': 369.6008873242187, 'right': 222.27772, 'bottom': 360.66748268333475, 'coord_origin': 'BOTTOMLEFT'}",text_heuristic
5572a153-a921-59e6-a64a-b84d1e191687,c11b9579-45d1-58de-af90-2c8b6bc73152,62,945eb7bd-5941-5028-b0ae-9d2024361fba,Informações do Monitoramento,Meta prevista para,meta_prevista_para,2027.0,2027,,"{'page_number': 62, 'left': 92.304, 'top': 358.0808873242187, 'right': 211.0172399999999, 'bottom': 349.1474826833347, 'coord_origin': 'BOTTOMLEFT'}",text_heuristic
f24f9fdb-5d7f-5151-921d-fe8ab1958373,c11b9579-45d1-58de-af90-2c8b6bc73152,63,82753918-3fae-54ec-91d5-464ab412677f,Informações do Monitoramento,Meta prevista para 2024,meta_prevista_para_2024,40.0,40,,"{'page_number': 63, 'left': 99.744, 'top': 531.7508873242188, 'right': 229.71771999999999, 'bottom': 522.8174826833347, 'coord_origin': 'BOTTOMLEFT'}",text_heuristic
9b5a6ca1-ef58-50e2-a255-1adb8c9c0c6e,c11b9579-45d1-58de-af90-2c8b6bc73152,63,82753918-3fae-54ec-91d5-464ab412677f,Informações do Monitoramento,Meta prevista para 2025,meta_prevista_para_2025,60.0,60,,"{'page_number': 63, 'left': 99.744, 'top': 520.2308873242188, 'right': 229.71771999999999, 'bottom': 511.29748268333475, 'coord_origin': 'BOTTOMLEFT'}",text_heuristic
f5c526d8-7d02-5d28-a14f-b3170dc8c41f,c11b9579-45d1-58de-af90-2c8b6bc73152,63,82753918-3fae-54ec-91d5-464ab412677f,Informações do Monitoramento,Meta prevista para 2026,meta_prevista_para_2026,80.0,80,,"{'page_number': 63, 'left': 99.744, 'top': 508.7108873242187, 'right': 229.71771999999999, 'bottom': 499.7774826833347, 'coord_origin': 'BOTTOMLEFT'}",text_heuristic
51a856e5-3bd2-5113-a211-ea87d13b8f16,c11b9579-45d1-58de-af90-2c8b6bc73152,63,82753918-3fae-54ec-91d5-464ab412677f,Informações do Monitoramento,Meta prevista para,meta_prevista_para,2027.0,2027,,"{'page_number': 63, 'left': 99.744, 'top': 497.1908873242187, 'right': 218.45723999999987, 'bottom': 488.25748268333473, 'coord_origin': 'BOTTOMLEFT'}",text_heuristic
c585b69b-342f-5c43-89a7-4db33f70c31e,c11b9579-45d1-58de-af90-2c8b6bc73152,63,d7053cc3-074b-5395-94cb-e7e78fc07ff6,Indicador: 9308 - Número de novos estudos publicados por secretaria do MDS,Indicador: - Número de novos estudos publicados por secretaria do MDS,indicador_numero_de_novos_estudos_publicados_por_secretaria_do_mds,9308.0,9308,,"{'page_number': 63, 'left': 96.024, 'top': 264.50600732421873, 'right': 542.7080000000004, 'bottom': 253.74286920267173, 'coord_origin': 'BOTTOMLEFT'}",text_heuristic
42c5ecb0-47bf-53d6-be10-53daab87e6d6,c11b9579-45d1-58de-af90-2c8b6bc73152,63,d7053cc3-074b-5395-94cb-e7e78fc07ff6,Indicador: 9308 - Número de novos estudos publicados por secretaria do MDS,Meta prevista para 2024,meta_prevista_para_2024,0.0,0,,"{'page_number': 63, 'left': 99.744, 'top': 154.39088732421868, 'right': 224.19776, 'bottom': 145.45748268333472, 'coord_origin': 'BOTTOMLEFT'}",text_heuristic
c61b0cf5-c8da-5478-8141-cb6136c898a7,c11b9579-45d1-58de-af90-2c8b6bc73152,63,d7053cc3-074b-5395-94cb-e7e78fc07ff6,Indicador: 9308 - Número de novos estudos publicados por secretaria do MDS,Meta prevista para 2025,meta_prevista_para_2025,2.0,2,,"{'page_number': 63, 'left': 99.744, 'top': 142.9908873242187, 'right': 224.19776, 'bottom': 134.05748268333474, 'coord_origin': 'BOTTOMLEFT'}",text_heuristic
b535b3ad-4073-53a2-b16d-74da164e9736,c11b9579-45d1-58de-af90-2c8b6bc73152,63,d7053cc3-074b-5395-94cb-e7e78fc07ff6,Indicador: 9308 - Número de novos estudos publicados por secretaria do MDS,Meta prevista para 2026,meta_prevista_para_2026,3.0,3,,"{'page_number': 63, 'left': 99.744, 'top': 131.47088732421867, 'right': 224.19776, 'bottom': 122.5374826833347, 'coord_origin': 'BOTTOMLEFT'}",text_heuristic
f8d8fabf-f69a-5f26-8368-a004c164eaea,c11b9579-45d1-58de-af90-2c8b6bc73152,63,d7053cc3-074b-5395-94cb-e7e78fc07ff6,Indicador: 9308 - Número de novos estudos publicados por secretaria do MDS,Meta prevista para 2027,meta_prevista_para_2027,1.0,1,,"{'page_number': 63, 'left': 99.744, 'top': 119.95088732421868, 'right': 224.19776, 'bottom': 111.01748268333472, 'coord_origin': 'BOTTOMLEFT'}",text_heuristic
15cd3cde-970d-5f87-a35f-9df07cef9833,c11b9579-45d1-58de-af90-2c8b6bc73152,65,244c9470-b94d-5579-95ac-25196a41fea9,PROGRAMA: 5131 - PROTEÇÃO SOCIAL PELO SISTEMA ÚNICO DE ASSISTÊNCIA SOCIAL (SUAS),PROGRAMA: - PROTEÇÃO SOCIAL PELO SISTEMA ÚNICO DE ASSISTÊNCIA SOCIAL (SUAS),programa_protecao_social_pelo_sistema_unico_de_assistencia_social_suas,5131.0,5131,,"{'page_number': 65, 'left': 51.0, 'top': 310.2911273242187, 'right': 709.7210000000008, 'bottom': 297.69825572200875, 'coord_origin': 'BOTTOMLEFT'}",text_heuristic
e8128993-8c57-5242-98ff-1517e095a401,c11b9579-45d1-58de-af90-2c8b6bc73152,66,31ff9da1-1571-5cfb-b216-00ebada98974,Informações do Monitoramento,Meta prevista para,meta_prevista_para,2024.0,2024,,"{'page_number': 66, 'left': 92.304, 'top': 277.5408873242187, 'right': 211.0172399999999, 'bottom': 268.60748268333475, 'coord_origin': 'BOTTOMLEFT'}",text_heuristic
f43b3aac-f0cb-565b-bee7-7823604eddc4,c11b9579-45d1-58de-af90-2c8b6bc73152,66,31ff9da1-1571-5cfb-b216-00ebada98974,Informações do Monitoramento,Meta prevista para,meta_prevista_para,2025.0,2025,,"{'page_number': 66, 'left': 92.304, 'top': 266.1408873242187, 'right': 211.0172399999999, 'bottom': 257.2074826833347, 'coord_origin': 'BOTTOMLEFT'}",text_heuristic
034b8b0b-cc92-589b-9646-7b89e85b8008,c11b9579-45d1-58de-af90-2c8b6bc73152,66,31ff9da1-1571-5cfb-b216-00ebada98974,Informações do Monitoramento,Meta prevista para,meta_prevista_para,2026.0,2026,,"{'page_number': 66, 'left': 92.304, 'top': 254.6208873242187, 'right': 211.0172399999999, 'bottom': 245.68748268333474, 'coord_origin': 'BOTTOMLEFT'}",text_heuristic
ea45ccc0-e5a0-5b3c-b9fa-571ed6b71077,c11b9579-45d1-58de-af90-2c8b6bc73152,66,31ff9da1-1571-5cfb-b216-00ebada98974,Informações do Monitoramento,Meta prevista para,meta_prevista_para,2027.0,2027,,"{'page_number': 66, 'left': 92.304, 'top': 243.10088732421866, 'right': 211.0172399999999, 'bottom': 234.1674826833347, 'coord_origin': 'BOTTOMLEFT'}",text_heuristic
c61843bf-5e66-5e2d-8e3e-cb39a72d7285,c11b9579-45d1-58de-af90-2c8b6bc73152,67,f1ed8127-f4bf-5b95-b1b8-9929b909a992,Entrega: 0747 - Municípios com preenchimento do Prontuário Eletrônico do SUAS,Entrega: - Municípios com preenchimento do Prontuário Eletrônico do SUAS,entrega_municipios_com_preenchimento_do_prontuario_eletronico_do_suas,747.0,0747,,"{'page_number': 67, 'left': 88.56, 'top': 416.3560073242187, 'right': 556.5200000000003, 'bottom': 405.59286920267175, 'coord_origin': 'BOTTOMLEFT'}",text_heuristic
cbd33259-3dce-513d-bfb8-291d91f75aa5,c11b9579-45d1-58de-af90-2c8b6bc73152,67,f1ed8127-f4bf-5b95-b1b8-9929b909a992,Entrega: 0747 - Municípios com preenchimento do Prontuário Eletrônico do SUAS,Meta prevista para 2024,meta_prevista_para_2024,44.0,44,,"{'page_number': 67, 'left': 99.744, 'top': 298.5608873242187, 'right': 229.71771999999999, 'bottom': 289.62748268333473, 'coord_origin': 'BOTTOMLEFT'}",text_heuristic
4e9eef11-6448-595b-b250-8939d2e7b1be,c11b9579-45d1-58de-af90-2c8b6bc73152,67,f1ed8127-f4bf-5b95-b1b8-9929b909a992,Entrega: 0747 - Municípios com preenchimento do Prontuário Eletrônico do SUAS,Meta prevista para 2025,meta_prevista_para_2025,52.0,52,,"{'page_number': 67, 'left': 99.744, 'top': 287.0208873242187, 'right': 229.71771999999999, 'bottom': 278.0874826833347, 'coord_origin': 'BOTTOMLEFT'}",text_heuristic
bbc7e333-7f92-525b-a370-af2213d307c5,c11b9579-45d1-58de-af90-2c8b6bc73152,67,f1ed8127-f4bf-5b95-b1b8-9929b909a992,Entrega: 0747 - Municípios com preenchimento do Prontuário Eletrônico do SUAS,Meta prevista para 2026,meta_prevista_para_2026,61.0,61,,"{'page_number': 67, 'left': 99.744, 'top': 275.5008873242187, 'right': 229.71771999999999, 'bottom': 266.56748268333473, 'coord_origin': 'BOTTOMLEFT'}",text_heuristic
f83ef6f4-53c9-5db5-a63c-91ff9f418c03,c11b9579-45d1-58de-af90-2c8b6bc73152,67,f1ed8127-f4bf-5b95-b1b8-9929b909a992,Entrega: 0747 - Municípios com preenchimento do Prontuário Eletrônico do SUAS,Meta prevista para,meta_prevista_para,2027.0,2027,,"{'page_number': 67, 'left': 99.744, 'top': 263.9808873242187, 'right': 218.45723999999987, 'bottom': 255.04748268333475, 'coord_origin': 'BOTTOMLEFT'}",text_heuristic
583c4bb0-0a29-5986-96c2-8b30853c625b,c11b9579-45d1-58de-af90-2c8b6bc73152,68,e4221309-eb95-5440-a7fd-93454999dfc3,Informações do Monitoramento,Meta prevista para,meta_prevista_para,2024.0,2024,,"{'page_number': 68, 'left': 99.744, 'top': 268.6608873242187, 'right': 218.45723999999987, 'bottom': 259.72748268333476, 'coord_origin': 'BOTTOMLEFT'}",text_heuristic
47e49a51-5acd-536f-a57b-e16251999753,c11b9579-45d1-58de-af90-2c8b6bc73152,68,e4221309-eb95-5440-a7fd-93454999dfc3,Informações do Monitoramento,Meta prevista para,meta_prevista_para,2025.0,2025,,"{'page_number': 68, 'left': 99.744, 'top': 257.1408873242187, 'right': 218.45723999999987, 'bottom': 248.20748268333472, 'coord_origin': 'BOTTOMLEFT'}",text_heuristic
95a32849-1838-5447-9bba-9433cfe73349,c11b9579-45d1-58de-af90-2c8b6bc73152,68,e4221309-eb95-5440-a7fd-93454999dfc3,Informações do Monitoramento,Meta prevista para,meta_prevista_para,2026.0,2026,,"{'page_number': 68, 'left': 99.744, 'top': 245.6208873242187, 'right': 218.45723999999987, 'bottom': 236.68748268333474, 'coord_origin': 'BOTTOMLEFT'}",text_heuristic
1af913d2-bb1f-5b87-8314-6094a9e3c870,c11b9579-45d1-58de-af90-2c8b6bc73152,68,e4221309-eb95-5440-a7fd-93454999dfc3,Informações do Monitoramento,Meta prevista para,meta_prevista_para,2027.0,2027,,"{'page_number': 68, 'left': 99.744, 'top': 234.10088732421866, 'right': 218.45723999999987, 'bottom': 225.1674826833347, 'coord_origin': 'BOTTOMLEFT'}",text_heuristic
00936da1-1d70-503c-9983-6403f43a36a3,c11b9579-45d1-58de-af90-2c8b6bc73152,69,e0d0707f-bdd7-58ff-aee3-2fee5f6ea1df,Medida Institucional Normativa: 05A2 - Publicar nova regulamentação sobre o serviço de proteção do SUAS em situações de calamidades públicas e emergências,Programa: - Proteção Social pelo Sistema Único de Assistência Social (SUAS),programa_protecao_social_pelo_sistema_unico_de_assistencia_social_suas,5131.0,5131,,"{'page_number': 69, 'left': 77.28, 'top': 297.7208873242187, 'right': 453.71515999999997, 'bottom': 288.78748268333476, 'coord_origin': 'BOTTOMLEFT'}",text_heuristic
8323f5c9-f9d9-54dd-8988-3de52b45c314,c11b9579-45d1-58de-af90-2c8b6bc73152,70,96b8c5d8-1527-5339-aa6c-ec9cc65bad49,"Medida Institucional Normativa: 059A - Publicar normativa aprimorando a Portaria Nº 2.689/2018, relativa à supervisão de entidades certificadas com CEBAS.",Proteção Social pelo Sistema Único de Assistência Social (SUAS),protecao_social_pelo_sistema_unico_de_assistencia_social_suas,5131.0,5131,,"{'page_number': 70, 'left': 129.98, 'top': 436.3508873242187, 'right': 453.71515999999997, 'bottom': 427.41748268333475, 'coord_origin': 'BOTTOMLEFT'}",text_heuristic
af2596c5-14b4-5caa-ac43-12f27caba748,c11b9579-45d1-58de-af90-2c8b6bc73152,70,1a072d13-556f-5759-adef-68bf929164c3,Medida Institucional Normativa: 059C - Atualizar a Norma Operacional Básica/Recursos Humanos (NOB-RH/SUAS),Programa: - Proteção Social pelo Sistema Único de Assistência Social (SUAS),programa_protecao_social_pelo_sistema_unico_de_assistencia_social_suas,5131.0,5131,,"{'page_number': 70, 'left': 77.28, 'top': 158.71088732421867, 'right': 453.71515999999997, 'bottom': 149.7774826833347, 'coord_origin': 'BOTTOMLEFT'}",text_heuristic
e25900fc-ad36-5262-bfbd-f6445946c84f,c11b9579-45d1-58de-af90-2c8b6bc73152,71,4a25ba3b-3856-500f-b9d2-e550dbff2bd8,Informações do Monitoramento,Proteção Social pelo Sistema Único de Assistência Social (SUAS),protecao_social_pelo_sistema_unico_de_assistencia_social_suas,5131.0,5131,,"{'page_number': 71, 'left': 129.98, 'top': 321.2408873242187, 'right': 453.71515999999997, 'bottom': 312.30748268333474, 'coord_origin': 'BOTTOMLEFT'}",text_heuristic
cbf44a5c-231c-5eec-9a63-f82195c8331a,c11b9579-45d1-58de-af90-2c8b6bc73152,72,5674850a-252e-566f-8abb-7170c194feef,Informações do Monitoramento,Proteção Social pelo Sistema Único de Assistência Social (SUAS),protecao_social_pelo_sistema_unico_de_assistencia_social_suas,5131.0,5131,,"{'page_number': 72, 'left': 129.98, 'top': 543.2908873242187, 'right': 453.71515999999997, 'bottom': 534.3574826833346, 'coord_origin': 'BOTTOMLEFT'}",text_heuristic
a25902bd-c72c-544e-b52c-807e7c50f48c,c11b9579-45d1-58de-af90-2c8b6bc73152,72,5674850a-252e-566f-8abb-7170c194feef,Informações do Monitoramento,Proteção Social pelo Sistema Único de Assistência Social (SUAS),protecao_social_pelo_sistema_unico_de_assistencia_social_suas,5131.0,5131,,"{'page_number': 72, 'left': 129.98, 'top': 125.35088732421866, 'right': 453.71515999999997, 'bottom': 116.4174826833347, 'coord_origin': 'BOTTOMLEFT'}",text_heuristic
6a2b4d5c-c7b7-5c2d-86d6-e1c9e40a699d,c11b9579-45d1-58de-af90-2c8b6bc73152,73,0506a805-4023-56a7-8f49-b6756a980d89,Medida Institucional Normativa: 059D - Reordenar os serviços de acolhimento ofertados pelo SUAS,Programa: - Proteção Social pelo Sistema Único de Assistência Social (SUAS),programa_protecao_social_pelo_sistema_unico_de_assistencia_social_suas,5131.0,5131,,"{'page_number': 73, 'left': 77.28, 'top': 364.5608873242187, 'right': 453.71515999999997, 'bottom': 355.62748268333473, 'coord_origin': 'BOTTOMLEFT'}",text_heuristic
7fd0f903-92ff-558f-8e55-a28361358688,c11b9579-45d1-58de-af90-2c8b6bc73152,74,976b659e-c4c7-5869-aefd-81a007ffce3f,PROGRAMA: 5133 - SEGURANÇA ALIMENTAR E NUTRICIONAL E COMBATE À FOME,Proteção Social pelo Sistema Único de Assistência Social (SUAS),protecao_social_pelo_sistema_unico_de_assistencia_social_suas,5131.0,5131,,"{'page_number': 74, 'left': 129.98, 'top': 436.3508873242187, 'right': 453.71515999999997, 'bottom': 427.41748268333475, 'coord_origin': 'BOTTOMLEFT'}",text_heuristic
e63b5da5-51b2-51b5-baac-48b4c874a0c9,c11b9579-45d1-58de-af90-2c8b6bc73152,74,976b659e-c4c7-5869-aefd-81a007ffce3f,PROGRAMA: 5133 - SEGURANÇA ALIMENTAR E NUTRICIONAL E COMBATE À FOME,PROGRAMA: - SEGURANÇA ALIMENTAR E NUTRICIONAL E COMBATE À FOME,programa_seguranca_alimentar_e_nutricional_e_combate_a_fome,5133.0,5133,,"{'page_number': 74, 'left': 51.0, 'top': 134.3211273242187, 'right': 622.5747200000008, 'bottom': 121.72825572200873, 'coord_origin': 'BOTTOMLEFT'}",text_heuristic
36c70b36-d3b0-5fde-a01c-d62f604bc8b3,c11b9579-45d1-58de-af90-2c8b6bc73152,75,3e1086a4-5b8e-51a9-9693-68921139683c,"PROGRAMA: 5135 - JUVENTUDE: DIREITOS, PARTICIPAÇÃO E BEM VIVER",Segurança Alimentar e Nutricional e Combate à Fome,seguranca_alimentar_e_nutricional_e_combate_a_fome,5133.0,5133,,"{'page_number': 75, 'left': 129.98, 'top': 495.1508873242187, 'right': 401.13631999999996, 'bottom': 486.2174826833347, 'coord_origin': 'BOTTOMLEFT'}",text_heuristic
789f0a33-cdc6-5d9b-9395-e103b46b1e22,c11b9579-45d1-58de-af90-2c8b6bc73152,75,3e1086a4-5b8e-51a9-9693-68921139683c,"PROGRAMA: 5135 - JUVENTUDE: DIREITOS, PARTICIPAÇÃO E BEM VIVER","PROGRAMA: - JUVENTUDE: DIREITOS, PARTICIPAÇÃO E BEM VIVER",programa_juventude_direitos_participacao_e_bem_viver,5135.0,5135,,"{'page_number': 75, 'left': 51.0, 'top': 250.75112732421871, 'right': 554.1718400000007, 'bottom': 238.1582557220088, 'coord_origin': 'BOTTOMLEFT'}",text_heuristic
9102eb30-bc24-5e04-8691-7856ceacfed0,c11b9579-45d1-58de-af90-2c8b6bc73152,75,3e1086a4-5b8e-51a9-9693-68921139683c,"PROGRAMA: 5135 - JUVENTUDE: DIREITOS, PARTICIPAÇÃO E BEM VIVER","Juventude: Direitos, Participação e Bem Viver",juventude_direitos_participacao_e_bem_viver,5135.0,5135,,"{'page_number': 75, 'left': 129.98, 'top': 145.7508873242187, 'right': 364.37395999999995, 'bottom': 136.81748268333473, 'coord_origin': 'BOTTOMLEFT'}",text_heuristic
38f46a1f-c54e-591d-98f2-97f28a0be15b,c11b9579-45d1-58de-af90-2c8b6bc73152,75,3e1086a4-5b8e-51a9-9693-68921139683c,"PROGRAMA: 5135 - JUVENTUDE: DIREITOS, PARTICIPAÇÃO E BEM VIVER",Presidência da República,presidencia_da_republica,20000.0,20000,,"{'page_number': 75, 'left': 177.26, 'top': 134.1108873242187, 'right': 327.3048799999999, 'bottom': 125.17748268333469, 'coord_origin': 'BOTTOMLEFT'}",text_heuristic
7c25ec0d-7833-5063-ba96-656041ff176b,c11b9579-45d1-58de-af90-2c8b6bc73152,77,431971c3-15d7-57b9-989a-fdbb77d4970e,PROGRAMA: 5501 - ESTRUTURAÇÃO DA POLÍTICA NACIONAL DE CUIDADOS,PROGRAMA: - ESTRUTURAÇÃO DA POLÍTICA NACIONAL DE CUIDADOS,programa_estruturacao_da_politica_nacional_de_cuidados,5501.0,5501,,"{'page_number': 77, 'left': 51.0, 'top': 140.80112732421873, 'right': 576.5796800000006, 'bottom': 128.20825572200874, 'coord_origin': 'BOTTOMLEFT'}",text_heuristic
e72f32f9-5c49-5131-853c-d43876da1701,c11b9579-45d1-58de-af90-2c8b6bc73152,78,4590214e-29f3-5d6f-982e-15812e1481c3,Medida Institucional Normativa: 0601 - Política Nacional de Cuidados,Estruturação da Política Nacional de Cuidados,estruturacao_da_politica_nacional_de_cuidados,5501.0,5501,,"{'page_number': 78, 'left': 129.98, 'top': 543.2908873242187, 'right': 367.6906399999998, 'bottom': 534.3574826833346, 'coord_origin': 'BOTTOMLEFT'}",text_heuristic
1e09a4b2-27bd-5236-99bf-9253d2796606,c11b9579-45d1-58de-af90-2c8b6bc73152,78,4590214e-29f3-5d6f-982e-15812e1481c3,Medida Institucional Normativa: 0601 - Política Nacional de Cuidados,Medida Institucional Normativa: - Política Nacional de Cuidados,medida_institucional_normativa_politica_nacional_de_cuidados,601.0,0601,,"{'page_number': 78, 'left': 73.56, 'top': 292.9660073242187, 'right': 466.97000000000025, 'bottom': 282.20286920267176, 'coord_origin': 'BOTTOMLEFT'}",text_heuristic
eca578c6-afc5-5aa3-a5ff-1ccca3eb0ce7,c11b9579-45d1-58de-af90-2c8b6bc73152,78,4590214e-29f3-5d6f-982e-15812e1481c3,Medida Institucional Normativa: 0601 - Política Nacional de Cuidados,Estruturação da Política Nacional de Cuidados,estruturacao_da_politica_nacional_de_cuidados,5501.0,5501,,"{'page_number': 78, 'left': 129.98, 'top': 254.14088732421868, 'right': 367.6906399999998, 'bottom': 245.20748268333472, 'coord_origin': 'BOTTOMLEFT'}",text_heuristic
0bf307ea-4a59-506e-a2d2-12618d26d6ae,c11b9579-45d1-58de-af90-2c8b6bc73152,79,644ba22c-1f09-5e25-a754-47fac84949db,Medida Institucional Normativa: 060F - Contas Satélite,Medida Institucional Normativa: F - Contas Satélite,medida_institucional_normativa_f_contas_satelite,60.0,060,,"{'page_number': 79, 'left': 73.56, 'top': 477.3160073242187, 'right': 383.0180000000001, 'bottom': 466.55286920267173, 'coord_origin': 'BOTTOMLEFT'}",text_heuristic
b03e9140-f47a-57f8-ae2c-70afcae1c084,c11b9579-45d1-58de-af90-2c8b6bc73152,79,644ba22c-1f09-5e25-a754-47fac84949db,Medida Institucional Normativa: 060F - Contas Satélite,Estruturação da Política Nacional de Cuidados,estruturacao_da_politica_nacional_de_cuidados,5501.0,5501,,"{'page_number': 79, 'left': 129.98, 'top': 438.6308873242187, 'right': 367.6906399999998, 'bottom': 429.6974826833347, 'coord_origin': 'BOTTOMLEFT'}",text_heuristic
df01cdb7-73f6-5190-8520-b93d5c709f29,c11b9579-45d1-58de-af90-2c8b6bc73152,79,eeb73dd7-e6f4-5280-ab12-0f99827fbf61,Medida Institucional Normativa: 060D - Módulo de Uso do Tempo na Pesquisa Nacional por Amostra de Domicílios Contínua Informações básicas,Estruturação da Política Nacional de Cuidados,estruturacao_da_politica_nacional_de_cuidados,5501.0,5501,,"{'page_number': 79, 'left': 129.98, 'top': 184.0608873242187, 'right': 367.6906399999998, 'bottom': 175.12748268333473, 'coord_origin': 'BOTTOMLEFT'}",text_heuristic
2b88a6cb-a7ee-599e-99f0-d06c8219a5d2,c11b9579-45d1-58de-af90-2c8b6bc73152,80,ac86f460-06a2-572d-9a1f-1f8d208636f9,Medida Institucional Normativa: 0608 - Instância participativa de acompanhamento do Plano Nacional de Cuidados Informações básicas,Estruturação da Política Nacional de Cuidados,estruturacao_da_politica_nacional_de_cuidados,5501.0,5501,,"{'page_number': 80, 'left': 129.98, 'top': 450.1508873242187, 'right': 367.6906399999998, 'bottom': 441.2174826833347, 'coord_origin': 'BOTTOMLEFT'}",text_heuristic
1cdcf407-555d-5ede-b916-c5dc76bc462c,c11b9579-45d1-58de-af90-2c8b6bc73152,80,d00f5e04-0b25-51cf-ad8d-190cf3b9caa1,Medida Institucional Normativa: 060B - Observatório de Cuidados,Medida Institucional Normativa: B - Observatório de Cuidados,medida_institucional_normativa_b_observatorio_de_cuidados,60.0,060,,"{'page_number': 80, 'left': 73.56, 'top': 199.82600732421872, 'right': 447.66200000000015, 'bottom': 189.06286920267178, 'coord_origin': 'BOTTOMLEFT'}",text_heuristic
b8d1981b-6d91-5a23-b439-bbd8c87060d3,c11b9579-45d1-58de-af90-2c8b6bc73152,80,d00f5e04-0b25-51cf-ad8d-190cf3b9caa1,Medida Institucional Normativa: 060B - Observatório de Cuidados,Estruturação da Política Nacional de Cuidados,estruturacao_da_politica_nacional_de_cuidados,5501.0,5501,,"{'page_number': 80, 'left': 129.98, 'top': 160.9908873242187, 'right': 367.6906399999998, 'bottom': 152.05748268333474, 'coord_origin': 'BOTTOMLEFT'}",text_heuristic
b2b02b43-3659-5249-9069-ce8972c5655f,c11b9579-45d1-58de-af90-2c8b6bc73152,81,0a83bd83-7413-5c05-b2ce-6a32a0a6c105,Medida Institucional Normativa: 0606 - Plano Nacional de Cuidados,Medida Institucional Normativa: - Plano Nacional de Cuidados,medida_institucional_normativa_plano_nacional_de_cuidados,606.0,0606,,"{'page_number': 81, 'left': 73.56, 'top': 454.3960073242187, 'right': 457.0460000000002, 'bottom': 443.63286920267177, 'coord_origin': 'BOTTOMLEFT'}",text_heuristic
9fb4c4d9-5dd6-5121-ab97-cb69d55e1d34,c11b9579-45d1-58de-af90-2c8b6bc73152,81,0a83bd83-7413-5c05-b2ce-6a32a0a6c105,Medida Institucional Normativa: 0606 - Plano Nacional de Cuidados,Estruturação da Política Nacional de Cuidados,estruturacao_da_politica_nacional_de_cuidados,5501.0,5501,,"{'page_number': 81, 'left': 129.98, 'top': 415.59088732421867, 'right': 367.6906399999998, 'bottom': 406.6574826833347, 'coord_origin': 'BOTTOMLEFT'}",text_heuristic
f2880ab7-432e-5a54-88bb-fba802dfc93a,c11b9579-45d1-58de-af90-2c8b6bc73152,81,2425839a-fd0b-51f8-ac2b-bdbb3e0f7ea8,PROGRAMA: 5661 - IGUALDADE DE DECISÃO E PODER PARA MULHERES,PROGRAMA: - IGUALDADE DE DECISÃO E PODER PARA MULHERES,programa_igualdade_de_decisao_e_poder_para_mulheres,5661.0,5661,,"{'page_number': 81, 'left': 51.0, 'top': 113.56112732421872, 'right': 553.4558000000007, 'bottom': 100.96825572200873, 'coord_origin': 'BOTTOMLEFT'}",text_heuristic
b6b6e6ef-5737-5a8c-8306-79b105528dcb,c11b9579-45d1-58de-af90-2c8b6bc73152,83,2db4c8c6-ba21-5e07-b824-db433412cbd0,Entrega: 0552 - Formação de Gestoras dos Organismos de Políticas para Mulheres - OPM,Indicador: - Número de Gestoras Formadas,indicador_numero_de_gestoras_formadas,10660.0,10660,,"{'page_number': 83, 'left': 96.024, 'top': 313.1260073242187, 'right': 380.04800000000023, 'bottom': 302.36286920267173, 'coord_origin': 'BOTTOMLEFT'}",text_heuristic
c4d79331-f88e-55e5-b931-0b7d31924f24,c11b9579-45d1-58de-af90-2c8b6bc73152,83,2db4c8c6-ba21-5e07-b824-db433412cbd0,Entrega: 0552 - Formação de Gestoras dos Organismos de Políticas para Mulheres - OPM,Meta: RI - Capacitação de Mulheres em Gestão de Políticas Públicas,meta_ri_capacitacao_de_mulheres_em_gestao_de_politicas_publicas,6.0,06,,"{'page_number': 83, 'left': 96.024, 'top': 294.88600732421867, 'right': 498.16400000000044, 'bottom': 284.1228692026717, 'coord_origin': 'BOTTOMLEFT'}",text_heuristic
b21db0fe-449f-5017-8314-ac6f8c9228eb,c11b9579-45d1-58de-af90-2c8b6bc73152,83,2db4c8c6-ba21-5e07-b824-db433412cbd0,Entrega: 0552 - Formação de Gestoras dos Organismos de Políticas para Mulheres - OPM,Meta prevista para,meta_prevista_para,2024.0,2024,,"{'page_number': 83, 'left': 99.744, 'top': 244.54088732421872, 'right': 218.45723999999987, 'bottom': 235.60748268333475, 'coord_origin': 'BOTTOMLEFT'}",text_heuristic
f9673806-80e8-56c4-a16e-8ea9bdda13ea,c11b9579-45d1-58de-af90-2c8b6bc73152,83,2db4c8c6-ba21-5e07-b824-db433412cbd0,Entrega: 0552 - Formação de Gestoras dos Organismos de Políticas para Mulheres - OPM,Meta prevista para 2025,meta_prevista_para_2025,1000.0,1.000,,"{'page_number': 83, 'left': 99.744, 'top': 233.02088732421873, 'right': 243.62971999999996, 'bottom': 224.08748268333477, 'coord_origin': 'BOTTOMLEFT'}",text_heuristic
8fc04ea3-b9b3-599b-8f72-2bdc27156ce9,c11b9579-45d1-58de-af90-2c8b6bc73152,83,2db4c8c6-ba21-5e07-b824-db433412cbd0,Entrega: 0552 - Formação de Gestoras dos Organismos de Políticas para Mulheres - OPM,Meta prevista para 2026,meta_prevista_para_2026,1500.0,1.500,,"{'page_number': 83, 'left': 99.744, 'top': 221.5008873242187, 'right': 243.62971999999996, 'bottom': 212.56748268333473, 'coord_origin': 'BOTTOMLEFT'}",text_heuristic
416ee92d-6eeb-5677-9589-8372fc80d100,c11b9579-45d1-58de-af90-2c8b6bc73152,83,2db4c8c6-ba21-5e07-b824-db433412cbd0,Entrega: 0552 - Formação de Gestoras dos Organismos de Políticas para Mulheres - OPM,Meta prevista para,meta_prevista_para,2027.0,2027,,"{'page_number': 83, 'left': 99.744, 'top': 209.98088732421866, 'right': 218.45723999999987, 'bottom': 201.0474826833347, 'coord_origin': 'BOTTOMLEFT'}",text_heuristic
d574438d-8ff6-5f1c-be7d-98be35c81cf2,c11b9579-45d1-58de-af90-2c8b6bc73152,87,c82940cc-607b-5791-90bb-3e80acea6699,Informações do Monitoramento,Órgão Responsável: - Ministério da Igualdade Racial,orgao_responsavel_ministerio_da_igualdade_racial,67000.0,67000,,"{'page_number': 87, 'left': 77.28, 'top': 451.4708873242187, 'right': 347.82247999999987, 'bottom': 442.53748268333476, 'coord_origin': 'BOTTOMLEFT'}",text_heuristic
8139b14e-38ac-5628-8a38-4bde91e41278,c11b9579-45d1-58de-af90-2c8b6bc73152,87,c82940cc-607b-5791-90bb-3e80acea6699,Informações do Monitoramento,Ministério da Igualdade Racial,ministerio_da_igualdade_racial,67000.0,67000,,"{'page_number': 87, 'left': 177.26, 'top': 206.14088732421868, 'right': 347.82247999999987, 'bottom': 197.20748268333472, 'coord_origin': 'BOTTOMLEFT'}",text_heuristic
e2999416-0f7e-5757-aca7-cab0008fc811,c11b9579-45d1-58de-af90-2c8b6bc73152,88,90f369f9-142d-5036-bfca-ce2ee9d67786,Informações do Monitoramento,Ministério da Igualdade Racial,ministerio_da_igualdade_racial,67000.0,67000,,"{'page_number': 88, 'left': 177.26, 'top': 424.7108873242187, 'right': 347.82247999999987, 'bottom': 415.7774826833347, 'coord_origin': 'BOTTOMLEFT'}",text_heuristic
bd94a7cf-e58d-524a-aba1-3e654311fe98,c11b9579-45d1-58de-af90-2c8b6bc73152,88,90f369f9-142d-5036-bfca-ce2ee9d67786,Informações do Monitoramento,Ministério da Igualdade Racial,ministerio_da_igualdade_racial,67000.0,67000,,"{'page_number': 88, 'left': 177.26, 'top': 188.5008873242187, 'right': 347.82247999999987, 'bottom': 179.56748268333473, 'coord_origin': 'BOTTOMLEFT'}",text_heuristic
26c2a3a1-94b3-5d33-932d-e31e54cc081a,c11b9579-45d1-58de-af90-2c8b6bc73152,89,6ac4c604-a8ff-5117-8ef6-2899db6063b5,Informações do Monitoramento,Ministério da Igualdade Racial,ministerio_da_igualdade_racial,67000.0,67000,,"{'page_number': 89, 'left': 177.26, 'top': 452.7908873242187, 'right': 347.82247999999987, 'bottom': 443.85748268333475, 'coord_origin': 'BOTTOMLEFT'}",text_heuristic
bf17fd86-7609-5576-9885-8310c701b273,c11b9579-45d1-58de-af90-2c8b6bc73152,89,6ac4c604-a8ff-5117-8ef6-2899db6063b5,Informações do Monitoramento,Ministério da Igualdade Racial,ministerio_da_igualdade_racial,67000.0,67000,,"{'page_number': 89, 'left': 177.26, 'top': 193.54088732421872, 'right': 347.82247999999987, 'bottom': 184.60748268333475, 'coord_origin': 'BOTTOMLEFT'}",text_heuristic
6bfd3077-597c-5455-a5c3-c0db6a31f7ef,c11b9579-45d1-58de-af90-2c8b6bc73152,90,5f7ea173-4168-5805-83a7-9883d4c52553,PROGRAMA: 5803 - JUVENTUDE NEGRA VIVA,Ministério da Igualdade Racial,ministerio_da_igualdade_racial,67000.0,67000,,"{'page_number': 90, 'left': 177.26, 'top': 390.2408873242187, 'right': 347.82247999999987, 'bottom': 381.30748268333474, 'coord_origin': 'BOTTOMLEFT'}",text_heuristic
a26ffee1-1203-5065-b022-4ec7906cc02a,c11b9579-45d1-58de-af90-2c8b6bc73152,90,5f7ea173-4168-5805-83a7-9883d4c52553,PROGRAMA: 5803 - JUVENTUDE NEGRA VIVA,PROGRAMA: - JUVENTUDE NEGRA VIVA,programa_juventude_negra_viva,5803.0,5803,,"{'page_number': 90, 'left': 51.0, 'top': 180.31112732421872, 'right': 362.3152400000002, 'bottom': 167.71825572200873, 'coord_origin': 'BOTTOMLEFT'}",text_heuristic
323bbbc9-1e4f-5b24-b29e-f82d44767776,c11b9579-45d1-58de-af90-2c8b6bc73152,90,5f7ea173-4168-5805-83a7-9883d4c52553,PROGRAMA: 5803 - JUVENTUDE NEGRA VIVA,Objetivo: - Ampliar o acesso da juventude negra a direitos fundamentais.,objetivo_ampliar_o_acesso_da_juventude_negra_a_direitos_fundamentais,1298.0,1298,,"{'page_number': 90, 'left': 51.0, 'top': 159.95600732421872, 'right': 497.8040000000003, 'bottom': 149.19286920267177, 'coord_origin': 'BOTTOMLEFT'}",text_heuristic
cdd439a9-ef69-5f22-9855-8d5db0f427b9,c11b9579-45d1-58de-af90-2c8b6bc73152,90,5f7ea173-4168-5805-83a7-9883d4c52553,PROGRAMA: 5803 - JUVENTUDE NEGRA VIVA,Objetivo Específico: - Promover a Saúde da Juventude Negra,objetivo_especifico_promover_a_saude_da_juventude_negra,206.0,0206,,"{'page_number': 90, 'left': 73.56, 'top': 141.7160073242187, 'right': 453.0740000000001, 'bottom': 130.95286920267176, 'coord_origin': 'BOTTOMLEFT'}",text_heuristic
31862060-4d24-59ea-8ee5-fc88edf93514,c11b9579-45d1-58de-af90-2c8b6bc73152,90,5f7ea173-4168-5805-83a7-9883d4c52553,PROGRAMA: 5803 - JUVENTUDE NEGRA VIVA,Ministério da Igualdade Racial,ministerio_da_igualdade_racial,67000.0,67000,,"{'page_number': 90, 'left': 177.26, 'top': 102.79488732421868, 'right': 347.82247999999987, 'bottom': 93.86148268333471, 'coord_origin': 'BOTTOMLEFT'}",text_heuristic
4683c3b5-adb5-5b87-a52e-79e87da39230,c11b9579-45d1-58de-af90-2c8b6bc73152,91,d57a89d3-27dc-564e-9179-4d1c27f82ef5,Informações do Monitoramento,Promover a Saúde da Juventude Negra,promover_a_saude_da_juventude_negra,206.0,0206,,"{'page_number': 91, 'left': 191.18, 'top': 396.7208873242187, 'right': 398.40308000000005, 'bottom': 387.78748268333476, 'coord_origin': 'BOTTOMLEFT'}",text_heuristic
fc7dfc8d-2fb5-5a66-8118-5a685579a6ba,c11b9579-45d1-58de-af90-2c8b6bc73152,91,d57a89d3-27dc-564e-9179-4d1c27f82ef5,Informações do Monitoramento,Ministério da Igualdade Racial,ministerio_da_igualdade_racial,67000.0,67000,,"{'page_number': 91, 'left': 192.26, 'top': 385.2008873242187, 'right': 362.82247999999987, 'bottom': 376.2674826833347, 'coord_origin': 'BOTTOMLEFT'}",text_heuristic
25ca877c-f25f-554a-bb44-14eac99dcca2,c11b9579-45d1-58de-af90-2c8b6bc73152,91,d57a89d3-27dc-564e-9179-4d1c27f82ef5,Informações do Monitoramento,Promover a Saúde da Juventude Negra,promover_a_saude_da_juventude_negra,206.0,0206,,"{'page_number': 91, 'left': 191.18, 'top': 174.46088732421867, 'right': 398.40308000000005, 'bottom': 165.5274826833347, 'coord_origin': 'BOTTOMLEFT'}",text_heuristic
010e84ec-22b7-5ac5-b58f-98a7c4ad93c4,c11b9579-45d1-58de-af90-2c8b6bc73152,91,d57a89d3-27dc-564e-9179-4d1c27f82ef5,Informações do Monitoramento,Ministério da Igualdade Racial,ministerio_da_igualdade_racial,67000.0,67000,,"{'page_number': 91, 'left': 192.26, 'top': 162.8208873242187, 'right': 362.82247999999987, 'bottom': 153.88748268333472, 'coord_origin': 'BOTTOMLEFT'}",text_heuristic
280c7c1e-bb0c-5723-80d1-413db1da91cf,c11b9579-45d1-58de-af90-2c8b6bc73152,92,e23f07aa-ec06-529a-82dc-cc9a5928c591,Sinalização de necessidade de revisão - próximo exercício: Não,Promover a Saúde da Juventude Negra,promover_a_saude_da_juventude_negra,206.0,0206,,"{'page_number': 92, 'left': 191.18, 'top': 422.5508873242187, 'right': 398.40308000000005, 'bottom': 413.61748268333474, 'coord_origin': 'BOTTOMLEFT'}",text_heuristic
16020c03-ac2a-562e-bbf4-f79c41aaa790,c11b9579-45d1-58de-af90-2c8b6bc73152,92,e23f07aa-ec06-529a-82dc-cc9a5928c591,Sinalização de necessidade de revisão - próximo exercício: Não,Ministério da Igualdade Racial,ministerio_da_igualdade_racial,67000.0,67000,,"{'page_number': 92, 'left': 192.26, 'top': 410.8808873242187, 'right': 362.82247999999987, 'bottom': 401.9474826833347, 'coord_origin': 'BOTTOMLEFT'}",text_heuristic
43abf9d8-6f88-5cf8-8dc7-82f252a9d616,c11b9579-45d1-58de-af90-2c8b6bc73152,92,e23f07aa-ec06-529a-82dc-cc9a5928c591,Sinalização de necessidade de revisão - próximo exercício: Não,Ministério do Esporte,ministerio_do_esporte,51000.0,51000,,"{'page_number': 92, 'left': 177.26, 'top': 200.02088732421873, 'right': 307.76336, 'bottom': 191.08748268333477, 'coord_origin': 'BOTTOMLEFT'}",text_heuristic
ae0916ef-ac31-5934-bc5c-320548c2e8df,c11b9579-45d1-58de-af90-2c8b6bc73152,93,296f3742-065d-52a7-83a0-3ce70a77f7eb,"PROGRAMA: 5804 - PROMOÇÃO DA IGUALDADE ÉTNICO-RACIAL, COMBATE E SUPERAÇÃO DO RACISMO",Ministério do Esporte,ministerio_do_esporte,51000.0,51000,,"{'page_number': 93, 'left': 192.26, 'top': 430.7108873242187, 'right': 322.76336, 'bottom': 421.7774826833347, 'coord_origin': 'BOTTOMLEFT'}",text_heuristic
638eda86-e3af-5e33-88dd-88277df5f3dc,c11b9579-45d1-58de-af90-2c8b6bc73152,93,296f3742-065d-52a7-83a0-3ce70a77f7eb,"PROGRAMA: 5804 - PROMOÇÃO DA IGUALDADE ÉTNICO-RACIAL, COMBATE E SUPERAÇÃO DO RACISMO",Órgão Responsável: - Ministério da Igualdade Racial,orgao_responsavel_ministerio_da_igualdade_racial,67000.0,67000,,"{'page_number': 93, 'left': 77.28, 'top': 76.63488732421865, 'right': 347.82247999999987, 'bottom': 67.70148268333469, 'coord_origin': 'BOTTOMLEFT'}",text_heuristic
0c8ed9ae-69cc-5860-988c-f309ac9c7aaf,c11b9579-45d1-58de-af90-2c8b6bc73152,94,bb050989-089a-558c-8d06-27b1e8add04e,Informações do Monitoramento,Indicador: - Estratégia de gestão implementada,indicador_estrategia_de_gestao_implementada,11403.0,11403,,"{'page_number': 94, 'left': 88.56, 'top': 268.4660073242187, 'right': 395.28800000000024, 'bottom': 257.70286920267176, 'coord_origin': 'BOTTOMLEFT'}",text_heuristic
a8474042-28e3-5a9c-9559-ec9317e0bbf8,c11b9579-45d1-58de-af90-2c8b6bc73152,94,bb050989-089a-558c-8d06-27b1e8add04e,Informações do Monitoramento,Meta: H - Estratégias implementadas,meta_h_estrategias_implementadas,65.0,065,,"{'page_number': 94, 'left': 88.56, 'top': 250.2260073242187, 'right': 317.98400000000015, 'bottom': 239.46286920267175, 'coord_origin': 'BOTTOMLEFT'}",text_heuristic
38980f1e-a05d-5544-94c3-99bc5d4a296a,c11b9579-45d1-58de-af90-2c8b6bc73152,94,3e4900c8-5d90-53d1-9493-6001bad76a08,Informações do Monitoramento,Meta prevista para 2024,meta_prevista_para_2024,1.0,1,,"{'page_number': 94, 'left': 92.304, 'top': 199.90088732421873, 'right': 216.75776, 'bottom': 190.96748268333477, 'coord_origin': 'BOTTOMLEFT'}",text_heuristic
7e4ed007-363e-56f2-ba74-aa274d047cbf,c11b9579-45d1-58de-af90-2c8b6bc73152,94,3e4900c8-5d90-53d1-9493-6001bad76a08,Informações do Monitoramento,Meta prevista para 2025,meta_prevista_para_2025,1.0,1,,"{'page_number': 94, 'left': 92.304, 'top': 188.3808873242187, 'right': 216.75776, 'bottom': 179.44748268333473, 'coord_origin': 'BOTTOMLEFT'}",text_heuristic
bd0e5835-e739-5fc7-bbad-1da31bba4178,c11b9579-45d1-58de-af90-2c8b6bc73152,94,3e4900c8-5d90-53d1-9493-6001bad76a08,Informações do Monitoramento,Meta prevista para 2026,meta_prevista_para_2026,2.0,2,,"{'page_number': 94, 'left': 92.304, 'top': 176.8608873242187, 'right': 216.75776, 'bottom': 167.92748268333474, 'coord_origin': 'BOTTOMLEFT'}",text_heuristic
51147f17-545d-5360-976d-93c80c729396,c11b9579-45d1-58de-af90-2c8b6bc73152,94,3e4900c8-5d90-53d1-9493-6001bad76a08,Informações do Monitoramento,Meta prevista para 2027,meta_prevista_para_2027,1.0,1,,"{'page_number': 94, 'left': 92.304, 'top': 165.34088732421867, 'right': 216.75776, 'bottom': 156.4074826833347, 'coord_origin': 'BOTTOMLEFT'}",text_heuristic
db7857a5-5a56-5933-a47f-efa3c3fe3abe,c11b9579-45d1-58de-af90-2c8b6bc73152,95,fc29da54-d357-5266-bfb9-2b0fa6d242f7,Entrega: 0400 - Formação em gestão pública para promoção da igualdade racial,Entrega: - Formação em gestão pública para promoção da igualdade racial,entrega_formacao_em_gestao_publica_para_promocao_da_igualdade_racial,400.0,0400,,"{'page_number': 95, 'left': 88.56, 'top': 516.9160073242188, 'right': 544.7360000000003, 'bottom': 506.15286920267175, 'coord_origin': 'BOTTOMLEFT'}",text_heuristic
425029ce-82ca-5822-9801-8d106bcb0628,c11b9579-45d1-58de-af90-2c8b6bc73152,95,fc29da54-d357-5266-bfb9-2b0fa6d242f7,Entrega: 0400 - Formação em gestão pública para promoção da igualdade racial,Indicador: - Número de pessoas participantes em iniciativas antirracistas,indicador_numero_de_pessoas_participantes_em_iniciativas_antirracistas,9269.0,9269,,"{'page_number': 95, 'left': 96.024, 'top': 467.7160073242187, 'right': 543.4280000000006, 'bottom': 456.95286920267176, 'coord_origin': 'BOTTOMLEFT'}",text_heuristic
45e5efb2-782c-5cac-bce7-253201ba4718,c11b9579-45d1-58de-af90-2c8b6bc73152,95,fc29da54-d357-5266-bfb9-2b0fa6d242f7,Entrega: 0400 - Formação em gestão pública para promoção da igualdade racial,Meta: R - Número de gestores públicos formados,meta_r_numero_de_gestores_publicos_formados,55.0,055,,"{'page_number': 95, 'left': 96.024, 'top': 449.3560073242187, 'right': 396.7400000000001, 'bottom': 438.59286920267175, 'coord_origin': 'BOTTOMLEFT'}",text_heuristic
9194c0c5-b2fe-58a4-885f-6599ea6a73d4,c11b9579-45d1-58de-af90-2c8b6bc73152,95,fc29da54-d357-5266-bfb9-2b0fa6d242f7,Entrega: 0400 - Formação em gestão pública para promoção da igualdade racial,Meta prevista para 2024,meta_prevista_para_2024,1250.0,1.250,,"{'page_number': 95, 'left': 99.744, 'top': 399.0008873242187, 'right': 243.62971999999996, 'bottom': 390.06748268333473, 'coord_origin': 'BOTTOMLEFT'}",text_heuristic
bba31989-8c81-539a-837c-70482b86f543,c11b9579-45d1-58de-af90-2c8b6bc73152,95,fc29da54-d357-5266-bfb9-2b0fa6d242f7,Entrega: 0400 - Formação em gestão pública para promoção da igualdade racial,Meta prevista para 2025,meta_prevista_para_2025,1250.0,1.250,,"{'page_number': 95, 'left': 99.744, 'top': 387.4808873242187, 'right': 243.62971999999996, 'bottom': 378.54748268333475, 'coord_origin': 'BOTTOMLEFT'}",text_heuristic
5e4fd6e7-4296-56d7-8641-f9046a2e4374,c11b9579-45d1-58de-af90-2c8b6bc73152,95,fc29da54-d357-5266-bfb9-2b0fa6d242f7,Entrega: 0400 - Formação em gestão pública para promoção da igualdade racial,Meta prevista para 2026,meta_prevista_para_2026,1250.0,1.250,,"{'page_number': 95, 'left': 99.744, 'top': 376.0808873242187, 'right': 243.62971999999996, 'bottom': 367.1474826833347, 'coord_origin': 'BOTTOMLEFT'}",text_heuristic
8a99bec8-7eac-5e07-b941-17b7a2e75cb9,c11b9579-45d1-58de-af90-2c8b6bc73152,95,fc29da54-d357-5266-bfb9-2b0fa6d242f7,Entrega: 0400 - Formação em gestão pública para promoção da igualdade racial,Meta prevista para,meta_prevista_para,2027.0,2027,,"{'page_number': 95, 'left': 99.744, 'top': 364.5608873242187, 'right': 218.45723999999987, 'bottom': 355.62748268333473, 'coord_origin': 'BOTTOMLEFT'}",text_heuristic
361b8d3f-161a-5a55-9a97-4d985ca495cc,c11b9579-45d1-58de-af90-2c8b6bc73152,96,60e8d1b5-618d-5f20-8518-e10f6c3326e4,Informações do Monitoramento,Indicador: - Plataforma desenvolvida,indicador_plataforma_desenvolvida,11404.0,11404,,"{'page_number': 96, 'left': 96.024, 'top': 516.9160073242188, 'right': 342.7400000000002, 'bottom': 506.15286920267175, 'coord_origin': 'BOTTOMLEFT'}",text_heuristic
b644234d-1761-5949-bbad-c81456ccfbba,c11b9579-45d1-58de-af90-2c8b6bc73152,96,60e8d1b5-618d-5f20-8518-e10f6c3326e4,Informações do Monitoramento,Meta: I - Quantidade de plataformas desenvolvidas,meta_i_quantidade_de_plataformas_desenvolvidas,65.0,065,,"{'page_number': 96, 'left': 96.024, 'top': 498.5560073242187, 'right': 405.4400000000003, 'bottom': 487.79286920267174, 'coord_origin': 'BOTTOMLEFT'}",text_heuristic
63121765-ab28-55c3-bb40-4238e21cd391,c11b9579-45d1-58de-af90-2c8b6bc73152,96,60e8d1b5-618d-5f20-8518-e10f6c3326e4,Informações do Monitoramento,Meta prevista para 2024,meta_prevista_para_2024,0.0,0,,"{'page_number': 96, 'left': 99.744, 'top': 448.2308873242187, 'right': 224.19776, 'bottom': 439.29748268333475, 'coord_origin': 'BOTTOMLEFT'}",text_heuristic
20e43f8d-f51d-5217-aaa5-221dd5d75439,c11b9579-45d1-58de-af90-2c8b6bc73152,96,60e8d1b5-618d-5f20-8518-e10f6c3326e4,Informações do Monitoramento,Meta prevista para 2025,meta_prevista_para_2025,1.0,1,,"{'page_number': 96, 'left': 99.744, 'top': 436.7108873242187, 'right': 224.19776, 'bottom': 427.7774826833347, 'coord_origin': 'BOTTOMLEFT'}",text_heuristic
99aed13e-fc20-55ae-9912-00cc57d989e8,c11b9579-45d1-58de-af90-2c8b6bc73152,96,60e8d1b5-618d-5f20-8518-e10f6c3326e4,Informações do Monitoramento,Meta prevista para 2026,meta_prevista_para_2026,0.0,0,,"{'page_number': 96, 'left': 99.744, 'top': 425.1908873242187, 'right': 224.19776, 'bottom': 416.25748268333473, 'coord_origin': 'BOTTOMLEFT'}",text_heuristic
57b3dd2a-64b3-5ef3-8344-63bcac2016c7,c11b9579-45d1-58de-af90-2c8b6bc73152,96,60e8d1b5-618d-5f20-8518-e10f6c3326e4,Informações do Monitoramento,Meta prevista para 2027,meta_prevista_para_2027,0.0,0,,"{'page_number': 96, 'left': 99.744, 'top': 413.6708873242187, 'right': 224.19776, 'bottom': 404.73748268333475, 'coord_origin': 'BOTTOMLEFT'}",text_heuristic
d571401d-d3f6-5b31-90dd-29a313a5c740,c11b9579-45d1-58de-af90-2c8b6bc73152,97,75777944-e3a0-5b16-b068-6e6272a255bf,Medida Institucional Normativa: 062B - Censo do SINAPIR,Ministério da Igualdade Racial,ministerio_da_igualdade_racial,67000.0,67000,,"{'page_number': 97, 'left': 192.26, 'top': 441.2708873242187, 'right': 362.82247999999987, 'bottom': 432.3374826833347, 'coord_origin': 'BOTTOMLEFT'}",text_heuristic
d353d940-217e-54f8-9a08-461e19ace701,c11b9579-45d1-58de-af90-2c8b6bc73152,97,75777944-e3a0-5b16-b068-6e6272a255bf,Medida Institucional Normativa: 062B - Censo do SINAPIR,Medida Institucional Normativa: B - Censo do SINAPIR,medida_institucional_normativa_b_censo_do_sinapir,62.0,062,,"{'page_number': 97, 'left': 88.56, 'top': 87.48000732421872, 'right': 419.43800000000005, 'bottom': 76.71686920267177, 'coord_origin': 'BOTTOMLEFT'}",text_heuristic
8f1525d9-fc20-5c5a-813f-a9464d18f736,c11b9579-45d1-58de-af90-2c8b6bc73152,98,a7b11f59-a8c2-5339-8c3f-9d4af5c33230,Medida Institucional Normativa: 0864 - Protocolo de gênero e raça para implementação e avaliação de políticas públicas e de projetos,Ministério da Igualdade Racial,ministerio_da_igualdade_racial,67000.0,67000,,"{'page_number': 98, 'left': 192.26, 'top': 520.2308873242188, 'right': 362.82247999999987, 'bottom': 511.29748268333475, 'coord_origin': 'BOTTOMLEFT'}",text_heuristic
7ccbb770-1908-517d-ba89-dbd07ec6f6b3,c11b9579-45d1-58de-af90-2c8b6bc73152,98,a7b11f59-a8c2-5339-8c3f-9d4af5c33230,Medida Institucional Normativa: 0864 - Protocolo de gênero e raça para implementação e avaliação de políticas públicas e de projetos,Ministério da Igualdade Racial,ministerio_da_igualdade_racial,67000.0,67000,,"{'page_number': 98, 'left': 192.26, 'top': 228.8208873242187, 'right': 362.82247999999987, 'bottom': 219.88748268333472, 'coord_origin': 'BOTTOMLEFT'}",text_heuristic
82a33d18-4d91-540c-a025-205b50195add,c11b9579-45d1-58de-af90-2c8b6bc73152,99,c80dbda7-1efa-5c84-b3c1-e684084374f0,Objetivo Específico: 0226 - Ampliar a cobertura do SINAPIR nos entes subnacionais,Órgão Responsável: - Ministério da Igualdade Racial,orgao_responsavel_ministerio_da_igualdade_racial,67000.0,67000,,"{'page_number': 99, 'left': 77.28, 'top': 415.4708873242187, 'right': 347.82247999999987, 'bottom': 406.53748268333476, 'coord_origin': 'BOTTOMLEFT'}",text_heuristic
5bb94247-c26d-5f01-9e4c-e38eed24dc8a,c11b9579-45d1-58de-af90-2c8b6bc73152,99,c80dbda7-1efa-5c84-b3c1-e684084374f0,Objetivo Específico: 0226 - Ampliar a cobertura do SINAPIR nos entes subnacionais,Indicador: - Adesões realizadas,indicador_adesoes_realizadas,11405.0,11405,,"{'page_number': 99, 'left': 88.56, 'top': 188.30600732421868, 'right': 305.2880000000001, 'bottom': 177.54286920267174, 'coord_origin': 'BOTTOMLEFT'}",text_heuristic
e1f5fba7-6400-5b5d-8778-e46e5542656b,c11b9579-45d1-58de-af90-2c8b6bc73152,99,c80dbda7-1efa-5c84-b3c1-e684084374f0,Objetivo Específico: 0226 - Ampliar a cobertura do SINAPIR nos entes subnacionais,Meta: H - Número de municípios que aderiram,meta_h_numero_de_municipios_que_aderiram,67.0,067,,"{'page_number': 99, 'left': 88.56, 'top': 169.94600732421873, 'right': 370.7000000000002, 'bottom': 159.18286920267178, 'coord_origin': 'BOTTOMLEFT'}",text_heuristic
3c0a2bea-749e-5616-9559-09614de0ea83,c11b9579-45d1-58de-af90-2c8b6bc73152,99,8174bad3-3afd-5872-bf96-2f5de31c28e1,Informações do Monitoramento,Meta prevista para,meta_prevista_para,2024.0,2024,,"{'page_number': 99, 'left': 92.304, 'top': 119.59088732421867, 'right': 211.0172399999999, 'bottom': 110.6574826833347, 'coord_origin': 'BOTTOMLEFT'}",text_heuristic
efe49ed3-d81e-53d3-8431-47d8bf91f560,c11b9579-45d1-58de-af90-2c8b6bc73152,99,8174bad3-3afd-5872-bf96-2f5de31c28e1,Informações do Monitoramento,Meta prevista para,meta_prevista_para,2025.0,2025,,"{'page_number': 99, 'left': 92.304, 'top': 108.19088732421869, 'right': 211.0172399999999, 'bottom': 99.25748268333473, 'coord_origin': 'BOTTOMLEFT'}",text_heuristic
61288f18-88d0-545c-a10e-f6bae5e04d90,c11b9579-45d1-58de-af90-2c8b6bc73152,99,8174bad3-3afd-5872-bf96-2f5de31c28e1,Informações do Monitoramento,Meta prevista para,meta_prevista_para,2026.0,2026,,"{'page_number': 99, 'left': 92.304, 'top': 96.67488732421873, 'right': 211.0172399999999, 'bottom': 87.74148268333471, 'coord_origin': 'BOTTOMLEFT'}",text_heuristic
ea1b185f-7725-57a1-9707-503b89fefa7c,c11b9579-45d1-58de-af90-2c8b6bc73152,99,8174bad3-3afd-5872-bf96-2f5de31c28e1,Informações do Monitoramento,Meta prevista para,meta_prevista_para,2027.0,2027,,"{'page_number': 99, 'left': 92.304, 'top': 85.15488732421869, 'right': 211.0172399999999, 'bottom': 76.22148268333467, 'coord_origin': 'BOTTOMLEFT'}",text_heuristic
0b7e7534-f886-5970-b13a-4bb52ef09039,c11b9579-45d1-58de-af90-2c8b6bc73152,100,c1e9fcfb-9dbc-54f3-a8ca-b681dcc646e5,Entrega: 0412 - Produtos e equipamentos de infraestruturas,Entrega: - Produtos e equipamentos de infraestruturas,entrega_produtos_e_equipamentos_de_infraestruturas,412.0,0412,,"{'page_number': 100, 'left': 88.56, 'top': 243.62600732421868, 'right': 430.64000000000016, 'bottom': 232.86286920267173, 'coord_origin': 'BOTTOMLEFT'}",text_heuristic
ea1d6a59-afe6-54ad-acb3-6a550ad97257,c11b9579-45d1-58de-af90-2c8b6bc73152,100,c1e9fcfb-9dbc-54f3-a8ca-b681dcc646e5,Entrega: 0412 - Produtos e equipamentos de infraestruturas,Indicador: - Kits de promoção da igualdade racial entregues,indicador_kits_de_promocao_da_igualdade_racial_entregues,9286.0,9286,,"{'page_number': 100, 'left': 96.024, 'top': 194.4260073242187, 'right': 467.9240000000004, 'bottom': 183.66286920267174, 'coord_origin': 'BOTTOMLEFT'}",text_heuristic
cec0fe63-1349-5183-8a3f-b792cecf63aa,c11b9579-45d1-58de-af90-2c8b6bc73152,100,c1e9fcfb-9dbc-54f3-a8ca-b681dcc646e5,Entrega: 0412 - Produtos e equipamentos de infraestruturas,Meta: U - Entregar kits de promoção da igualdade racial,meta_u_entregar_kits_de_promocao_da_igualdade_racial,55.0,055,,"{'page_number': 100, 'left': 96.024, 'top': 176.06600732421873, 'right': 433.4120000000003, 'bottom': 165.3028692026718, 'coord_origin': 'BOTTOMLEFT'}",text_heuristic
ba8495ab-ee0e-5edd-aa9b-6da4ee4d903e,c11b9579-45d1-58de-af90-2c8b6bc73152,100,c1e9fcfb-9dbc-54f3-a8ca-b681dcc646e5,Entrega: 0412 - Produtos e equipamentos de infraestruturas,Meta prevista para 2024,meta_prevista_para_2024,40.0,40,,"{'page_number': 100, 'left': 99.744, 'top': 125.71088732421867, 'right': 229.71771999999999, 'bottom': 116.77748268333471, 'coord_origin': 'BOTTOMLEFT'}",text_heuristic
476479d6-9727-5fc9-9cc7-9dbac123168e,c11b9579-45d1-58de-af90-2c8b6bc73152,100,c1e9fcfb-9dbc-54f3-a8ca-b681dcc646e5,Entrega: 0412 - Produtos e equipamentos de infraestruturas,Meta prevista para 2025,meta_prevista_para_2025,75.0,75,,"{'page_number': 100, 'left': 99.744, 'top': 114.19088732421869, 'right': 229.71771999999999, 'bottom': 105.25748268333473, 'coord_origin': 'BOTTOMLEFT'}",text_heuristic
e0f55743-347b-50c9-b5fc-7837a6d3815e,c11b9579-45d1-58de-af90-2c8b6bc73152,100,c1e9fcfb-9dbc-54f3-a8ca-b681dcc646e5,Entrega: 0412 - Produtos e equipamentos de infraestruturas,Meta prevista para 2026,meta_prevista_para_2026,85.0,85,,"{'page_number': 100, 'left': 99.744, 'top': 102.79488732421868, 'right': 229.71771999999999, 'bottom': 93.86148268333471, 'coord_origin': 'BOTTOMLEFT'}",text_heuristic
30d046e3-ed9f-5ff8-aa41-726837ed98e2,c11b9579-45d1-58de-af90-2c8b6bc73152,100,c1e9fcfb-9dbc-54f3-a8ca-b681dcc646e5,Entrega: 0412 - Produtos e equipamentos de infraestruturas,Meta prevista para,meta_prevista_para,2027.0,2027,,"{'page_number': 100, 'left': 99.744, 'top': 91.2748873242187, 'right': 218.45723999999987, 'bottom': 82.34148268333468, 'coord_origin': 'BOTTOMLEFT'}",text_heuristic
16a83c71-6583-5043-9a1a-4410940ddec6,c11b9579-45d1-58de-af90-2c8b6bc73152,101,0d3db18d-7bb5-50b5-8981-f3efd416e159,Não,73 kits distribuídos para municípios de 15 estados ao longo de,73_kits_distribuidos_para_municipios_de_15_estados_ao_longo_de,2024.0,2024.,,"{'page_number': 101, 'left': 288.17, 'top': 504.2708873242187, 'right': 592.5476000000007, 'bottom': 495.3374826833347, 'coord_origin': 'BOTTOMLEFT'}",text_heuristic
0dcb484f-ac5b-5393-84e6-34334a40db54,c11b9579-45d1-58de-af90-2c8b6bc73152,101,c053b7a1-3539-5853-ba76-772732546edb,Informações do Monitoramento,Indicador: - Ente governamental atendido,indicador_ente_governamental_atendido,9290.0,9290,,"{'page_number': 101, 'left': 96.024, 'top': 184.4660073242187, 'right': 362.7440000000001, 'bottom': 173.70286920267176, 'coord_origin': 'BOTTOMLEFT'}",text_heuristic
121c0926-36dc-5497-ab60-f5e2c07f4c62,c11b9579-45d1-58de-af90-2c8b6bc73152,101,c053b7a1-3539-5853-ba76-772732546edb,Informações do Monitoramento,Meta: X - Atender entes governamentais,meta_x_atender_entes_governamentais,55.0,055,,"{'page_number': 101, 'left': 96.024, 'top': 166.2260073242187, 'right': 344.63600000000014, 'bottom': 155.46286920267175, 'coord_origin': 'BOTTOMLEFT'}",text_heuristic
c00659ef-351e-5fce-b9b8-6102e8339ef2,c11b9579-45d1-58de-af90-2c8b6bc73152,101,c053b7a1-3539-5853-ba76-772732546edb,Informações do Monitoramento,Meta prevista para 2024,meta_prevista_para_2024,150.0,150,,"{'page_number': 101, 'left': 99.744, 'top': 115.7508873242187, 'right': 235.23767999999998, 'bottom': 106.81748268333473, 'coord_origin': 'BOTTOMLEFT'}",text_heuristic
330d84e4-47df-58f1-8cce-fde982e3fd7b,c11b9579-45d1-58de-af90-2c8b6bc73152,101,c053b7a1-3539-5853-ba76-772732546edb,Informações do Monitoramento,Meta prevista para 2025,meta_prevista_para_2025,150.0,150,,"{'page_number': 101, 'left': 99.744, 'top': 104.35488732421868, 'right': 235.23767999999998, 'bottom': 95.42148268333472, 'coord_origin': 'BOTTOMLEFT'}",text_heuristic
81ecc20b-70f2-5e42-8090-46912c536015,c11b9579-45d1-58de-af90-2c8b6bc73152,101,c053b7a1-3539-5853-ba76-772732546edb,Informações do Monitoramento,Meta prevista para 2026,meta_prevista_para_2026,150.0,150,,"{'page_number': 101, 'left': 99.744, 'top': 92.8348873242187, 'right': 235.23767999999998, 'bottom': 83.90148268333473, 'coord_origin': 'BOTTOMLEFT'}",text_heuristic
a2aa4a6b-7686-5092-a6bd-255b3aba48f3,c11b9579-45d1-58de-af90-2c8b6bc73152,101,c053b7a1-3539-5853-ba76-772732546edb,Informações do Monitoramento,Meta prevista para,meta_prevista_para,2027.0,2027,,"{'page_number': 101, 'left': 99.744, 'top': 81.31488732421872, 'right': 218.45723999999987, 'bottom': 72.38148268333475, 'coord_origin': 'BOTTOMLEFT'}",text_heuristic
a67dc7ca-b60a-5504-89c5-eba0b000b0be,c11b9579-45d1-58de-af90-2c8b6bc73152,102,028abce8-ac8c-5f3e-b25c-6e3e1ea6d7f2,Informações do Monitoramento,Ampliar a cobertura do SINAPIR nos entes subnacionais,ampliar_a_cobertura_do_sinapir_nos_entes_subnacionais,226.0,0226,,"{'page_number': 102, 'left': 191.18, 'top': 145.03088732421872, 'right': 473.30228000000017, 'bottom': 136.09748268333476, 'coord_origin': 'BOTTOMLEFT'}",text_heuristic
cd522876-77fe-5af4-820d-c82e142c0669,c11b9579-45d1-58de-af90-2c8b6bc73152,102,028abce8-ac8c-5f3e-b25c-6e3e1ea6d7f2,Informações do Monitoramento,Ministério da Igualdade Racial,ministerio_da_igualdade_racial,67000.0,67000,,"{'page_number': 102, 'left': 192.26, 'top': 133.39088732421874, 'right': 362.82247999999987, 'bottom': 124.45748268333472, 'coord_origin': 'BOTTOMLEFT'}",text_heuristic
bd9b3fe6-abd0-5771-b6ec-3a2c92267059,c11b9579-45d1-58de-af90-2c8b6bc73152,103,213d78a1-2ab3-5781-bff9-a944008eba16,Informações do Monitoramento,Ampliar a cobertura do SINAPIR nos entes subnacionais,ampliar_a_cobertura_do_sinapir_nos_entes_subnacionais,226.0,0226,,"{'page_number': 103, 'left': 191.18, 'top': 385.3208873242187, 'right': 473.30228000000017, 'bottom': 376.3874826833347, 'coord_origin': 'BOTTOMLEFT'}",text_heuristic
4c6c2771-a72b-5a6e-99e4-72a0429a3784,c11b9579-45d1-58de-af90-2c8b6bc73152,103,213d78a1-2ab3-5781-bff9-a944008eba16,Informações do Monitoramento,Ministério da Igualdade Racial,ministerio_da_igualdade_racial,67000.0,67000,,"{'page_number': 103, 'left': 192.26, 'top': 373.6808873242187, 'right': 362.82247999999987, 'bottom': 364.74748268333474, 'coord_origin': 'BOTTOMLEFT'}",text_heuristic
e5116c03-41fc-5d27-a071-9933fdc55afd,c11b9579-45d1-58de-af90-2c8b6bc73152,103,213d78a1-2ab3-5781-bff9-a944008eba16,Informações do Monitoramento,Órgão Responsável: - Ministério da Igualdade Racial,orgao_responsavel_ministerio_da_igualdade_racial,67000.0,67000,,"{'page_number': 103, 'left': 77.28, 'top': 176.6208873242187, 'right': 347.82247999999987, 'bottom': 167.68748268333474, 'coord_origin': 'BOTTOMLEFT'}",text_heuristic
5415b1fd-59dd-5e7e-8158-6c3f32b083ac,c11b9579-45d1-58de-af90-2c8b6bc73152,104,55137a73-10eb-5825-bf87-4ff32c331f45,Informações do Monitoramento,Ministério da Igualdade Racial,ministerio_da_igualdade_racial,67000.0,67000,,"{'page_number': 104, 'left': 192.26, 'top': 413.1608873242187, 'right': 362.82247999999987, 'bottom': 404.22748268333476, 'coord_origin': 'BOTTOMLEFT'}",text_heuristic
352c0610-298f-5480-b076-516a0b47fbb3,c11b9579-45d1-58de-af90-2c8b6bc73152,104,55137a73-10eb-5825-bf87-4ff32c331f45,Informações do Monitoramento,Ministério da Igualdade Racial,ministerio_da_igualdade_racial,67000.0,67000,,"{'page_number': 104, 'left': 192.26, 'top': 190.90088732421873, 'right': 362.82247999999987, 'bottom': 181.96748268333477, 'coord_origin': 'BOTTOMLEFT'}",text_heuristic
640633c3-b483-5dd9-8ed8-2672172f5671,c11b9579-45d1-58de-af90-2c8b6bc73152,105,4875c373-9930-5762-a72e-54eae585ff27,Medida Institucional Normativa: 0899 - Formação das equipes que atuarão no Disque 138 e demais ferramentas.,Ministério da Igualdade Racial,ministerio_da_igualdade_racial,67000.0,67000,,"{'page_number': 105, 'left': 192.26, 'top': 466.59088732421867, 'right': 362.82247999999987, 'bottom': 457.6574826833347, 'coord_origin': 'BOTTOMLEFT'}",text_heuristic
101480ba-175f-5c7c-ba16-be42ae402116,c11b9579-45d1-58de-af90-2c8b6bc73152,105,252af1ad-4032-52e7-aa88-75039f797654,Objetivo Específico: 0527 - Estabelecer programa de combate ao racismo no esporte,Ministério da Igualdade Racial,ministerio_da_igualdade_racial,67000.0,67000,,"{'page_number': 105, 'left': 177.26, 'top': 269.3808873242187, 'right': 347.82247999999987, 'bottom': 260.4474826833347, 'coord_origin': 'BOTTOMLEFT'}",text_heuristic
c8048f72-95ec-5648-ba59-f9af8da7eff6,c11b9579-45d1-58de-af90-2c8b6bc73152,106,023fb362-9880-5a8c-9818-e0db2c608e0d,Informações do Monitoramento,Estabelecer programa de combate ao racismo no esporte,estabelecer_programa_de_combate_ao_racismo_no_esporte,527.0,0527,,"{'page_number': 106, 'left': 191.18, 'top': 543.2908873242187, 'right': 477.34603999999996, 'bottom': 534.3574826833346, 'coord_origin': 'BOTTOMLEFT'}",text_heuristic
b7d02d5d-9749-5b7e-90fc-1fee2a2ae86f,c11b9579-45d1-58de-af90-2c8b6bc73152,106,023fb362-9880-5a8c-9818-e0db2c608e0d,Informações do Monitoramento,Ministério da Igualdade Racial,ministerio_da_igualdade_racial,67000.0,67000,,"{'page_number': 106, 'left': 192.26, 'top': 531.7508873242188, 'right': 362.82247999999987, 'bottom': 522.8174826833347, 'coord_origin': 'BOTTOMLEFT'}",text_heuristic
7754a4f4-6dbf-5497-aa53-c05ee87b27c6,c11b9579-45d1-58de-af90-2c8b6bc73152,106,023fb362-9880-5a8c-9818-e0db2c608e0d,Informações do Monitoramento,Órgão Responsável: - Ministério da Igualdade Racial,orgao_responsavel_ministerio_da_igualdade_racial,67000.0,67000,,"{'page_number': 106, 'left': 77.28, 'top': 320.7608873242187, 'right': 347.82247999999987, 'bottom': 311.8274826833347, 'coord_origin': 'BOTTOMLEFT'}",text_heuristic
833310aa-3c7d-5b65-bcbe-2ab418a890e9,c11b9579-45d1-58de-af90-2c8b6bc73152,106,023fb362-9880-5a8c-9818-e0db2c608e0d,Informações do Monitoramento,Ministério da Igualdade Racial,ministerio_da_igualdade_racial,67000.0,67000,,"{'page_number': 106, 'left': 192.26, 'top': 96.19488732421871, 'right': 362.82247999999987, 'bottom': 87.26148268333475, 'coord_origin': 'BOTTOMLEFT'}",text_heuristic
208b8249-2d8a-50ee-ba72-be516de84c9f,c11b9579-45d1-58de-af90-2c8b6bc73152,107,262555a6-4a8a-5d06-a271-f94c69257b54,Informações do Monitoramento,Presidência da República,presidencia_da_republica,20000.0,20000,,"{'page_number': 107, 'left': 177.26, 'top': 365.28088732421867, 'right': 327.3048799999999, 'bottom': 356.3474826833347, 'coord_origin': 'BOTTOMLEFT'}",text_heuristic
4e421672-c9ec-50ed-9776-b31fc4dfdef8,c11b9579-45d1-58de-af90-2c8b6bc73152,107,262555a6-4a8a-5d06-a271-f94c69257b54,Informações do Monitoramento,Indicador: - Número de ações implementadas,indicador_numero_de_acoes_implementadas,11438.0,11438,,"{'page_number': 107, 'left': 88.56, 'top': 230.18600732421868, 'right': 384.58400000000023, 'bottom': 219.42286920267173, 'coord_origin': 'BOTTOMLEFT'}",text_heuristic
ed8a91c7-ccc1-5120-b56f-0ffc69c2e26c,c11b9579-45d1-58de-af90-2c8b6bc73152,107,262555a6-4a8a-5d06-a271-f94c69257b54,Informações do Monitoramento,Meta: K - Ações implementadas (para imersão e para campanhas),meta_k_acoes_implementadas_para_imersao_e_para_campanhas,67.0,067,,"{'page_number': 107, 'left': 88.56, 'top': 211.82600732421872, 'right': 483.34400000000045, 'bottom': 201.06286920267178, 'coord_origin': 'BOTTOMLEFT'}",text_heuristic
709de35e-cf24-5492-85f2-8c0aed3a1255,c11b9579-45d1-58de-af90-2c8b6bc73152,107,64b266dd-4213-5726-a551-e35124c14fc3,Informações do Monitoramento,Meta prevista para 2024,meta_prevista_para_2024,2.0,2,,"{'page_number': 107, 'left': 92.304, 'top': 161.47088732421867, 'right': 216.75776, 'bottom': 152.5374826833347, 'coord_origin': 'BOTTOMLEFT'}",text_heuristic
d505eba5-9854-5bb2-9d4c-0b009e712019,c11b9579-45d1-58de-af90-2c8b6bc73152,107,64b266dd-4213-5726-a551-e35124c14fc3,Informações do Monitoramento,Meta prevista para 2025,meta_prevista_para_2025,2.0,2,,"{'page_number': 107, 'left': 92.304, 'top': 149.95088732421868, 'right': 216.75776, 'bottom': 141.01748268333472, 'coord_origin': 'BOTTOMLEFT'}",text_heuristic
26a55970-af03-5a4b-82c7-7fd0d73e9c2e,c11b9579-45d1-58de-af90-2c8b6bc73152,107,64b266dd-4213-5726-a551-e35124c14fc3,Informações do Monitoramento,Meta prevista para 2026,meta_prevista_para_2026,2.0,2,,"{'page_number': 107, 'left': 92.304, 'top': 138.4308873242187, 'right': 216.75776, 'bottom': 129.49748268333474, 'coord_origin': 'BOTTOMLEFT'}",text_heuristic
b95254ae-2881-50ce-9b39-5e4ff8a0af54,c11b9579-45d1-58de-af90-2c8b6bc73152,107,64b266dd-4213-5726-a551-e35124c14fc3,Informações do Monitoramento,Meta prevista para,meta_prevista_para,2027.0,2027,,"{'page_number': 107, 'left': 92.304, 'top': 126.91088732421872, 'right': 211.0172399999999, 'bottom': 117.9774826833347, 'coord_origin': 'BOTTOMLEFT'}",text_heuristic
be1891a4-a5d7-53a9-9451-9d3ca0b20e7d,c11b9579-45d1-58de-af90-2c8b6bc73152,108,a50d49e6-c6b3-54d3-97db-5930c59d1747,Informações do Monitoramento,Entrega: - Campanhas institucionais protagonizadas por pessoas negras.,entrega_campanhas_institucionais_protagonizadas_por_pessoas_negras,2088.0,2088,,"{'page_number': 108, 'left': 88.56, 'top': 472.3960073242187, 'right': 538.6880000000003, 'bottom': 461.63286920267177, 'coord_origin': 'BOTTOMLEFT'}",text_heuristic
88dd4518-3f4a-5cdf-80a9-b4e260e2961c,c11b9579-45d1-58de-af90-2c8b6bc73152,108,a50d49e6-c6b3-54d3-97db-5930c59d1747,Informações do Monitoramento,Indicador: - Campanhas protagonizadas por pessoas negras,indicador_campanhas_protagonizadas_por_pessoas_negras,11439.0,11439,,"{'page_number': 108, 'left': 96.024, 'top': 423.19600732421867, 'right': 478.0280000000003, 'bottom': 412.4328692026717, 'coord_origin': 'BOTTOMLEFT'}",text_heuristic
4466bb3a-c5c3-589e-bf5e-3cfe3da5d6c5,c11b9579-45d1-58de-af90-2c8b6bc73152,108,a50d49e6-c6b3-54d3-97db-5930c59d1747,Informações do Monitoramento,Meta: 067L - Atingir das campanhas lançadas pela SECOM e SICOM,meta_067l_atingir_das_campanhas_lancadas_pela_secom_e_sicom,50.0,50%,percent,"{'page_number': 108, 'left': 96.024, 'top': 404.8060073242187, 'right': 510.0800000000005, 'bottom': 394.04286920267174, 'coord_origin': 'BOTTOMLEFT'}",text_heuristic
a0c6ef45-bd52-5c47-8093-510ed4503891,c11b9579-45d1-58de-af90-2c8b6bc73152,108,a50d49e6-c6b3-54d3-97db-5930c59d1747,Informações do Monitoramento,Meta prevista para 2024,meta_prevista_para_2024,50.0,50,,"{'page_number': 108, 'left': 99.744, 'top': 354.4808873242187, 'right': 229.71771999999999, 'bottom': 345.54748268333475, 'coord_origin': 'BOTTOMLEFT'}",text_heuristic
118445c0-9320-53c3-996a-14523eaa1605,c11b9579-45d1-58de-af90-2c8b6bc73152,108,a50d49e6-c6b3-54d3-97db-5930c59d1747,Informações do Monitoramento,Meta prevista para 2025,meta_prevista_para_2025,50.0,50,,"{'page_number': 108, 'left': 99.744, 'top': 343.0808873242187, 'right': 229.71771999999999, 'bottom': 334.1474826833347, 'coord_origin': 'BOTTOMLEFT'}",text_heuristic
8bbe83c9-e160-5088-b8b6-365fe085bd06,c11b9579-45d1-58de-af90-2c8b6bc73152,108,a50d49e6-c6b3-54d3-97db-5930c59d1747,Informações do Monitoramento,Meta prevista para 2026,meta_prevista_para_2026,50.0,50,,"{'page_number': 108, 'left': 99.744, 'top': 331.5608873242187, 'right': 229.71771999999999, 'bottom': 322.62748268333473, 'coord_origin': 'BOTTOMLEFT'}",text_heuristic
e2b8c381-eed4-54d7-b553-078af2509703,c11b9579-45d1-58de-af90-2c8b6bc73152,108,a50d49e6-c6b3-54d3-97db-5930c59d1747,Informações do Monitoramento,Meta prevista para 2027,meta_prevista_para_2027,50.0,50,,"{'page_number': 108, 'left': 99.744, 'top': 320.0408873242187, 'right': 229.71771999999999, 'bottom': 311.10748268333475, 'coord_origin': 'BOTTOMLEFT'}",text_heuristic
9f32636f-a8e9-576f-b8af-cc0bc863a8ee,c11b9579-45d1-58de-af90-2c8b6bc73152,109,b07777a5-07db-57fe-8391-ab5761d266f6,Meta: 06A6 - Realizar ações de letramento racial,Meta: 06A - Realizar ações de letramento racial,meta_06a_realizar_acoes_de_letramento_racial,6.0,6,,"{'page_number': 109, 'left': 96.024, 'top': 547.7760073242187, 'right': 370.0760000000002, 'bottom': 537.0128692026717, 'coord_origin': 'BOTTOMLEFT'}",text_heuristic
71c6bd65-4c47-5420-8f31-a646ae1dc2ba,c11b9579-45d1-58de-af90-2c8b6bc73152,109,b07777a5-07db-57fe-8391-ab5761d266f6,Meta: 06A6 - Realizar ações de letramento racial,Meta prevista para 2024,meta_prevista_para_2024,1.0,1,,"{'page_number': 109, 'left': 99.744, 'top': 497.4308873242187, 'right': 224.19776, 'bottom': 488.49748268333474, 'coord_origin': 'BOTTOMLEFT'}",text_heuristic
1b3dabcb-464c-5d61-96d9-72245c14cb11,c11b9579-45d1-58de-af90-2c8b6bc73152,109,b07777a5-07db-57fe-8391-ab5761d266f6,Meta: 06A6 - Realizar ações de letramento racial,Meta prevista para 2025,meta_prevista_para_2025,1.0,1,,"{'page_number': 109, 'left': 99.744, 'top': 485.9108873242187, 'right': 224.19776, 'bottom': 476.97748268333476, 'coord_origin': 'BOTTOMLEFT'}",text_heuristic
9c02d33a-370b-5518-8990-e24cc5ef64b9,c11b9579-45d1-58de-af90-2c8b6bc73152,109,b07777a5-07db-57fe-8391-ab5761d266f6,Meta: 06A6 - Realizar ações de letramento racial,Meta prevista para 2026,meta_prevista_para_2026,1.0,1,,"{'page_number': 109, 'left': 99.744, 'top': 474.3908873242187, 'right': 224.19776, 'bottom': 465.4574826833347, 'coord_origin': 'BOTTOMLEFT'}",text_heuristic
fb30c488-07bb-5886-9875-aec9d973b713,c11b9579-45d1-58de-af90-2c8b6bc73152,109,b07777a5-07db-57fe-8391-ab5761d266f6,Meta: 06A6 - Realizar ações de letramento racial,Meta prevista para 2027,meta_prevista_para_2027,1.0,1,,"{'page_number': 109, 'left': 99.744, 'top': 462.8708873242187, 'right': 224.19776, 'bottom': 453.93748268333474, 'coord_origin': 'BOTTOMLEFT'}",text_heuristic
eec0c658-3282-56a1-8525-3d704e51a561,c11b9579-45d1-58de-af90-2c8b6bc73152,109,b07777a5-07db-57fe-8391-ab5761d266f6,Meta: 06A6 - Realizar ações de letramento racial,Objetivo Específico: Órgão Responsável: - Presidência da República,objetivo_especifico_orgao_responsavel_presidencia_da_republica,20000.0,20000,,"{'page_number': 109, 'left': 92.304, 'top': 183.10088732421866, 'right': 342.3048799999999, 'bottom': 162.64748268333472, 'coord_origin': 'BOTTOMLEFT'}",text_heuristic
e2b58195-58e4-5bdf-8d77-2e3fc1686ecd,c11b9579-45d1-58de-af90-2c8b6bc73152,110,5b336205-0b3a-5d7a-a439-57fa4eeefcd3,Medida Institucional Normativa: 0883 - Instrumento Normativo que vise a promoção da diversidade racial na contratação de agências e mídias,Presidência da República,presidencia_da_republica,20000.0,20000,,"{'page_number': 110, 'left': 192.26, 'top': 452.7908873242187, 'right': 342.3048799999999, 'bottom': 443.85748268333475, 'coord_origin': 'BOTTOMLEFT'}",text_heuristic
128c55af-2044-58bb-80e5-c9e797fb05bb,c11b9579-45d1-58de-af90-2c8b6bc73152,110,5b336205-0b3a-5d7a-a439-57fa4eeefcd3,Medida Institucional Normativa: 0883 - Instrumento Normativo que vise a promoção da diversidade racial na contratação de agências e mídias,Objetivo Específico: Órgão Responsável: - Presidência da República,objetivo_especifico_orgao_responsavel_presidencia_da_republica,20000.0,20000,,"{'page_number': 110, 'left': 92.304, 'top': 241.90088732421873, 'right': 342.3048799999999, 'bottom': 221.44748268333473, 'coord_origin': 'BOTTOMLEFT'}",text_heuristic
71d13339-7338-575d-98ff-32a3d60d3c0d,c11b9579-45d1-58de-af90-2c8b6bc73152,111,11f396f6-e9f7-56a1-9f39-ec3e282f928e,Informações do Monitoramento,Órgão Responsável: - Ministério da Igualdade Racial,orgao_responsavel_ministerio_da_igualdade_racial,67000.0,67000,,"{'page_number': 111, 'left': 77.28, 'top': 527.1908873242188, 'right': 347.82247999999987, 'bottom': 518.2574826833347, 'coord_origin': 'BOTTOMLEFT'}",text_heuristic
4ea671f6-88c1-5abf-9f19-18d8ca5e989d,c11b9579-45d1-58de-af90-2c8b6bc73152,111,11f396f6-e9f7-56a1-9f39-ec3e282f928e,Informações do Monitoramento,Indicador: - Número de municípios alcançados pelas oficinas,indicador_numero_de_municipios_alcancados_pelas_oficinas,11467.0,11467,,"{'page_number': 111, 'left': 96.024, 'top': 282.9860073242187, 'right': 481.97600000000045, 'bottom': 272.22286920267175, 'coord_origin': 'BOTTOMLEFT'}",text_heuristic
8070d233-b087-5655-8290-b29c851e0057,c11b9579-45d1-58de-af90-2c8b6bc73152,111,11f396f6-e9f7-56a1-9f39-ec3e282f928e,Informações do Monitoramento,Meta: AB - Municípios alcançados,meta_ab_municipios_alcancados,6.0,06,,"{'page_number': 111, 'left': 96.024, 'top': 264.7460073242187, 'right': 303.4040000000001, 'bottom': 253.98286920267174, 'coord_origin': 'BOTTOMLEFT'}",text_heuristic
d6882ca3-b9d8-5417-bc68-7f8d6482d92d,c11b9579-45d1-58de-af90-2c8b6bc73152,111,11f396f6-e9f7-56a1-9f39-ec3e282f928e,Informações do Monitoramento,Meta prevista para 2024,meta_prevista_para_2024,20.0,20,,"{'page_number': 111, 'left': 99.744, 'top': 214.3008873242187, 'right': 229.71771999999999, 'bottom': 205.36748268333474, 'coord_origin': 'BOTTOMLEFT'}",text_heuristic
f0b26ed1-6b1a-5686-a5ad-eddcf7ca7339,c11b9579-45d1-58de-af90-2c8b6bc73152,111,11f396f6-e9f7-56a1-9f39-ec3e282f928e,Informações do Monitoramento,Meta prevista para 2025,meta_prevista_para_2025,20.0,20,,"{'page_number': 111, 'left': 99.744, 'top': 202.90088732421873, 'right': 229.71771999999999, 'bottom': 193.96748268333477, 'coord_origin': 'BOTTOMLEFT'}",text_heuristic
ff41af5f-ff0e-52ff-af9b-750e41b3280e,c11b9579-45d1-58de-af90-2c8b6bc73152,111,11f396f6-e9f7-56a1-9f39-ec3e282f928e,Informações do Monitoramento,Meta prevista para 2026,meta_prevista_para_2026,20.0,20,,"{'page_number': 111, 'left': 99.744, 'top': 191.3808873242187, 'right': 229.71771999999999, 'bottom': 182.44748268333473, 'coord_origin': 'BOTTOMLEFT'}",text_heuristic
6d4faadf-b5e9-505e-b1bb-a92acf406f52,c11b9579-45d1-58de-af90-2c8b6bc73152,111,11f396f6-e9f7-56a1-9f39-ec3e282f928e,Informações do Monitoramento,Meta prevista para 2027,meta_prevista_para_2027,20.0,20,,"{'page_number': 111, 'left': 99.744, 'top': 179.8608873242187, 'right': 229.71771999999999, 'bottom': 170.92748268333474, 'coord_origin': 'BOTTOMLEFT'}",text_heuristic
e6ab2026-ac32-53d2-99ea-a8eb836fd5d6,c11b9579-45d1-58de-af90-2c8b6bc73152,111,11f396f6-e9f7-56a1-9f39-ec3e282f928e,Informações do Monitoramento,Quantidade alcançada,quantidade_alcancada,0.0,0,,"{'page_number': 111, 'left': 99.744, 'top': 115.51088732421869, 'right': 217.47776, 'bottom': 106.57748268333472, 'coord_origin': 'BOTTOMLEFT'}",text_heuristic
c14bbbf5-6f6f-5632-9fc7-196169d73e6a,c11b9579-45d1-58de-af90-2c8b6bc73152,112,a1f99685-78c5-5569-9eb9-6239472f9577,Informações do Monitoramento,Órgão Responsável: - Ministério dos Direitos Humanos e da Cidadania,orgao_responsavel_ministerio_dos_direitos_humanos_e_da_cidadania,81000.0,81000,,"{'page_number': 112, 'left': 77.28, 'top': 82.15488732421863, 'right': 427.7614399999999, 'bottom': 73.22148268333467, 'coord_origin': 'BOTTOMLEFT'}",text_heuristic
0084eb31-2016-58ec-b8ce-901cee72f87a,c11b9579-45d1-58de-af90-2c8b6bc73152,114,2141a83b-a210-5bab-8a3f-18ed664adf14,Informações do Monitoramento,Meta prevista para 2024,meta_prevista_para_2024,25.0,25,,"{'page_number': 114, 'left': 99.744, 'top': 420.6308873242187, 'right': 229.71771999999999, 'bottom': 411.6974826833347, 'coord_origin': 'BOTTOMLEFT'}",text_heuristic
75b745d6-e416-500b-9814-4e3d2d42b3f7,c11b9579-45d1-58de-af90-2c8b6bc73152,114,2141a83b-a210-5bab-8a3f-18ed664adf14,Informações do Monitoramento,Meta prevista para 2025,meta_prevista_para_2025,40.0,40,,"{'page_number': 114, 'left': 99.744, 'top': 409.0808873242187, 'right': 229.71771999999999, 'bottom': 400.1474826833347, 'coord_origin': 'BOTTOMLEFT'}",text_heuristic
0bed7c5d-63eb-5e6d-9c5b-82a73a67b9b7,c11b9579-45d1-58de-af90-2c8b6bc73152,114,2141a83b-a210-5bab-8a3f-18ed664adf14,Informações do Monitoramento,Meta prevista para 2026,meta_prevista_para_2026,70.0,70,,"{'page_number': 114, 'left': 99.744, 'top': 397.5608873242187, 'right': 229.71771999999999, 'bottom': 388.62748268333473, 'coord_origin': 'BOTTOMLEFT'}",text_heuristic
3c881233-5ed6-56be-b698-b2224b6bde3b,c11b9579-45d1-58de-af90-2c8b6bc73152,114,2141a83b-a210-5bab-8a3f-18ed664adf14,Informações do Monitoramento,Meta prevista para,meta_prevista_para,2027.0,2027,,"{'page_number': 114, 'left': 99.744, 'top': 386.0408873242187, 'right': 218.45723999999987, 'bottom': 377.10748268333475, 'coord_origin': 'BOTTOMLEFT'}",text_heuristic
068c047d-b990-57c0-a5ee-2f25020161eb,c11b9579-45d1-58de-af90-2c8b6bc73152,115,53214fe2-75f6-582c-b8ff-c70816097912,Medida Institucional Normativa: 099D - Produzir e distribuir materiais informativos e de comunicação sobre o Programa Moradia Primeiro,Ministério dos Direitos Humanos e da Cidadania,ministerio_dos_direitos_humanos_e_da_cidadania,81000.0,81000,,"{'page_number': 115, 'left': 177.26, 'top': 531.7508873242188, 'right': 427.7614399999999, 'bottom': 522.8174826833347, 'coord_origin': 'BOTTOMLEFT'}",text_heuristic
1eda804c-b05a-54dc-8b96-210705ca7efb,c11b9579-45d1-58de-af90-2c8b6bc73152,115,53214fe2-75f6-582c-b8ff-c70816097912,Medida Institucional Normativa: 099D - Produzir e distribuir materiais informativos e de comunicação sobre o Programa Moradia Primeiro,Ministério dos Direitos Humanos e da Cidadania,ministerio_dos_direitos_humanos_e_da_cidadania,81000.0,81000,,"{'page_number': 115, 'left': 177.26, 'top': 125.35088732421866, 'right': 427.7614399999999, 'bottom': 116.4174826833347, 'coord_origin': 'BOTTOMLEFT'}",text_heuristic
ce81d5e1-5135-560f-b09d-c24756ded78f,c11b9579-45d1-58de-af90-2c8b6bc73152,116,af914343-8a1e-5c8e-b7a3-c6888034962b,Informações do Monitoramento,Ministério da Saúde,ministerio_da_saude,36000.0,36000,,"{'page_number': 116, 'left': 177.26, 'top': 258.7008873242187, 'right': 302.26543999999996, 'bottom': 249.76748268333472, 'coord_origin': 'BOTTOMLEFT'}",text_heuristic
e07e39e2-c38b-5350-8b8f-dded7356a3d7,c11b9579-45d1-58de-af90-2c8b6bc73152,117,07f0a8e6-a035-5048-b5e3-db49a7581756,Medida Institucional Normativa: 07A2 - Inserir tema do acolhimento da população em situação de rua nos protocolos de atenção às urgências e emergencias do SAMU 192,Ministério da Saúde,ministerio_da_saude,36000.0,36000,,"{'page_number': 117, 'left': 177.26, 'top': 483.6308873242187, 'right': 302.26543999999996, 'bottom': 474.6974826833347, 'coord_origin': 'BOTTOMLEFT'}",text_heuristic
e7b1ab6d-fd37-59da-adf1-a88e5927601c,c11b9579-45d1-58de-af90-2c8b6bc73152,119,f598da87-0ba8-5335-9dff-9dd68f8d2824,PROGRAMA: 5816 - PROMOÇÃO E PROTEÇÃO INTEGRAL DOS DIREITOS HUMANOS DE CRIANÇAS E ADOLESCENTES COM ABSOLUTA PRIORIDADE,Ministério dos Direitos Humanos e da Cidadania,ministerio_dos_direitos_humanos_e_da_cidadania,81000.0,81000,,"{'page_number': 119, 'left': 177.26, 'top': 256.1808873242187, 'right': 427.7614399999999, 'bottom': 247.24748268333474, 'coord_origin': 'BOTTOMLEFT'}",text_heuristic
98ce87e7-eda7-5826-8bbf-1ed3d735fc67,c11b9579-45d1-58de-af90-2c8b6bc73152,120,350486d4-9409-57c2-8017-e2a372c67adc,Medida Institucional Normativa: 0562 - Constituir Comissão Interministerial e Intersetorial para revisar o Plano de Convivência Famíliar e Comunitária.,Ministério dos Direitos Humanos e da Cidadania,ministerio_dos_direitos_humanos_e_da_cidadania,81000.0,81000,,"{'page_number': 120, 'left': 177.26, 'top': 452.7908873242187, 'right': 427.7614399999999, 'bottom': 443.85748268333475, 'coord_origin': 'BOTTOMLEFT'}",text_heuristic
d78a4fbe-891f-5ecc-b2fc-7979595c9418,c11b9579-45d1-58de-af90-2c8b6bc73152,120,350486d4-9409-57c2-8017-e2a372c67adc,Medida Institucional Normativa: 0562 - Constituir Comissão Interministerial e Intersetorial para revisar o Plano de Convivência Famíliar e Comunitária.,Alterações efetuadas conforme e-mail do MDHC de 20/03/,alteracoes_efetuadas_conforme_e_mail_do_mdhc_de_20_03,2025.0,2025.,,"{'page_number': 120, 'left': 165.02, 'top': 296.28088732421867, 'right': 449.52044, 'bottom': 287.3474826833347, 'coord_origin': 'BOTTOMLEFT'}",text_heuristic
039afc06-ad26-5b2a-8fbb-e319179c47d2,c11b9579-45d1-58de-af90-2c8b6bc73152,120,a2861e50-e625-5048-af68-6ef3eb08a25e,Medida Institucional Normativa: 06B6 - Elaborar protocolos de atendimento a crianças e adolescentes vítimas de tráfico de pessoas,Ministério dos Direitos Humanos e da Cidadania,ministerio_dos_direitos_humanos_e_da_cidadania,81000.0,81000,,"{'page_number': 120, 'left': 177.26, 'top': 184.3008873242187, 'right': 427.7614399999999, 'bottom': 175.36748268333474, 'coord_origin': 'BOTTOMLEFT'}",text_heuristic
be0c3bfc-bc8f-5c5a-a9fd-959f34fee2a3,c11b9579-45d1-58de-af90-2c8b6bc73152,121,caeb0ea3-3139-5eb3-9ffa-42e598fe2280,"PROGRAMA: 5837 - PROMOÇÃO DA CIDADANIA, DEFESA DE DIREITOS HUMANOS E REPARAÇÃO DE VIOLAÇÕES",Ministério dos Direitos Humanos e da Cidadania,ministerio_dos_direitos_humanos_e_da_cidadania,81000.0,81000,,"{'page_number': 121, 'left': 177.26, 'top': 97.5148873242187, 'right': 427.7614399999999, 'bottom': 88.58148268333468, 'coord_origin': 'BOTTOMLEFT'}",text_heuristic
2fe0d164-0e31-5b9f-b6c3-108be31ee79c,c11b9579-45d1-58de-af90-2c8b6bc73152,122,adc00aab-f2da-55fc-bffd-ddb52fe1192e,"Medida Institucional Normativa: 0587 - Implementar comitê nacional, com participação social, para abordar a promoção da liberdade religiosa.",Ministério dos Direitos Humanos e da Cidadania,ministerio_dos_direitos_humanos_e_da_cidadania,81000.0,81000,,"{'page_number': 122, 'left': 177.26, 'top': 330.84088732421867, 'right': 427.7614399999999, 'bottom': 321.9074826833347, 'coord_origin': 'BOTTOMLEFT'}",text_heuristic
400a3311-1a83-551c-93e9-5394124ad0c7,c11b9579-45d1-58de-af90-2c8b6bc73152,122,adc00aab-f2da-55fc-bffd-ddb52fe1192e,"Medida Institucional Normativa: 0587 - Implementar comitê nacional, com participação social, para abordar a promoção da liberdade religiosa.",Ministério dos Direitos Humanos e da Cidadania,ministerio_dos_direitos_humanos_e_da_cidadania,81000.0,81000,,"{'page_number': 122, 'left': 177.26, 'top': 85.5148873242187, 'right': 427.7614399999999, 'bottom': 76.58148268333468, 'coord_origin': 'BOTTOMLEFT'}",text_heuristic
4604d1a0-f8ac-5eeb-96e3-0069590669e7,c11b9579-45d1-58de-af90-2c8b6bc73152,123,fb80ba85-61f6-5a8c-826e-b6121433824b,"Medida Institucional Normativa: 0676 - Instituir protocolos de atendimento para agentes públicos e equipes executoras do Programa de Proteção aos Defensores de Direitos Humanos, Comunicadores e Ambientalistas",Ministério dos Direitos Humanos e da Cidadania,ministerio_dos_direitos_humanos_e_da_cidadania,81000.0,81000,,"{'page_number': 123, 'left': 177.26, 'top': 330.84088732421867, 'right': 427.7614399999999, 'bottom': 321.9074826833347, 'coord_origin': 'BOTTOMLEFT'}",text_heuristic
45ef2eeb-466c-58d0-8714-106869c38365,c11b9579-45d1-58de-af90-2c8b6bc73152,124,8b75ed3a-8ea6-5a28-8e24-211da81ed061,AGENDA: IGUALDADE RACIAL: DIREITO À TERRA E À PRODUÇÃO PROGRAMA: 1189 - BIOECONOMIA PARA UM NOVO CICLO DE PROSPERIDADE,PPA 2024 Espelho do Monitoramento,ppa_2024_espelho_do_monitoramento,-2027.0,-2027,,"{'page_number': 124, 'left': 523.39, 'top': 473.8571273242187, 'right': 665.2098400000006, 'bottom': 450.39504025239546, 'coord_origin': 'BOTTOMLEFT'}",text_heuristic
96e6b3cb-21b6-569c-835d-7a4885219260,c11b9579-45d1-58de-af90-2c8b6bc73152,124,8b75ed3a-8ea6-5a28-8e24-211da81ed061,AGENDA: IGUALDADE RACIAL: DIREITO À TERRA E À PRODUÇÃO PROGRAMA: 1189 - BIOECONOMIA PARA UM NOVO CICLO DE PROSPERIDADE,Órgão Responsável: - Ministério do Meio Ambiente e Mudança do Clima,orgao_responsavel_ministerio_do_meio_ambiente_e_mudanca_do_clima,44000.0,44000,,"{'page_number': 124, 'left': 77.28, 'top': 259.4208873242187, 'right': 434.4943999999999, 'bottom': 250.48748268333475, 'coord_origin': 'BOTTOMLEFT'}",text_heuristic
331831d5-ad34-515d-9238-f49854aa12e6,c11b9579-45d1-58de-af90-2c8b6bc73152,125,1c56fe9e-baa1-56e3-908e-bad624ccc52f,Indicador: 9453 - Número de negócios da bioeconomia apoiados incubados e acelerados,Meta prevista para 2024,meta_prevista_para_2024,200.0,200,,"{'page_number': 125, 'left': 92.304, 'top': 367.3208873242187, 'right': 227.79767999999999, 'bottom': 358.3874826833347, 'coord_origin': 'BOTTOMLEFT'}",text_heuristic
2ec06211-bab5-5195-b37a-96c9ecf2d353,c11b9579-45d1-58de-af90-2c8b6bc73152,125,1c56fe9e-baa1-56e3-908e-bad624ccc52f,Indicador: 9453 - Número de negócios da bioeconomia apoiados incubados e acelerados,Meta prevista para 2025,meta_prevista_para_2025,400.0,400,,"{'page_number': 125, 'left': 92.304, 'top': 355.8008873242187, 'right': 227.79767999999999, 'bottom': 346.86748268333474, 'coord_origin': 'BOTTOMLEFT'}",text_heuristic
d1806091-1f7c-5fa8-885b-845ecec28df1,c11b9579-45d1-58de-af90-2c8b6bc73152,125,1c56fe9e-baa1-56e3-908e-bad624ccc52f,Indicador: 9453 - Número de negócios da bioeconomia apoiados incubados e acelerados,Meta prevista para 2026,meta_prevista_para_2026,800.0,800,,"{'page_number': 125, 'left': 92.304, 'top': 344.28088732421867, 'right': 227.79767999999999, 'bottom': 335.3474826833347, 'coord_origin': 'BOTTOMLEFT'}",text_heuristic
5beb4c20-a4a9-5c46-889c-d3efe76ed86c,c11b9579-45d1-58de-af90-2c8b6bc73152,125,1c56fe9e-baa1-56e3-908e-bad624ccc52f,Indicador: 9453 - Número de negócios da bioeconomia apoiados incubados e acelerados,Meta prevista para,meta_prevista_para,2027.0,2027,,"{'page_number': 125, 'left': 92.304, 'top': 332.7608873242187, 'right': 211.0172399999999, 'bottom': 323.8274826833347, 'coord_origin': 'BOTTOMLEFT'}",text_heuristic
33f58412-c3ab-5e3e-a19b-6ad9157e4248,c11b9579-45d1-58de-af90-2c8b6bc73152,126,2284e438-cc77-5ace-a864-34e90b7f5a27,Informações do Monitoramento,Meta prevista para 2025,meta_prevista_para_2025,0.0,0,,"{'page_number': 126, 'left': 99.744, 'top': 548.2108873242188, 'right': 224.19776, 'bottom': 539.2774826833347, 'coord_origin': 'BOTTOMLEFT'}",text_heuristic
f36931d6-afde-5437-ab03-fd1794fe7ccc,c11b9579-45d1-58de-af90-2c8b6bc73152,126,2284e438-cc77-5ace-a864-34e90b7f5a27,Informações do Monitoramento,Meta prevista para,meta_prevista_para,2026.0,2026,,"{'page_number': 126, 'left': 99.744, 'top': 536.6708873242187, 'right': 218.45723999999987, 'bottom': 527.7374826833346, 'coord_origin': 'BOTTOMLEFT'}",text_heuristic
ca4c37af-d172-5384-8a82-2dc57abff700,c11b9579-45d1-58de-af90-2c8b6bc73152,126,2284e438-cc77-5ace-a864-34e90b7f5a27,Informações do Monitoramento,Meta prevista para,meta_prevista_para,2027.0,2027,,"{'page_number': 126, 'left': 99.744, 'top': 525.1508873242187, 'right': 218.45723999999987, 'bottom': 516.2174826833347, 'coord_origin': 'BOTTOMLEFT'}",text_heuristic
304ae5c1-641c-5c69-86ef-50f966134282,c11b9579-45d1-58de-af90-2c8b6bc73152,126,2284e438-cc77-5ace-a864-34e90b7f5a27,Informações do Monitoramento,Quantidade alcançada,quantidade_alcancada,0.0,0,,"{'page_number': 126, 'left': 99.744, 'top': 460.9508873242187, 'right': 217.47776, 'bottom': 452.0174826833347, 'coord_origin': 'BOTTOMLEFT'}",text_heuristic
96f7a837-6e7c-5d0d-be0e-83263cb9efb8,c11b9579-45d1-58de-af90-2c8b6bc73152,126,7c4a5da9-e4d0-549e-be5a-3a784d67a20b,Entrega: 0611 - Fomento para empreendimentos atuarem em cadeias de valor florestal.,Meta prevista para 2024,meta_prevista_para_2024,10.0,10,,"{'page_number': 126, 'left': 99.744, 'top': 191.6208873242187, 'right': 229.71771999999999, 'bottom': 182.68748268333474, 'coord_origin': 'BOTTOMLEFT'}",text_heuristic
44c23055-cdaf-5fa8-a34b-6209ac9b692a,c11b9579-45d1-58de-af90-2c8b6bc73152,126,7c4a5da9-e4d0-549e-be5a-3a784d67a20b,Entrega: 0611 - Fomento para empreendimentos atuarem em cadeias de valor florestal.,Meta prevista para 2025,meta_prevista_para_2025,20.0,20,,"{'page_number': 126, 'left': 99.744, 'top': 180.10088732421866, 'right': 229.71771999999999, 'bottom': 171.1674826833347, 'coord_origin': 'BOTTOMLEFT'}",text_heuristic
62629abf-35ab-5609-a26c-8df52b281538,c11b9579-45d1-58de-af90-2c8b6bc73152,126,7c4a5da9-e4d0-549e-be5a-3a784d67a20b,Entrega: 0611 - Fomento para empreendimentos atuarem em cadeias de valor florestal.,Meta prevista para 2026,meta_prevista_para_2026,30.0,30,,"{'page_number': 126, 'left': 99.744, 'top': 168.70088732421868, 'right': 229.71771999999999, 'bottom': 159.76748268333472, 'coord_origin': 'BOTTOMLEFT'}",text_heuristic
3138543f-1833-53a0-84cc-b56549164a75,c11b9579-45d1-58de-af90-2c8b6bc73152,126,7c4a5da9-e4d0-549e-be5a-3a784d67a20b,Entrega: 0611 - Fomento para empreendimentos atuarem em cadeias de valor florestal.,Meta prevista para 2027,meta_prevista_para_2027,40.0,40,,"{'page_number': 126, 'left': 99.744, 'top': 157.15088732421873, 'right': 229.71771999999999, 'bottom': 148.21748268333477, 'coord_origin': 'BOTTOMLEFT'}",text_heuristic
1dab9f04-4adc-5178-93f7-042a84be8603,c11b9579-45d1-58de-af90-2c8b6bc73152,127,eafcecc9-5867-5a35-9f52-9d1b6835581d,Informações do Monitoramento,Meta prevista para 2024,meta_prevista_para_2024,3000000.0,3.000.000,,"{'page_number': 127, 'left': 99.744, 'top': 186.8208873242187, 'right': 263.0616799999999, 'bottom': 177.88748268333472, 'coord_origin': 'BOTTOMLEFT'}",text_heuristic
486a5981-5a2c-5cfb-9ca7-c6eb5f928ca5,c11b9579-45d1-58de-af90-2c8b6bc73152,127,eafcecc9-5867-5a35-9f52-9d1b6835581d,Informações do Monitoramento,Meta prevista para 2025,meta_prevista_para_2025,3000000.0,3.000.000,,"{'page_number': 127, 'left': 99.744, 'top': 175.3008873242187, 'right': 263.0616799999999, 'bottom': 166.36748268333474, 'coord_origin': 'BOTTOMLEFT'}",text_heuristic
ed7df99c-7d82-5142-af74-3169da20275e,c11b9579-45d1-58de-af90-2c8b6bc73152,127,eafcecc9-5867-5a35-9f52-9d1b6835581d,Informações do Monitoramento,Meta prevista para 2026,meta_prevista_para_2026,3000000.0,3.000.000,,"{'page_number': 127, 'left': 99.744, 'top': 163.78088732421872, 'right': 263.0616799999999, 'bottom': 154.84748268333476, 'coord_origin': 'BOTTOMLEFT'}",text_heuristic
9f43fbb3-5167-5400-925e-80cbf2413ffc,c11b9579-45d1-58de-af90-2c8b6bc73152,127,eafcecc9-5867-5a35-9f52-9d1b6835581d,Informações do Monitoramento,Meta prevista para,meta_prevista_para,2027.0,2027,,"{'page_number': 127, 'left': 99.744, 'top': 152.23088732421866, 'right': 218.45723999999987, 'bottom': 143.2974826833347, 'coord_origin': 'BOTTOMLEFT'}",text_heuristic
7d016119-4702-5d27-bb33-9c416dfb8cd9,c11b9579-45d1-58de-af90-2c8b6bc73152,127,eafcecc9-5867-5a35-9f52-9d1b6835581d,Informações do Monitoramento,Quantidade alcançada,quantidade_alcancada,0.0,0,,"{'page_number': 127, 'left': 99.744, 'top': 88.03488732421869, 'right': 217.47776, 'bottom': 79.10148268333478, 'coord_origin': 'BOTTOMLEFT'}",text_heuristic
4fd3cdcd-b37e-581e-b897-411b377baf98,c11b9579-45d1-58de-af90-2c8b6bc73152,128,8d4ee2e6-f2ce-5e38-90ba-ad62bc4858be,Informações do Monitoramento,Órgão Responsável: - Ministério do Meio Ambiente e Mudança do Clima,orgao_responsavel_ministerio_do_meio_ambiente_e_mudanca_do_clima,44000.0,44000,,"{'page_number': 128, 'left': 92.304, 'top': 390.2408873242187, 'right': 449.4943999999999, 'bottom': 381.30748268333474, 'coord_origin': 'BOTTOMLEFT'}",text_heuristic
ed01b950-ac44-56af-bd78-fd714ea304a2,c11b9579-45d1-58de-af90-2c8b6bc73152,129,e8532e6a-2a87-5b8a-8447-32be8448e41c,Informações do Monitoramento,Órgão Responsável: - Ministério do Meio Ambiente e Mudança do Clima,orgao_responsavel_ministerio_do_meio_ambiente_e_mudanca_do_clima,44000.0,44000,,"{'page_number': 129, 'left': 77.28, 'top': 375.9608873242187, 'right': 434.4943999999999, 'bottom': 367.0274826833347, 'coord_origin': 'BOTTOMLEFT'}",text_heuristic
a0fc7cc3-7006-5450-b19b-51f4f19ac4f7,c11b9579-45d1-58de-af90-2c8b6bc73152,130,80c704c7-b07c-5ff0-8931-44dd1af3e496,Informações do Monitoramento,Meta prevista para,meta_prevista_para,2024.0,2024,,"{'page_number': 130, 'left': 92.304, 'top': 531.7508873242188, 'right': 211.0172399999999, 'bottom': 522.8174826833347, 'coord_origin': 'BOTTOMLEFT'}",text_heuristic
0ba011c9-1bf6-5bcc-8602-e399015da67f,c11b9579-45d1-58de-af90-2c8b6bc73152,130,80c704c7-b07c-5ff0-8931-44dd1af3e496,Informações do Monitoramento,Meta prevista para,meta_prevista_para,2025.0,2025,,"{'page_number': 130, 'left': 92.304, 'top': 520.2308873242188, 'right': 211.0172399999999, 'bottom': 511.29748268333475, 'coord_origin': 'BOTTOMLEFT'}",text_heuristic
946f2d26-73fd-576f-bc30-53bb6af3f334,c11b9579-45d1-58de-af90-2c8b6bc73152,130,80c704c7-b07c-5ff0-8931-44dd1af3e496,Informações do Monitoramento,Meta prevista para,meta_prevista_para,2026.0,2026,,"{'page_number': 130, 'left': 92.304, 'top': 508.7108873242187, 'right': 211.0172399999999, 'bottom': 499.7774826833347, 'coord_origin': 'BOTTOMLEFT'}",text_heuristic
8fdc8363-388b-57fc-bad5-c7900b8755f5,c11b9579-45d1-58de-af90-2c8b6bc73152,130,80c704c7-b07c-5ff0-8931-44dd1af3e496,Informações do Monitoramento,Meta prevista para,meta_prevista_para,2027.0,2027,,"{'page_number': 130, 'left': 92.304, 'top': 497.1908873242187, 'right': 211.0172399999999, 'bottom': 488.25748268333473, 'coord_origin': 'BOTTOMLEFT'}",text_heuristic
26f3cc4d-6df1-5060-a3d2-ccc9eb274dc6,c11b9579-45d1-58de-af90-2c8b6bc73152,130,e223980b-82ca-5faf-91ce-a2bb593df829,Medida Institucional Normativa: 0712 - Elaborar e implementar melhorias no Sistema Nacional de Gestão do Patrimônio Genético e do Conhecimento Tradicional Associado (SisGen),Ministério do Meio Ambiente e Mudança do Clima,ministerio_do_meio_ambiente_e_mudanca_do_clima,44000.0,44000,,"{'page_number': 130, 'left': 192.26, 'top': 171.34088732421867, 'right': 449.4943999999999, 'bottom': 162.4074826833347, 'coord_origin': 'BOTTOMLEFT'}",text_heuristic
52542dc2-abbd-5a68-b9a1-60c1b5073297,c11b9579-45d1-58de-af90-2c8b6bc73152,131,e8053b15-14f2-5870-a632-a6528ef64de8,Medida Institucional Normativa: 0713 - Elaborar e implementar o Portal do ABS (janela única de informações aos usuários) Informações básicas,Ministério do Meio Ambiente e Mudança do Clima,ministerio_do_meio_ambiente_e_mudanca_do_clima,44000.0,44000,,"{'page_number': 131, 'left': 146.66, 'top': 346.5608873242187, 'right': 449.4943999999999, 'bottom': 326.10748268333475, 'coord_origin': 'BOTTOMLEFT'}",text_heuristic
664c3aef-6503-5979-87c1-bc1f213806b0,c11b9579-45d1-58de-af90-2c8b6bc73152,131,e8053b15-14f2-5870-a632-a6528ef64de8,Medida Institucional Normativa: 0713 - Elaborar e implementar o Portal do ABS (janela única de informações aos usuários) Informações básicas,Órgão Responsável: - Ministério do Meio Ambiente e Mudança do Clima,orgao_responsavel_ministerio_do_meio_ambiente_e_mudanca_do_clima,44000.0,44000,,"{'page_number': 131, 'left': 77.28, 'top': 124.03088732421872, 'right': 434.4943999999999, 'bottom': 115.0974826833347, 'coord_origin': 'BOTTOMLEFT'}",text_heuristic
2104900a-b79a-576b-8c19-2bd7576c06a0,c11b9579-45d1-58de-af90-2c8b6bc73152,132,5ef4de93-8b97-5bac-b38f-6060d51fb60f,Informações do Monitoramento,Meta prevista para,meta_prevista_para,2024.0,2024,,"{'page_number': 132, 'left': 92.304, 'top': 366.9608873242187, 'right': 211.0172399999999, 'bottom': 358.0274826833347, 'coord_origin': 'BOTTOMLEFT'}",text_heuristic
fa6b6433-6d5f-5902-a291-4a5dad86445b,c11b9579-45d1-58de-af90-2c8b6bc73152,132,5ef4de93-8b97-5bac-b38f-6060d51fb60f,Informações do Monitoramento,Meta prevista para 2025,meta_prevista_para_2025,2888000.0,2.888.000,,"{'page_number': 132, 'left': 92.304, 'top': 355.4408873242187, 'right': 255.62167999999994, 'bottom': 346.50748268333473, 'coord_origin': 'BOTTOMLEFT'}",text_heuristic
646e2806-21df-5cfb-aa44-b7ae744ce1fe,c11b9579-45d1-58de-af90-2c8b6bc73152,132,5ef4de93-8b97-5bac-b38f-6060d51fb60f,Informações do Monitoramento,Meta prevista para,meta_prevista_para,2026.0,2026,,"{'page_number': 132, 'left': 92.304, 'top': 343.9208873242187, 'right': 211.0172399999999, 'bottom': 334.98748268333475, 'coord_origin': 'BOTTOMLEFT'}",text_heuristic
f37e5d37-4776-50bb-9956-ff7928aa06ac,c11b9579-45d1-58de-af90-2c8b6bc73152,132,5ef4de93-8b97-5bac-b38f-6060d51fb60f,Informações do Monitoramento,Meta prevista para,meta_prevista_para,2027.0,2027,,"{'page_number': 132, 'left': 92.304, 'top': 332.4008873242187, 'right': 211.0172399999999, 'bottom': 323.4674826833347, 'coord_origin': 'BOTTOMLEFT'}",text_heuristic
a8672da1-6506-5cf2-b2c7-d0f15a1b86a8,c11b9579-45d1-58de-af90-2c8b6bc73152,132,5ef4de93-8b97-5bac-b38f-6060d51fb60f,Informações do Monitoramento,Ministério do Meio Ambiente e Mudança do Clima,ministerio_do_meio_ambiente_e_mudanca_do_clima,44000.0,44000,,"{'page_number': 132, 'left': 192.26, 'top': 75.55488732421873, 'right': 449.4943999999999, 'bottom': 66.62148268333476, 'coord_origin': 'BOTTOMLEFT'}",text_heuristic
1dbb339e-c47f-539a-93d5-53f3b9e0bdf6,c11b9579-45d1-58de-af90-2c8b6bc73152,133,218f0364-de5d-5792-ac3a-754d2a3a99af,"Objetivo Específico: 0271 - Produzir, consolidar e disponibilizar informações florestais e de cadeias da sociobiodiversidade.",Órgão Responsável: - Ministério do Meio Ambiente e Mudança do Clima,orgao_responsavel_ministerio_do_meio_ambiente_e_mudanca_do_clima,44000.0,44000,,"{'page_number': 133, 'left': 77.28, 'top': 356.0408873242187, 'right': 434.4943999999999, 'bottom': 347.10748268333475, 'coord_origin': 'BOTTOMLEFT'}",text_heuristic
01dac1ee-9619-5f50-8c9b-ed4867761c25,c11b9579-45d1-58de-af90-2c8b6bc73152,133,218f0364-de5d-5792-ac3a-754d2a3a99af,"Objetivo Específico: 0271 - Produzir, consolidar e disponibilizar informações florestais e de cadeias da sociobiodiversidade.",Indicador: - Área inventariada pelo Inventário Florestal Nacional do Brasil,indicador_area_inventariada_pelo_inventario_florestal_nacional_do_brasil,9464.0,9464,,"{'page_number': 133, 'left': 88.56, 'top': 163.4660073242187, 'right': 538.1420000000002, 'bottom': 152.70286920267176, 'coord_origin': 'BOTTOMLEFT'}",text_heuristic
b419cdaa-1a97-5467-bc9a-bf7ff668686e,c11b9579-45d1-58de-af90-2c8b6bc73152,133,9f6e6ff3-c3bc-5880-b41c-4c79c134bff4,Informações do Monitoramento,Meta prevista para,meta_prevista_para,2024.0,2024,,"{'page_number': 133, 'left': 92.304, 'top': 94.75488732421871, 'right': 211.0172399999999, 'bottom': 85.8214826833347, 'coord_origin': 'BOTTOMLEFT'}",text_heuristic
1685c630-81cb-5a1f-9790-99f61def3be9,c11b9579-45d1-58de-af90-2c8b6bc73152,133,9f6e6ff3-c3bc-5880-b41c-4c79c134bff4,Informações do Monitoramento,Meta prevista para,meta_prevista_para,2025.0,2025,,"{'page_number': 133, 'left': 92.304, 'top': 83.23488732421868, 'right': 211.0172399999999, 'bottom': 74.30148268333471, 'coord_origin': 'BOTTOMLEFT'}",text_heuristic
758d819c-bff9-50d6-ad51-127d8356065e,c11b9579-45d1-58de-af90-2c8b6bc73152,133,218f0364-de5d-5792-ac3a-754d2a3a99af,"Objetivo Específico: 0271 - Produzir, consolidar e disponibilizar informações florestais e de cadeias da sociobiodiversidade.",Meta prevista para 2026,meta_prevista_para_2026,494000000.0,494.000.000,,"{'page_number': 133, 'left': 92.304, 'top': 71.8348873242187, 'right': 266.6374399999999, 'bottom': 62.901482683334734, 'coord_origin': 'BOTTOMLEFT'}",text_heuristic
d36fa202-a859-54f7-aabc-376db5d031c1,c11b9579-45d1-58de-af90-2c8b6bc73152,133,9f6e6ff3-c3bc-5880-b41c-4c79c134bff4,Informações do Monitoramento,Meta prevista para,meta_prevista_para,2027.0,2027,,"{'page_number': 133, 'left': 92.304, 'top': 60.31488732421872, 'right': 211.0172399999999, 'bottom': 51.38148268333475, 'coord_origin': 'BOTTOMLEFT'}",text_heuristic
2faa553d-23f6-5dae-a57b-d59331328e11,c11b9579-45d1-58de-af90-2c8b6bc73152,134,f606bfbf-38f4-5023-960a-7b2a0a067a83,Informações do Monitoramento,Meta prevista para 2024,meta_prevista_para_2024,21.0,21,,"{'page_number': 134, 'left': 99.744, 'top': 123.19088732421869, 'right': 229.71771999999999, 'bottom': 114.25748268333473, 'coord_origin': 'BOTTOMLEFT'}",text_heuristic
a0e8c60e-5d75-5852-9801-c325759822d6,c11b9579-45d1-58de-af90-2c8b6bc73152,134,f606bfbf-38f4-5023-960a-7b2a0a067a83,Informações do Monitoramento,Meta prevista para 2025,meta_prevista_para_2025,31.0,31,,"{'page_number': 134, 'left': 99.744, 'top': 111.67088732421871, 'right': 229.71771999999999, 'bottom': 102.73748268333475, 'coord_origin': 'BOTTOMLEFT'}",text_heuristic
47bd1ef5-432d-5676-a2a4-159b5bef8f5c,c11b9579-45d1-58de-af90-2c8b6bc73152,134,f606bfbf-38f4-5023-960a-7b2a0a067a83,Informações do Monitoramento,Meta prevista para 2026,meta_prevista_para_2026,41.0,41,,"{'page_number': 134, 'left': 99.744, 'top': 100.15488732421869, 'right': 229.71771999999999, 'bottom': 91.22148268333473, 'coord_origin': 'BOTTOMLEFT'}",text_heuristic
9a6d8f8f-6a12-5430-b8d9-91ebf53c6d0f,c11b9579-45d1-58de-af90-2c8b6bc73152,134,f606bfbf-38f4-5023-960a-7b2a0a067a83,Informações do Monitoramento,Meta prevista para 2027,meta_prevista_para_2027,51.0,51,,"{'page_number': 134, 'left': 99.744, 'top': 88.63488732421871, 'right': 229.71771999999999, 'bottom': 79.70148268333469, 'coord_origin': 'BOTTOMLEFT'}",text_heuristic
1b42658b-01c8-5811-8e14-2d0197b89c60,c11b9579-45d1-58de-af90-2c8b6bc73152,138,97cdc0cd-25d3-5d44-a73d-cf4e88cc9ecd,Informações do Monitoramento,Meta prevista para 2024,meta_prevista_para_2024,60000.0,60.000,,"{'page_number': 138, 'left': 99.744, 'top': 451.4708873242187, 'right': 249.15751999999995, 'bottom': 442.53748268333476, 'coord_origin': 'BOTTOMLEFT'}",text_heuristic
cff1f080-cf8a-5281-a37c-26781b6f43f7,c11b9579-45d1-58de-af90-2c8b6bc73152,138,97cdc0cd-25d3-5d44-a73d-cf4e88cc9ecd,Informações do Monitoramento,Meta prevista para 2025,meta_prevista_para_2025,60000.0,60.000,,"{'page_number': 138, 'left': 99.744, 'top': 440.0708873242187, 'right': 249.15751999999995, 'bottom': 431.1374826833347, 'coord_origin': 'BOTTOMLEFT'}",text_heuristic
18b06c6c-314a-5223-89b0-fb79c84e5b88,c11b9579-45d1-58de-af90-2c8b6bc73152,138,97cdc0cd-25d3-5d44-a73d-cf4e88cc9ecd,Informações do Monitoramento,Meta prevista para 2026,meta_prevista_para_2026,50000.0,50.000,,"{'page_number': 138, 'left': 99.744, 'top': 428.5508873242187, 'right': 249.15751999999995, 'bottom': 419.61748268333474, 'coord_origin': 'BOTTOMLEFT'}",text_heuristic
837cd3f2-823e-524c-a6d9-23e68f55d3d8,c11b9579-45d1-58de-af90-2c8b6bc73152,138,97cdc0cd-25d3-5d44-a73d-cf4e88cc9ecd,Informações do Monitoramento,Meta prevista para,meta_prevista_para,2027.0,2027,,"{'page_number': 138, 'left': 99.744, 'top': 417.03088732421867, 'right': 218.45723999999987, 'bottom': 408.0974826833347, 'coord_origin': 'BOTTOMLEFT'}",text_heuristic
41471a91-49ff-5db0-9e44-7f957a18a246,c11b9579-45d1-58de-af90-2c8b6bc73152,138,97cdc0cd-25d3-5d44-a73d-cf4e88cc9ecd,Informações do Monitoramento,Meta prevista para,meta_prevista_para,2024.0,2024,,"{'page_number': 138, 'left': 99.744, 'top': 83.47488732421868, 'right': 218.45723999999987, 'bottom': 74.54148268333472, 'coord_origin': 'BOTTOMLEFT'}",text_heuristic
91b0bf4c-c62b-59c1-abf5-37fbfcdd36dd,c11b9579-45d1-58de-af90-2c8b6bc73152,138,97cdc0cd-25d3-5d44-a73d-cf4e88cc9ecd,Informações do Monitoramento,Meta prevista para,meta_prevista_para,2025.0,2025,,"{'page_number': 138, 'left': 99.744, 'top': 71.9548873242187, 'right': 218.45723999999987, 'bottom': 63.02148268333474, 'coord_origin': 'BOTTOMLEFT'}",text_heuristic
4576b446-4a04-5e87-82d5-0ba3fd816202,c11b9579-45d1-58de-af90-2c8b6bc73152,139,eca5f798-b220-5ea0-8156-4f1a4cdcec36,Informações do Monitoramento,Meta prevista para,meta_prevista_para,2026.0,2026,,"{'page_number': 139, 'left': 99.744, 'top': 548.2108873242188, 'right': 218.45723999999987, 'bottom': 539.2774826833347, 'coord_origin': 'BOTTOMLEFT'}",text_heuristic
a5e44fa6-a653-5320-bc4a-d3178bd8c142,c11b9579-45d1-58de-af90-2c8b6bc73152,139,eca5f798-b220-5ea0-8156-4f1a4cdcec36,Informações do Monitoramento,Meta prevista para,meta_prevista_para,2027.0,2027,,"{'page_number': 139, 'left': 99.744, 'top': 536.6708873242187, 'right': 218.45723999999987, 'bottom': 527.7374826833346, 'coord_origin': 'BOTTOMLEFT'}",text_heuristic
9cc83891-ac47-5a2c-a491-f4266f36a803,c11b9579-45d1-58de-af90-2c8b6bc73152,139,eca5f798-b220-5ea0-8156-4f1a4cdcec36,Informações do Monitoramento,Quantidade alcançada,quantidade_alcancada,0.0,0,,"{'page_number': 139, 'left': 99.744, 'top': 472.4708873242187, 'right': 217.47776, 'bottom': 463.53748268333476, 'coord_origin': 'BOTTOMLEFT'}",text_heuristic
861c78e9-056d-535b-ad1e-0fad94898164,c11b9579-45d1-58de-af90-2c8b6bc73152,139,eca5f798-b220-5ea0-8156-4f1a4cdcec36,Informações do Monitoramento,Ministério do Meio Ambiente e Mudança do Clima,ministerio_do_meio_ambiente_e_mudanca_do_clima,44000.0,44000,,"{'page_number': 139, 'left': 192.26, 'top': 277.5408873242187, 'right': 449.4943999999999, 'bottom': 268.60748268333475, 'coord_origin': 'BOTTOMLEFT'}",text_heuristic
7948e5b9-41e0-5db9-84f6-1c9525793c4d,c11b9579-45d1-58de-af90-2c8b6bc73152,140,556cab37-e3c7-5724-95a8-eca2fde30731,Informações do Monitoramento,Ministério do Meio Ambiente e Mudança do Clima,ministerio_do_meio_ambiente_e_mudanca_do_clima,44000.0,44000,,"{'page_number': 140, 'left': 192.26, 'top': 438.9908873242187, 'right': 449.4943999999999, 'bottom': 430.05748268333474, 'coord_origin': 'BOTTOMLEFT'}",text_heuristic
cd5ebd58-a7f7-5c7b-b9d8-8279c677b574,c11b9579-45d1-58de-af90-2c8b6bc73152,140,556cab37-e3c7-5724-95a8-eca2fde30731,Informações do Monitoramento,Ministério do Meio Ambiente e Mudança do Clima,ministerio_do_meio_ambiente_e_mudanca_do_clima,44000.0,44000,,"{'page_number': 140, 'left': 192.26, 'top': 170.5008873242187, 'right': 449.4943999999999, 'bottom': 161.56748268333473, 'coord_origin': 'BOTTOMLEFT'}",text_heuristic
0b4f5a45-b4e7-539c-8abc-81806ebd6bde,c11b9579-45d1-58de-af90-2c8b6bc73152,141,77f36ec9-33a2-5988-a868-c49f70a2c796,Objetivo Específico: 0273 - Melhorar a situação socioeconômica dos povos e comunidades tradicionais e promover a gestão sustentável dos seus territórios.,Ministério do Meio Ambiente e Mudança do Clima,ministerio_do_meio_ambiente_e_mudanca_do_clima,44000.0,44000,,"{'page_number': 141, 'left': 177.26, 'top': 436.2308873242187, 'right': 434.4943999999999, 'bottom': 427.29748268333475, 'coord_origin': 'BOTTOMLEFT'}",text_heuristic
241f8801-a780-5f6a-b491-dc1a36f4ff41,c11b9579-45d1-58de-af90-2c8b6bc73152,141,77f36ec9-33a2-5988-a868-c49f70a2c796,Objetivo Específico: 0273 - Melhorar a situação socioeconômica dos povos e comunidades tradicionais e promover a gestão sustentável dos seus territórios.,Meta prevista para 2024,meta_prevista_para_2024,50000.0,50.000,,"{'page_number': 141, 'left': 92.304, 'top': 181.78088732421872, 'right': 241.71751999999995, 'bottom': 172.84748268333476, 'coord_origin': 'BOTTOMLEFT'}",text_heuristic
7f1e8d35-3a0d-5ff7-aacc-116dd1872416,c11b9579-45d1-58de-af90-2c8b6bc73152,141,01d6db06-4878-598b-a8e8-5125cd9009a5,Informações do Monitoramento,Meta prevista para,meta_prevista_para,2025.0,2025,,"{'page_number': 141, 'left': 92.304, 'top': 170.2608873242187, 'right': 211.0172399999999, 'bottom': 161.32748268333472, 'coord_origin': 'BOTTOMLEFT'}",text_heuristic
17ead863-54b8-5323-bf4c-260ceb43ff93,c11b9579-45d1-58de-af90-2c8b6bc73152,141,01d6db06-4878-598b-a8e8-5125cd9009a5,Informações do Monitoramento,Meta prevista para,meta_prevista_para,2026.0,2026,,"{'page_number': 141, 'left': 92.304, 'top': 158.71088732421867, 'right': 211.0172399999999, 'bottom': 149.7774826833347, 'coord_origin': 'BOTTOMLEFT'}",text_heuristic
fa300528-3249-540c-bd93-7d05d976956b,c11b9579-45d1-58de-af90-2c8b6bc73152,141,01d6db06-4878-598b-a8e8-5125cd9009a5,Informações do Monitoramento,Meta prevista para,meta_prevista_para,2027.0,2027,,"{'page_number': 141, 'left': 92.304, 'top': 147.1908873242187, 'right': 211.0172399999999, 'bottom': 138.25748268333473, 'coord_origin': 'BOTTOMLEFT'}",text_heuristic
d10f2d11-077f-543d-9ac8-caa8f1fe30f7,c11b9579-45d1-58de-af90-2c8b6bc73152,142,a8bf875e-32e9-5cb1-a9c8-aed078637da6,Informações do Monitoramento,Meta prevista para,meta_prevista_para,2024.0,2024,,"{'page_number': 142, 'left': 99.744, 'top': 331.9208873242187, 'right': 218.45723999999987, 'bottom': 322.98748268333475, 'coord_origin': 'BOTTOMLEFT'}",text_heuristic
5a6c2681-bc53-5bec-b03c-e5e44c90f8a3,c11b9579-45d1-58de-af90-2c8b6bc73152,142,a8bf875e-32e9-5cb1-a9c8-aed078637da6,Informações do Monitoramento,Meta prevista para,meta_prevista_para,2025.0,2025,,"{'page_number': 142, 'left': 99.744, 'top': 320.4008873242187, 'right': 218.45723999999987, 'bottom': 311.4674826833347, 'coord_origin': 'BOTTOMLEFT'}",text_heuristic
4a1dc3b5-2e3b-5948-941f-e094e4ffb886,c11b9579-45d1-58de-af90-2c8b6bc73152,142,a8bf875e-32e9-5cb1-a9c8-aed078637da6,Informações do Monitoramento,Meta prevista para,meta_prevista_para,2026.0,2026,,"{'page_number': 142, 'left': 99.744, 'top': 308.8808873242187, 'right': 218.45723999999987, 'bottom': 299.9474826833347, 'coord_origin': 'BOTTOMLEFT'}",text_heuristic
a81c572a-86bb-54ac-97d3-d8dab5bd2895,c11b9579-45d1-58de-af90-2c8b6bc73152,142,a8bf875e-32e9-5cb1-a9c8-aed078637da6,Informações do Monitoramento,Meta prevista para,meta_prevista_para,2027.0,2027,,"{'page_number': 142, 'left': 99.744, 'top': 297.3608873242187, 'right': 218.45723999999987, 'bottom': 288.42748268333474, 'coord_origin': 'BOTTOMLEFT'}",text_heuristic
5a027b17-a9d9-50fc-a84c-b6c1fd0c883d,c11b9579-45d1-58de-af90-2c8b6bc73152,143,8cd4e478-9296-5330-a4b8-76b38a091c80,Informações do Monitoramento,Meta prevista para 2024,meta_prevista_para_2024,30000.0,30.000,,"{'page_number': 143, 'left': 99.744, 'top': 402.3608873242187, 'right': 249.15751999999995, 'bottom': 393.42748268333474, 'coord_origin': 'BOTTOMLEFT'}",text_heuristic
805c2aa9-7bea-5db7-b0fb-a8daf990f66d,c11b9579-45d1-58de-af90-2c8b6bc73152,143,8cd4e478-9296-5330-a4b8-76b38a091c80,Informações do Monitoramento,Meta prevista para 2025,meta_prevista_para_2025,40000.0,40.000,,"{'page_number': 143, 'left': 99.744, 'top': 390.84088732421867, 'right': 249.15751999999995, 'bottom': 381.9074826833347, 'coord_origin': 'BOTTOMLEFT'}",text_heuristic
d9c9d4a1-0756-53d3-8ac3-852ada578db7,c11b9579-45d1-58de-af90-2c8b6bc73152,143,8cd4e478-9296-5330-a4b8-76b38a091c80,Informações do Monitoramento,Meta prevista para 2026,meta_prevista_para_2026,50000.0,50.000,,"{'page_number': 143, 'left': 99.744, 'top': 379.3208873242187, 'right': 249.15751999999995, 'bottom': 370.3874826833347, 'coord_origin': 'BOTTOMLEFT'}",text_heuristic
070c51e6-c80f-58e0-8715-db09b68fc4a0,c11b9579-45d1-58de-af90-2c8b6bc73152,143,8cd4e478-9296-5330-a4b8-76b38a091c80,Informações do Monitoramento,Meta prevista para 2027,meta_prevista_para_2027,60000.0,60.000,,"{'page_number': 143, 'left': 99.744, 'top': 367.8008873242187, 'right': 249.15751999999995, 'bottom': 358.86748268333474, 'coord_origin': 'BOTTOMLEFT'}",text_heuristic
a7fd70f2-95ce-547c-b66f-1456ff3aaa4c,c11b9579-45d1-58de-af90-2c8b6bc73152,143,8cd4e478-9296-5330-a4b8-76b38a091c80,Informações do Monitoramento,Indicador: - Número de organizações socioprodutivas comunitárias atendidas,indicador_numero_de_organizacoes_socioprodutivas_comunitarias_atendidas,9600.0,9600,,"{'page_number': 143, 'left': 96.024, 'top': 89.04000732421872, 'right': 570.6320000000004, 'bottom': 78.27686920267172, 'coord_origin': 'BOTTOMLEFT'}",text_heuristic
e2cb0fe8-d16d-58f6-afd4-96d3ec143a5f,c11b9579-45d1-58de-af90-2c8b6bc73152,144,dbcb9106-c1d4-5050-8f72-6e30508d7ef9,Informações do Monitoramento,Meta prevista para 2024,meta_prevista_para_2024,60.0,60,,"{'page_number': 144, 'left': 99.744, 'top': 515.6708873242187, 'right': 229.71771999999999, 'bottom': 506.73748268333475, 'coord_origin': 'BOTTOMLEFT'}",text_heuristic
e51c209e-84b3-5f05-913e-020ba7ce19f4,c11b9579-45d1-58de-af90-2c8b6bc73152,144,dbcb9106-c1d4-5050-8f72-6e30508d7ef9,Informações do Monitoramento,Meta prevista para 2025,meta_prevista_para_2025,120.0,120,,"{'page_number': 144, 'left': 99.744, 'top': 504.2708873242187, 'right': 235.23767999999998, 'bottom': 495.3374826833347, 'coord_origin': 'BOTTOMLEFT'}",text_heuristic
79b23406-1396-5eda-bfdf-357a705f37c7,c11b9579-45d1-58de-af90-2c8b6bc73152,144,dbcb9106-c1d4-5050-8f72-6e30508d7ef9,Informações do Monitoramento,Meta prevista para 2026,meta_prevista_para_2026,150.0,150,,"{'page_number': 144, 'left': 99.744, 'top': 492.7508873242187, 'right': 235.23767999999998, 'bottom': 483.81748268333473, 'coord_origin': 'BOTTOMLEFT'}",text_heuristic
5083231f-456b-5b7d-8190-9d2f2a97074c,c11b9579-45d1-58de-af90-2c8b6bc73152,144,dbcb9106-c1d4-5050-8f72-6e30508d7ef9,Informações do Monitoramento,Meta prevista para,meta_prevista_para,2027.0,2027,,"{'page_number': 144, 'left': 99.744, 'top': 481.2308873242187, 'right': 218.45723999999987, 'bottom': 472.29748268333475, 'coord_origin': 'BOTTOMLEFT'}",text_heuristic
0dada893-7a05-5d93-ac46-06a12c264cca,c11b9579-45d1-58de-af90-2c8b6bc73152,144,dbcb9106-c1d4-5050-8f72-6e30508d7ef9,Informações do Monitoramento,Meta prevista para,meta_prevista_para,2024.0,2024,,"{'page_number': 144, 'left': 99.744, 'top': 110.83088732421868, 'right': 218.45723999999987, 'bottom': 101.89748268333472, 'coord_origin': 'BOTTOMLEFT'}",text_heuristic
2d1a4556-a974-50ed-85c1-ac57cc5d280d,c11b9579-45d1-58de-af90-2c8b6bc73152,144,dbcb9106-c1d4-5050-8f72-6e30508d7ef9,Informações do Monitoramento,Meta prevista para 2025,meta_prevista_para_2025,20.0,20,,"{'page_number': 144, 'left': 99.744, 'top': 99.31488732421872, 'right': 229.71771999999999, 'bottom': 90.3814826833347, 'coord_origin': 'BOTTOMLEFT'}",text_heuristic
d91757a1-f017-5f57-902c-d644ddd8682a,c11b9579-45d1-58de-af90-2c8b6bc73152,144,dbcb9106-c1d4-5050-8f72-6e30508d7ef9,Informações do Monitoramento,Meta prevista para 2026,meta_prevista_para_2026,30.0,30,,"{'page_number': 144, 'left': 99.744, 'top': 87.79488732421868, 'right': 229.71771999999999, 'bottom': 78.86148268333477, 'coord_origin': 'BOTTOMLEFT'}",text_heuristic
efa1dec0-804b-5931-bb34-cc4faed9a326,c11b9579-45d1-58de-af90-2c8b6bc73152,144,dbcb9106-c1d4-5050-8f72-6e30508d7ef9,Informações do Monitoramento,Meta prevista para 2027,meta_prevista_para_2027,40.0,40,,"{'page_number': 144, 'left': 99.744, 'top': 76.27488732421875, 'right': 229.71771999999999, 'bottom': 67.34148268333468, 'coord_origin': 'BOTTOMLEFT'}",text_heuristic
8b87d892-e10c-54a8-8a10-349ad927e5b0,c11b9579-45d1-58de-af90-2c8b6bc73152,145,ba18d6e2-6ad6-58fb-9d27-f0b25e588d2d,Informações do Monitoramento,Quantidade alcançada,quantidade_alcancada,5.0,5,,"{'page_number': 145, 'left': 99.744, 'top': 500.4308873242187, 'right': 217.47776, 'bottom': 491.49748268333474, 'coord_origin': 'BOTTOMLEFT'}",text_heuristic
530970c0-8b4a-5751-8c4e-1c01b642579d,c11b9579-45d1-58de-af90-2c8b6bc73152,145,16234b54-8e1e-5d54-b808-c35967d712ac,Indicador: 9606 - Número de comunidades apoiadas,Indicador: - Número de comunidades apoiadas,indicador_numero_de_comunidades_apoiadas,9606.0,9606,,"{'page_number': 145, 'left': 96.024, 'top': 262.9460073242187, 'right': 393.4760000000002, 'bottom': 252.18286920267178, 'coord_origin': 'BOTTOMLEFT'}",text_heuristic
d19f6ade-d7bf-58f5-a1d7-ff20a10d5837,c11b9579-45d1-58de-af90-2c8b6bc73152,145,16234b54-8e1e-5d54-b808-c35967d712ac,Indicador: 9606 - Número de comunidades apoiadas,Meta prevista para 2024,meta_prevista_para_2024,5.0,5,,"{'page_number': 145, 'left': 99.744, 'top': 180.58088732421868, 'right': 224.19776, 'bottom': 171.64748268333472, 'coord_origin': 'BOTTOMLEFT'}",text_heuristic
d87b310e-0f04-558f-9a20-ad239491322b,c11b9579-45d1-58de-af90-2c8b6bc73152,145,16234b54-8e1e-5d54-b808-c35967d712ac,Indicador: 9606 - Número de comunidades apoiadas,Meta prevista para 2025,meta_prevista_para_2025,10.0,10,,"{'page_number': 145, 'left': 99.744, 'top': 169.0608873242187, 'right': 229.71771999999999, 'bottom': 160.12748268333473, 'coord_origin': 'BOTTOMLEFT'}",text_heuristic
ea1e8b29-9254-58ee-beee-a27f2b51ac9b,c11b9579-45d1-58de-af90-2c8b6bc73152,145,16234b54-8e1e-5d54-b808-c35967d712ac,Indicador: 9606 - Número de comunidades apoiadas,Meta prevista para 2026,meta_prevista_para_2026,15.0,15,,"{'page_number': 145, 'left': 99.744, 'top': 157.5108873242187, 'right': 229.71771999999999, 'bottom': 148.57748268333472, 'coord_origin': 'BOTTOMLEFT'}",text_heuristic
6b7d45cd-5a5e-58a6-aba4-1939e7656042,c11b9579-45d1-58de-af90-2c8b6bc73152,145,16234b54-8e1e-5d54-b808-c35967d712ac,Indicador: 9606 - Número de comunidades apoiadas,Meta prevista para 2027,meta_prevista_para_2027,20.0,20,,"{'page_number': 145, 'left': 99.744, 'top': 145.9908873242187, 'right': 229.71771999999999, 'bottom': 137.05748268333474, 'coord_origin': 'BOTTOMLEFT'}",text_heuristic
75eac2a7-1bb6-53e6-92de-c602817018ae,c11b9579-45d1-58de-af90-2c8b6bc73152,146,5efbee96-0152-58ef-a0e5-e5fdb0af60c1,Informações do Monitoramento,Meta prevista para 2024,meta_prevista_para_2024,20.0,20,,"{'page_number': 146, 'left': 99.744, 'top': 260.6208873242187, 'right': 229.71771999999999, 'bottom': 251.68748268333474, 'coord_origin': 'BOTTOMLEFT'}",text_heuristic
bdcc0aec-66df-5f0d-96e4-5c0229424790,c11b9579-45d1-58de-af90-2c8b6bc73152,146,5efbee96-0152-58ef-a0e5-e5fdb0af60c1,Informações do Monitoramento,Meta prevista para 2025,meta_prevista_para_2025,40.0,40,,"{'page_number': 146, 'left': 99.744, 'top': 249.10088732421866, 'right': 229.71771999999999, 'bottom': 240.1674826833347, 'coord_origin': 'BOTTOMLEFT'}",text_heuristic
0c957c38-ebae-5b2f-9a8e-13d9646a84bc,c11b9579-45d1-58de-af90-2c8b6bc73152,146,5efbee96-0152-58ef-a0e5-e5fdb0af60c1,Informações do Monitoramento,Meta prevista para 2026,meta_prevista_para_2026,60.0,60,,"{'page_number': 146, 'left': 99.744, 'top': 237.58088732421868, 'right': 229.71771999999999, 'bottom': 228.64748268333472, 'coord_origin': 'BOTTOMLEFT'}",text_heuristic
996f5e73-3b76-5919-8f66-f08ec5008cb1,c11b9579-45d1-58de-af90-2c8b6bc73152,146,5efbee96-0152-58ef-a0e5-e5fdb0af60c1,Informações do Monitoramento,Meta prevista para 2027,meta_prevista_para_2027,80.0,80,,"{'page_number': 146, 'left': 99.744, 'top': 226.0608873242187, 'right': 229.71771999999999, 'bottom': 217.12748268333473, 'coord_origin': 'BOTTOMLEFT'}",text_heuristic
18542a4f-eae3-5767-b3fa-97611ebc7375,c11b9579-45d1-58de-af90-2c8b6bc73152,147,9d23ab95-24a1-535b-8e0b-8128a3c4bfe1,Informações do Monitoramento,Meta prevista para 2024,meta_prevista_para_2024,26.0,26,,"{'page_number': 147, 'left': 99.744, 'top': 331.9208873242187, 'right': 229.71771999999999, 'bottom': 322.98748268333475, 'coord_origin': 'BOTTOMLEFT'}",text_heuristic
c787fe36-9934-51c8-9a18-626a0f05c71f,c11b9579-45d1-58de-af90-2c8b6bc73152,147,9d23ab95-24a1-535b-8e0b-8128a3c4bfe1,Informações do Monitoramento,Meta prevista para 2025,meta_prevista_para_2025,29.0,29,,"{'page_number': 147, 'left': 99.744, 'top': 320.4008873242187, 'right': 229.71771999999999, 'bottom': 311.4674826833347, 'coord_origin': 'BOTTOMLEFT'}",text_heuristic
dd71ca8e-1260-51ea-96a8-e1e8c030eafd,c11b9579-45d1-58de-af90-2c8b6bc73152,147,9d23ab95-24a1-535b-8e0b-8128a3c4bfe1,Informações do Monitoramento,Meta prevista para 2026,meta_prevista_para_2026,32.0,32,,"{'page_number': 147, 'left': 99.744, 'top': 308.8808873242187, 'right': 229.71771999999999, 'bottom': 299.9474826833347, 'coord_origin': 'BOTTOMLEFT'}",text_heuristic
38fa4fce-be5a-5b40-8c9b-a86ccc001af8,c11b9579-45d1-58de-af90-2c8b6bc73152,147,9d23ab95-24a1-535b-8e0b-8128a3c4bfe1,Informações do Monitoramento,Meta prevista para 2027,meta_prevista_para_2027,35.0,35,,"{'page_number': 147, 'left': 99.744, 'top': 297.3608873242187, 'right': 229.71771999999999, 'bottom': 288.42748268333474, 'coord_origin': 'BOTTOMLEFT'}",text_heuristic
58e9289e-7c40-5bee-9c71-1e717c304165,c11b9579-45d1-58de-af90-2c8b6bc73152,148,a23eb870-6e21-5809-95df-f3d02c0936ca,Informações do Monitoramento,Meta prevista para 2024,meta_prevista_para_2024,12.0,12,,"{'page_number': 148, 'left': 99.744, 'top': 420.6308873242187, 'right': 229.71771999999999, 'bottom': 411.6974826833347, 'coord_origin': 'BOTTOMLEFT'}",text_heuristic
7246c52f-50fc-5d42-a98e-261f4fb9994b,c11b9579-45d1-58de-af90-2c8b6bc73152,148,a23eb870-6e21-5809-95df-f3d02c0936ca,Informações do Monitoramento,Meta prevista para 2025,meta_prevista_para_2025,25.0,25,,"{'page_number': 148, 'left': 99.744, 'top': 409.0808873242187, 'right': 229.71771999999999, 'bottom': 400.1474826833347, 'coord_origin': 'BOTTOMLEFT'}",text_heuristic
999b0115-b91b-52d6-af3e-16363a3c766e,c11b9579-45d1-58de-af90-2c8b6bc73152,148,a23eb870-6e21-5809-95df-f3d02c0936ca,Informações do Monitoramento,Meta prevista para 2026,meta_prevista_para_2026,37.0,37,,"{'page_number': 148, 'left': 99.744, 'top': 397.5608873242187, 'right': 229.71771999999999, 'bottom': 388.62748268333473, 'coord_origin': 'BOTTOMLEFT'}",text_heuristic
6db9f3d8-1f7b-5b71-83c8-d1bfda5b832c,c11b9579-45d1-58de-af90-2c8b6bc73152,148,a23eb870-6e21-5809-95df-f3d02c0936ca,Informações do Monitoramento,Meta prevista para,meta_prevista_para,2027.0,2027,,"{'page_number': 148, 'left': 99.744, 'top': 386.0408873242187, 'right': 218.45723999999987, 'bottom': 377.10748268333475, 'coord_origin': 'BOTTOMLEFT'}",text_heuristic
272b98e4-b19d-5b5b-89ce-963dd7740a0c,c11b9579-45d1-58de-af90-2c8b6bc73152,149,3c956a37-19ae-5e57-b707-6ed9f245d833,Medida Institucional Normativa: 071B - Novo Decreto do Programa Bolsa Verde,Medida Institucional Normativa: B - Novo Decreto do Programa Bolsa Verde,medida_institucional_normativa_b_novo_decreto_do_programa_bolsa_verde,71.0,071,,"{'page_number': 149, 'left': 88.56, 'top': 449.3560073242187, 'right': 540.6260000000002, 'bottom': 438.59286920267175, 'coord_origin': 'BOTTOMLEFT'}",text_heuristic
1e0b2dfc-e13f-5cb3-9c4a-3d6fd6eb2b36,c11b9579-45d1-58de-af90-2c8b6bc73152,150,18df6ccf-ae4e-55aa-b350-b9a00db7c266,Informações do Monitoramento,Órgão Responsável: - Ministério do Meio Ambiente e Mudança do Clima,orgao_responsavel_ministerio_do_meio_ambiente_e_mudanca_do_clima,44000.0,44000,,"{'page_number': 150, 'left': 77.28, 'top': 176.98088732421866, 'right': 434.4943999999999, 'bottom': 168.0474826833347, 'coord_origin': 'BOTTOMLEFT'}",text_heuristic
df60c8fe-4fc7-592b-9d3b-66852290df7b,c11b9579-45d1-58de-af90-2c8b6bc73152,151,9816b163-6bb9-5df6-b298-66cf133a9579,Informações do Monitoramento,Meta prevista para 2024,meta_prevista_para_2024,2000.0,2.000,,"{'page_number': 151, 'left': 92.304, 'top': 332.7608873242187, 'right': 236.18971999999997, 'bottom': 323.8274826833347, 'coord_origin': 'BOTTOMLEFT'}",text_heuristic
6cf36ad9-1e6c-54b5-bacc-bbf9235c9140,c11b9579-45d1-58de-af90-2c8b6bc73152,151,9816b163-6bb9-5df6-b298-66cf133a9579,Informações do Monitoramento,Meta prevista para 2025,meta_prevista_para_2025,4000.0,4.000,,"{'page_number': 151, 'left': 92.304, 'top': 321.3608873242187, 'right': 236.18971999999997, 'bottom': 312.42748268333474, 'coord_origin': 'BOTTOMLEFT'}",text_heuristic
e02bde58-c247-5497-978a-16a59ba9ee0d,c11b9579-45d1-58de-af90-2c8b6bc73152,151,9816b163-6bb9-5df6-b298-66cf133a9579,Informações do Monitoramento,Meta prevista para 2026,meta_prevista_para_2026,6000.0,6.000,,"{'page_number': 151, 'left': 92.304, 'top': 309.84088732421867, 'right': 236.18971999999997, 'bottom': 300.9074826833347, 'coord_origin': 'BOTTOMLEFT'}",text_heuristic
43c70589-671e-5934-8b94-a98b5923e19b,c11b9579-45d1-58de-af90-2c8b6bc73152,151,9816b163-6bb9-5df6-b298-66cf133a9579,Informações do Monitoramento,Meta prevista para,meta_prevista_para,2027.0,2027,,"{'page_number': 151, 'left': 92.304, 'top': 298.3208873242187, 'right': 211.0172399999999, 'bottom': 289.3874826833347, 'coord_origin': 'BOTTOMLEFT'}",text_heuristic
ad5fe0b8-fe63-556c-8a6f-63da6496d03f,c11b9579-45d1-58de-af90-2c8b6bc73152,152,6c229e4c-9bb9-5de2-8e0f-b3a5e745952b,Informações do Monitoramento,Meta prevista para 2024,meta_prevista_para_2024,2000.0,2.000,,"{'page_number': 152, 'left': 99.744, 'top': 209.98088732421866, 'right': 243.62971999999996, 'bottom': 201.0474826833347, 'coord_origin': 'BOTTOMLEFT'}",text_heuristic
88465486-ec9e-5c73-8faf-e8aa3de47b4e,c11b9579-45d1-58de-af90-2c8b6bc73152,152,6c229e4c-9bb9-5de2-8e0f-b3a5e745952b,Informações do Monitoramento,Meta prevista para,meta_prevista_para,2025.0,2025,,"{'page_number': 152, 'left': 99.744, 'top': 198.58088732421868, 'right': 218.45723999999987, 'bottom': 189.64748268333472, 'coord_origin': 'BOTTOMLEFT'}",text_heuristic
1d23b26f-8970-511f-b2f3-28250f56e202,c11b9579-45d1-58de-af90-2c8b6bc73152,152,6c229e4c-9bb9-5de2-8e0f-b3a5e745952b,Informações do Monitoramento,Meta prevista para,meta_prevista_para,2026.0,2026,,"{'page_number': 152, 'left': 99.744, 'top': 187.0608873242187, 'right': 218.45723999999987, 'bottom': 178.12748268333473, 'coord_origin': 'BOTTOMLEFT'}",text_heuristic
9dd5e234-a7bc-56e8-9317-95fefc6b3b81,c11b9579-45d1-58de-af90-2c8b6bc73152,152,6c229e4c-9bb9-5de2-8e0f-b3a5e745952b,Informações do Monitoramento,Meta prevista para,meta_prevista_para,2027.0,2027,,"{'page_number': 152, 'left': 99.744, 'top': 175.54088732421872, 'right': 218.45723999999987, 'bottom': 166.60748268333475, 'coord_origin': 'BOTTOMLEFT'}",text_heuristic
1fc58cf7-9322-5374-81cd-1a1c29e32a69,c11b9579-45d1-58de-af90-2c8b6bc73152,154,eb5a9341-5b29-5a83-8891-b9621a42767b,Informações do Monitoramento,Meta prevista para 2024,meta_prevista_para_2024,2000.0,2.000,,"{'page_number': 154, 'left': 99.744, 'top': 469.8308873242187, 'right': 243.62971999999996, 'bottom': 460.8974826833347, 'coord_origin': 'BOTTOMLEFT'}",text_heuristic
5c9d68e8-5bcc-5ca4-b0a6-cfab87892dba,c11b9579-45d1-58de-af90-2c8b6bc73152,154,eb5a9341-5b29-5a83-8891-b9621a42767b,Informações do Monitoramento,Meta prevista para 2025,meta_prevista_para_2025,4000.0,4.000,,"{'page_number': 154, 'left': 99.744, 'top': 458.3108873242187, 'right': 243.62971999999996, 'bottom': 449.37748268333473, 'coord_origin': 'BOTTOMLEFT'}",text_heuristic
30eee29f-f602-5f00-8ed0-340d9802957a,c11b9579-45d1-58de-af90-2c8b6bc73152,154,eb5a9341-5b29-5a83-8891-b9621a42767b,Informações do Monitoramento,Meta prevista para 2026,meta_prevista_para_2026,6000.0,6.000,,"{'page_number': 154, 'left': 99.744, 'top': 446.7908873242187, 'right': 243.62971999999996, 'bottom': 437.85748268333475, 'coord_origin': 'BOTTOMLEFT'}",text_heuristic
8005e4b3-0291-5f88-a487-cc261950f9f9,c11b9579-45d1-58de-af90-2c8b6bc73152,154,eb5a9341-5b29-5a83-8891-b9621a42767b,Informações do Monitoramento,Meta prevista para,meta_prevista_para,2027.0,2027,,"{'page_number': 154, 'left': 99.744, 'top': 435.2708873242187, 'right': 218.45723999999987, 'bottom': 426.3374826833347, 'coord_origin': 'BOTTOMLEFT'}",text_heuristic
23cda718-c8a5-5cb8-84a8-5a56e846199b,c11b9579-45d1-58de-af90-2c8b6bc73152,155,0fb880cd-c9fe-5137-84e8-32cfa603e5d4,Entrega: 2165 - Comunidades atendidas com iniciativas de turismo de base comunitária.,Meta prevista para 2024,meta_prevista_para_2024,20.0,20,,"{'page_number': 155, 'left': 99.744, 'top': 307.5608873242187, 'right': 229.71771999999999, 'bottom': 298.62748268333473, 'coord_origin': 'BOTTOMLEFT'}",text_heuristic
1197484a-3fd4-5caf-a7f0-30eb44091574,c11b9579-45d1-58de-af90-2c8b6bc73152,155,0fb880cd-c9fe-5137-84e8-32cfa603e5d4,Entrega: 2165 - Comunidades atendidas com iniciativas de turismo de base comunitária.,Meta prevista para 2025,meta_prevista_para_2025,40.0,40,,"{'page_number': 155, 'left': 99.744, 'top': 296.0408873242187, 'right': 229.71771999999999, 'bottom': 287.10748268333475, 'coord_origin': 'BOTTOMLEFT'}",text_heuristic
0f1b06f9-1ee9-57e9-b375-ce600a4b3bae,c11b9579-45d1-58de-af90-2c8b6bc73152,155,0fb880cd-c9fe-5137-84e8-32cfa603e5d4,Entrega: 2165 - Comunidades atendidas com iniciativas de turismo de base comunitária.,Meta prevista para 2026,meta_prevista_para_2026,60.0,60,,"{'page_number': 155, 'left': 99.744, 'top': 284.5008873242187, 'right': 229.71771999999999, 'bottom': 275.56748268333473, 'coord_origin': 'BOTTOMLEFT'}",text_heuristic
0254cd13-080e-5a63-b501-7f4616ab36e3,c11b9579-45d1-58de-af90-2c8b6bc73152,155,0fb880cd-c9fe-5137-84e8-32cfa603e5d4,Entrega: 2165 - Comunidades atendidas com iniciativas de turismo de base comunitária.,Meta prevista para,meta_prevista_para,2027.0,2027,,"{'page_number': 155, 'left': 99.744, 'top': 272.9808873242187, 'right': 218.45723999999987, 'bottom': 264.04748268333475, 'coord_origin': 'BOTTOMLEFT'}",text_heuristic
c260c2e8-3d64-55af-ba25-55f2d112a6e2,c11b9579-45d1-58de-af90-2c8b6bc73152,156,28c2faa2-dfc8-5406-b431-d75cf89a2832,PROGRAMA: 1191 - AGRICULTURA FAMILIAR E AGROECOLOGIA,PROGRAMA: - AGRICULTURA FAMILIAR E AGROECOLOGIA,programa_agricultura_familiar_e_agroecologia,1191.0,1191,,"{'page_number': 156, 'left': 51.0, 'top': 451.2011273242187, 'right': 493.5407600000004, 'bottom': 438.6082557220088, 'coord_origin': 'BOTTOMLEFT'}",text_heuristic
e70b758b-9871-51f3-be10-07d48e801daf,c11b9579-45d1-58de-af90-2c8b6bc73152,156,af31326a-b3b2-599c-8578-220ca6a510c4,Informações do Monitoramento,Meta prevista para,meta_prevista_para,2024.0,2024,,"{'page_number': 156, 'left': 92.304, 'top': 89.35488732421868, 'right': 211.0172399999999, 'bottom': 80.42148268333472, 'coord_origin': 'BOTTOMLEFT'}",text_heuristic
2e33d30a-cd90-59aa-a49b-8a574749e9b3,c11b9579-45d1-58de-af90-2c8b6bc73152,156,af31326a-b3b2-599c-8578-220ca6a510c4,Informações do Monitoramento,Meta prevista para,meta_prevista_para,2025.0,2025,,"{'page_number': 156, 'left': 92.304, 'top': 77.8348873242187, 'right': 211.0172399999999, 'bottom': 68.90148268333473, 'coord_origin': 'BOTTOMLEFT'}",text_heuristic
d5f74247-8da5-5487-9140-73b6ff72e490,c11b9579-45d1-58de-af90-2c8b6bc73152,157,1c76ba5a-1a8a-5500-bc53-2d81b7dee640,Informações do Monitoramento,Meta prevista para,meta_prevista_para,2026.0,2026,,"{'page_number': 157, 'left': 92.304, 'top': 548.2108873242188, 'right': 211.0172399999999, 'bottom': 539.2774826833347, 'coord_origin': 'BOTTOMLEFT'}",text_heuristic
4944e1ee-6d5a-58c0-896f-af3180eba7b3,c11b9579-45d1-58de-af90-2c8b6bc73152,157,1c76ba5a-1a8a-5500-bc53-2d81b7dee640,Informações do Monitoramento,Meta prevista para,meta_prevista_para,2027.0,2027,,"{'page_number': 157, 'left': 92.304, 'top': 536.6708873242187, 'right': 211.0172399999999, 'bottom': 527.7374826833346, 'coord_origin': 'BOTTOMLEFT'}",text_heuristic
e40dd94a-c498-50bf-8500-975f90fdd2cf,c11b9579-45d1-58de-af90-2c8b6bc73152,158,edba415a-3e2e-571d-9dee-e5294d1238f4,Informações do Monitoramento,Meta prevista para,meta_prevista_para,2024.0,2024,,"{'page_number': 158, 'left': 99.744, 'top': 420.6308873242187, 'right': 218.45723999999987, 'bottom': 411.6974826833347, 'coord_origin': 'BOTTOMLEFT'}",text_heuristic
76772932-a127-556c-81c5-3eafcd946c97,c11b9579-45d1-58de-af90-2c8b6bc73152,158,edba415a-3e2e-571d-9dee-e5294d1238f4,Informações do Monitoramento,Meta prevista para,meta_prevista_para,2025.0,2025,,"{'page_number': 158, 'left': 99.744, 'top': 409.0808873242187, 'right': 218.45723999999987, 'bottom': 400.1474826833347, 'coord_origin': 'BOTTOMLEFT'}",text_heuristic
6d3639c5-b260-5071-b855-e92450e869e8,c11b9579-45d1-58de-af90-2c8b6bc73152,158,edba415a-3e2e-571d-9dee-e5294d1238f4,Informações do Monitoramento,Meta prevista para 2026,meta_prevista_para_2026,2535.0,2.535,,"{'page_number': 158, 'left': 99.744, 'top': 397.5608873242187, 'right': 243.62971999999996, 'bottom': 388.62748268333473, 'coord_origin': 'BOTTOMLEFT'}",text_heuristic
4ae0a4b2-9360-580b-b231-879b7caeb849,c11b9579-45d1-58de-af90-2c8b6bc73152,158,edba415a-3e2e-571d-9dee-e5294d1238f4,Informações do Monitoramento,Meta prevista para,meta_prevista_para,2027.0,2027,,"{'page_number': 158, 'left': 99.744, 'top': 386.0408873242187, 'right': 218.45723999999987, 'bottom': 377.10748268333475, 'coord_origin': 'BOTTOMLEFT'}",text_heuristic
79c1b6cc-c11c-5bbd-9677-6fa5d41901f0,c11b9579-45d1-58de-af90-2c8b6bc73152,159,cb3ff3a3-9774-5d12-89c8-8b9e10c3d91b,Informações do Monitoramento,Meta prevista para,meta_prevista_para,2024.0,2024,,"{'page_number': 159, 'left': 99.744, 'top': 159.0708873242187, 'right': 218.45723999999987, 'bottom': 150.13748268333472, 'coord_origin': 'BOTTOMLEFT'}",text_heuristic
10cf03bb-1dd7-56fa-8334-34ab24d8acbc,c11b9579-45d1-58de-af90-2c8b6bc73152,159,cb3ff3a3-9774-5d12-89c8-8b9e10c3d91b,Informações do Monitoramento,Meta prevista para,meta_prevista_para,2025.0,2025,,"{'page_number': 159, 'left': 99.744, 'top': 147.5508873242187, 'right': 218.45723999999987, 'bottom': 138.61748268333474, 'coord_origin': 'BOTTOMLEFT'}",text_heuristic
9a2fd6b3-f2eb-57d7-b09f-882b2e72dee9,c11b9579-45d1-58de-af90-2c8b6bc73152,159,cb3ff3a3-9774-5d12-89c8-8b9e10c3d91b,Informações do Monitoramento,Meta prevista para,meta_prevista_para,2026.0,2026,,"{'page_number': 159, 'left': 99.744, 'top': 136.15088732421873, 'right': 218.45723999999987, 'bottom': 127.21748268333471, 'coord_origin': 'BOTTOMLEFT'}",text_heuristic
714a7ecf-a34c-50a5-8f5b-02d17df491e8,c11b9579-45d1-58de-af90-2c8b6bc73152,159,cb3ff3a3-9774-5d12-89c8-8b9e10c3d91b,Informações do Monitoramento,Meta prevista para,meta_prevista_para,2027.0,2027,,"{'page_number': 159, 'left': 99.744, 'top': 124.63088732421869, 'right': 218.45723999999987, 'bottom': 115.69748268333473, 'coord_origin': 'BOTTOMLEFT'}",text_heuristic
ecdaa4c9-33ed-532c-844a-73f61a901510,c11b9579-45d1-58de-af90-2c8b6bc73152,161,b04631b0-ee47-5614-9717-c924dff524de,Informações do Monitoramento,Meta prevista para 2024,meta_prevista_para_2024,2000.0,2.000,,"{'page_number': 161, 'left': 99.744, 'top': 465.2708873242187, 'right': 243.62971999999996, 'bottom': 456.3374826833347, 'coord_origin': 'BOTTOMLEFT'}",text_heuristic
e78ffcd5-5a25-5050-854b-90ff4131b255,c11b9579-45d1-58de-af90-2c8b6bc73152,161,b04631b0-ee47-5614-9717-c924dff524de,Informações do Monitoramento,Meta prevista para 2025,meta_prevista_para_2025,3000.0,3.000,,"{'page_number': 161, 'left': 99.744, 'top': 453.8708873242187, 'right': 243.62971999999996, 'bottom': 444.93748268333474, 'coord_origin': 'BOTTOMLEFT'}",text_heuristic
ca6ebc3d-324b-514c-a020-05e0824cf1aa,c11b9579-45d1-58de-af90-2c8b6bc73152,161,b04631b0-ee47-5614-9717-c924dff524de,Informações do Monitoramento,Meta prevista para 2026,meta_prevista_para_2026,3000.0,3.000,,"{'page_number': 161, 'left': 99.744, 'top': 442.3508873242187, 'right': 243.62971999999996, 'bottom': 433.41748268333475, 'coord_origin': 'BOTTOMLEFT'}",text_heuristic
0958e5ac-b105-5a39-b946-a68ed0f1958e,c11b9579-45d1-58de-af90-2c8b6bc73152,161,b04631b0-ee47-5614-9717-c924dff524de,Informações do Monitoramento,Meta prevista para,meta_prevista_para,2027.0,2027,,"{'page_number': 161, 'left': 99.744, 'top': 430.8308873242187, 'right': 218.45723999999987, 'bottom': 421.8974826833347, 'coord_origin': 'BOTTOMLEFT'}",text_heuristic
f277e60e-a50f-5280-9de4-d16497f00049,c11b9579-45d1-58de-af90-2c8b6bc73152,162,c4235a97-b5ad-55ce-95a8-30ecfc00633e,"Objetivo Específico: 0333 - Ampliar o acesso dos agricultores e agricultoras familiares a máquinas, equipamentos e implementos agrícolas e agroindustriais",Indicador: - Nº de contratos no âmbito do Pronaf Mais Alimentos,indicador_n_de_contratos_no_ambito_do_pronaf_mais_alimentos,10805.0,10805,,"{'page_number': 162, 'left': 88.56, 'top': 268.94600732421867, 'right': 493.67600000000016, 'bottom': 258.1828692026717, 'coord_origin': 'BOTTOMLEFT'}",text_heuristic
9b6887bd-38fe-568c-8223-7efdb38834ab,c11b9579-45d1-58de-af90-2c8b6bc73152,162,8975a8e6-0949-50ee-b654-28c7c8f151f0,Informações do Monitoramento,Meta prevista para,meta_prevista_para,2024.0,2024,,"{'page_number': 162, 'left': 92.304, 'top': 186.58088732421868, 'right': 211.0172399999999, 'bottom': 177.64748268333472, 'coord_origin': 'BOTTOMLEFT'}",text_heuristic
6b95bd90-7343-5407-bfcc-80a9765ce6d1,c11b9579-45d1-58de-af90-2c8b6bc73152,162,c4235a97-b5ad-55ce-95a8-30ecfc00633e,"Objetivo Específico: 0333 - Ampliar o acesso dos agricultores e agricultoras familiares a máquinas, equipamentos e implementos agrícolas e agroindustriais",Meta prevista para 2025,meta_prevista_para_2025,119000.0,119.000,,"{'page_number': 162, 'left': 92.304, 'top': 175.0608873242187, 'right': 247.21543999999994, 'bottom': 166.12748268333473, 'coord_origin': 'BOTTOMLEFT'}",text_heuristic
e64a4c24-319d-5b3b-90ea-044858318ef4,c11b9579-45d1-58de-af90-2c8b6bc73152,162,8975a8e6-0949-50ee-b654-28c7c8f151f0,Informações do Monitoramento,Meta prevista para,meta_prevista_para,2026.0,2026,,"{'page_number': 162, 'left': 92.304, 'top': 163.54088732421872, 'right': 211.0172399999999, 'bottom': 154.60748268333475, 'coord_origin': 'BOTTOMLEFT'}",text_heuristic
cb5d082a-2885-595e-a446-4aae5c5d78ce,c11b9579-45d1-58de-af90-2c8b6bc73152,162,8975a8e6-0949-50ee-b654-28c7c8f151f0,Informações do Monitoramento,Meta prevista para,meta_prevista_para,2027.0,2027,,"{'page_number': 162, 'left': 92.304, 'top': 151.9908873242187, 'right': 211.0172399999999, 'bottom': 143.05748268333474, 'coord_origin': 'BOTTOMLEFT'}",text_heuristic
ad0e9d6e-e9e5-5b39-9e84-b3f4d86a361a,c11b9579-45d1-58de-af90-2c8b6bc73152,163,85a5f1ab-9808-5927-9c6c-c4206a3d520d,Regionalizações da Meta,Meta prevista para 2024,meta_prevista_para_2024,100.0,100,,"{'page_number': 163, 'left': 99.744, 'top': 93.55488732421873, 'right': 235.23767999999998, 'bottom': 84.6214826833347, 'coord_origin': 'BOTTOMLEFT'}",text_heuristic
83c079b2-c097-5929-a8b8-d1536f50d23d,c11b9579-45d1-58de-af90-2c8b6bc73152,163,85a5f1ab-9808-5927-9c6c-c4206a3d520d,Regionalizações da Meta,Meta prevista para 2025,meta_prevista_para_2025,200.0,200,,"{'page_number': 163, 'left': 99.744, 'top': 82.03488732421874, 'right': 235.23767999999998, 'bottom': 73.10148268333478, 'coord_origin': 'BOTTOMLEFT'}",text_heuristic
20142ca5-513a-560f-a022-c352528e2e9b,c11b9579-45d1-58de-af90-2c8b6bc73152,164,900096e6-feda-5379-925b-5629acca00d8,Informações do Monitoramento,Meta prevista para,meta_prevista_para,2026.0,2026,,"{'page_number': 164, 'left': 99.744, 'top': 548.2108873242188, 'right': 218.45723999999987, 'bottom': 539.2774826833347, 'coord_origin': 'BOTTOMLEFT'}",text_heuristic
bf3b27ed-2973-53bb-9ea9-249e48be1995,c11b9579-45d1-58de-af90-2c8b6bc73152,164,900096e6-feda-5379-925b-5629acca00d8,Informações do Monitoramento,Meta prevista para,meta_prevista_para,2027.0,2027,,"{'page_number': 164, 'left': 99.744, 'top': 536.6708873242187, 'right': 218.45723999999987, 'bottom': 527.7374826833346, 'coord_origin': 'BOTTOMLEFT'}",text_heuristic
c04aada8-08f2-5a32-994d-29c001696bcb,c11b9579-45d1-58de-af90-2c8b6bc73152,164,900096e6-feda-5379-925b-5629acca00d8,Informações do Monitoramento,Quantidade alcançada,quantidade_alcancada,0.0,0,,"{'page_number': 164, 'left': 99.744, 'top': 472.4708873242187, 'right': 217.47776, 'bottom': 463.53748268333476, 'coord_origin': 'BOTTOMLEFT'}",text_heuristic
5b65b1cc-821b-5e8e-aee1-96e418585389,c11b9579-45d1-58de-af90-2c8b6bc73152,164,96901790-1563-5621-818a-f2a34ad81390,Medida Institucional Normativa: 066C - Política de Desenvolvimento Territorial Sustentável,Agricultura Familiar e Agroecologia,agricultura_familiar_e_agroecologia,1191.0,1191,,"{'page_number': 164, 'left': 129.98, 'top': 153.79088732421872, 'right': 316.61575999999985, 'bottom': 144.85748268333475, 'coord_origin': 'BOTTOMLEFT'}",text_heuristic
82b6f663-2dba-5f54-b220-02b28524d36e,c11b9579-45d1-58de-af90-2c8b6bc73152,165,e590a811-6955-542d-8813-3b5b5a0c43fa,Medida Institucional Normativa: 0752 - Projeto Dom Helder Câmara III,Medida Institucional Normativa: - Projeto Dom Helder Câmara III,medida_institucional_normativa_projeto_dom_helder_camara_iii,752.0,0752,,"{'page_number': 165, 'left': 73.56, 'top': 414.88600732421867, 'right': 468.41000000000025, 'bottom': 404.1228692026717, 'coord_origin': 'BOTTOMLEFT'}",text_heuristic
415300f4-bd4f-5a09-bb55-772599301ea9,c11b9579-45d1-58de-af90-2c8b6bc73152,165,e590a811-6955-542d-8813-3b5b5a0c43fa,Medida Institucional Normativa: 0752 - Projeto Dom Helder Câmara III,Agricultura Familiar e Agroecologia,agricultura_familiar_e_agroecologia,1191.0,1191,,"{'page_number': 165, 'left': 129.98, 'top': 376.0808873242187, 'right': 316.61575999999985, 'bottom': 367.1474826833347, 'coord_origin': 'BOTTOMLEFT'}",text_heuristic
c70b79e4-9348-5225-8560-f23a70f3f2c4,c11b9579-45d1-58de-af90-2c8b6bc73152,165,9b14e6e4-9399-51b6-ad75-86f9c57742f9,"PROGRAMA: 2801 - NEOINDUSTRIALIZAÇÃO, AMBIENTE DE NEGÓCIOS E PARTICIPAÇÃO ECONÔMICA INTERNACIONAL",Ministério do Desenvolvimento Agrário e Agricultura Familiar,ministerio_do_desenvolvimento_agrario_e_agricultura_familiar,49000.0,49000,,"{'page_number': 165, 'left': 177.26, 'top': 364.5608873242187, 'right': 482.21276, 'bottom': 355.62748268333473, 'coord_origin': 'BOTTOMLEFT'}",text_heuristic
28ec7541-63c5-51e8-a854-a89eb3a945a7,c11b9579-45d1-58de-af90-2c8b6bc73152,166,,,Indicador: - Índice de economia verde da indústria,indicador_indice_de_economia_verde_da_industria,10010.0,10010,,"{'page_number': 166, 'left': 88.56, 'top': 109.31600732421873, 'right': 411.94400000000024, 'bottom': 98.55286920267173, 'coord_origin': 'BOTTOMLEFT'}",text_heuristic
dcdb4533-d7ce-587d-86e4-b3de392c56c6,c11b9579-45d1-58de-af90-2c8b6bc73152,167,8f9a387f-5a25-5078-a06f-6a1c41cb5865,Informações do Monitoramento,Meta prevista para,meta_prevista_para,2024.0,2024,,"{'page_number': 167, 'left': 92.304, 'top': 531.7508873242188, 'right': 211.0172399999999, 'bottom': 522.8174826833347, 'coord_origin': 'BOTTOMLEFT'}",text_heuristic
4c1637a7-5026-518f-a78a-6f611af14a90,c11b9579-45d1-58de-af90-2c8b6bc73152,167,8f9a387f-5a25-5078-a06f-6a1c41cb5865,Informações do Monitoramento,Meta prevista para,meta_prevista_para,2025.0,2025,,"{'page_number': 167, 'left': 92.304, 'top': 520.2308873242188, 'right': 211.0172399999999, 'bottom': 511.29748268333475, 'coord_origin': 'BOTTOMLEFT'}",text_heuristic
ed1d5548-d004-5d95-a3c8-e59280116664,c11b9579-45d1-58de-af90-2c8b6bc73152,167,8f9a387f-5a25-5078-a06f-6a1c41cb5865,Informações do Monitoramento,Meta prevista para,meta_prevista_para,2026.0,2026,,"{'page_number': 167, 'left': 92.304, 'top': 508.7108873242187, 'right': 211.0172399999999, 'bottom': 499.7774826833347, 'coord_origin': 'BOTTOMLEFT'}",text_heuristic
9f867cd1-1f2d-5421-b893-a3eefad84f32,c11b9579-45d1-58de-af90-2c8b6bc73152,167,8f9a387f-5a25-5078-a06f-6a1c41cb5865,Informações do Monitoramento,Meta prevista para,meta_prevista_para,2027.0,2027,,"{'page_number': 167, 'left': 92.304, 'top': 497.1908873242187, 'right': 211.0172399999999, 'bottom': 488.25748268333473, 'coord_origin': 'BOTTOMLEFT'}",text_heuristic
ed003273-0522-5dca-a781-4fce4e5fb70e,c11b9579-45d1-58de-af90-2c8b6bc73152,167,8f9a387f-5a25-5078-a06f-6a1c41cb5865,Informações do Monitoramento,Meta prevista para 2024,meta_prevista_para_2024,3.0,3,,"{'page_number': 167, 'left': 99.744, 'top': 119.95088732421868, 'right': 224.19776, 'bottom': 111.01748268333472, 'coord_origin': 'BOTTOMLEFT'}",text_heuristic
c379f0b2-cc44-5e4d-8c1c-75c74258a0fc,c11b9579-45d1-58de-af90-2c8b6bc73152,167,8f9a387f-5a25-5078-a06f-6a1c41cb5865,Informações do Monitoramento,Meta prevista para 2025,meta_prevista_para_2025,9.0,9,,"{'page_number': 167, 'left': 99.744, 'top': 108.4308873242187, 'right': 224.19776, 'bottom': 99.49748268333474, 'coord_origin': 'BOTTOMLEFT'}",text_heuristic
8b558675-3aa4-5463-9dde-b1f3b176f95d,c11b9579-45d1-58de-af90-2c8b6bc73152,167,8f9a387f-5a25-5078-a06f-6a1c41cb5865,Informações do Monitoramento,Meta prevista para 2026,meta_prevista_para_2026,18.0,18,,"{'page_number': 167, 'left': 99.744, 'top': 96.91488732421868, 'right': 229.71771999999999, 'bottom': 87.98148268333472, 'coord_origin': 'BOTTOMLEFT'}",text_heuristic
fff39ba7-07ce-56c7-95f8-bf21dc38c259,c11b9579-45d1-58de-af90-2c8b6bc73152,167,8f9a387f-5a25-5078-a06f-6a1c41cb5865,Informações do Monitoramento,Meta prevista para 2027,meta_prevista_para_2027,30.0,30,,"{'page_number': 167, 'left': 99.744, 'top': 85.3948873242187, 'right': 229.71771999999999, 'bottom': 76.46148268333468, 'coord_origin': 'BOTTOMLEFT'}",text_heuristic
7c46b310-9a42-523f-a46b-8a898af2934e,c11b9579-45d1-58de-af90-2c8b6bc73152,168,12168edd-3c89-5de9-8a84-013e0c331a9a,Informações do Monitoramento,Quantidade alcançada,quantidade_alcancada,3.0,3,,"{'page_number': 168, 'left': 99.744, 'top': 500.4308873242187, 'right': 217.47776, 'bottom': 491.49748268333474, 'coord_origin': 'BOTTOMLEFT'}",text_heuristic
88e2be93-b4bb-5c21-aef9-70d57d907cf2,c11b9579-45d1-58de-af90-2c8b6bc73152,169,d8fe4db1-87b9-5898-ae28-288b066065af,PROGRAMA: 5133 - SEGURANÇA ALIMENTAR E NUTRICIONAL E COMBATE À FOME,PROGRAMA: - SEGURANÇA ALIMENTAR E NUTRICIONAL E COMBATE À FOME,programa_seguranca_alimentar_e_nutricional_e_combate_a_fome,5133.0,5133,,"{'page_number': 169, 'left': 51.0, 'top': 465.24112732421867, 'right': 622.5747200000008, 'bottom': 452.64825572200874, 'coord_origin': 'BOTTOMLEFT'}",text_heuristic
a00d4872-2ead-560f-b466-22448157ebe2,c11b9579-45d1-58de-af90-2c8b6bc73152,170,f8c4e111-1710-56bb-b178-3a55b46a2978,Informações do Monitoramento,Meta prevista para,meta_prevista_para,2024.0,2024,,"{'page_number': 170, 'left': 92.304, 'top': 531.7508873242188, 'right': 211.0172399999999, 'bottom': 522.8174826833347, 'coord_origin': 'BOTTOMLEFT'}",text_heuristic
95a5e722-4f7c-59fd-a89f-2a0e893c1560,c11b9579-45d1-58de-af90-2c8b6bc73152,170,f8c4e111-1710-56bb-b178-3a55b46a2978,Informações do Monitoramento,Meta prevista para,meta_prevista_para,2025.0,2025,,"{'page_number': 170, 'left': 92.304, 'top': 520.2308873242188, 'right': 211.0172399999999, 'bottom': 511.29748268333475, 'coord_origin': 'BOTTOMLEFT'}",text_heuristic
f11fdf29-1af0-5815-a382-e2fba47bfb05,c11b9579-45d1-58de-af90-2c8b6bc73152,170,f8c4e111-1710-56bb-b178-3a55b46a2978,Informações do Monitoramento,Meta prevista para,meta_prevista_para,2026.0,2026,,"{'page_number': 170, 'left': 92.304, 'top': 508.7108873242187, 'right': 211.0172399999999, 'bottom': 499.7774826833347, 'coord_origin': 'BOTTOMLEFT'}",text_heuristic
a6facc14-e0c6-5abd-8a9f-2377c8c824b7,c11b9579-45d1-58de-af90-2c8b6bc73152,170,f8c4e111-1710-56bb-b178-3a55b46a2978,Informações do Monitoramento,Meta prevista para,meta_prevista_para,2027.0,2027,,"{'page_number': 170, 'left': 92.304, 'top': 497.1908873242187, 'right': 211.0172399999999, 'bottom': 488.25748268333473, 'coord_origin': 'BOTTOMLEFT'}",text_heuristic
bcdc83ca-0c9c-511e-8bdf-df49d24bf20c,c11b9579-45d1-58de-af90-2c8b6bc73152,170,e409da37-e01f-5939-a1ef-5019c64e22c1,Informações do Monitoramento,Meta prevista para 2024,meta_prevista_para_2024,19700.0,19.700,,"{'page_number': 170, 'left': 99.744, 'top': 218.8608873242187, 'right': 249.15751999999995, 'bottom': 209.92748268333474, 'coord_origin': 'BOTTOMLEFT'}",text_heuristic
6cba8c73-a3a1-593b-85b0-ec36999982eb,c11b9579-45d1-58de-af90-2c8b6bc73152,170,e409da37-e01f-5939-a1ef-5019c64e22c1,Informações do Monitoramento,Meta prevista para 2025,meta_prevista_para_2025,49910.0,49.910,,"{'page_number': 170, 'left': 99.744, 'top': 207.34088732421867, 'right': 249.15751999999995, 'bottom': 198.4074826833347, 'coord_origin': 'BOTTOMLEFT'}",text_heuristic
7a02ad8e-db80-58af-a9c8-42dade8c5b74,c11b9579-45d1-58de-af90-2c8b6bc73152,170,e409da37-e01f-5939-a1ef-5019c64e22c1,Informações do Monitoramento,Meta prevista para 2026,meta_prevista_para_2026,89810.0,89.810,,"{'page_number': 170, 'left': 99.744, 'top': 195.8208873242187, 'right': 249.15751999999995, 'bottom': 186.88748268333472, 'coord_origin': 'BOTTOMLEFT'}",text_heuristic
39075fb4-40d8-5555-b0d4-6de942162ff3,c11b9579-45d1-58de-af90-2c8b6bc73152,170,f8c4e111-1710-56bb-b178-3a55b46a2978,Informações do Monitoramento,Meta prevista para,meta_prevista_para,2027.0,2027,,"{'page_number': 170, 'left': 99.744, 'top': 184.3008873242187, 'right': 218.45723999999987, 'bottom': 175.36748268333474, 'coord_origin': 'BOTTOMLEFT'}",text_heuristic
7086e2b0-efc5-52b4-a7a2-1940f345ce24,c11b9579-45d1-58de-af90-2c8b6bc73152,171,2c8d5193-a434-52e3-b0ee-875158f98cde,Informações do Monitoramento,Meta prevista para 2024,meta_prevista_para_2024,55.0,55,,"{'page_number': 171, 'left': 92.304, 'top': 115.03088732421872, 'right': 222.27772, 'bottom': 106.0974826833347, 'coord_origin': 'BOTTOMLEFT'}",text_heuristic
98c7e20f-d4fa-5773-ac43-9b59711f4140,c11b9579-45d1-58de-af90-2c8b6bc73152,171,2c8d5193-a434-52e3-b0ee-875158f98cde,Informações do Monitoramento,Meta prevista para 2025,meta_prevista_para_2025,60.0,60,,"{'page_number': 171, 'left': 92.304, 'top': 103.5148873242187, 'right': 222.27772, 'bottom': 94.58148268333468, 'coord_origin': 'BOTTOMLEFT'}",text_heuristic
b10078ce-d555-5fbf-875d-847d526ffc7e,c11b9579-45d1-58de-af90-2c8b6bc73152,171,2c8d5193-a434-52e3-b0ee-875158f98cde,Informações do Monitoramento,Meta prevista para 2026,meta_prevista_para_2026,65.0,65,,"{'page_number': 171, 'left': 92.304, 'top': 91.99488732421867, 'right': 222.27772, 'bottom': 83.0614826833347, 'coord_origin': 'BOTTOMLEFT'}",text_heuristic
6269b15c-1395-5e81-8ae7-6351a0ec0d9c,c11b9579-45d1-58de-af90-2c8b6bc73152,171,2c8d5193-a434-52e3-b0ee-875158f98cde,Informações do Monitoramento,Meta prevista para,meta_prevista_para,2027.0,2027,,"{'page_number': 171, 'left': 92.304, 'top': 80.47488732421868, 'right': 211.0172399999999, 'bottom': 71.54148268333472, 'coord_origin': 'BOTTOMLEFT'}",text_heuristic
4234f796-632e-5506-bf34-16e56d51b733,c11b9579-45d1-58de-af90-2c8b6bc73152,172,e58c69cd-15ca-52a3-83a0-746f951be5e4,Informações do Monitoramento,Meta prevista para 2024,meta_prevista_para_2024,3.0,3,,"{'page_number': 172, 'left': 99.744, 'top': 258.7008873242187, 'right': 224.19776, 'bottom': 249.76748268333472, 'coord_origin': 'BOTTOMLEFT'}",text_heuristic
c18a1d1e-dc39-5354-af3c-bebd5ab29526,c11b9579-45d1-58de-af90-2c8b6bc73152,172,e58c69cd-15ca-52a3-83a0-746f951be5e4,Informações do Monitoramento,Meta prevista para 2025,meta_prevista_para_2025,4.0,4,,"{'page_number': 172, 'left': 99.744, 'top': 247.3008873242187, 'right': 224.19776, 'bottom': 238.36748268333474, 'coord_origin': 'BOTTOMLEFT'}",text_heuristic
609fb12d-c994-595b-9cb3-05fdd2906381,c11b9579-45d1-58de-af90-2c8b6bc73152,172,e58c69cd-15ca-52a3-83a0-746f951be5e4,Informações do Monitoramento,Meta prevista para 2026,meta_prevista_para_2026,6.0,6,,"{'page_number': 172, 'left': 99.744, 'top': 235.78088732421872, 'right': 224.19776, 'bottom': 226.84748268333476, 'coord_origin': 'BOTTOMLEFT'}",text_heuristic
3bb246f6-d51f-5a28-b591-dfa1749b6182,c11b9579-45d1-58de-af90-2c8b6bc73152,172,e58c69cd-15ca-52a3-83a0-746f951be5e4,Informações do Monitoramento,Meta prevista para 2027,meta_prevista_para_2027,8.0,8,,"{'page_number': 172, 'left': 99.744, 'top': 224.2608873242187, 'right': 224.19776, 'bottom': 215.32748268333472, 'coord_origin': 'BOTTOMLEFT'}",text_heuristic
239e70ea-cfaa-561b-9978-372203b5de97,c11b9579-45d1-58de-af90-2c8b6bc73152,173,6d685565-9d52-507c-ac15-80cb2c70b4a1,Entrega: 0858 - População negra no PAA,Entrega: - População negra no PAA,entrega_populacao_negra_no_paa,858.0,0858,,"{'page_number': 173, 'left': 88.56, 'top': 281.3060073242187, 'right': 321.566, 'bottom': 270.54286920267174, 'coord_origin': 'BOTTOMLEFT'}",text_heuristic
2fdab54d-7542-5400-877c-5dc47c52a41b,c11b9579-45d1-58de-af90-2c8b6bc73152,173,6d685565-9d52-507c-ac15-80cb2c70b4a1,Entrega: 0858 - População negra no PAA,Meta prevista para 2024,meta_prevista_para_2024,30.0,30,,"{'page_number': 173, 'left': 99.744, 'top': 163.54088732421872, 'right': 229.71771999999999, 'bottom': 154.60748268333475, 'coord_origin': 'BOTTOMLEFT'}",text_heuristic
e27beef7-e8f0-5806-826f-9caa0cf6e159,c11b9579-45d1-58de-af90-2c8b6bc73152,173,6d685565-9d52-507c-ac15-80cb2c70b4a1,Entrega: 0858 - População negra no PAA,Meta prevista para 2025,meta_prevista_para_2025,33.0,33,,"{'page_number': 173, 'left': 99.744, 'top': 151.9908873242187, 'right': 229.71771999999999, 'bottom': 143.05748268333474, 'coord_origin': 'BOTTOMLEFT'}",text_heuristic
64ddbf8b-5cc0-5e20-965d-a7f8c188f0a8,c11b9579-45d1-58de-af90-2c8b6bc73152,173,6d685565-9d52-507c-ac15-80cb2c70b4a1,Entrega: 0858 - População negra no PAA,Meta prevista para 2026,meta_prevista_para_2026,36.0,36,,"{'page_number': 173, 'left': 99.744, 'top': 140.47088732421867, 'right': 229.71771999999999, 'bottom': 131.5374826833347, 'coord_origin': 'BOTTOMLEFT'}",text_heuristic
9eee9de3-c16a-573e-b15c-e026fb923281,c11b9579-45d1-58de-af90-2c8b6bc73152,173,6d685565-9d52-507c-ac15-80cb2c70b4a1,Entrega: 0858 - População negra no PAA,Meta prevista para 2027,meta_prevista_para_2027,40.0,40,,"{'page_number': 173, 'left': 99.744, 'top': 128.95088732421868, 'right': 229.71771999999999, 'bottom': 120.01748268333472, 'coord_origin': 'BOTTOMLEFT'}",text_heuristic
2a95964c-ef78-59d5-baeb-1e3d0c0fb028,c11b9579-45d1-58de-af90-2c8b6bc73152,175,0378c7c8-66b7-5791-8644-1a0fab39f87a,PROGRAMA: 5636 - ABASTECIMENTO E SOBERANIA ALIMENTAR,PROGRAMA: - ABASTECIMENTO E SOBERANIA ALIMENTAR,programa_abastecimento_e_soberania_alimentar,5636.0,5636,,"{'page_number': 175, 'left': 51.0, 'top': 368.7311273242187, 'right': 495.8292800000005, 'bottom': 356.13825572200875, 'coord_origin': 'BOTTOMLEFT'}",text_heuristic
b779a32d-28d6-5baf-aa82-810cd0e55501,c11b9579-45d1-58de-af90-2c8b6bc73152,176,c8430e87-6cdf-5512-9f45-423fef8972d0,Informações do Monitoramento,Meta prevista para,meta_prevista_para,2024.0,2024,,"{'page_number': 176, 'left': 92.304, 'top': 497.4308873242187, 'right': 211.0172399999999, 'bottom': 488.49748268333474, 'coord_origin': 'BOTTOMLEFT'}",text_heuristic
a58bb9d8-d616-5c13-b766-0bc2477ee8a8,c11b9579-45d1-58de-af90-2c8b6bc73152,176,c8430e87-6cdf-5512-9f45-423fef8972d0,Informações do Monitoramento,Meta prevista para 2025,meta_prevista_para_2025,62500.0,62.500,,"{'page_number': 176, 'left': 92.304, 'top': 485.9108873242187, 'right': 241.71751999999995, 'bottom': 476.97748268333476, 'coord_origin': 'BOTTOMLEFT'}",text_heuristic
f1885eab-521b-5cdb-bd8a-6343dabc6231,c11b9579-45d1-58de-af90-2c8b6bc73152,176,c8430e87-6cdf-5512-9f45-423fef8972d0,Informações do Monitoramento,Meta prevista para,meta_prevista_para,2026.0,2026,,"{'page_number': 176, 'left': 92.304, 'top': 474.3908873242187, 'right': 211.0172399999999, 'bottom': 465.4574826833347, 'coord_origin': 'BOTTOMLEFT'}",text_heuristic
21b4eb5a-fe1f-5529-957d-f1d03978f48d,c11b9579-45d1-58de-af90-2c8b6bc73152,176,c8430e87-6cdf-5512-9f45-423fef8972d0,Informações do Monitoramento,Meta prevista para,meta_prevista_para,2027.0,2027,,"{'page_number': 176, 'left': 92.304, 'top': 462.8708873242187, 'right': 211.0172399999999, 'bottom': 453.93748268333474, 'coord_origin': 'BOTTOMLEFT'}",text_heuristic
b7eca3fe-6a9f-51c7-9810-6247d444777f,c11b9579-45d1-58de-af90-2c8b6bc73152,177,79e6c9ce-66e0-5dd4-a13a-f10e78d924d7,Informações do Monitoramento,Meta prevista para,meta_prevista_para,2024.0,2024,,"{'page_number': 177, 'left': 99.744, 'top': 359.7608873242187, 'right': 218.45723999999987, 'bottom': 350.8274826833347, 'coord_origin': 'BOTTOMLEFT'}",text_heuristic
08cda9eb-36c1-5f8d-8162-2eecac9bc801,c11b9579-45d1-58de-af90-2c8b6bc73152,177,79e6c9ce-66e0-5dd4-a13a-f10e78d924d7,Informações do Monitoramento,Meta prevista para 2025,meta_prevista_para_2025,18500.0,18.500,,"{'page_number': 177, 'left': 99.744, 'top': 348.2408873242187, 'right': 249.15751999999995, 'bottom': 339.30748268333474, 'coord_origin': 'BOTTOMLEFT'}",text_heuristic
b6786d05-285d-55ed-aff3-74354e49c53a,c11b9579-45d1-58de-af90-2c8b6bc73152,177,79e6c9ce-66e0-5dd4-a13a-f10e78d924d7,Informações do Monitoramento,Meta prevista para 2026,meta_prevista_para_2026,20000.0,20.000,,"{'page_number': 177, 'left': 99.744, 'top': 336.7208873242187, 'right': 249.15751999999995, 'bottom': 327.78748268333476, 'coord_origin': 'BOTTOMLEFT'}",text_heuristic
09763aa8-e162-5488-9d73-aee52e7ec06a,c11b9579-45d1-58de-af90-2c8b6bc73152,177,79e6c9ce-66e0-5dd4-a13a-f10e78d924d7,Informações do Monitoramento,Meta prevista para 2027,meta_prevista_para_2027,25500.0,25.500,,"{'page_number': 177, 'left': 99.744, 'top': 325.2008873242187, 'right': 249.15751999999995, 'bottom': 316.2674826833347, 'coord_origin': 'BOTTOMLEFT'}",text_heuristic
3f991209-9fdc-51a0-8f60-6ac66d2d6b15,c11b9579-45d1-58de-af90-2c8b6bc73152,178,6595bb9b-08b9-5c67-9e2b-4e980ccdcffe,Informações do Monitoramento,Meta prevista para,meta_prevista_para,2024.0,2024,,"{'page_number': 178, 'left': 92.304, 'top': 184.3008873242187, 'right': 211.0172399999999, 'bottom': 175.36748268333474, 'coord_origin': 'BOTTOMLEFT'}",text_heuristic
4d3fdd16-442f-5a69-9830-930f520f9760,c11b9579-45d1-58de-af90-2c8b6bc73152,178,6595bb9b-08b9-5c67-9e2b-4e980ccdcffe,Informações do Monitoramento,Meta prevista para,meta_prevista_para,2025.0,2025,,"{'page_number': 178, 'left': 92.304, 'top': 172.78088732421872, 'right': 211.0172399999999, 'bottom': 163.84748268333476, 'coord_origin': 'BOTTOMLEFT'}",text_heuristic
4e7cc5b6-a174-5dfe-8c73-2f085b5d8a91,c11b9579-45d1-58de-af90-2c8b6bc73152,178,6595bb9b-08b9-5c67-9e2b-4e980ccdcffe,Informações do Monitoramento,Meta prevista para,meta_prevista_para,2026.0,2026,,"{'page_number': 178, 'left': 92.304, 'top': 161.23088732421866, 'right': 211.0172399999999, 'bottom': 152.2974826833347, 'coord_origin': 'BOTTOMLEFT'}",text_heuristic
107f0c1d-d971-508e-9d98-944d7a67b66b,c11b9579-45d1-58de-af90-2c8b6bc73152,178,6595bb9b-08b9-5c67-9e2b-4e980ccdcffe,Informações do Monitoramento,Meta prevista para,meta_prevista_para,2027.0,2027,,"{'page_number': 178, 'left': 92.304, 'top': 149.71088732421867, 'right': 211.0172399999999, 'bottom': 140.7774826833347, 'coord_origin': 'BOTTOMLEFT'}",text_heuristic
c7e650fa-12b9-5448-aab7-7469105348ef,c11b9579-45d1-58de-af90-2c8b6bc73152,180,beff3d92-5358-5b2c-86ef-77af6ea19c98,Informações do Monitoramento,Meta prevista para,meta_prevista_para,2024.0,2024,,"{'page_number': 180, 'left': 99.744, 'top': 531.7508873242188, 'right': 218.45723999999987, 'bottom': 522.8174826833347, 'coord_origin': 'BOTTOMLEFT'}",text_heuristic
db5e64ac-1a9d-5124-90b1-0aa3150bac98,c11b9579-45d1-58de-af90-2c8b6bc73152,180,beff3d92-5358-5b2c-86ef-77af6ea19c98,Informações do Monitoramento,Meta prevista para,meta_prevista_para,2025.0,2025,,"{'page_number': 180, 'left': 99.744, 'top': 520.2308873242188, 'right': 218.45723999999987, 'bottom': 511.29748268333475, 'coord_origin': 'BOTTOMLEFT'}",text_heuristic
30337fc0-6276-5522-8337-c31e99a6b115,c11b9579-45d1-58de-af90-2c8b6bc73152,180,beff3d92-5358-5b2c-86ef-77af6ea19c98,Informações do Monitoramento,Meta prevista para,meta_prevista_para,2026.0,2026,,"{'page_number': 180, 'left': 99.744, 'top': 508.7108873242187, 'right': 218.45723999999987, 'bottom': 499.7774826833347, 'coord_origin': 'BOTTOMLEFT'}",text_heuristic
ee779e07-a513-58f9-88f8-53f849052a88,c11b9579-45d1-58de-af90-2c8b6bc73152,180,beff3d92-5358-5b2c-86ef-77af6ea19c98,Informações do Monitoramento,Meta prevista para,meta_prevista_para,2027.0,2027,,"{'page_number': 180, 'left': 99.744, 'top': 497.1908873242187, 'right': 218.45723999999987, 'bottom': 488.25748268333473, 'coord_origin': 'BOTTOMLEFT'}",text_heuristic
f6ef665c-d6d4-591a-952d-6fc1960696ce,c11b9579-45d1-58de-af90-2c8b6bc73152,181,08e13d89-c62e-590a-8c09-db5426b078d7,"PROGRAMA: 5804 - PROMOÇÃO DA IGUALDADE ÉTNICO-RACIAL, COMBATE E SUPERAÇÃO DO RACISMO",Objetivo Específico: - Estabelecer política de combate ao racismo ambiental,objetivo_especifico_estabelecer_politica_de_combate_ao_racismo_ambiental,528.0,0528,,"{'page_number': 181, 'left': 73.56, 'top': 348.1660073242187, 'right': 538.3280000000003, 'bottom': 337.40286920267175, 'coord_origin': 'BOTTOMLEFT'}",text_heuristic
c0c0a445-46ec-5913-88bd-d28545a9fe85,c11b9579-45d1-58de-af90-2c8b6bc73152,181,08e13d89-c62e-590a-8c09-db5426b078d7,"PROGRAMA: 5804 - PROMOÇÃO DA IGUALDADE ÉTNICO-RACIAL, COMBATE E SUPERAÇÃO DO RACISMO",Meta: F - Ações de enfrentamento do racismo ambiental,meta_f_acoes_de_enfrentamento_do_racismo_ambiental,67.0,067,,"{'page_number': 181, 'left': 88.56, 'top': 86.8800073242187, 'right': 428.00000000000017, 'bottom': 76.11686920267175, 'coord_origin': 'BOTTOMLEFT'}",text_heuristic
61c8cc9c-f797-5b20-9863-fde15f5ff331,c11b9579-45d1-58de-af90-2c8b6bc73152,182,d35059e0-ed55-50f1-b517-110584cf82b8,Informações do Monitoramento,Indicador: - Projeto apoiado,indicador_projeto_apoiado,11435.0,11435,,"{'page_number': 182, 'left': 96.024, 'top': 298.9660073242187, 'right': 292.196, 'bottom': 288.20286920267176, 'coord_origin': 'BOTTOMLEFT'}",text_heuristic
941a443a-886a-5fa2-bc27-6e99782f9957,c11b9579-45d1-58de-af90-2c8b6bc73152,182,d35059e0-ed55-50f1-b517-110584cf82b8,Informações do Monitoramento,Meta: I - Fomentar projetos em territórios impactados pelo racismo ambiental,meta_i_fomentar_projetos_em_territorios_impactados_pelo_racismo_ambiental,67.0,067,,"{'page_number': 182, 'left': 96.024, 'top': 280.7060073242187, 'right': 557.2880000000004, 'bottom': 269.9428692026718, 'coord_origin': 'BOTTOMLEFT'}",text_heuristic
15ccafcc-914a-5513-b95f-595b9ea2ab17,c11b9579-45d1-58de-af90-2c8b6bc73152,182,d35059e0-ed55-50f1-b517-110584cf82b8,Informações do Monitoramento,Quantidade alcançada,quantidade_alcancada,5.0,5,,"{'page_number': 182, 'left': 99.744, 'top': 131.59088732421867, 'right': 217.47776, 'bottom': 122.6574826833347, 'coord_origin': 'BOTTOMLEFT'}",text_heuristic
87f0a01f-7abc-5dca-8d32-79010716fa79,c11b9579-45d1-58de-af90-2c8b6bc73152,183,5fb4a61a-07a0-515e-9b51-a6921872b591,Informações do Monitoramento,Estabelecer política de combate ao racismo ambiental,estabelecer_politica_de_combate_ao_racismo_ambiental,528.0,0528,,"{'page_number': 183, 'left': 191.18, 'top': 464.3108873242187, 'right': 462.29648, 'bottom': 455.37748268333473, 'coord_origin': 'BOTTOMLEFT'}",text_heuristic
dd4b7498-953a-53a0-b945-a396efbf0338,c11b9579-45d1-58de-af90-2c8b6bc73152,183,5fb4a61a-07a0-515e-9b51-a6921872b591,Informações do Monitoramento,Ministério da Igualdade Racial,ministerio_da_igualdade_racial,67000.0,67000,,"{'page_number': 183, 'left': 192.26, 'top': 452.7908873242187, 'right': 362.82247999999987, 'bottom': 443.85748268333475, 'coord_origin': 'BOTTOMLEFT'}",text_heuristic
b56a7faa-1f7f-58ac-8c11-8309ff3c13ba,c11b9579-45d1-58de-af90-2c8b6bc73152,183,5fb4a61a-07a0-515e-9b51-a6921872b591,Informações do Monitoramento,Estabelecer política de combate ao racismo ambiental,estabelecer_politica_de_combate_ao_racismo_ambiental,528.0,0528,,"{'page_number': 183, 'left': 191.18, 'top': 216.58088732421868, 'right': 462.29648, 'bottom': 207.64748268333472, 'coord_origin': 'BOTTOMLEFT'}",text_heuristic
91ce3057-31e8-5777-b18e-56ffb86297ef,c11b9579-45d1-58de-af90-2c8b6bc73152,183,5fb4a61a-07a0-515e-9b51-a6921872b591,Informações do Monitoramento,Ministério da Igualdade Racial,ministerio_da_igualdade_racial,67000.0,67000,,"{'page_number': 183, 'left': 192.26, 'top': 205.0608873242187, 'right': 362.82247999999987, 'bottom': 196.12748268333473, 'coord_origin': 'BOTTOMLEFT'}",text_heuristic
9879d0a5-d9b2-5bcd-8bff-18a44c0e15fa,c11b9579-45d1-58de-af90-2c8b6bc73152,184,3203ce01-a1d1-592f-a885-644cb8f17cf3,Informações do Monitoramento,Ministério da Igualdade Racial,ministerio_da_igualdade_racial,67000.0,67000,,"{'page_number': 184, 'left': 177.26, 'top': 321.1208873242187, 'right': 347.82247999999987, 'bottom': 312.18748268333474, 'coord_origin': 'BOTTOMLEFT'}",text_heuristic
60272cf4-3860-563b-afbf-13ed1a0f11d2,c11b9579-45d1-58de-af90-2c8b6bc73152,184,3203ce01-a1d1-592f-a885-644cb8f17cf3,Informações do Monitoramento,Meta prevista para 2024,meta_prevista_para_2024,1.0,1,,"{'page_number': 184, 'left': 92.304, 'top': 117.3108873242187, 'right': 216.75776, 'bottom': 108.37748268333473, 'coord_origin': 'BOTTOMLEFT'}",text_heuristic
2d11c226-ab3e-5e89-b886-ad93db4ed84a,c11b9579-45d1-58de-af90-2c8b6bc73152,184,3203ce01-a1d1-592f-a885-644cb8f17cf3,Informações do Monitoramento,Meta prevista para 2025,meta_prevista_para_2025,1.0,1,,"{'page_number': 184, 'left': 92.304, 'top': 105.79488732421868, 'right': 216.75776, 'bottom': 96.86148268333471, 'coord_origin': 'BOTTOMLEFT'}",text_heuristic
472f46c4-d7f1-5e67-a873-449a07234592,c11b9579-45d1-58de-af90-2c8b6bc73152,184,3203ce01-a1d1-592f-a885-644cb8f17cf3,Informações do Monitoramento,Meta prevista para 2026,meta_prevista_para_2026,1.0,1,,"{'page_number': 184, 'left': 92.304, 'top': 94.3948873242187, 'right': 216.75776, 'bottom': 85.46148268333474, 'coord_origin': 'BOTTOMLEFT'}",text_heuristic
aeb106b3-c755-5884-bcdc-cd05bac0fe52,c11b9579-45d1-58de-af90-2c8b6bc73152,184,3203ce01-a1d1-592f-a885-644cb8f17cf3,Informações do Monitoramento,Meta prevista para,meta_prevista_para,2027.0,2027,,"{'page_number': 184, 'left': 92.304, 'top': 82.87488732421866, 'right': 211.0172399999999, 'bottom': 73.9414826833347, 'coord_origin': 'BOTTOMLEFT'}",text_heuristic
39d2f378-2a56-5d1b-91f7-4b320bc0a869,c11b9579-45d1-58de-af90-2c8b6bc73152,185,c786f9d4-3a56-53be-97f1-c08284689bca,Informações do Monitoramento,Quantidade alcançada,quantidade_alcancada,0.0,0,,"{'page_number': 185, 'left': 92.304, 'top': 500.4308873242187, 'right': 210.03776, 'bottom': 491.49748268333474, 'coord_origin': 'BOTTOMLEFT'}",text_heuristic
0fb1f5be-b881-53ea-b212-db456c1178f5,c11b9579-45d1-58de-af90-2c8b6bc73152,185,26802d7e-790a-5bdf-b880-b7a3bd99da06,Informações do Monitoramento,Indicador: - Número de lideranças negras formadas,indicador_numero_de_liderancas_negras_formadas,11436.0,11436,,"{'page_number': 185, 'left': 96.024, 'top': 380.32600732421866, 'right': 426.68000000000035, 'bottom': 369.5628692026717, 'coord_origin': 'BOTTOMLEFT'}",text_heuristic
22d491c1-933b-5ccb-9e92-9362a07054a7,c11b9579-45d1-58de-af90-2c8b6bc73152,185,26802d7e-790a-5bdf-b880-b7a3bd99da06,Informações do Monitoramento,Meta: J - Lideranças negras formadas,meta_j_liderancas_negras_formadas,67.0,067,,"{'page_number': 185, 'left': 96.024, 'top': 361.9660073242187, 'right': 331.4240000000001, 'bottom': 351.20286920267176, 'coord_origin': 'BOTTOMLEFT'}",text_heuristic
75e127a4-3136-5da6-9d57-2e01cb59a9b0,c11b9579-45d1-58de-af90-2c8b6bc73152,185,c786f9d4-3a56-53be-97f1-c08284689bca,Informações do Monitoramento,Meta prevista para 2024,meta_prevista_para_2024,130.0,130,,"{'page_number': 185, 'left': 99.744, 'top': 311.6408873242187, 'right': 235.23767999999998, 'bottom': 302.7074826833347, 'coord_origin': 'BOTTOMLEFT'}",text_heuristic
421d3ec0-eeea-5e90-9bb6-3bb2ee77e7d9,c11b9579-45d1-58de-af90-2c8b6bc73152,185,c786f9d4-3a56-53be-97f1-c08284689bca,Informações do Monitoramento,Meta prevista para 2025,meta_prevista_para_2025,130.0,130,,"{'page_number': 185, 'left': 99.744, 'top': 300.1208873242187, 'right': 235.23767999999998, 'bottom': 291.18748268333474, 'coord_origin': 'BOTTOMLEFT'}",text_heuristic
ae10ec3a-6051-5536-8f69-46de40130f09,c11b9579-45d1-58de-af90-2c8b6bc73152,185,c786f9d4-3a56-53be-97f1-c08284689bca,Informações do Monitoramento,Meta prevista para 2026,meta_prevista_para_2026,130.0,130,,"{'page_number': 185, 'left': 99.744, 'top': 288.7208873242187, 'right': 235.23767999999998, 'bottom': 279.78748268333476, 'coord_origin': 'BOTTOMLEFT'}",text_heuristic
a8000031-be36-5d9e-b816-ce97c669ba17,c11b9579-45d1-58de-af90-2c8b6bc73152,185,c786f9d4-3a56-53be-97f1-c08284689bca,Informações do Monitoramento,Meta prevista para 2027,meta_prevista_para_2027,130.0,130,,"{'page_number': 185, 'left': 99.744, 'top': 277.1808873242187, 'right': 235.23767999999998, 'bottom': 268.24748268333474, 'coord_origin': 'BOTTOMLEFT'}",text_heuristic
49bd4eea-9463-5dee-84eb-f9b2efb5f5e4,c11b9579-45d1-58de-af90-2c8b6bc73152,185,26802d7e-790a-5bdf-b880-b7a3bd99da06,Informações do Monitoramento,Quantidade alcançada,quantidade_alcancada,0.0,0,,"{'page_number': 185, 'left': 99.744, 'top': 212.8608873242187, 'right': 217.47776, 'bottom': 203.92748268333474, 'coord_origin': 'BOTTOMLEFT'}",text_heuristic
13acb996-4dd0-5e70-92ff-8bab0018d477,c11b9579-45d1-58de-af90-2c8b6bc73152,185,26802d7e-790a-5bdf-b880-b7a3bd99da06,Informações do Monitoramento,PPA 2024 Espelho do Monitoramento,ppa_2024_espelho_do_monitoramento,-2027.0,-2027,,"{'page_number': 185, 'left': 523.39, 'top': 92.42112732421867, 'right': 665.2098400000006, 'bottom': 68.95904025239554, 'coord_origin': 'BOTTOMLEFT'}",text_heuristic
f9d367ef-4bdc-5cb4-882f-eb08e6eb7558,c11b9579-45d1-58de-af90-2c8b6bc73152,186,c064705e-2fd5-5f7a-8511-87e339bd37e3,Informações do Monitoramento,"Órgão Responsável: - Ministério da Ciência, Tecnologia e Inovação",orgao_responsavel_ministerio_da_ciencia_tecnologia_e_inovacao,24000.0,24000,,"{'page_number': 186, 'left': 77.28, 'top': 362.0408873242187, 'right': 412.8015199999998, 'bottom': 353.10748268333475, 'coord_origin': 'BOTTOMLEFT'}",text_heuristic
6ff2ac77-de6a-5021-a0ea-fc35744ccfcd,c11b9579-45d1-58de-af90-2c8b6bc73152,186,c064705e-2fd5-5f7a-8511-87e339bd37e3,Informações do Monitoramento,Meta prevista para,meta_prevista_para,2024.0,2024,,"{'page_number': 186, 'left': 92.304, 'top': 89.23488732421868, 'right': 211.0172399999999, 'bottom': 80.30148268333471, 'coord_origin': 'BOTTOMLEFT'}",text_heuristic
5a776474-d1ed-5768-9a7d-d58d431f629d,c11b9579-45d1-58de-af90-2c8b6bc73152,186,c064705e-2fd5-5f7a-8511-87e339bd37e3,Informações do Monitoramento,Meta prevista para,meta_prevista_para,2025.0,2025,,"{'page_number': 186, 'left': 92.304, 'top': 77.7148873242187, 'right': 211.0172399999999, 'bottom': 68.78148268333473, 'coord_origin': 'BOTTOMLEFT'}",text_heuristic
38f6fbd2-63dc-52b2-8013-daed28eaf8d3,c11b9579-45d1-58de-af90-2c8b6bc73152,187,ada7a7a5-a9d1-50ec-8063-570323c43951,Informações do Monitoramento,Meta prevista para,meta_prevista_para,2026.0,2026,,"{'page_number': 187, 'left': 92.304, 'top': 548.2108873242188, 'right': 211.0172399999999, 'bottom': 539.2774826833347, 'coord_origin': 'BOTTOMLEFT'}",text_heuristic
d49b2da4-5e87-5d85-8923-b5aacfa45367,c11b9579-45d1-58de-af90-2c8b6bc73152,187,ada7a7a5-a9d1-50ec-8063-570323c43951,Informações do Monitoramento,Meta prevista para,meta_prevista_para,2027.0,2027,,"{'page_number': 187, 'left': 92.304, 'top': 536.6708873242187, 'right': 211.0172399999999, 'bottom': 527.7374826833346, 'coord_origin': 'BOTTOMLEFT'}",text_heuristic
dd97aa91-46fa-578e-a6be-dce16cb42051,c11b9579-45d1-58de-af90-2c8b6bc73152,188,91e9568f-7775-5d7c-9510-593c94980eb4,Informações do Monitoramento,Meta prevista para 2024,meta_prevista_para_2024,44.0,44,,"{'page_number': 188, 'left': 99.744, 'top': 531.7508873242188, 'right': 229.71771999999999, 'bottom': 522.8174826833347, 'coord_origin': 'BOTTOMLEFT'}",text_heuristic
c3a87f0c-2761-5b1b-9a83-45061a2e7db5,c11b9579-45d1-58de-af90-2c8b6bc73152,188,91e9568f-7775-5d7c-9510-593c94980eb4,Informações do Monitoramento,Meta prevista para 2025,meta_prevista_para_2025,46.0,46,,"{'page_number': 188, 'left': 99.744, 'top': 520.2308873242188, 'right': 229.71771999999999, 'bottom': 511.29748268333475, 'coord_origin': 'BOTTOMLEFT'}",text_heuristic
586fda65-0555-5182-8284-82ec2dcef874,c11b9579-45d1-58de-af90-2c8b6bc73152,188,91e9568f-7775-5d7c-9510-593c94980eb4,Informações do Monitoramento,Meta prevista para 2026,meta_prevista_para_2026,48.0,48,,"{'page_number': 188, 'left': 99.744, 'top': 508.7108873242187, 'right': 229.71771999999999, 'bottom': 499.7774826833347, 'coord_origin': 'BOTTOMLEFT'}",text_heuristic
56d6cff3-5151-5c48-b1c2-28a322d1aaff,c11b9579-45d1-58de-af90-2c8b6bc73152,188,91e9568f-7775-5d7c-9510-593c94980eb4,Informações do Monitoramento,Meta prevista para,meta_prevista_para,2027.0,2027,,"{'page_number': 188, 'left': 99.744, 'top': 497.1908873242187, 'right': 218.45723999999987, 'bottom': 488.25748268333473, 'coord_origin': 'BOTTOMLEFT'}",text_heuristic
144685fe-d3c0-57b1-aceb-25ff32a74d84,c11b9579-45d1-58de-af90-2c8b6bc73152,188,91e9568f-7775-5d7c-9510-593c94980eb4,Informações do Monitoramento,"Ministério da Ciência, Tecnologia e Inovação",ministerio_da_ciencia_tecnologia_e_inovacao,24000.0,24000,,"{'page_number': 188, 'left': 131.66, 'top': 189.70088732421868, 'right': 412.8015199999998, 'bottom': 169.24748268333474, 'coord_origin': 'BOTTOMLEFT'}",text_heuristic
6418e997-ccf9-5ef0-a960-698fe365fa22,c11b9579-45d1-58de-af90-2c8b6bc73152,189,53b58169-dab8-5c20-a85c-0d11a62a30b7,"PROGRAMA: 2310 - PROMOÇÃO DO TRABALHO DECENTE, EMPREGO E RENDA","PROGRAMA: - PROMOÇÃO DO TRABALHO DECENTE, EMPREGO E RENDA",programa_promocao_do_trabalho_decente_emprego_e_renda,2310.0,2310,,"{'page_number': 189, 'left': 51.0, 'top': 356.7311273242187, 'right': 594.5508800000007, 'bottom': 344.13825572200875, 'coord_origin': 'BOTTOMLEFT'}",text_heuristic
9090493d-860e-5530-b4c7-54f6e54f0731,c11b9579-45d1-58de-af90-2c8b6bc73152,189,53b58169-dab8-5c20-a85c-0d11a62a30b7,"PROGRAMA: 2310 - PROMOÇÃO DO TRABALHO DECENTE, EMPREGO E RENDA",Objetivo Específico: - Promover a qualificação social e profissional,objetivo_especifico_promover_a_qualificacao_social_e_profissional,132.0,0132,,"{'page_number': 189, 'left': 73.56, 'top': 304.2460073242187, 'right': 487.0280000000004, 'bottom': 293.48286920267174, 'coord_origin': 'BOTTOMLEFT'}",text_heuristic
71780b32-6185-567f-ba39-e97d1d774af9,c11b9579-45d1-58de-af90-2c8b6bc73152,189,53b58169-dab8-5c20-a85c-0d11a62a30b7,"PROGRAMA: 2310 - PROMOÇÃO DO TRABALHO DECENTE, EMPREGO E RENDA",Ministério do Trabalho e Emprego,ministerio_do_trabalho_e_emprego,40000.0,40000,,"{'page_number': 189, 'left': 177.26, 'top': 265.4208873242187, 'right': 364.3759999999999, 'bottom': 256.48748268333475, 'coord_origin': 'BOTTOMLEFT'}",text_heuristic
b541517a-e879-5208-8b7b-8a7d4ae8c73a,c11b9579-45d1-58de-af90-2c8b6bc73152,190,1355df34-5edb-534f-960c-f0f0bd1c2b6a,Meta: 0568 - Ampliar o número de trabalhadores beneficiados pelas políticas de qualificação social e profissional,Meta prevista para,meta_prevista_para,2024.0,2024,,"{'page_number': 190, 'left': 92.304, 'top': 479.0708873242187, 'right': 211.0172399999999, 'bottom': 470.1374826833347, 'coord_origin': 'BOTTOMLEFT'}",text_heuristic
6b3674ba-da99-5412-958b-8c150f6f987d,c11b9579-45d1-58de-af90-2c8b6bc73152,190,1355df34-5edb-534f-960c-f0f0bd1c2b6a,Meta: 0568 - Ampliar o número de trabalhadores beneficiados pelas políticas de qualificação social e profissional,Meta prevista para,meta_prevista_para,2025.0,2025,,"{'page_number': 190, 'left': 92.304, 'top': 467.6708873242187, 'right': 211.0172399999999, 'bottom': 458.73748268333475, 'coord_origin': 'BOTTOMLEFT'}",text_heuristic
4f1c05c8-9966-597b-9018-82be5b02cd0f,c11b9579-45d1-58de-af90-2c8b6bc73152,190,1355df34-5edb-534f-960c-f0f0bd1c2b6a,Meta: 0568 - Ampliar o número de trabalhadores beneficiados pelas políticas de qualificação social e profissional,Meta prevista para,meta_prevista_para,2026.0,2026,,"{'page_number': 190, 'left': 92.304, 'top': 456.1508873242187, 'right': 211.0172399999999, 'bottom': 447.2174826833347, 'coord_origin': 'BOTTOMLEFT'}",text_heuristic
2097e21d-1e08-52f2-bf3e-0d9cab9b0b1a,c11b9579-45d1-58de-af90-2c8b6bc73152,190,1355df34-5edb-534f-960c-f0f0bd1c2b6a,Meta: 0568 - Ampliar o número de trabalhadores beneficiados pelas políticas de qualificação social e profissional,Meta prevista para,meta_prevista_para,2027.0,2027,,"{'page_number': 190, 'left': 92.304, 'top': 444.6308873242187, 'right': 211.0172399999999, 'bottom': 435.6974826833347, 'coord_origin': 'BOTTOMLEFT'}",text_heuristic
378e309a-a8df-5b59-a5f8-3ef2dca06b5a,c11b9579-45d1-58de-af90-2c8b6bc73152,191,5d10782d-1738-5202-a31b-2329a09e6258,Informações do Monitoramento,Meta prevista para 2024,meta_prevista_para_2024,2.0,2,,"{'page_number': 191, 'left': 99.744, 'top': 309.1208873242187, 'right': 224.19776, 'bottom': 300.18748268333474, 'coord_origin': 'BOTTOMLEFT'}",text_heuristic
0cad8a88-2f24-5832-b402-2ee3ca1a2325,c11b9579-45d1-58de-af90-2c8b6bc73152,191,5d10782d-1738-5202-a31b-2329a09e6258,Informações do Monitoramento,Meta prevista para 2025,meta_prevista_para_2025,6.0,6,,"{'page_number': 191, 'left': 99.744, 'top': 297.6008873242187, 'right': 224.19776, 'bottom': 288.66748268333475, 'coord_origin': 'BOTTOMLEFT'}",text_heuristic
1fb7c09c-bd16-56dc-82bd-5bcb90836524,c11b9579-45d1-58de-af90-2c8b6bc73152,191,5d10782d-1738-5202-a31b-2329a09e6258,Informações do Monitoramento,Meta prevista para 2026,meta_prevista_para_2026,10.0,10,,"{'page_number': 191, 'left': 99.744, 'top': 286.0608873242187, 'right': 229.71771999999999, 'bottom': 277.12748268333473, 'coord_origin': 'BOTTOMLEFT'}",text_heuristic
89a151fe-ab9a-5de6-a9c2-5105cfc810ed,c11b9579-45d1-58de-af90-2c8b6bc73152,191,5d10782d-1738-5202-a31b-2329a09e6258,Informações do Monitoramento,Meta prevista para,meta_prevista_para,2027.0,2027,,"{'page_number': 191, 'left': 99.744, 'top': 274.5408873242187, 'right': 218.45723999999987, 'bottom': 265.60748268333475, 'coord_origin': 'BOTTOMLEFT'}",text_heuristic
5f81c618-7e1b-53bf-8ab5-36646019acd7,c11b9579-45d1-58de-af90-2c8b6bc73152,192,5c44a4fe-df0e-5ccd-b436-22bdbb4713fd,Objetivo Específico: 0136 - Combater a exploração do trabalho análogo ao escravo e do tráfico de pessoas,Órgão Responsável: - Ministério do Trabalho e Emprego,orgao_responsavel_ministerio_do_trabalho_e_emprego,40000.0,40000,,"{'page_number': 192, 'left': 77.28, 'top': 352.4408873242187, 'right': 364.3759999999999, 'bottom': 343.50748268333473, 'coord_origin': 'BOTTOMLEFT'}",text_heuristic
3ae9f920-f595-56fe-9dc7-3a7369363529,c11b9579-45d1-58de-af90-2c8b6bc73152,193,a0791958-7d88-5d35-b72a-36e4f25221c3,Informações do Monitoramento,Meta prevista para,meta_prevista_para,2024.0,2024,,"{'page_number': 193, 'left': 92.304, 'top': 531.7508873242188, 'right': 211.0172399999999, 'bottom': 522.8174826833347, 'coord_origin': 'BOTTOMLEFT'}",text_heuristic
3eba7b80-da5f-5f55-a084-9523f381b4f0,c11b9579-45d1-58de-af90-2c8b6bc73152,193,a0791958-7d88-5d35-b72a-36e4f25221c3,Informações do Monitoramento,Meta prevista para,meta_prevista_para,2025.0,2025,,"{'page_number': 193, 'left': 92.304, 'top': 520.2308873242188, 'right': 211.0172399999999, 'bottom': 511.29748268333475, 'coord_origin': 'BOTTOMLEFT'}",text_heuristic
8d30b0f9-271d-5d4b-b171-82b682f9798b,c11b9579-45d1-58de-af90-2c8b6bc73152,193,a0791958-7d88-5d35-b72a-36e4f25221c3,Informações do Monitoramento,Meta prevista para,meta_prevista_para,2026.0,2026,,"{'page_number': 193, 'left': 92.304, 'top': 508.7108873242187, 'right': 211.0172399999999, 'bottom': 499.7774826833347, 'coord_origin': 'BOTTOMLEFT'}",text_heuristic
ff61a911-9683-537d-8642-4f24b795687e,c11b9579-45d1-58de-af90-2c8b6bc73152,193,a0791958-7d88-5d35-b72a-36e4f25221c3,Informações do Monitoramento,Meta prevista para,meta_prevista_para,2027.0,2027,,"{'page_number': 193, 'left': 92.304, 'top': 497.1908873242187, 'right': 211.0172399999999, 'bottom': 488.25748268333473, 'coord_origin': 'BOTTOMLEFT'}",text_heuristic
3ff82b02-85a7-51ea-8c20-f8381014a80c,c11b9579-45d1-58de-af90-2c8b6bc73152,196,784783ff-8b13-53ce-9d5e-e239f2ffbe81,Informações do Monitoramento,Meta prevista para 2024,meta_prevista_para_2024,100.0,100,,"{'page_number': 196, 'left': 99.744, 'top': 337.0808873242187, 'right': 235.23767999999998, 'bottom': 328.1474826833347, 'coord_origin': 'BOTTOMLEFT'}",text_heuristic
5c500a17-04bf-5909-8ac0-53dce36d8a32,c11b9579-45d1-58de-af90-2c8b6bc73152,196,784783ff-8b13-53ce-9d5e-e239f2ffbe81,Informações do Monitoramento,Meta prevista para 2025,meta_prevista_para_2025,205.0,205,,"{'page_number': 196, 'left': 99.744, 'top': 325.5608873242187, 'right': 235.23767999999998, 'bottom': 316.62748268333473, 'coord_origin': 'BOTTOMLEFT'}",text_heuristic
c1e5a6bd-2665-5008-a659-67aa72bedb5b,c11b9579-45d1-58de-af90-2c8b6bc73152,196,784783ff-8b13-53ce-9d5e-e239f2ffbe81,Informações do Monitoramento,Meta prevista para 2026,meta_prevista_para_2026,315.0,315,,"{'page_number': 196, 'left': 99.744, 'top': 314.0408873242187, 'right': 235.23767999999998, 'bottom': 305.10748268333475, 'coord_origin': 'BOTTOMLEFT'}",text_heuristic
5feafe95-c809-534f-905b-ee4ebc51f51a,c11b9579-45d1-58de-af90-2c8b6bc73152,196,784783ff-8b13-53ce-9d5e-e239f2ffbe81,Informações do Monitoramento,Meta prevista para,meta_prevista_para,2027.0,2027,,"{'page_number': 196, 'left': 99.744, 'top': 302.5208873242187, 'right': 218.45723999999987, 'bottom': 293.5874826833347, 'coord_origin': 'BOTTOMLEFT'}",text_heuristic
f2f5747d-b8f4-5b35-9b0e-051b15e9cc59,c11b9579-45d1-58de-af90-2c8b6bc73152,196,784783ff-8b13-53ce-9d5e-e239f2ffbe81,Informações do Monitoramento,Meta foi cumprida sastisfatoriamente no ano de,meta_foi_cumprida_sastisfatoriamente_no_ano_de,2024.0,2024,,"{'page_number': 196, 'left': 288.17, 'top': 215.14088732421868, 'right': 523.5646400000002, 'bottom': 206.20748268333472, 'coord_origin': 'BOTTOMLEFT'}",text_heuristic
b9bc285e-e792-58b2-84fb-e05b72bc5528,c11b9579-45d1-58de-af90-2c8b6bc73152,197,f71772ec-c1f9-5764-ab69-eb16be9e525b,Meta: 05CO - Aumentar o percentual de atendimento de denúncias de trabalho análogo ao de escravo e de tráfico de pessoas,Meta prevista para 2024,meta_prevista_para_2024,80.0,80,,"{'page_number': 197, 'left': 99.744, 'top': 483.6308873242187, 'right': 229.71771999999999, 'bottom': 474.6974826833347, 'coord_origin': 'BOTTOMLEFT'}",text_heuristic
0d417007-ffe1-58ab-baa0-2f8b2bbcc954,c11b9579-45d1-58de-af90-2c8b6bc73152,197,f71772ec-c1f9-5764-ab69-eb16be9e525b,Meta: 05CO - Aumentar o percentual de atendimento de denúncias de trabalho análogo ao de escravo e de tráfico de pessoas,Meta prevista para 2025,meta_prevista_para_2025,90.0,90,,"{'page_number': 197, 'left': 99.744, 'top': 472.1108873242187, 'right': 229.71771999999999, 'bottom': 463.17748268333474, 'coord_origin': 'BOTTOMLEFT'}",text_heuristic
00a353cc-6f3b-56a5-aab9-c2f0b2d59179,c11b9579-45d1-58de-af90-2c8b6bc73152,197,f71772ec-c1f9-5764-ab69-eb16be9e525b,Meta: 05CO - Aumentar o percentual de atendimento de denúncias de trabalho análogo ao de escravo e de tráfico de pessoas,Meta prevista para 2026,meta_prevista_para_2026,100.0,100,,"{'page_number': 197, 'left': 99.744, 'top': 460.59088732421867, 'right': 235.23767999999998, 'bottom': 451.6574826833347, 'coord_origin': 'BOTTOMLEFT'}",text_heuristic
e66f61e5-5321-5605-95f6-dea9753ea601,c11b9579-45d1-58de-af90-2c8b6bc73152,197,f71772ec-c1f9-5764-ab69-eb16be9e525b,Meta: 05CO - Aumentar o percentual de atendimento de denúncias de trabalho análogo ao de escravo e de tráfico de pessoas,Meta prevista para,meta_prevista_para,2027.0,2027,,"{'page_number': 197, 'left': 99.744, 'top': 449.0708873242187, 'right': 218.45723999999987, 'bottom': 440.1374826833347, 'coord_origin': 'BOTTOMLEFT'}",text_heuristic
63facf3e-a8c8-5495-9beb-ba7e9f109dae,c11b9579-45d1-58de-af90-2c8b6bc73152,197,b4f748d6-48f6-5bfa-975d-62f5ec699470,Informações do Monitoramento,Meta prevista para 2024,meta_prevista_para_2024,100.0,100,,"{'page_number': 197, 'left': 99.744, 'top': 74.11488732421867, 'right': 235.23767999999998, 'bottom': 65.1814826833347, 'coord_origin': 'BOTTOMLEFT'}",text_heuristic
505892e3-4179-5ec0-a7f0-bd3b51119138,c11b9579-45d1-58de-af90-2c8b6bc73152,197,b4f748d6-48f6-5bfa-975d-62f5ec699470,Informações do Monitoramento,Meta prevista para 2025,meta_prevista_para_2025,100.0,100,,"{'page_number': 197, 'left': 99.744, 'top': 62.59488732421869, 'right': 235.23767999999998, 'bottom': 53.661482683334725, 'coord_origin': 'BOTTOMLEFT'}",text_heuristic
e06d97c6-8c8a-59d5-bd5f-157e8b921c1d,c11b9579-45d1-58de-af90-2c8b6bc73152,198,8efa4931-f34f-5036-b932-f225beeb51d4,Informações do Monitoramento,Meta prevista para,meta_prevista_para,2026.0,2026,,"{'page_number': 198, 'left': 99.744, 'top': 548.2108873242188, 'right': 218.45723999999987, 'bottom': 539.2774826833347, 'coord_origin': 'BOTTOMLEFT'}",text_heuristic
4f368142-76c8-58a5-a0a3-b70cceabd6cf,c11b9579-45d1-58de-af90-2c8b6bc73152,198,8efa4931-f34f-5036-b932-f225beeb51d4,Informações do Monitoramento,Meta prevista para,meta_prevista_para,2027.0,2027,,"{'page_number': 198, 'left': 99.744, 'top': 536.6708873242187, 'right': 218.45723999999987, 'bottom': 527.7374826833346, 'coord_origin': 'BOTTOMLEFT'}",text_heuristic
9d2ce8a4-2e5c-5dae-ae89-bb7298029c46,c11b9579-45d1-58de-af90-2c8b6bc73152,198,8efa4931-f34f-5036-b932-f225beeb51d4,Informações do Monitoramento,Ministério do Trabalho e Emprego,ministerio_do_trabalho_e_emprego,40000.0,40000,,"{'page_number': 198, 'left': 192.26, 'top': 302.8808873242187, 'right': 379.3759999999999, 'bottom': 293.9474826833347, 'coord_origin': 'BOTTOMLEFT'}",text_heuristic
8636e546-009e-5a42-b7bb-4617a83637ea,c11b9579-45d1-58de-af90-2c8b6bc73152,199,f67cc730-bd10-58f7-a228-0ad76cb91dc4,Informações do Monitoramento,Ministério do Trabalho e Emprego,ministerio_do_trabalho_e_emprego,40000.0,40000,,"{'page_number': 199, 'left': 192.26, 'top': 531.7508873242188, 'right': 379.3759999999999, 'bottom': 522.8174826833347, 'coord_origin': 'BOTTOMLEFT'}",text_heuristic
e3f168a9-c081-5100-a675-72f04416d4e5,c11b9579-45d1-58de-af90-2c8b6bc73152,199,f67cc730-bd10-58f7-a228-0ad76cb91dc4,Informações do Monitoramento,Órgão Responsável: - Ministério do Trabalho e Emprego,orgao_responsavel_ministerio_do_trabalho_e_emprego,40000.0,40000,,"{'page_number': 199, 'left': 77.28, 'top': 272.5008873242187, 'right': 364.3759999999999, 'bottom': 263.56748268333473, 'coord_origin': 'BOTTOMLEFT'}",text_heuristic
e883bb33-842a-5459-b6d1-a0f840c08141,c11b9579-45d1-58de-af90-2c8b6bc73152,200,c8f77452-d06f-5371-96fa-9c7828cf12c9,Informações do Monitoramento,Meta prevista para,meta_prevista_para,2024.0,2024,,"{'page_number': 200, 'left': 92.304, 'top': 394.9208873242187, 'right': 211.0172399999999, 'bottom': 385.98748268333475, 'coord_origin': 'BOTTOMLEFT'}",text_heuristic
d5e28159-fb63-5b23-8745-f69ad892307b,c11b9579-45d1-58de-af90-2c8b6bc73152,200,c8f77452-d06f-5371-96fa-9c7828cf12c9,Informações do Monitoramento,Meta prevista para 2025,meta_prevista_para_2025,5248.0,5.248,,"{'page_number': 200, 'left': 92.304, 'top': 383.4008873242187, 'right': 236.18971999999997, 'bottom': 374.4674826833347, 'coord_origin': 'BOTTOMLEFT'}",text_heuristic
8d952938-ecdf-56c5-b7e8-390fae6de1d0,c11b9579-45d1-58de-af90-2c8b6bc73152,200,c8f77452-d06f-5371-96fa-9c7828cf12c9,Informações do Monitoramento,Meta prevista para,meta_prevista_para,2026.0,2026,,"{'page_number': 200, 'left': 92.304, 'top': 371.8808873242187, 'right': 211.0172399999999, 'bottom': 362.9474826833347, 'coord_origin': 'BOTTOMLEFT'}",text_heuristic
d2b77f22-5d81-5f45-b420-12fa807ee7d4,c11b9579-45d1-58de-af90-2c8b6bc73152,200,c8f77452-d06f-5371-96fa-9c7828cf12c9,Informações do Monitoramento,Meta prevista para,meta_prevista_para,2027.0,2027,,"{'page_number': 200, 'left': 92.304, 'top': 360.3608873242187, 'right': 211.0172399999999, 'bottom': 351.42748268333474, 'coord_origin': 'BOTTOMLEFT'}",text_heuristic
5f7887c2-b497-5215-8e13-3c27b911ba33,c11b9579-45d1-58de-af90-2c8b6bc73152,203,7d32bb39-a34b-5879-a832-eac98f2627c6,"Entrega: 1490 - Presença fiscal no combate à discriminação, assédio e violência no trabalho intensificada",Meta prevista para,meta_prevista_para,2024.0,2024,,"{'page_number': 203, 'left': 99.744, 'top': 193.0608873242187, 'right': 218.45723999999987, 'bottom': 184.12748268333473, 'coord_origin': 'BOTTOMLEFT'}",text_heuristic
0cec5189-9b19-564c-a3d4-f043de748fea,c11b9579-45d1-58de-af90-2c8b6bc73152,203,7d32bb39-a34b-5879-a832-eac98f2627c6,"Entrega: 1490 - Presença fiscal no combate à discriminação, assédio e violência no trabalho intensificada",Meta prevista para 2025,meta_prevista_para_2025,6765.0,6.765,,"{'page_number': 203, 'left': 99.744, 'top': 181.54088732421872, 'right': 243.62971999999996, 'bottom': 172.60748268333475, 'coord_origin': 'BOTTOMLEFT'}",text_heuristic
033b0a16-7838-53e2-9f7d-784d7b3bdc1c,c11b9579-45d1-58de-af90-2c8b6bc73152,203,7d32bb39-a34b-5879-a832-eac98f2627c6,"Entrega: 1490 - Presença fiscal no combate à discriminação, assédio e violência no trabalho intensificada",Meta prevista para,meta_prevista_para,2026.0,2026,,"{'page_number': 203, 'left': 99.744, 'top': 170.02088732421873, 'right': 218.45723999999987, 'bottom': 161.08748268333477, 'coord_origin': 'BOTTOMLEFT'}",text_heuristic
5743b372-7df3-5647-ad2f-af9898d58d68,c11b9579-45d1-58de-af90-2c8b6bc73152,203,7d32bb39-a34b-5879-a832-eac98f2627c6,"Entrega: 1490 - Presença fiscal no combate à discriminação, assédio e violência no trabalho intensificada",Meta prevista para,meta_prevista_para,2027.0,2027,,"{'page_number': 203, 'left': 99.744, 'top': 158.47088732421867, 'right': 218.45723999999987, 'bottom': 149.5374826833347, 'coord_origin': 'BOTTOMLEFT'}",text_heuristic
fb1848b4-a6b7-5834-9857-4ee1062a330a,c11b9579-45d1-58de-af90-2c8b6bc73152,207,37b122cf-86f1-5fe6-96c7-2745a5bb2d8a,Informações do Monitoramento,Meta prevista para 2024,meta_prevista_para_2024,6.0,6,,"{'page_number': 207, 'left': 99.744, 'top': 448.2308873242187, 'right': 224.19776, 'bottom': 439.29748268333475, 'coord_origin': 'BOTTOMLEFT'}",text_heuristic
bea45f3e-45c5-52f7-9b3e-7d078eead084,c11b9579-45d1-58de-af90-2c8b6bc73152,207,37b122cf-86f1-5fe6-96c7-2745a5bb2d8a,Informações do Monitoramento,Meta prevista para 2025,meta_prevista_para_2025,10.0,10,,"{'page_number': 207, 'left': 99.744, 'top': 436.7108873242187, 'right': 229.71771999999999, 'bottom': 427.7774826833347, 'coord_origin': 'BOTTOMLEFT'}",text_heuristic
6652bc05-9590-5ac5-af4a-2d70e302e67d,c11b9579-45d1-58de-af90-2c8b6bc73152,207,37b122cf-86f1-5fe6-96c7-2745a5bb2d8a,Informações do Monitoramento,Meta prevista para 2026,meta_prevista_para_2026,20.0,20,,"{'page_number': 207, 'left': 99.744, 'top': 425.1908873242187, 'right': 229.71771999999999, 'bottom': 416.25748268333473, 'coord_origin': 'BOTTOMLEFT'}",text_heuristic
f856e31c-ddcb-502a-9501-9a7d054cda0a,c11b9579-45d1-58de-af90-2c8b6bc73152,207,37b122cf-86f1-5fe6-96c7-2745a5bb2d8a,Informações do Monitoramento,Meta prevista para 2027,meta_prevista_para_2027,24.0,24,,"{'page_number': 207, 'left': 99.744, 'top': 413.6708873242187, 'right': 229.71771999999999, 'bottom': 404.73748268333475, 'coord_origin': 'BOTTOMLEFT'}",text_heuristic
399a583e-76d1-58b9-8822-b0f09cffdb0e,c11b9579-45d1-58de-af90-2c8b6bc73152,207,37b122cf-86f1-5fe6-96c7-2745a5bb2d8a,Informações do Monitoramento,Órgão Responsável: - Ministério do Trabalho e Emprego,orgao_responsavel_ministerio_do_trabalho_e_emprego,40000.0,40000,,"{'page_number': 207, 'left': 92.304, 'top': 156.79088732421872, 'right': 379.3759999999999, 'bottom': 147.85748268333475, 'coord_origin': 'BOTTOMLEFT'}",text_heuristic
b8db2b04-eff4-59c4-8ebe-e15e8b22e0f6,c11b9579-45d1-58de-af90-2c8b6bc73152,208,9a332f3f-f312-5d39-9879-b8647f2ab902,Informações do Monitoramento,Ministério do Trabalho e Emprego,ministerio_do_trabalho_e_emprego,40000.0,40000,,"{'page_number': 208, 'left': 192.26, 'top': 344.1608873242187, 'right': 379.3759999999999, 'bottom': 335.22748268333476, 'coord_origin': 'BOTTOMLEFT'}",text_heuristic
e4038815-3a79-50f4-9ae3-4e58c7ca4f09,c11b9579-45d1-58de-af90-2c8b6bc73152,209,0e221889-dcb0-5113-a761-fe65a7b1ac75,Objetivo Específico: 0139 - Assegurar a dignidade no trabalho das trabalhadoras domésticas,Ministério do Trabalho e Emprego,ministerio_do_trabalho_e_emprego,40000.0,40000,,"{'page_number': 209, 'left': 192.26, 'top': 504.2708873242187, 'right': 379.3759999999999, 'bottom': 495.3374826833347, 'coord_origin': 'BOTTOMLEFT'}",text_heuristic
ef7170b1-6cc3-5aee-a098-912faae5e9c7,c11b9579-45d1-58de-af90-2c8b6bc73152,209,0e221889-dcb0-5113-a761-fe65a7b1ac75,Objetivo Específico: 0139 - Assegurar a dignidade no trabalho das trabalhadoras domésticas,Órgão Responsável: - Ministério do Trabalho e Emprego,orgao_responsavel_ministerio_do_trabalho_e_emprego,40000.0,40000,,"{'page_number': 209, 'left': 77.28, 'top': 180.58088732421868, 'right': 364.3759999999999, 'bottom': 171.64748268333472, 'coord_origin': 'BOTTOMLEFT'}",text_heuristic
0303cbc5-39d8-5c5f-ad3f-c7495f137693,c11b9579-45d1-58de-af90-2c8b6bc73152,210,b2198be9-5bd5-5ccb-b820-b102e4633db9,Indicador: 10722 - Percentual de regularização das infrações mais recorrentes no trabalho doméstico Meta: 05I0 - Aumentar a regularização das infrações mais recorrentes no trabalho doméstico,Meta prevista para,meta_prevista_para,2024.0,2024,,"{'page_number': 210, 'left': 92.304, 'top': 121.15088732421873, 'right': 211.0172399999999, 'bottom': 112.21748268333471, 'coord_origin': 'BOTTOMLEFT'}",text_heuristic
95ffe521-2396-5ef2-8dd1-9f9bec51e7b3,c11b9579-45d1-58de-af90-2c8b6bc73152,210,b2198be9-5bd5-5ccb-b820-b102e4633db9,Indicador: 10722 - Percentual de regularização das infrações mais recorrentes no trabalho doméstico Meta: 05I0 - Aumentar a regularização das infrações mais recorrentes no trabalho doméstico,Meta prevista para,meta_prevista_para,2025.0,2025,,"{'page_number': 210, 'left': 92.304, 'top': 109.63088732421869, 'right': 211.0172399999999, 'bottom': 100.69748268333473, 'coord_origin': 'BOTTOMLEFT'}",text_heuristic
ef601faf-2162-5844-ae29-241b7be63a47,c11b9579-45d1-58de-af90-2c8b6bc73152,210,b2198be9-5bd5-5ccb-b820-b102e4633db9,Indicador: 10722 - Percentual de regularização das infrações mais recorrentes no trabalho doméstico Meta: 05I0 - Aumentar a regularização das infrações mais recorrentes no trabalho doméstico,Meta prevista para,meta_prevista_para,2026.0,2026,,"{'page_number': 210, 'left': 92.304, 'top': 98.23488732421868, 'right': 211.0172399999999, 'bottom': 89.30148268333471, 'coord_origin': 'BOTTOMLEFT'}",text_heuristic
98a849b3-71f2-5907-a22f-c213dc69fabd,c11b9579-45d1-58de-af90-2c8b6bc73152,210,b2198be9-5bd5-5ccb-b820-b102e4633db9,Indicador: 10722 - Percentual de regularização das infrações mais recorrentes no trabalho doméstico Meta: 05I0 - Aumentar a regularização das infrações mais recorrentes no trabalho doméstico,Meta prevista para,meta_prevista_para,2027.0,2027,,"{'page_number': 210, 'left': 92.304, 'top': 86.7148873242187, 'right': 211.0172399999999, 'bottom': 77.78148268333473, 'coord_origin': 'BOTTOMLEFT'}",text_heuristic
7c5e0999-4c8e-59b2-bec0-df312016af4e,c11b9579-45d1-58de-af90-2c8b6bc73152,214,8a749d91-aee1-5754-b8d2-354d30ecdb19,Informações do Monitoramento,Meta prevista para 2024,meta_prevista_para_2024,80.0,80,,"{'page_number': 214, 'left': 99.744, 'top': 420.6308873242187, 'right': 229.71771999999999, 'bottom': 411.6974826833347, 'coord_origin': 'BOTTOMLEFT'}",text_heuristic
069ae2b1-f60b-53db-8c5e-82f4150c2bda,c11b9579-45d1-58de-af90-2c8b6bc73152,214,8a749d91-aee1-5754-b8d2-354d30ecdb19,Informações do Monitoramento,Meta prevista para 2025,meta_prevista_para_2025,90.0,90,,"{'page_number': 214, 'left': 99.744, 'top': 409.0808873242187, 'right': 229.71771999999999, 'bottom': 400.1474826833347, 'coord_origin': 'BOTTOMLEFT'}",text_heuristic
1906e164-6cfe-548b-8158-8002377cdb24,c11b9579-45d1-58de-af90-2c8b6bc73152,214,8a749d91-aee1-5754-b8d2-354d30ecdb19,Informações do Monitoramento,Meta prevista para 2026,meta_prevista_para_2026,100.0,100,,"{'page_number': 214, 'left': 99.744, 'top': 397.5608873242187, 'right': 235.23767999999998, 'bottom': 388.62748268333473, 'coord_origin': 'BOTTOMLEFT'}",text_heuristic
1656d9a7-43ae-5a08-b273-c93e76506616,c11b9579-45d1-58de-af90-2c8b6bc73152,214,8a749d91-aee1-5754-b8d2-354d30ecdb19,Informações do Monitoramento,Meta prevista para,meta_prevista_para,2027.0,2027,,"{'page_number': 214, 'left': 99.744, 'top': 386.0408873242187, 'right': 218.45723999999987, 'bottom': 377.10748268333475, 'coord_origin': 'BOTTOMLEFT'}",text_heuristic
76c95d87-7144-5fcd-8f66-5fec3ca422df,c11b9579-45d1-58de-af90-2c8b6bc73152,214,755189e7-cb80-5bf0-9338-7385e60596b6,Entrega: 1586 - Campanha Nacional pelo Trabalho Doméstico Decente - CNTD,Entrega: - Campanha Nacional pelo Trabalho Doméstico Decente - CNTD,entrega_campanha_nacional_pelo_trabalho_domestico_decente_cntd,1586.0,1586,,"{'page_number': 214, 'left': 88.56, 'top': 158.87600732421868, 'right': 533.482, 'bottom': 148.11286920267173, 'coord_origin': 'BOTTOMLEFT'}",text_heuristic
2dc21ede-a131-5e60-80b1-8f3c0d713038,c11b9579-45d1-58de-af90-2c8b6bc73152,214,755189e7-cb80-5bf0-9338-7385e60596b6,Entrega: 1586 - Campanha Nacional pelo Trabalho Doméstico Decente - CNTD,Meta: ID - Realizar Campanha Nacional pelo Trabalho Doméstico Decente,meta_id_realizar_campanha_nacional_pelo_trabalho_domestico_decente,5.0,05,,"{'page_number': 214, 'left': 96.024, 'top': 91.4400073242187, 'right': 527.4680000000004, 'bottom': 80.6768692026717, 'coord_origin': 'BOTTOMLEFT'}",text_heuristic
d3092c77-e23f-5761-9e28-2de39fcddf95,c11b9579-45d1-58de-af90-2c8b6bc73152,215,c00ef9d5-de9f-5c20-a61e-4e1a0c844376,Informações do Monitoramento,Meta prevista para 2024,meta_prevista_para_2024,8.0,8,,"{'page_number': 215, 'left': 99.744, 'top': 531.7508873242188, 'right': 224.19776, 'bottom': 522.8174826833347, 'coord_origin': 'BOTTOMLEFT'}",text_heuristic
40c6fc34-8b56-5da5-ab17-f587aa349468,c11b9579-45d1-58de-af90-2c8b6bc73152,215,c00ef9d5-de9f-5c20-a61e-4e1a0c844376,Informações do Monitoramento,Meta prevista para 2025,meta_prevista_para_2025,16.0,16,,"{'page_number': 215, 'left': 99.744, 'top': 520.2308873242188, 'right': 229.71771999999999, 'bottom': 511.29748268333475, 'coord_origin': 'BOTTOMLEFT'}",text_heuristic
b06948d5-6a62-5376-a2e8-6d9abfe9358a,c11b9579-45d1-58de-af90-2c8b6bc73152,215,c00ef9d5-de9f-5c20-a61e-4e1a0c844376,Informações do Monitoramento,Meta prevista para 2026,meta_prevista_para_2026,24.0,24,,"{'page_number': 215, 'left': 99.744, 'top': 508.7108873242187, 'right': 229.71771999999999, 'bottom': 499.7774826833347, 'coord_origin': 'BOTTOMLEFT'}",text_heuristic
12a1d4a0-e279-55b7-a2d4-c25a2eb78542,c11b9579-45d1-58de-af90-2c8b6bc73152,215,c00ef9d5-de9f-5c20-a61e-4e1a0c844376,Informações do Monitoramento,Meta prevista para,meta_prevista_para,2027.0,2027,,"{'page_number': 215, 'left': 99.744, 'top': 497.1908873242187, 'right': 218.45723999999987, 'bottom': 488.25748268333473, 'coord_origin': 'BOTTOMLEFT'}",text_heuristic
95b00193-4772-512b-8dba-d42fd4cf2588,c11b9579-45d1-58de-af90-2c8b6bc73152,216,5f385a1e-43e5-5486-ad4e-3f18494f0ad0,Informações do Monitoramento,Meta prevista para 2024,meta_prevista_para_2024,35.0,35,,"{'page_number': 216, 'left': 99.744, 'top': 515.6708873242187, 'right': 229.71771999999999, 'bottom': 506.73748268333475, 'coord_origin': 'BOTTOMLEFT'}",text_heuristic
1968016c-b1f0-523b-b174-952bce8e1a6f,c11b9579-45d1-58de-af90-2c8b6bc73152,216,5f385a1e-43e5-5486-ad4e-3f18494f0ad0,Informações do Monitoramento,Meta prevista para 2025,meta_prevista_para_2025,38.0,38,,"{'page_number': 216, 'left': 99.744, 'top': 504.2708873242187, 'right': 229.71771999999999, 'bottom': 495.3374826833347, 'coord_origin': 'BOTTOMLEFT'}",text_heuristic
f669b480-bc31-5798-b090-6858911a3c24,c11b9579-45d1-58de-af90-2c8b6bc73152,216,5f385a1e-43e5-5486-ad4e-3f18494f0ad0,Informações do Monitoramento,Meta prevista para 2026,meta_prevista_para_2026,41.0,41,,"{'page_number': 216, 'left': 99.744, 'top': 492.7508873242187, 'right': 229.71771999999999, 'bottom': 483.81748268333473, 'coord_origin': 'BOTTOMLEFT'}",text_heuristic
558c1098-0d0c-587b-82f6-1fcf6810d022,c11b9579-45d1-58de-af90-2c8b6bc73152,216,5f385a1e-43e5-5486-ad4e-3f18494f0ad0,Informações do Monitoramento,Meta prevista para,meta_prevista_para,2027.0,2027,,"{'page_number': 216, 'left': 99.744, 'top': 481.2308873242187, 'right': 218.45723999999987, 'bottom': 472.29748268333475, 'coord_origin': 'BOTTOMLEFT'}",text_heuristic
dcf5c5e6-7020-55a0-8574-b4be16c8d923,c11b9579-45d1-58de-af90-2c8b6bc73152,220,47fd9baf-e200-53d0-aaed-7b0f4da51f1a,Medida Institucional Normativa: 0782 - Elaborar Normas Regulamentadoras sobre a segurança e saúde no trabalho doméstico.,Assegurar a dignidade no trabalho das trabalhadoras domésticas,assegurar_a_dignidade_no_trabalho_das_trabalhadoras_domesticas,139.0,0139,,"{'page_number': 220, 'left': 191.18, 'top': 321.2408873242187, 'right': 511.1701999999999, 'bottom': 312.30748268333474, 'coord_origin': 'BOTTOMLEFT'}",text_heuristic
517d3d80-c5a5-52a7-93ea-070a76b2159f,c11b9579-45d1-58de-af90-2c8b6bc73152,220,47fd9baf-e200-53d0-aaed-7b0f4da51f1a,Medida Institucional Normativa: 0782 - Elaborar Normas Regulamentadoras sobre a segurança e saúde no trabalho doméstico.,Ministério do Trabalho e Emprego,ministerio_do_trabalho_e_emprego,40000.0,40000,,"{'page_number': 220, 'left': 192.26, 'top': 309.7208873242187, 'right': 379.3759999999999, 'bottom': 300.78748268333476, 'coord_origin': 'BOTTOMLEFT'}",text_heuristic
ae509b6a-f718-524e-a164-508a8f1e0352,c11b9579-45d1-58de-af90-2c8b6bc73152,221,5171567c-64f5-50c6-a902-0d0cbec90ea9,Objetivo Específico: 0143 - Ampliar a inclusão de jovens na aprendizagem profissional de qualidade,Assegurar a dignidade no trabalho das trabalhadoras domésticas,assegurar_a_dignidade_no_trabalho_das_trabalhadoras_domesticas,139.0,0139,,"{'page_number': 221, 'left': 191.18, 'top': 436.3508873242187, 'right': 511.1701999999999, 'bottom': 427.41748268333475, 'coord_origin': 'BOTTOMLEFT'}",text_heuristic
f04db37b-e907-5f80-b9f3-ef2161abc82e,c11b9579-45d1-58de-af90-2c8b6bc73152,221,5171567c-64f5-50c6-a902-0d0cbec90ea9,Objetivo Específico: 0143 - Ampliar a inclusão de jovens na aprendizagem profissional de qualidade,Ministério do Trabalho e Emprego,ministerio_do_trabalho_e_emprego,40000.0,40000,,"{'page_number': 221, 'left': 192.26, 'top': 424.7108873242187, 'right': 379.3759999999999, 'bottom': 415.7774826833347, 'coord_origin': 'BOTTOMLEFT'}",text_heuristic
ca75a294-2858-58eb-b256-fccf1dde0e5a,c11b9579-45d1-58de-af90-2c8b6bc73152,221,5171567c-64f5-50c6-a902-0d0cbec90ea9,Objetivo Específico: 0143 - Ampliar a inclusão de jovens na aprendizagem profissional de qualidade,Órgão Responsável: - Ministério do Trabalho e Emprego,orgao_responsavel_ministerio_do_trabalho_e_emprego,40000.0,40000,,"{'page_number': 221, 'left': 77.28, 'top': 66.55488732421873, 'right': 364.3759999999999, 'bottom': 57.62148268333476, 'coord_origin': 'BOTTOMLEFT'}",text_heuristic
2519a534-2879-5982-9513-f5ab6b646207,c11b9579-45d1-58de-af90-2c8b6bc73152,222,71232f63-bf2a-5636-a833-2b818655dcc3,Informações do Monitoramento,Meta prevista para,meta_prevista_para,2024.0,2024,,"{'page_number': 222, 'left': 92.304, 'top': 291.84088732421867, 'right': 211.0172399999999, 'bottom': 282.9074826833347, 'coord_origin': 'BOTTOMLEFT'}",text_heuristic
bc0c4ec2-5dd0-52e1-b059-9adad8781c0a,c11b9579-45d1-58de-af90-2c8b6bc73152,222,71232f63-bf2a-5636-a833-2b818655dcc3,Informações do Monitoramento,Meta prevista para,meta_prevista_para,2025.0,2025,,"{'page_number': 222, 'left': 92.304, 'top': 280.3008873242187, 'right': 211.0172399999999, 'bottom': 271.36748268333474, 'coord_origin': 'BOTTOMLEFT'}",text_heuristic
6bf923a7-77bd-5440-8f3e-a3a8964f794a,c11b9579-45d1-58de-af90-2c8b6bc73152,222,71232f63-bf2a-5636-a833-2b818655dcc3,Informações do Monitoramento,Meta prevista para,meta_prevista_para,2026.0,2026,,"{'page_number': 222, 'left': 92.304, 'top': 268.78088732421867, 'right': 211.0172399999999, 'bottom': 259.8474826833347, 'coord_origin': 'BOTTOMLEFT'}",text_heuristic
9c743431-3092-505c-8dbd-88cb81525815,c11b9579-45d1-58de-af90-2c8b6bc73152,222,71232f63-bf2a-5636-a833-2b818655dcc3,Informações do Monitoramento,Meta prevista para,meta_prevista_para,2027.0,2027,,"{'page_number': 222, 'left': 92.304, 'top': 257.2608873242187, 'right': 211.0172399999999, 'bottom': 248.32748268333472, 'coord_origin': 'BOTTOMLEFT'}",text_heuristic
e4c26c9b-fdd1-578b-b36c-49f31dcd8bf2,c11b9579-45d1-58de-af90-2c8b6bc73152,223,c4b3e95d-2fc0-59db-8dbd-fe8bcf502ff7,Informações do Monitoramento,Meta prevista para 2024,meta_prevista_para_2024,1500.0,1.500,,"{'page_number': 223, 'left': 99.744, 'top': 448.2308873242187, 'right': 243.62971999999996, 'bottom': 439.29748268333475, 'coord_origin': 'BOTTOMLEFT'}",text_heuristic
411f1e6f-f07f-5421-bfd1-e5cab3afeb7c,c11b9579-45d1-58de-af90-2c8b6bc73152,223,c4b3e95d-2fc0-59db-8dbd-fe8bcf502ff7,Informações do Monitoramento,Meta prevista para 2025,meta_prevista_para_2025,2000.0,2.000,,"{'page_number': 223, 'left': 99.744, 'top': 436.7108873242187, 'right': 243.62971999999996, 'bottom': 427.7774826833347, 'coord_origin': 'BOTTOMLEFT'}",text_heuristic
a04460f8-7dd1-546d-9bd8-09e76e38fb8b,c11b9579-45d1-58de-af90-2c8b6bc73152,223,c4b3e95d-2fc0-59db-8dbd-fe8bcf502ff7,Informações do Monitoramento,Meta prevista para 2026,meta_prevista_para_2026,2500.0,2.500,,"{'page_number': 223, 'left': 99.744, 'top': 425.1908873242187, 'right': 243.62971999999996, 'bottom': 416.25748268333473, 'coord_origin': 'BOTTOMLEFT'}",text_heuristic
d766cf42-1093-5036-a143-63c0fb4e4b38,c11b9579-45d1-58de-af90-2c8b6bc73152,223,c4b3e95d-2fc0-59db-8dbd-fe8bcf502ff7,Informações do Monitoramento,Meta prevista para 2027,meta_prevista_para_2027,2500.0,2.500,,"{'page_number': 223, 'left': 99.744, 'top': 413.6708873242187, 'right': 243.62971999999996, 'bottom': 404.73748268333475, 'coord_origin': 'BOTTOMLEFT'}",text_heuristic
66aff323-ad07-503a-aee2-8d0f9f40bfc3,c11b9579-45d1-58de-af90-2c8b6bc73152,224,63727872-e8ca-509c-b285-08016cb57187,PROGRAMA: 2316 - RELAÇÕES INTERNACIONAIS E ASSISTÊNCIA A BRASILEIRAS E BRASILEIROS NO EXTERIOR,Órgão Responsável: - Ministério das Relações Exteriores,orgao_responsavel_ministerio_das_relacoes_exteriores,35000.0,35000,,"{'page_number': 224, 'left': 77.28, 'top': 412.4408873242187, 'right': 367.76240000000007, 'bottom': 403.50748268333473, 'coord_origin': 'BOTTOMLEFT'}",text_heuristic
ac054598-7767-5f66-867e-63ead08997a3,c11b9579-45d1-58de-af90-2c8b6bc73152,225,de2b540f-cfa5-5964-996b-2cc7482b173f,Informações do Monitoramento,Meta prevista para 2024,meta_prevista_para_2024,3.0,3,,"{'page_number': 225, 'left': 92.304, 'top': 515.6708873242187, 'right': 216.75776, 'bottom': 506.73748268333475, 'coord_origin': 'BOTTOMLEFT'}",text_heuristic
bbeb117c-c716-522e-9351-a83f2f1a0451,c11b9579-45d1-58de-af90-2c8b6bc73152,225,de2b540f-cfa5-5964-996b-2cc7482b173f,Informações do Monitoramento,Meta prevista para 2025,meta_prevista_para_2025,3.0,3,,"{'page_number': 225, 'left': 92.304, 'top': 504.2708873242187, 'right': 216.75776, 'bottom': 495.3374826833347, 'coord_origin': 'BOTTOMLEFT'}",text_heuristic
6181b65c-a559-5bb4-84ba-b5f78ad8c00e,c11b9579-45d1-58de-af90-2c8b6bc73152,225,de2b540f-cfa5-5964-996b-2cc7482b173f,Informações do Monitoramento,Meta prevista para 2026,meta_prevista_para_2026,3.0,3,,"{'page_number': 225, 'left': 92.304, 'top': 492.7508873242187, 'right': 216.75776, 'bottom': 483.81748268333473, 'coord_origin': 'BOTTOMLEFT'}",text_heuristic
63246069-e7eb-5f42-a996-ed9ecad5a501,c11b9579-45d1-58de-af90-2c8b6bc73152,225,de2b540f-cfa5-5964-996b-2cc7482b173f,Informações do Monitoramento,Meta prevista para,meta_prevista_para,2027.0,2027,,"{'page_number': 225, 'left': 92.304, 'top': 481.2308873242187, 'right': 211.0172399999999, 'bottom': 472.29748268333475, 'coord_origin': 'BOTTOMLEFT'}",text_heuristic
92600f58-235d-56a2-8260-52d52fb201a8,c11b9579-45d1-58de-af90-2c8b6bc73152,225,de2b540f-cfa5-5964-996b-2cc7482b173f,Informações do Monitoramento,Ministério das Relações Exteriores,ministerio_das_relacoes_exteriores,35000.0,35000,,"{'page_number': 225, 'left': 177.26, 'top': 307.0808873242187, 'right': 367.76240000000007, 'bottom': 298.1474826833347, 'coord_origin': 'BOTTOMLEFT'}",text_heuristic
a4c48c66-d7a9-58b1-88e8-1ab70b0961a8,c11b9579-45d1-58de-af90-2c8b6bc73152,226,e6ce1eea-2952-54ad-b5ad-baaa4b724a88,Indicador: 9616 - Número de bolsas concedidas Meta: 0595 - Número de bolsas concedidas,Meta prevista para 2024,meta_prevista_para_2024,60.0,60,,"{'page_number': 226, 'left': 99.744, 'top': 161.71088732421867, 'right': 229.71771999999999, 'bottom': 152.7774826833347, 'coord_origin': 'BOTTOMLEFT'}",text_heuristic
07a0f4da-379c-5e5a-9536-a620c26efaca,c11b9579-45d1-58de-af90-2c8b6bc73152,226,e6ce1eea-2952-54ad-b5ad-baaa4b724a88,Indicador: 9616 - Número de bolsas concedidas Meta: 0595 - Número de bolsas concedidas,Meta prevista para 2025,meta_prevista_para_2025,60.0,60,,"{'page_number': 226, 'left': 99.744, 'top': 150.1908873242187, 'right': 229.71771999999999, 'bottom': 141.25748268333473, 'coord_origin': 'BOTTOMLEFT'}",text_heuristic
ea8dc3c3-3da8-5f6c-8893-962da2a4330f,c11b9579-45d1-58de-af90-2c8b6bc73152,226,e6ce1eea-2952-54ad-b5ad-baaa4b724a88,Indicador: 9616 - Número de bolsas concedidas Meta: 0595 - Número de bolsas concedidas,Meta prevista para 2026,meta_prevista_para_2026,60.0,60,,"{'page_number': 226, 'left': 99.744, 'top': 138.6708873242187, 'right': 229.71771999999999, 'bottom': 129.73748268333475, 'coord_origin': 'BOTTOMLEFT'}",text_heuristic
0b72b974-3e88-5661-98eb-b6fb1be457a0,c11b9579-45d1-58de-af90-2c8b6bc73152,226,e6ce1eea-2952-54ad-b5ad-baaa4b724a88,Indicador: 9616 - Número de bolsas concedidas Meta: 0595 - Número de bolsas concedidas,Meta prevista para 2027,meta_prevista_para_2027,60.0,60,,"{'page_number': 226, 'left': 99.744, 'top': 127.15088732421873, 'right': 229.71771999999999, 'bottom': 118.21748268333471, 'coord_origin': 'BOTTOMLEFT'}",text_heuristic
a7a6913c-9cdf-5d7d-b000-1ed842d0303b,c11b9579-45d1-58de-af90-2c8b6bc73152,227,762d711b-90ef-5094-8cbb-f81284bad4bc,PROGRAMA: 4006 - ECONOMIA POPULAR E SOLIDÁRIA SUSTENTÁVEIS,PROGRAMA: - ECONOMIA POPULAR E SOLIDÁRIA SUSTENTÁVEIS,programa_economia_popular_e_solidaria_sustentaveis,4006.0,4006,,"{'page_number': 227, 'left': 51.0, 'top': 363.2111273242187, 'right': 540.9180800000006, 'bottom': 350.61825572200877, 'coord_origin': 'BOTTOMLEFT'}",text_heuristic
5d310b8f-98b1-5f3c-83f6-c401c1d3564a,c11b9579-45d1-58de-af90-2c8b6bc73152,227,762d711b-90ef-5094-8cbb-f81284bad4bc,PROGRAMA: 4006 - ECONOMIA POPULAR E SOLIDÁRIA SUSTENTÁVEIS,Órgão Responsável: - Ministério do Trabalho e Emprego,orgao_responsavel_ministerio_do_trabalho_e_emprego,40000.0,40000,,"{'page_number': 227, 'left': 77.28, 'top': 244.3008873242187, 'right': 364.3759999999999, 'bottom': 235.36748268333474, 'coord_origin': 'BOTTOMLEFT'}",text_heuristic
04363304-fc67-55d0-b5d2-dcecb93309dd,c11b9579-45d1-58de-af90-2c8b6bc73152,228,e07efddf-1d06-5f11-9492-a455f022cc2c,Informações do Monitoramento,Meta prevista para,meta_prevista_para,2024.0,2024,,"{'page_number': 228, 'left': 92.304, 'top': 270.7008873242187, 'right': 211.0172399999999, 'bottom': 261.7674826833347, 'coord_origin': 'BOTTOMLEFT'}",text_heuristic
830236be-0f35-5e91-95e2-27810e831771,c11b9579-45d1-58de-af90-2c8b6bc73152,228,e07efddf-1d06-5f11-9492-a455f022cc2c,Informações do Monitoramento,Meta prevista para,meta_prevista_para,2025.0,2025,,"{'page_number': 228, 'left': 92.304, 'top': 259.1808873242187, 'right': 211.0172399999999, 'bottom': 250.24748268333474, 'coord_origin': 'BOTTOMLEFT'}",text_heuristic
20744872-f326-59a0-a1c2-3f1ec1d996e9,c11b9579-45d1-58de-af90-2c8b6bc73152,228,e07efddf-1d06-5f11-9492-a455f022cc2c,Informações do Monitoramento,Meta prevista para,meta_prevista_para,2026.0,2026,,"{'page_number': 228, 'left': 92.304, 'top': 247.66088732421872, 'right': 211.0172399999999, 'bottom': 238.72748268333476, 'coord_origin': 'BOTTOMLEFT'}",text_heuristic
f5934085-837b-5569-919e-64ada4665fb1,c11b9579-45d1-58de-af90-2c8b6bc73152,228,e07efddf-1d06-5f11-9492-a455f022cc2c,Informações do Monitoramento,Meta prevista para,meta_prevista_para,2027.0,2027,,"{'page_number': 228, 'left': 92.304, 'top': 236.14088732421868, 'right': 211.0172399999999, 'bottom': 227.20748268333472, 'coord_origin': 'BOTTOMLEFT'}",text_heuristic
f78a4ea9-2ce2-57f1-90e6-caaf4a9fa759,c11b9579-45d1-58de-af90-2c8b6bc73152,230,98e9c96d-c7cd-5aea-817a-50fb01195101,Entrega: 1752 - Integrantes dos empreendimentos de Economia Popular e Solidária formados,Meta prevista para,meta_prevista_para,2024.0,2024,,"{'page_number': 230, 'left': 99.744, 'top': 348.4808873242187, 'right': 218.45723999999987, 'bottom': 339.54748268333475, 'coord_origin': 'BOTTOMLEFT'}",text_heuristic
e3f110f4-5e92-5ccb-befe-444436ac6372,c11b9579-45d1-58de-af90-2c8b6bc73152,230,98e9c96d-c7cd-5aea-817a-50fb01195101,Entrega: 1752 - Integrantes dos empreendimentos de Economia Popular e Solidária formados,Meta prevista para,meta_prevista_para,2025.0,2025,,"{'page_number': 230, 'left': 99.744, 'top': 337.0808873242187, 'right': 218.45723999999987, 'bottom': 328.1474826833347, 'coord_origin': 'BOTTOMLEFT'}",text_heuristic
3c0963ba-2597-5dbe-bf83-30227ebbc8ff,c11b9579-45d1-58de-af90-2c8b6bc73152,230,98e9c96d-c7cd-5aea-817a-50fb01195101,Entrega: 1752 - Integrantes dos empreendimentos de Economia Popular e Solidária formados,Meta prevista para,meta_prevista_para,2026.0,2026,,"{'page_number': 230, 'left': 99.744, 'top': 325.5608873242187, 'right': 218.45723999999987, 'bottom': 316.62748268333473, 'coord_origin': 'BOTTOMLEFT'}",text_heuristic
1baa0f22-a3fd-5967-90f7-1ac14f653174,c11b9579-45d1-58de-af90-2c8b6bc73152,230,98e9c96d-c7cd-5aea-817a-50fb01195101,Entrega: 1752 - Integrantes dos empreendimentos de Economia Popular e Solidária formados,Meta prevista para,meta_prevista_para,2027.0,2027,,"{'page_number': 230, 'left': 99.744, 'top': 314.0408873242187, 'right': 218.45723999999987, 'bottom': 305.10748268333475, 'coord_origin': 'BOTTOMLEFT'}",text_heuristic
47d382eb-9092-5003-8b64-7da6870be9ba,c11b9579-45d1-58de-af90-2c8b6bc73152,232,0f9adaf1-b60b-57d2-91ba-4b10a645c7c5,Informações do Monitoramento,Meta prevista para,meta_prevista_para,2024.0,2024,,"{'page_number': 232, 'left': 99.744, 'top': 357.6008873242187, 'right': 218.45723999999987, 'bottom': 348.66748268333475, 'coord_origin': 'BOTTOMLEFT'}",text_heuristic
792f77bb-2fa3-5bd5-a73e-c28575c5ed87,c11b9579-45d1-58de-af90-2c8b6bc73152,232,0f9adaf1-b60b-57d2-91ba-4b10a645c7c5,Informações do Monitoramento,Meta prevista para 2025,meta_prevista_para_2025,500.0,500,,"{'page_number': 232, 'left': 99.744, 'top': 346.0808873242187, 'right': 235.23767999999998, 'bottom': 337.1474826833347, 'coord_origin': 'BOTTOMLEFT'}",text_heuristic
c64e2de9-ef16-522f-972c-e2b8cd9e7ce5,c11b9579-45d1-58de-af90-2c8b6bc73152,232,0f9adaf1-b60b-57d2-91ba-4b10a645c7c5,Informações do Monitoramento,Meta prevista para,meta_prevista_para,2026.0,2026,,"{'page_number': 232, 'left': 99.744, 'top': 334.6808873242187, 'right': 218.45723999999987, 'bottom': 325.74748268333474, 'coord_origin': 'BOTTOMLEFT'}",text_heuristic
b8a04650-6f2b-59c3-8283-0d2ada4ce773,c11b9579-45d1-58de-af90-2c8b6bc73152,232,0f9adaf1-b60b-57d2-91ba-4b10a645c7c5,Informações do Monitoramento,Meta prevista para,meta_prevista_para,2027.0,2027,,"{'page_number': 232, 'left': 99.744, 'top': 323.1608873242187, 'right': 218.45723999999987, 'bottom': 314.22748268333476, 'coord_origin': 'BOTTOMLEFT'}",text_heuristic
210241c6-9169-55b7-aaa7-fdc7b7c0dc9b,c11b9579-45d1-58de-af90-2c8b6bc73152,233,5c71211f-c90d-53b3-847e-25df10bc1ba1,"PROGRAMA: 5111 - EDUCAÇÃO BÁSICA DEMOCRÁTICA, COM QUALIDADE E EQUIDADE","PROGRAMA: - EDUCAÇÃO BÁSICA DEMOCRÁTICA, COM QUALIDADE E EQUIDADE",programa_educacao_basica_democratica_com_qualidade_e_equidade,5111.0,5111,,"{'page_number': 233, 'left': 51.0, 'top': 242.23112732421868, 'right': 651.9042800000004, 'bottom': 229.63825572200875, 'coord_origin': 'BOTTOMLEFT'}",text_heuristic
40aee737-09ba-577a-84e5-c8fb1c9fce03,c11b9579-45d1-58de-af90-2c8b6bc73152,233,5c71211f-c90d-53b3-847e-25df10bc1ba1,"PROGRAMA: 5111 - EDUCAÇÃO BÁSICA DEMOCRÁTICA, COM QUALIDADE E EQUIDADE",Órgão Responsável: - Ministério da Educação,orgao_responsavel_ministerio_da_educacao,26000.0,26000,,"{'page_number': 233, 'left': 77.28, 'top': 95.8348873242187, 'right': 317.8229599999999, 'bottom': 86.90148268333473, 'coord_origin': 'BOTTOMLEFT'}",text_heuristic
0355ff3d-7338-5abd-be5e-651da71f9126,c11b9579-45d1-58de-af90-2c8b6bc73152,235,793b10d5-5f21-5b02-b47e-12c432af2d50,Indicador: 10546 - Número de vagas ofertadas,Indicador: - Número de vagas ofertadas,indicador_numero_de_vagas_ofertadas,10546.0,10546,,"{'page_number': 235, 'left': 88.56, 'top': 235.82600732421872, 'right': 351.24800000000016, 'bottom': 225.06286920267178, 'coord_origin': 'BOTTOMLEFT'}",text_heuristic
8f14f1cf-045e-5fac-934b-923b1dfede9b,c11b9579-45d1-58de-af90-2c8b6bc73152,235,793b10d5-5f21-5b02-b47e-12c432af2d50,Indicador: 10546 - Número de vagas ofertadas,Meta prevista para 2024,meta_prevista_para_2024,3400.0,3.400,,"{'page_number': 235, 'left': 92.304, 'top': 153.4308873242187, 'right': 236.18971999999997, 'bottom': 144.49748268333474, 'coord_origin': 'BOTTOMLEFT'}",text_heuristic
5314bfb2-88d7-5fab-9dd9-8a5c73e4e6b5,c11b9579-45d1-58de-af90-2c8b6bc73152,235,793b10d5-5f21-5b02-b47e-12c432af2d50,Indicador: 10546 - Número de vagas ofertadas,Meta prevista para 2025,meta_prevista_para_2025,4100.0,4.100,,"{'page_number': 235, 'left': 92.304, 'top': 141.91088732421872, 'right': 236.18971999999997, 'bottom': 132.97748268333476, 'coord_origin': 'BOTTOMLEFT'}",text_heuristic
152f90d8-f3fd-55da-b262-6c6056cf04b6,c11b9579-45d1-58de-af90-2c8b6bc73152,235,793b10d5-5f21-5b02-b47e-12c432af2d50,Indicador: 10546 - Número de vagas ofertadas,Meta prevista para 2026,meta_prevista_para_2026,6200.0,6.200,,"{'page_number': 235, 'left': 92.304, 'top': 130.39088732421874, 'right': 236.18971999999997, 'bottom': 121.45748268333472, 'coord_origin': 'BOTTOMLEFT'}",text_heuristic
cf8d4165-842c-522e-924b-21bd74008db9,c11b9579-45d1-58de-af90-2c8b6bc73152,235,793b10d5-5f21-5b02-b47e-12c432af2d50,Indicador: 10546 - Número de vagas ofertadas,Meta prevista para,meta_prevista_para,2027.0,2027,,"{'page_number': 235, 'left': 92.304, 'top': 118.8708873242187, 'right': 211.0172399999999, 'bottom': 109.93748268333474, 'coord_origin': 'BOTTOMLEFT'}",text_heuristic
665791f5-c632-5937-859a-568ea70ba9bf,c11b9579-45d1-58de-af90-2c8b6bc73152,236,cb6a55df-2ac4-588a-baa9-4db33ef9f6ba,Regionalizações da Meta,Indicador: - Número de vagas ofertadas,indicador_numero_de_vagas_ofertadas,10549.0,10549,,"{'page_number': 236, 'left': 96.024, 'top': 223.4660073242187, 'right': 358.6880000000002, 'bottom': 212.70286920267176, 'coord_origin': 'BOTTOMLEFT'}",text_heuristic
f71a4425-94bb-5236-bf2d-7f27c5f7e0ef,c11b9579-45d1-58de-af90-2c8b6bc73152,236,cb6a55df-2ac4-588a-baa9-4db33ef9f6ba,Regionalizações da Meta,Meta prevista para 2024,meta_prevista_para_2024,1000.0,1.000,,"{'page_number': 236, 'left': 99.744, 'top': 154.7508873242187, 'right': 243.62971999999996, 'bottom': 145.81748268333473, 'coord_origin': 'BOTTOMLEFT'}",text_heuristic
4fbb8d6b-be80-53ab-8780-6e5cb264eebd,c11b9579-45d1-58de-af90-2c8b6bc73152,236,cb6a55df-2ac4-588a-baa9-4db33ef9f6ba,Regionalizações da Meta,Meta prevista para 2025,meta_prevista_para_2025,1100.0,1.100,,"{'page_number': 236, 'left': 99.744, 'top': 143.35088732421866, 'right': 243.62971999999996, 'bottom': 134.4174826833347, 'coord_origin': 'BOTTOMLEFT'}",text_heuristic
90b3cb23-46b1-5ba7-b7aa-4d9fdaca7cab,c11b9579-45d1-58de-af90-2c8b6bc73152,236,cb6a55df-2ac4-588a-baa9-4db33ef9f6ba,Regionalizações da Meta,Meta prevista para 2026,meta_prevista_para_2026,1200.0,1.200,,"{'page_number': 236, 'left': 99.744, 'top': 131.83088732421868, 'right': 243.62971999999996, 'bottom': 122.89748268333472, 'coord_origin': 'BOTTOMLEFT'}",text_heuristic
15312954-b104-5dba-a3c3-6e4f18121275,c11b9579-45d1-58de-af90-2c8b6bc73152,236,cb6a55df-2ac4-588a-baa9-4db33ef9f6ba,Regionalizações da Meta,Meta prevista para,meta_prevista_para,2027.0,2027,,"{'page_number': 236, 'left': 99.744, 'top': 120.3108873242187, 'right': 218.45723999999987, 'bottom': 111.37748268333473, 'coord_origin': 'BOTTOMLEFT'}",text_heuristic
5964115f-1687-5df1-aef4-118a6ebdd870,c11b9579-45d1-58de-af90-2c8b6bc73152,237,a08d4910-0318-5acc-966e-e04f9bac9685,Informações do Monitoramento,Ministério da Educação,ministerio_da_educacao,26000.0,26000,,"{'page_number': 237, 'left': 177.26, 'top': 141.6708873242187, 'right': 317.8229599999999, 'bottom': 132.73748268333475, 'coord_origin': 'BOTTOMLEFT'}",text_heuristic
dc5b55b9-aec7-50e0-bd08-2e7f7dd31b90,c11b9579-45d1-58de-af90-2c8b6bc73152,239,1286513f-035d-5df9-9319-a7679fd73ddf,Informações do Monitoramento,Indicador: - Número total de matrículas na Educação de Jovens e Adultos,indicador_numero_total_de_matriculas_na_educacao_de_jovens_e_adultos,10576.0,10576,,"{'page_number': 239, 'left': 88.56, 'top': 488.8360073242187, 'right': 545.9000000000005, 'bottom': 478.07286920267177, 'coord_origin': 'BOTTOMLEFT'}",text_heuristic
2ea5f5ee-c32b-5a06-8660-544bdb35a4ab,c11b9579-45d1-58de-af90-2c8b6bc73152,239,1286513f-035d-5df9-9319-a7679fd73ddf,Informações do Monitoramento,Meta: 06P - Ampliar o número de matrículas na Educação de Jovens e Adultos,meta_06p_ampliar_o_numero_de_matriculas_na_educacao_de_jovens_e_adultos,4.0,4,,"{'page_number': 239, 'left': 88.56, 'top': 470.5960073242187, 'right': 542.6840000000005, 'bottom': 459.83286920267176, 'coord_origin': 'BOTTOMLEFT'}",text_heuristic
a10db35b-69a9-5a61-9179-5d5230b12223,c11b9579-45d1-58de-af90-2c8b6bc73152,239,1286513f-035d-5df9-9319-a7679fd73ddf,Informações do Monitoramento,Meta prevista para,meta_prevista_para,2024.0,2024,,"{'page_number': 239, 'left': 92.304, 'top': 420.2708873242187, 'right': 211.0172399999999, 'bottom': 411.3374826833347, 'coord_origin': 'BOTTOMLEFT'}",text_heuristic
08445de4-d31a-5a98-bc9e-d5a00fbe3e68,c11b9579-45d1-58de-af90-2c8b6bc73152,239,1286513f-035d-5df9-9319-a7679fd73ddf,Informações do Monitoramento,Meta prevista para,meta_prevista_para,2025.0,2025,,"{'page_number': 239, 'left': 92.304, 'top': 408.7208873242187, 'right': 211.0172399999999, 'bottom': 399.78748268333476, 'coord_origin': 'BOTTOMLEFT'}",text_heuristic
0da685d2-73a3-514d-ac55-150818b833a6,c11b9579-45d1-58de-af90-2c8b6bc73152,239,1286513f-035d-5df9-9319-a7679fd73ddf,Informações do Monitoramento,Meta prevista para,meta_prevista_para,2026.0,2026,,"{'page_number': 239, 'left': 92.304, 'top': 397.2008873242187, 'right': 211.0172399999999, 'bottom': 388.2674826833347, 'coord_origin': 'BOTTOMLEFT'}",text_heuristic
708b9270-2b66-5b5e-a7e1-aa1307816c05,c11b9579-45d1-58de-af90-2c8b6bc73152,239,1286513f-035d-5df9-9319-a7679fd73ddf,Informações do Monitoramento,Meta prevista para,meta_prevista_para,2027.0,2027,,"{'page_number': 239, 'left': 92.304, 'top': 385.6808873242187, 'right': 211.0172399999999, 'bottom': 376.74748268333474, 'coord_origin': 'BOTTOMLEFT'}",text_heuristic
35d4c5e0-ef49-518b-bc65-3755db006b62,c11b9579-45d1-58de-af90-2c8b6bc73152,240,c2eb35e6-8b5e-52e4-af21-48e32b3e5295,Informações do Monitoramento,Indicador: - Número vagas ampliadas no ano,indicador_numero_vagas_ampliadas_no_ano,10580.0,10580,,"{'page_number': 240, 'left': 96.024, 'top': 484.7560073242187, 'right': 388.7240000000002, 'bottom': 473.9928692026717, 'coord_origin': 'BOTTOMLEFT'}",text_heuristic
c13184b4-40f5-55b6-b738-3f20cae643f8,c11b9579-45d1-58de-af90-2c8b6bc73152,240,c2eb35e6-8b5e-52e4-af21-48e32b3e5295,Informações do Monitoramento,Meta prevista para 2024,meta_prevista_para_2024,250000.0,250.000,,"{'page_number': 240, 'left': 99.744, 'top': 416.1908873242187, 'right': 254.65543999999994, 'bottom': 407.25748268333473, 'coord_origin': 'BOTTOMLEFT'}",text_heuristic
7e7bb655-ca3d-59b6-b436-7c58af56b280,c11b9579-45d1-58de-af90-2c8b6bc73152,240,c2eb35e6-8b5e-52e4-af21-48e32b3e5295,Informações do Monitoramento,Meta prevista para 2025,meta_prevista_para_2025,250000.0,250.000,,"{'page_number': 240, 'left': 99.744, 'top': 404.6408873242187, 'right': 254.65543999999994, 'bottom': 395.7074826833347, 'coord_origin': 'BOTTOMLEFT'}",text_heuristic
0b0eac0e-715b-50e9-bb95-3d14695901ae,c11b9579-45d1-58de-af90-2c8b6bc73152,240,c2eb35e6-8b5e-52e4-af21-48e32b3e5295,Informações do Monitoramento,Meta prevista para 2026,meta_prevista_para_2026,250000.0,250.000,,"{'page_number': 240, 'left': 99.744, 'top': 393.1208873242187, 'right': 254.65543999999994, 'bottom': 384.18748268333474, 'coord_origin': 'BOTTOMLEFT'}",text_heuristic
03dd03a5-5b60-59ce-8c1f-ff1bed4ca8fa,c11b9579-45d1-58de-af90-2c8b6bc73152,240,c2eb35e6-8b5e-52e4-af21-48e32b3e5295,Informações do Monitoramento,Meta prevista para 2027,meta_prevista_para_2027,250000.0,250.000,,"{'page_number': 240, 'left': 99.744, 'top': 381.6008873242187, 'right': 254.65543999999994, 'bottom': 372.66748268333475, 'coord_origin': 'BOTTOMLEFT'}",text_heuristic
98caf9eb-d1d4-5fe8-9bf2-c1fc02f60054,c11b9579-45d1-58de-af90-2c8b6bc73152,240,c2eb35e6-8b5e-52e4-af21-48e32b3e5295,Informações do Monitoramento,Quantidade alcançada,quantidade_alcancada,0.0,0,,"{'page_number': 240, 'left': 99.744, 'top': 317.28088732421867, 'right': 217.47776, 'bottom': 308.3474826833347, 'coord_origin': 'BOTTOMLEFT'}",text_heuristic
1745a421-5e85-5996-89b7-f02be54b5381,c11b9579-45d1-58de-af90-2c8b6bc73152,241,8f4d4d10-987c-5a88-a8f0-f863491b1527,PROGRAMA: 5112 - EDUCAÇÃO PROFISSIONAL E TECNOLÓGICA QUE TRANSFORMA,PROGRAMA: - EDUCAÇÃO PROFISSIONAL E TECNOLÓGICA QUE TRANSFORMA,programa_educacao_profissional_e_tecnologica_que_transforma,5112.0,5112,,"{'page_number': 241, 'left': 51.0, 'top': 272.7111273242187, 'right': 634.1296400000006, 'bottom': 260.11825572200877, 'coord_origin': 'BOTTOMLEFT'}",text_heuristic
c3981333-637a-5b51-be37-73324c9efe37,c11b9579-45d1-58de-af90-2c8b6bc73152,241,8f4d4d10-987c-5a88-a8f0-f863491b1527,PROGRAMA: 5112 - EDUCAÇÃO PROFISSIONAL E TECNOLÓGICA QUE TRANSFORMA,Órgão Responsável: - Ministério da Educação,orgao_responsavel_ministerio_da_educacao,26000.0,26000,,"{'page_number': 241, 'left': 77.28, 'top': 139.9908873242187, 'right': 317.8229599999999, 'bottom': 131.05748268333474, 'coord_origin': 'BOTTOMLEFT'}",text_heuristic
9dbe0434-ab46-5f18-af14-16c47cd1cbc5,c11b9579-45d1-58de-af90-2c8b6bc73152,242,58b281e7-a2da-54e3-b8de-487ab990a704,Indicador: 9154 - Número de matrículas em cursos de EPT,Indicador: - Número de matrículas em cursos de EPT,indicador_numero_de_matriculas_em_cursos_de_ept,9154.0,9154,,"{'page_number': 242, 'left': 88.56, 'top': 143.87600732421868, 'right': 420.6440000000003, 'bottom': 133.11286920267173, 'coord_origin': 'BOTTOMLEFT'}",text_heuristic
3c148653-3f85-580c-b2a7-21837f7a10d2,c11b9579-45d1-58de-af90-2c8b6bc73152,243,b3d13c29-d3da-5a9a-ad57-4bd3307ef9f0,Informações do Monitoramento,Meta prevista para,meta_prevista_para,2025.0,2025,,"{'page_number': 243, 'left': 92.304, 'top': 548.2108873242188, 'right': 211.0172399999999, 'bottom': 539.2774826833347, 'coord_origin': 'BOTTOMLEFT'}",text_heuristic
8889a852-fbae-599d-94be-66916c4eaf67,c11b9579-45d1-58de-af90-2c8b6bc73152,243,b3d13c29-d3da-5a9a-ad57-4bd3307ef9f0,Informações do Monitoramento,Meta prevista para,meta_prevista_para,2026.0,2026,,"{'page_number': 243, 'left': 92.304, 'top': 536.6708873242187, 'right': 211.0172399999999, 'bottom': 527.7374826833346, 'coord_origin': 'BOTTOMLEFT'}",text_heuristic
46113464-f96b-53b5-9492-587049172d30,c11b9579-45d1-58de-af90-2c8b6bc73152,243,b3d13c29-d3da-5a9a-ad57-4bd3307ef9f0,Informações do Monitoramento,Meta prevista para,meta_prevista_para,2027.0,2027,,"{'page_number': 243, 'left': 92.304, 'top': 525.1508873242187, 'right': 211.0172399999999, 'bottom': 516.2174826833347, 'coord_origin': 'BOTTOMLEFT'}",text_heuristic
a3bbb2a1-64e7-56eb-a502-69bda45d5cf6,c11b9579-45d1-58de-af90-2c8b6bc73152,244,ab30a228-a941-5065-b2b9-2c1e585a1689,Informações do Monitoramento,Meta prevista para,meta_prevista_para,2024.0,2024,,"{'page_number': 244, 'left': 99.744, 'top': 345.9608873242187, 'right': 218.45723999999987, 'bottom': 337.0274826833347, 'coord_origin': 'BOTTOMLEFT'}",text_heuristic
e4c35cf4-7d53-5076-a282-41b0e792f59d,c11b9579-45d1-58de-af90-2c8b6bc73152,244,ab30a228-a941-5065-b2b9-2c1e585a1689,Informações do Monitoramento,Meta prevista para,meta_prevista_para,2025.0,2025,,"{'page_number': 244, 'left': 99.744, 'top': 334.4408873242187, 'right': 218.45723999999987, 'bottom': 325.50748268333473, 'coord_origin': 'BOTTOMLEFT'}",text_heuristic
3f050975-2c68-5fdb-abda-9cb08de9229c,c11b9579-45d1-58de-af90-2c8b6bc73152,244,ab30a228-a941-5065-b2b9-2c1e585a1689,Informações do Monitoramento,Meta prevista para,meta_prevista_para,2026.0,2026,,"{'page_number': 244, 'left': 99.744, 'top': 322.9208873242187, 'right': 218.45723999999987, 'bottom': 313.98748268333475, 'coord_origin': 'BOTTOMLEFT'}",text_heuristic
0b67be31-1cf0-5862-a796-2a608aa9ad29,c11b9579-45d1-58de-af90-2c8b6bc73152,244,ab30a228-a941-5065-b2b9-2c1e585a1689,Informações do Monitoramento,Meta prevista para,meta_prevista_para,2027.0,2027,,"{'page_number': 244, 'left': 99.744, 'top': 311.4008873242187, 'right': 218.45723999999987, 'bottom': 302.4674826833347, 'coord_origin': 'BOTTOMLEFT'}",text_heuristic
03e2464b-dc16-56d2-9c57-37995d303fde,c11b9579-45d1-58de-af90-2c8b6bc73152,245,884e4806-3ab3-566d-aedc-727aa5a62cfe,Medida Institucional Normativa: 0548 - T. Ampliação das políticas afirmativas com impacto na oferta de EPT.,Educação Profissional e Tecnológica que Transforma,educacao_profissional_e_tecnologica_que_transforma,5112.0,5112,,"{'page_number': 245, 'left': 129.98, 'top': 281.5008873242187, 'right': 398.23795999999976, 'bottom': 272.56748268333473, 'coord_origin': 'BOTTOMLEFT'}",text_heuristic
faa34e96-8b22-5521-89c1-c88c7466b82f,c11b9579-45d1-58de-af90-2c8b6bc73152,245,884e4806-3ab3-566d-aedc-727aa5a62cfe,Medida Institucional Normativa: 0548 - T. Ampliação das políticas afirmativas com impacto na oferta de EPT.,Ministério da Educação,ministerio_da_educacao,26000.0,26000,,"{'page_number': 245, 'left': 177.26, 'top': 269.9808873242187, 'right': 317.8229599999999, 'bottom': 261.04748268333475, 'coord_origin': 'BOTTOMLEFT'}",text_heuristic
eced7041-ac63-57a3-8424-0a01da02aee9,c11b9579-45d1-58de-af90-2c8b6bc73152,246,b8c496df-9ca4-5676-b071-2bc842eb5691,"PROGRAMA: 5113 - EDUCAÇÃO SUPERIOR: QUALIDADE, DEMOCRACIA, EQUIDADE E SUSTENTABILIDADE",Órgão Responsável: - Ministério da Educação,orgao_responsavel_ministerio_da_educacao,26000.0,26000,,"{'page_number': 246, 'left': 77.28, 'top': 318.7208873242187, 'right': 317.8229599999999, 'bottom': 309.78748268333476, 'coord_origin': 'BOTTOMLEFT'}",text_heuristic
ca74a836-71e5-582d-bc68-6a313a830267,c11b9579-45d1-58de-af90-2c8b6bc73152,247,4e9b2d57-844d-57c5-8d80-914f027cfed5,Informações do Monitoramento,Indicador: - Taxa Bruta de matrículas na graduação,indicador_taxa_bruta_de_matriculas_na_graduacao,9693.0,9693,,"{'page_number': 247, 'left': 88.56, 'top': 516.9160073242188, 'right': 411.3920000000003, 'bottom': 506.15286920267175, 'coord_origin': 'BOTTOMLEFT'}",text_heuristic
5b7cacb7-18ca-5e88-b215-8a795d4567d1,c11b9579-45d1-58de-af90-2c8b6bc73152,247,4e9b2d57-844d-57c5-8d80-914f027cfed5,Informações do Monitoramento,Meta: GT - Aumentar a taxa bruta de matrículas na graduação,meta_gt_aumentar_a_taxa_bruta_de_matriculas_na_graduacao,6.0,06,,"{'page_number': 247, 'left': 88.56, 'top': 498.5560073242187, 'right': 452.6360000000003, 'bottom': 487.79286920267174, 'coord_origin': 'BOTTOMLEFT'}",text_heuristic
9f425e42-0e09-5b03-be48-55aedb8ba087,c11b9579-45d1-58de-af90-2c8b6bc73152,247,4e9b2d57-844d-57c5-8d80-914f027cfed5,Informações do Monitoramento,Meta prevista para,meta_prevista_para,2024.0,2024,,"{'page_number': 247, 'left': 92.304, 'top': 448.2308873242187, 'right': 211.0172399999999, 'bottom': 439.29748268333475, 'coord_origin': 'BOTTOMLEFT'}",text_heuristic
8568a526-b16f-54da-b50a-8a20969bd121,c11b9579-45d1-58de-af90-2c8b6bc73152,247,4e9b2d57-844d-57c5-8d80-914f027cfed5,Informações do Monitoramento,Meta prevista para,meta_prevista_para,2025.0,2025,,"{'page_number': 247, 'left': 92.304, 'top': 436.7108873242187, 'right': 211.0172399999999, 'bottom': 427.7774826833347, 'coord_origin': 'BOTTOMLEFT'}",text_heuristic
1132ab6a-6cc4-526e-b6c3-4347bf3448f5,c11b9579-45d1-58de-af90-2c8b6bc73152,247,4e9b2d57-844d-57c5-8d80-914f027cfed5,Informações do Monitoramento,Meta prevista para,meta_prevista_para,2026.0,2026,,"{'page_number': 247, 'left': 92.304, 'top': 425.1908873242187, 'right': 211.0172399999999, 'bottom': 416.25748268333473, 'coord_origin': 'BOTTOMLEFT'}",text_heuristic
9c24db9b-735e-5794-8336-3c1850202e8f,c11b9579-45d1-58de-af90-2c8b6bc73152,247,4e9b2d57-844d-57c5-8d80-914f027cfed5,Informações do Monitoramento,Meta prevista para,meta_prevista_para,2027.0,2027,,"{'page_number': 247, 'left': 92.304, 'top': 413.6708873242187, 'right': 211.0172399999999, 'bottom': 404.73748268333475, 'coord_origin': 'BOTTOMLEFT'}",text_heuristic
e030561a-6f86-5328-8658-463d798551dc,c11b9579-45d1-58de-af90-2c8b6bc73152,248,649cee74-ffa2-5999-851f-6d25dbac74ee,Desagregação da Meta,Indicador: - Taxa de ocupação das vagas,indicador_taxa_de_ocupacao_das_vagas,9721.0,9721,,"{'page_number': 248, 'left': 96.024, 'top': 190.94600732421873, 'right': 360.0800000000002, 'bottom': 180.18286920267178, 'coord_origin': 'BOTTOMLEFT'}",text_heuristic
a0e73080-377d-5ee5-a9b7-7fb6601dd280,c11b9579-45d1-58de-af90-2c8b6bc73152,248,649cee74-ffa2-5999-851f-6d25dbac74ee,Desagregação da Meta,Meta prevista para 2024,meta_prevista_para_2024,78.0,78,,"{'page_number': 248, 'left': 99.744, 'top': 108.5508873242187, 'right': 229.71771999999999, 'bottom': 99.61748268333474, 'coord_origin': 'BOTTOMLEFT'}",text_heuristic
20667fa8-9c81-5ef6-82f1-f69e86845c77,c11b9579-45d1-58de-af90-2c8b6bc73152,248,649cee74-ffa2-5999-851f-6d25dbac74ee,Desagregação da Meta,Meta prevista para 2025,meta_prevista_para_2025,81.0,81,,"{'page_number': 248, 'left': 99.744, 'top': 97.03488732421869, 'right': 229.71771999999999, 'bottom': 88.10148268333472, 'coord_origin': 'BOTTOMLEFT'}",text_heuristic
be07af17-2d4a-5783-82d8-32c1248399f7,c11b9579-45d1-58de-af90-2c8b6bc73152,248,649cee74-ffa2-5999-851f-6d25dbac74ee,Desagregação da Meta,Meta prevista para 2026,meta_prevista_para_2026,84.0,84,,"{'page_number': 248, 'left': 99.744, 'top': 85.5148873242187, 'right': 229.71771999999999, 'bottom': 76.58148268333468, 'coord_origin': 'BOTTOMLEFT'}",text_heuristic
4c3fc077-1d4c-5b54-a26c-67741038ac91,c11b9579-45d1-58de-af90-2c8b6bc73152,248,649cee74-ffa2-5999-851f-6d25dbac74ee,Desagregação da Meta,Meta prevista para 2027,meta_prevista_para_2027,88.0,88,,"{'page_number': 248, 'left': 99.744, 'top': 73.99488732421867, 'right': 229.71771999999999, 'bottom': 65.0614826833347, 'coord_origin': 'BOTTOMLEFT'}",text_heuristic
b43630ce-54af-5aae-b588-a285ee8632f0,c11b9579-45d1-58de-af90-2c8b6bc73152,249,cebc320d-a04f-52b5-81cb-a3817454d713,Entrega: 0777 - Aumento do número de contratos de financiamento estudantil (FIES),Indicador: - Número de contratos firmados,indicador_numero_de_contratos_firmados,9722.0,9722,,"{'page_number': 249, 'left': 96.024, 'top': 113.87600732421868, 'right': 369.4040000000001, 'bottom': 103.11286920267173, 'coord_origin': 'BOTTOMLEFT'}",text_heuristic
40e6d26c-dd8b-5c2c-9069-74561323539a,c11b9579-45d1-58de-af90-2c8b6bc73152,249,cebc320d-a04f-52b5-81cb-a3817454d713,Entrega: 0777 - Aumento do número de contratos de financiamento estudantil (FIES),Meta: 06F - Aumentar o número de contratos firmados,meta_06f_aumentar_o_numero_de_contratos_firmados,2.0,2,,"{'page_number': 249, 'left': 96.024, 'top': 95.64000732421869, 'right': 412.08800000000014, 'bottom': 84.87686920267174, 'coord_origin': 'BOTTOMLEFT'}",text_heuristic
0b581ebe-f89d-54e1-b1df-7a8ded6180ed,c11b9579-45d1-58de-af90-2c8b6bc73152,250,a3bf70d4-9b43-5369-b0ba-f1b6c4009f72,Informações do Monitoramento,Meta prevista para,meta_prevista_para,2024.0,2024,,"{'page_number': 250, 'left': 99.744, 'top': 531.7508873242188, 'right': 218.45723999999987, 'bottom': 522.8174826833347, 'coord_origin': 'BOTTOMLEFT'}",text_heuristic
d3d2de32-4c37-54f5-9ba2-c0e13afec40d,c11b9579-45d1-58de-af90-2c8b6bc73152,250,a3bf70d4-9b43-5369-b0ba-f1b6c4009f72,Informações do Monitoramento,Meta prevista para,meta_prevista_para,2025.0,2025,,"{'page_number': 250, 'left': 99.744, 'top': 520.2308873242188, 'right': 218.45723999999987, 'bottom': 511.29748268333475, 'coord_origin': 'BOTTOMLEFT'}",text_heuristic
dfced646-1826-5b20-bfa7-45d9ffd20a6d,c11b9579-45d1-58de-af90-2c8b6bc73152,250,a3bf70d4-9b43-5369-b0ba-f1b6c4009f72,Informações do Monitoramento,Meta prevista para,meta_prevista_para,2026.0,2026,,"{'page_number': 250, 'left': 99.744, 'top': 508.7108873242187, 'right': 218.45723999999987, 'bottom': 499.7774826833347, 'coord_origin': 'BOTTOMLEFT'}",text_heuristic
ddc9ca73-337d-5494-bb48-073ad7768031,c11b9579-45d1-58de-af90-2c8b6bc73152,250,a3bf70d4-9b43-5369-b0ba-f1b6c4009f72,Informações do Monitoramento,Meta prevista para,meta_prevista_para,2027.0,2027,,"{'page_number': 250, 'left': 99.744, 'top': 497.1908873242187, 'right': 218.45723999999987, 'bottom': 488.25748268333473, 'coord_origin': 'BOTTOMLEFT'}",text_heuristic
abf0fff1-bf92-5db6-ab49-b249eeb5106a,c11b9579-45d1-58de-af90-2c8b6bc73152,251,22a86dbb-4d87-57f7-925f-d51e6e5057bd,Informações do Monitoramento,Indicador: - Taxa de ocupação das bolsas,indicador_taxa_de_ocupacao_das_bolsas,9727.0,9727,,"{'page_number': 251, 'left': 96.024, 'top': 516.9160073242188, 'right': 364.1600000000002, 'bottom': 506.15286920267175, 'coord_origin': 'BOTTOMLEFT'}",text_heuristic
5589a5b8-7b3f-585e-8351-6b7a04818160,c11b9579-45d1-58de-af90-2c8b6bc73152,251,22a86dbb-4d87-57f7-925f-d51e6e5057bd,Informações do Monitoramento,Meta prevista para 2024,meta_prevista_para_2024,34.0,34,,"{'page_number': 251, 'left': 99.744, 'top': 448.2308873242187, 'right': 229.71771999999999, 'bottom': 439.29748268333475, 'coord_origin': 'BOTTOMLEFT'}",text_heuristic
49bf24c7-2660-5ea8-b684-204e166779a9,c11b9579-45d1-58de-af90-2c8b6bc73152,251,22a86dbb-4d87-57f7-925f-d51e6e5057bd,Informações do Monitoramento,Meta prevista para 2025,meta_prevista_para_2025,36.0,36,,"{'page_number': 251, 'left': 99.744, 'top': 436.7108873242187, 'right': 229.71771999999999, 'bottom': 427.7774826833347, 'coord_origin': 'BOTTOMLEFT'}",text_heuristic
33256708-4bfb-5b50-aa55-977a2378f28c,c11b9579-45d1-58de-af90-2c8b6bc73152,251,22a86dbb-4d87-57f7-925f-d51e6e5057bd,Informações do Monitoramento,Meta prevista para 2026,meta_prevista_para_2026,38.0,38,,"{'page_number': 251, 'left': 99.744, 'top': 425.1908873242187, 'right': 229.71771999999999, 'bottom': 416.25748268333473, 'coord_origin': 'BOTTOMLEFT'}",text_heuristic
35f3c7fd-edae-55d3-9322-5d5770183a6d,c11b9579-45d1-58de-af90-2c8b6bc73152,251,22a86dbb-4d87-57f7-925f-d51e6e5057bd,Informações do Monitoramento,Meta prevista para 2027,meta_prevista_para_2027,40.0,40,,"{'page_number': 251, 'left': 99.744, 'top': 413.6708873242187, 'right': 229.71771999999999, 'bottom': 404.73748268333475, 'coord_origin': 'BOTTOMLEFT'}",text_heuristic
65557d5c-ecfb-5b0d-93ac-ba37ddd58e59,c11b9579-45d1-58de-af90-2c8b6bc73152,253,c0ab8bae-5264-51dc-a096-a19716400592,Meta: 06GZ - Ampliar a taxa de conclusão acumulada dos estudantes da graduação,Meta: GZ - Ampliar a taxa de conclusão acumulada dos estudantes da graduação,meta_gz_ampliar_a_taxa_de_conclusao_acumulada_dos_estudantes_da_graduacao,6.0,06,,"{'page_number': 253, 'left': 88.56, 'top': 547.7760073242187, 'right': 564.6200000000003, 'bottom': 537.0128692026717, 'coord_origin': 'BOTTOMLEFT'}",text_heuristic
e91fe59c-d92d-549d-a719-a3f1397b4025,c11b9579-45d1-58de-af90-2c8b6bc73152,253,c0ab8bae-5264-51dc-a096-a19716400592,Meta: 06GZ - Ampliar a taxa de conclusão acumulada dos estudantes da graduação,Meta prevista para 2024,meta_prevista_para_2024,43.8,"43,8",,"{'page_number': 253, 'left': 92.304, 'top': 497.4308873242187, 'right': 230.54876, 'bottom': 488.49748268333474, 'coord_origin': 'BOTTOMLEFT'}",text_heuristic
92df0458-6acc-5289-8d15-d875ee467f87,c11b9579-45d1-58de-af90-2c8b6bc73152,253,c0ab8bae-5264-51dc-a096-a19716400592,Meta: 06GZ - Ampliar a taxa de conclusão acumulada dos estudantes da graduação,Meta prevista para 2025,meta_prevista_para_2025,45.8,"45,8",,"{'page_number': 253, 'left': 92.304, 'top': 485.9108873242187, 'right': 230.54876, 'bottom': 476.97748268333476, 'coord_origin': 'BOTTOMLEFT'}",text_heuristic
e75f4cc2-c4a3-50f5-b760-9f8f50742093,c11b9579-45d1-58de-af90-2c8b6bc73152,253,c0ab8bae-5264-51dc-a096-a19716400592,Meta: 06GZ - Ampliar a taxa de conclusão acumulada dos estudantes da graduação,Meta prevista para,meta_prevista_para,2026.0,2026,,"{'page_number': 253, 'left': 92.304, 'top': 474.3908873242187, 'right': 211.0172399999999, 'bottom': 465.4574826833347, 'coord_origin': 'BOTTOMLEFT'}",text_heuristic
482fe852-2669-57ef-8782-b90cd25e6e04,c11b9579-45d1-58de-af90-2c8b6bc73152,253,c0ab8bae-5264-51dc-a096-a19716400592,Meta: 06GZ - Ampliar a taxa de conclusão acumulada dos estudantes da graduação,Meta prevista para,meta_prevista_para,2027.0,2027,,"{'page_number': 253, 'left': 92.304, 'top': 462.8708873242187, 'right': 211.0172399999999, 'bottom': 453.93748268333474, 'coord_origin': 'BOTTOMLEFT'}",text_heuristic
dcb24918-f34a-558b-84db-c11acb827f94,c11b9579-45d1-58de-af90-2c8b6bc73152,253,c0ab8bae-5264-51dc-a096-a19716400592,Meta: 06GZ - Ampliar a taxa de conclusão acumulada dos estudantes da graduação,Indicador: - Número de bolsistas no âmbito do Programa Bolsa Permanência,indicador_numero_de_bolsistas_no_ambito_do_programa_bolsa_permanencia,9729.0,9729,,"{'page_number': 253, 'left': 96.024, 'top': 253.2260073242187, 'right': 564.7400000000004, 'bottom': 242.46286920267175, 'coord_origin': 'BOTTOMLEFT'}",text_heuristic
25b3fedd-d553-5351-a32d-66d0887432c3,c11b9579-45d1-58de-af90-2c8b6bc73152,253,c0ab8bae-5264-51dc-a096-a19716400592,Meta: 06GZ - Ampliar a taxa de conclusão acumulada dos estudantes da graduação,Meta prevista para 2024,meta_prevista_para_2024,22000.0,22.000,,"{'page_number': 253, 'left': 99.744, 'top': 170.7408873242187, 'right': 249.15751999999995, 'bottom': 161.80748268333474, 'coord_origin': 'BOTTOMLEFT'}",text_heuristic
a3aded85-69f7-5a69-a58b-bd9de4027178,c11b9579-45d1-58de-af90-2c8b6bc73152,253,c0ab8bae-5264-51dc-a096-a19716400592,Meta: 06GZ - Ampliar a taxa de conclusão acumulada dos estudantes da graduação,Meta prevista para 2025,meta_prevista_para_2025,24000.0,24.000,,"{'page_number': 253, 'left': 99.744, 'top': 159.1908873242187, 'right': 249.15751999999995, 'bottom': 150.25748268333473, 'coord_origin': 'BOTTOMLEFT'}",text_heuristic
3ddfbbc5-0e70-5eb6-a665-a29fa3a5e613,c11b9579-45d1-58de-af90-2c8b6bc73152,253,c0ab8bae-5264-51dc-a096-a19716400592,Meta: 06GZ - Ampliar a taxa de conclusão acumulada dos estudantes da graduação,Meta prevista para 2026,meta_prevista_para_2026,24000.0,24.000,,"{'page_number': 253, 'left': 99.744, 'top': 147.6708873242187, 'right': 249.15751999999995, 'bottom': 138.73748268333475, 'coord_origin': 'BOTTOMLEFT'}",text_heuristic
6248d40c-ad08-597a-976c-f61e77d65cba,c11b9579-45d1-58de-af90-2c8b6bc73152,253,c0ab8bae-5264-51dc-a096-a19716400592,Meta: 06GZ - Ampliar a taxa de conclusão acumulada dos estudantes da graduação,Meta prevista para 2027,meta_prevista_para_2027,24000.0,24.000,,"{'page_number': 253, 'left': 99.744, 'top': 136.15088732421873, 'right': 249.15751999999995, 'bottom': 127.21748268333471, 'coord_origin': 'BOTTOMLEFT'}",text_heuristic
8495ef83-1eae-5dfb-8c28-0c8a06f52968,c11b9579-45d1-58de-af90-2c8b6bc73152,254,a8dc8ef1-b6c4-5e9e-93ca-c6706c15efca,Regionalizações da Meta,Órgão Responsável: - Ministério da Educação,orgao_responsavel_ministerio_da_educacao,26000.0,26000,,"{'page_number': 254, 'left': 77.28, 'top': 121.39088732421868, 'right': 317.8229599999999, 'bottom': 112.45748268333472, 'coord_origin': 'BOTTOMLEFT'}",text_heuristic
d0fb9e25-6033-58e7-8ab7-08baee09173b,c11b9579-45d1-58de-af90-2c8b6bc73152,256,ceee6e53-d3de-59e3-ac87-8b920e9fde90,Informações do Monitoramento,Meta prevista para 2024,meta_prevista_para_2024,7858.0,7.858,,"{'page_number': 256, 'left': 92.304, 'top': 465.2708873242187, 'right': 236.18971999999997, 'bottom': 456.3374826833347, 'coord_origin': 'BOTTOMLEFT'}",text_heuristic
085a1973-1d1f-5d4f-9a07-83536833261f,c11b9579-45d1-58de-af90-2c8b6bc73152,256,ceee6e53-d3de-59e3-ac87-8b920e9fde90,Informações do Monitoramento,Meta prevista para,meta_prevista_para,2025.0,2025,,"{'page_number': 256, 'left': 92.304, 'top': 453.8708873242187, 'right': 211.0172399999999, 'bottom': 444.93748268333474, 'coord_origin': 'BOTTOMLEFT'}",text_heuristic
2ecaa601-8929-5dc7-a459-30ce52cd5269,c11b9579-45d1-58de-af90-2c8b6bc73152,256,ceee6e53-d3de-59e3-ac87-8b920e9fde90,Informações do Monitoramento,Meta prevista para 2026,meta_prevista_para_2026,8858.0,8.858,,"{'page_number': 256, 'left': 92.304, 'top': 442.3508873242187, 'right': 236.18971999999997, 'bottom': 433.41748268333475, 'coord_origin': 'BOTTOMLEFT'}",text_heuristic
88e24223-bfe6-5d60-af54-4593b346b5eb,c11b9579-45d1-58de-af90-2c8b6bc73152,256,ceee6e53-d3de-59e3-ac87-8b920e9fde90,Informações do Monitoramento,Meta prevista para,meta_prevista_para,2027.0,2027,,"{'page_number': 256, 'left': 92.304, 'top': 430.8308873242187, 'right': 211.0172399999999, 'bottom': 421.8974826833347, 'coord_origin': 'BOTTOMLEFT'}",text_heuristic
b0b13337-d803-5b64-b3b7-69810bb37da5,c11b9579-45d1-58de-af90-2c8b6bc73152,257,9ba5f75f-4285-597f-9e3a-6d1465936c25,Informações do Monitoramento,Meta prevista para 2024,meta_prevista_para_2024,47.0,47,,"{'page_number': 257, 'left': 99.744, 'top': 434.4308873242187, 'right': 229.71771999999999, 'bottom': 425.49748268333474, 'coord_origin': 'BOTTOMLEFT'}",text_heuristic
871efabe-0c95-5e72-a248-ba382715f267,c11b9579-45d1-58de-af90-2c8b6bc73152,257,9ba5f75f-4285-597f-9e3a-6d1465936c25,Informações do Monitoramento,Meta prevista para 2025,meta_prevista_para_2025,48.0,48,,"{'page_number': 257, 'left': 99.744, 'top': 422.9108873242187, 'right': 229.71771999999999, 'bottom': 413.97748268333476, 'coord_origin': 'BOTTOMLEFT'}",text_heuristic
6dba9215-0249-596b-a0b4-79d83fbd9021,c11b9579-45d1-58de-af90-2c8b6bc73152,257,9ba5f75f-4285-597f-9e3a-6d1465936c25,Informações do Monitoramento,Meta prevista para 2026,meta_prevista_para_2026,50.0,50,,"{'page_number': 257, 'left': 99.744, 'top': 411.3608873242187, 'right': 229.71771999999999, 'bottom': 402.42748268333474, 'coord_origin': 'BOTTOMLEFT'}",text_heuristic
ed3c72d8-66fc-537e-a14c-67bf0df1c200,c11b9579-45d1-58de-af90-2c8b6bc73152,257,9ba5f75f-4285-597f-9e3a-6d1465936c25,Informações do Monitoramento,Meta prevista para,meta_prevista_para,2027.0,2027,,"{'page_number': 257, 'left': 99.744, 'top': 399.84088732421867, 'right': 218.45723999999987, 'bottom': 390.9074826833347, 'coord_origin': 'BOTTOMLEFT'}",text_heuristic
66ab4426-f405-5834-948d-d236463ecde0,c11b9579-45d1-58de-af90-2c8b6bc73152,258,731a3afd-3e23-5910-824c-7f0b402ba323,Sinalização de necessidade de revisão - próximo exercício: Sim,Ministério da Educação,ministerio_da_educacao,26000.0,26000,,"{'page_number': 258, 'left': 177.26, 'top': 436.3508873242187, 'right': 317.8229599999999, 'bottom': 427.41748268333475, 'coord_origin': 'BOTTOMLEFT'}",text_heuristic
68d16516-435f-5c49-85cc-ffffb7a1b4e7,c11b9579-45d1-58de-af90-2c8b6bc73152,258,731a3afd-3e23-5910-824c-7f0b402ba323,Sinalização de necessidade de revisão - próximo exercício: Sim,Indicador: 9701 - Número de titulados em mestrado por l habitantes,indicador_9701_numero_de_titulados_em_mestrado_por_l_habitantes,100000000.0,100 mi,,"{'page_number': 258, 'left': 88.56, 'top': 174.74600732421868, 'right': 511.3880000000004, 'bottom': 163.98286920267174, 'coord_origin': 'BOTTOMLEFT'}",text_heuristic
63b1fe28-579b-5c8b-be14-252fa163867a,c11b9579-45d1-58de-af90-2c8b6bc73152,258,731a3afd-3e23-5910-824c-7f0b402ba323,Sinalização de necessidade de revisão - próximo exercício: Sim,Meta: 06DH - Aumentar o número de titulados em mestrado por l habitantes,meta_06dh_aumentar_o_numero_de_titulados_em_mestrado_por_l_habitantes,100000000.0,100 mi,,"{'page_number': 258, 'left': 88.56, 'top': 156.3560073242187, 'right': 557.3000000000004, 'bottom': 145.59286920267175, 'coord_origin': 'BOTTOMLEFT'}",text_heuristic
76701b40-c459-57ef-b255-b6258affb882,c11b9579-45d1-58de-af90-2c8b6bc73152,258,731a3afd-3e23-5910-824c-7f0b402ba323,Sinalização de necessidade de revisão - próximo exercício: Sim,Meta prevista para,meta_prevista_para,2024.0,2024,,"{'page_number': 258, 'left': 92.304, 'top': 106.03488732421869, 'right': 211.0172399999999, 'bottom': 97.10148268333472, 'coord_origin': 'BOTTOMLEFT'}",text_heuristic
defb82b8-f512-5c4b-af6b-b65475ce7c8b,c11b9579-45d1-58de-af90-2c8b6bc73152,258,731a3afd-3e23-5910-824c-7f0b402ba323,Sinalização de necessidade de revisão - próximo exercício: Sim,Meta prevista para,meta_prevista_para,2025.0,2025,,"{'page_number': 258, 'left': 92.304, 'top': 94.5148873242187, 'right': 211.0172399999999, 'bottom': 85.58148268333468, 'coord_origin': 'BOTTOMLEFT'}",text_heuristic
dabe9a28-5c53-50a9-b9ab-61a5f7e6f1d9,c11b9579-45d1-58de-af90-2c8b6bc73152,258,731a3afd-3e23-5910-824c-7f0b402ba323,Sinalização de necessidade de revisão - próximo exercício: Sim,Meta prevista para,meta_prevista_para,2026.0,2026,,"{'page_number': 258, 'left': 92.304, 'top': 82.99488732421867, 'right': 211.0172399999999, 'bottom': 74.0614826833347, 'coord_origin': 'BOTTOMLEFT'}",text_heuristic
4ac2b7fe-87b3-5c5d-8d87-695a7810f014,c11b9579-45d1-58de-af90-2c8b6bc73152,258,731a3afd-3e23-5910-824c-7f0b402ba323,Sinalização de necessidade de revisão - próximo exercício: Sim,Meta prevista para,meta_prevista_para,2027.0,2027,,"{'page_number': 258, 'left': 92.304, 'top': 71.47488732421868, 'right': 211.0172399999999, 'bottom': 62.54148268333472, 'coord_origin': 'BOTTOMLEFT'}",text_heuristic
8e64bb67-0bf4-531f-b20d-17dd5552993e,c11b9579-45d1-58de-af90-2c8b6bc73152,260,4a7d83f6-2991-5521-b5ec-ddd33d1ea16b,Indicador: 9772 - Número de bolsas de mestrado nos editais publicados,Indicador: - Número de bolsas de mestrado nos editais publicados,indicador_numero_de_bolsas_de_mestrado_nos_editais_publicados,9772.0,9772,,"{'page_number': 260, 'left': 96.024, 'top': 453.6760073242187, 'right': 506.1320000000004, 'bottom': 442.91286920267174, 'coord_origin': 'BOTTOMLEFT'}",text_heuristic
58b50cc3-14f5-57c0-b34b-b656215026d4,c11b9579-45d1-58de-af90-2c8b6bc73152,260,4a7d83f6-2991-5521-b5ec-ddd33d1ea16b,Indicador: 9772 - Número de bolsas de mestrado nos editais publicados,Meta prevista para,meta_prevista_para,2024.0,2024,,"{'page_number': 260, 'left': 99.744, 'top': 371.28088732421867, 'right': 218.45723999999987, 'bottom': 362.3474826833347, 'coord_origin': 'BOTTOMLEFT'}",text_heuristic
78732c07-a770-5973-a1ad-dbe95c021f79,c11b9579-45d1-58de-af90-2c8b6bc73152,260,4a7d83f6-2991-5521-b5ec-ddd33d1ea16b,Indicador: 9772 - Número de bolsas de mestrado nos editais publicados,Meta prevista para 2025,meta_prevista_para_2025,100.0,100,,"{'page_number': 260, 'left': 99.744, 'top': 359.7608873242187, 'right': 235.23767999999998, 'bottom': 350.8274826833347, 'coord_origin': 'BOTTOMLEFT'}",text_heuristic
ae72340e-6a76-5b57-9cd8-af9f19a761a4,c11b9579-45d1-58de-af90-2c8b6bc73152,260,4a7d83f6-2991-5521-b5ec-ddd33d1ea16b,Indicador: 9772 - Número de bolsas de mestrado nos editais publicados,Meta prevista para 2026,meta_prevista_para_2026,200.0,200,,"{'page_number': 260, 'left': 99.744, 'top': 348.2408873242187, 'right': 235.23767999999998, 'bottom': 339.30748268333474, 'coord_origin': 'BOTTOMLEFT'}",text_heuristic
ab2326a9-fab9-5adc-af27-c029cf9b451f,c11b9579-45d1-58de-af90-2c8b6bc73152,260,4a7d83f6-2991-5521-b5ec-ddd33d1ea16b,Indicador: 9772 - Número de bolsas de mestrado nos editais publicados,Meta prevista para 2027,meta_prevista_para_2027,400.0,400,,"{'page_number': 260, 'left': 99.744, 'top': 336.7208873242187, 'right': 235.23767999999998, 'bottom': 327.78748268333476, 'coord_origin': 'BOTTOMLEFT'}",text_heuristic
f643d4e1-8667-55c9-b8d8-ff3bf389a5eb,c11b9579-45d1-58de-af90-2c8b6bc73152,261,629901d1-866c-5be1-9134-1a3904a52838,Informações do Monitoramento,Ministério da Educação,ministerio_da_educacao,26000.0,26000,,"{'page_number': 261, 'left': 177.26, 'top': 283.78088732421867, 'right': 317.8229599999999, 'bottom': 274.8474826833347, 'coord_origin': 'BOTTOMLEFT'}",text_heuristic
30b16c4c-0ba3-5629-ba0a-23df399b6dd7,c11b9579-45d1-58de-af90-2c8b6bc73152,262,f1a850b1-65d0-5b24-a2b8-783cfc037c47,Informações do Monitoramento,Indicador: 9703 - Número de titulados em doutorado por l habitantes,indicador_9703_numero_de_titulados_em_doutorado_por_l_habitantes,100000000.0,100 mi,,"{'page_number': 262, 'left': 88.56, 'top': 454.3960073242187, 'right': 516.5840000000003, 'bottom': 443.63286920267177, 'coord_origin': 'BOTTOMLEFT'}",text_heuristic
d84f7e98-bb30-51b4-a9ca-e3b2d08f4120,c11b9579-45d1-58de-af90-2c8b6bc73152,262,f1a850b1-65d0-5b24-a2b8-783cfc037c47,Informações do Monitoramento,Meta prevista para,meta_prevista_para,2024.0,2024,,"{'page_number': 262, 'left': 92.304, 'top': 385.6808873242187, 'right': 211.0172399999999, 'bottom': 376.74748268333474, 'coord_origin': 'BOTTOMLEFT'}",text_heuristic
a50106aa-1165-5f51-ae00-32b75095361f,c11b9579-45d1-58de-af90-2c8b6bc73152,262,f1a850b1-65d0-5b24-a2b8-783cfc037c47,Informações do Monitoramento,Meta prevista para,meta_prevista_para,2025.0,2025,,"{'page_number': 262, 'left': 92.304, 'top': 374.1608873242187, 'right': 211.0172399999999, 'bottom': 365.22748268333476, 'coord_origin': 'BOTTOMLEFT'}",text_heuristic
08a10044-0026-527c-beaa-98fe83dba13f,c11b9579-45d1-58de-af90-2c8b6bc73152,262,f1a850b1-65d0-5b24-a2b8-783cfc037c47,Informações do Monitoramento,Meta prevista para,meta_prevista_para,2026.0,2026,,"{'page_number': 262, 'left': 92.304, 'top': 362.7608873242187, 'right': 211.0172399999999, 'bottom': 353.8274826833347, 'coord_origin': 'BOTTOMLEFT'}",text_heuristic
d1dab621-fa4c-5ba5-92ee-194adaa6e4ef,c11b9579-45d1-58de-af90-2c8b6bc73152,262,f1a850b1-65d0-5b24-a2b8-783cfc037c47,Informações do Monitoramento,Meta prevista para,meta_prevista_para,2027.0,2027,,"{'page_number': 262, 'left': 92.304, 'top': 351.2408873242187, 'right': 211.0172399999999, 'bottom': 342.30748268333474, 'coord_origin': 'BOTTOMLEFT'}",text_heuristic
ee05f734-364c-5dab-972d-070f0a76241e,c11b9579-45d1-58de-af90-2c8b6bc73152,263,c57e5fe1-a157-5808-a6b5-b4c1a51c6655,Entrega: 0835 - Apoio a editais que contemplem a incorporação de políticas de ações afirmativas,Indicador: - Número de bolsas de doutorado em editais publicados,indicador_numero_de_bolsas_de_doutorado_em_editais_publicados,9791.0,9791,,"{'page_number': 263, 'left': 96.024, 'top': 467.7160073242187, 'right': 507.46400000000034, 'bottom': 456.95286920267176, 'coord_origin': 'BOTTOMLEFT'}",text_heuristic
5cee4f33-9e7d-5ef7-8414-ce7157121b69,c11b9579-45d1-58de-af90-2c8b6bc73152,263,c57e5fe1-a157-5808-a6b5-b4c1a51c6655,Entrega: 0835 - Apoio a editais que contemplem a incorporação de políticas de ações afirmativas,Meta prevista para,meta_prevista_para,2024.0,2024,,"{'page_number': 263, 'left': 99.744, 'top': 385.2008873242187, 'right': 218.45723999999987, 'bottom': 376.2674826833347, 'coord_origin': 'BOTTOMLEFT'}",text_heuristic
0cbfc978-8fe8-5881-a9ec-f17c65c4eeec,c11b9579-45d1-58de-af90-2c8b6bc73152,263,c57e5fe1-a157-5808-a6b5-b4c1a51c6655,Entrega: 0835 - Apoio a editais que contemplem a incorporação de políticas de ações afirmativas,Meta prevista para 2025,meta_prevista_para_2025,150.0,150,,"{'page_number': 263, 'left': 99.744, 'top': 373.6808873242187, 'right': 235.23767999999998, 'bottom': 364.74748268333474, 'coord_origin': 'BOTTOMLEFT'}",text_heuristic
426d0ddb-5d3a-500a-bde1-f499b3399f3b,c11b9579-45d1-58de-af90-2c8b6bc73152,263,c57e5fe1-a157-5808-a6b5-b4c1a51c6655,Entrega: 0835 - Apoio a editais que contemplem a incorporação de políticas de ações afirmativas,Meta prevista para 2026,meta_prevista_para_2026,300.0,300,,"{'page_number': 263, 'left': 99.744, 'top': 362.28088732421867, 'right': 235.23767999999998, 'bottom': 353.3474826833347, 'coord_origin': 'BOTTOMLEFT'}",text_heuristic
45eed394-40fd-555e-8b27-e369ac2b4cf9,c11b9579-45d1-58de-af90-2c8b6bc73152,263,c57e5fe1-a157-5808-a6b5-b4c1a51c6655,Entrega: 0835 - Apoio a editais que contemplem a incorporação de políticas de ações afirmativas,Meta prevista para,meta_prevista_para,2027.0,2027,,"{'page_number': 263, 'left': 99.744, 'top': 350.7608873242187, 'right': 218.45723999999987, 'bottom': 341.8274826833347, 'coord_origin': 'BOTTOMLEFT'}",text_heuristic
5bb6d342-62e2-5509-b5f9-1d35770335af,c11b9579-45d1-58de-af90-2c8b6bc73152,264,619510af-7c80-5f5f-968c-3a9575d40648,Medida Institucional Normativa: 06BA - P. Realização do Censo da Pós-Graduação stricto sensu,"Educação Superior: Qualidade, Democracia, Equidade e Sustentabilidade",educacao_superior_qualidade_democracia_equidade_e_sustentabilidade,5113.0,5113,,"{'page_number': 264, 'left': 129.98, 'top': 363.7208873242187, 'right': 488.7544399999997, 'bottom': 354.78748268333476, 'coord_origin': 'BOTTOMLEFT'}",text_heuristic
54bd58e1-5d7a-559f-aabe-de0721c59937,c11b9579-45d1-58de-af90-2c8b6bc73152,264,619510af-7c80-5f5f-968c-3a9575d40648,Medida Institucional Normativa: 06BA - P. Realização do Censo da Pós-Graduação stricto sensu,Ministério da Educação,ministerio_da_educacao,26000.0,26000,,"{'page_number': 264, 'left': 177.26, 'top': 352.2008873242187, 'right': 317.8229599999999, 'bottom': 343.2674826833347, 'coord_origin': 'BOTTOMLEFT'}",text_heuristic
aa519139-3782-5e2d-9614-69d6ccf32273,c11b9579-45d1-58de-af90-2c8b6bc73152,264,619510af-7c80-5f5f-968c-3a9575d40648,Medida Institucional Normativa: 06BA - P. Realização do Censo da Pós-Graduação stricto sensu,"Educação Superior: Qualidade, Democracia, Equidade e Sustentabilidade",educacao_superior_qualidade_democracia_equidade_e_sustentabilidade,5113.0,5113,,"{'page_number': 264, 'left': 129.98, 'top': 109.15088732421873, 'right': 488.7544399999997, 'bottom': 100.21748268333471, 'coord_origin': 'BOTTOMLEFT'}",text_heuristic
7948b086-0c07-5a6d-82a3-a43005b13500,c11b9579-45d1-58de-af90-2c8b6bc73152,264,619510af-7c80-5f5f-968c-3a9575d40648,Medida Institucional Normativa: 06BA - P. Realização do Censo da Pós-Graduação stricto sensu,Ministério da Educação,ministerio_da_educacao,26000.0,26000,,"{'page_number': 264, 'left': 177.26, 'top': 97.63488732421871, 'right': 317.8229599999999, 'bottom': 88.70148268333469, 'coord_origin': 'BOTTOMLEFT'}",text_heuristic
ac0d2ba4-b57c-5864-b907-48f04695d066,c11b9579-45d1-58de-af90-2c8b6bc73152,265,ed768a50-99d1-58c9-974b-4c495dd2d922,Informações do Monitoramento,"Educação Superior: Qualidade, Democracia, Equidade e Sustentabilidade",educacao_superior_qualidade_democracia_equidade_e_sustentabilidade,5113.0,5113,,"{'page_number': 265, 'left': 129.98, 'top': 330.9608873242187, 'right': 488.7544399999997, 'bottom': 322.0274826833347, 'coord_origin': 'BOTTOMLEFT'}",text_heuristic
57e121c8-dcc0-5efb-a941-71e4d8760b21,c11b9579-45d1-58de-af90-2c8b6bc73152,265,ed768a50-99d1-58c9-974b-4c495dd2d922,Informações do Monitoramento,Ministério da Educação,ministerio_da_educacao,26000.0,26000,,"{'page_number': 265, 'left': 177.26, 'top': 319.3208873242187, 'right': 317.8229599999999, 'bottom': 310.3874826833347, 'coord_origin': 'BOTTOMLEFT'}",text_heuristic
76e11f24-179d-5dcb-9f7a-783235339cc2,c11b9579-45d1-58de-af90-2c8b6bc73152,265,61b584e4-e1e2-5c3b-ae23-157530d0fb74,Informações do Monitoramento,1868/ - TCU Plenário.,1868_tcu_plenario,2024.0,2024,,"{'page_number': 265, 'left': 77.28, 'top': 231.9408873242187, 'right': 198.34807999999995, 'bottom': 223.00748268333473, 'coord_origin': 'BOTTOMLEFT'}",text_heuristic
3c677352-2ee0-5acf-8651-59a09957776b,c11b9579-45d1-58de-af90-2c8b6bc73152,265,61b584e4-e1e2-5c3b-ae23-157530d0fb74,Informações do Monitoramento,"Educação Superior: Qualidade, Democracia, Equidade e Sustentabilidade",educacao_superior_qualidade_democracia_equidade_e_sustentabilidade,5113.0,5113,,"{'page_number': 265, 'left': 129.98, 'top': 83.23488732421868, 'right': 488.7544399999997, 'bottom': 74.30148268333471, 'coord_origin': 'BOTTOMLEFT'}",text_heuristic
b30adda6-caa5-5b22-b9f6-0907a3fe7a5f,c11b9579-45d1-58de-af90-2c8b6bc73152,265,61b584e4-e1e2-5c3b-ae23-157530d0fb74,Informações do Monitoramento,Ministério da Educação,ministerio_da_educacao,26000.0,26000,,"{'page_number': 265, 'left': 177.26, 'top': 71.7148873242187, 'right': 317.8229599999999, 'bottom': 62.78148268333473, 'coord_origin': 'BOTTOMLEFT'}",text_heuristic
aa077173-b383-57b3-ade2-2cecfdfd52b1,c11b9579-45d1-58de-af90-2c8b6bc73152,266,af43d8f5-d3e9-5f60-8b11-04d9bcd08819,"PROGRAMA: 5121 - GESTÃO, TRABALHO, EDUCAÇÃO E TRANSFORMAÇÃO DIGITAL NA SAÚDE","PROGRAMA: - GESTÃO, TRABALHO, EDUCAÇÃO E TRANSFORMAÇÃO DIGITAL NA SAÚDE",programa_gestao_trabalho_educacao_e_transformacao_digital_na_saude,5121.0,5121,,"{'page_number': 266, 'left': 51.0, 'top': 274.2711273242187, 'right': 704.9474000000007, 'bottom': 261.67825572200877, 'coord_origin': 'BOTTOMLEFT'}",text_heuristic
06a3d4db-b9cd-5205-9156-35fd0ad6ed19,c11b9579-45d1-58de-af90-2c8b6bc73152,266,af43d8f5-d3e9-5f60-8b11-04d9bcd08819,"PROGRAMA: 5121 - GESTÃO, TRABALHO, EDUCAÇÃO E TRANSFORMAÇÃO DIGITAL NA SAÚDE",Órgão Responsável: - Ministério da Saúde,orgao_responsavel_ministerio_da_saude,36000.0,36000,,"{'page_number': 266, 'left': 77.28, 'top': 155.35088732421866, 'right': 302.26543999999996, 'bottom': 146.4174826833347, 'coord_origin': 'BOTTOMLEFT'}",text_heuristic
f785b933-680e-5457-a21e-bd4d0d89b76d,c11b9579-45d1-58de-af90-2c8b6bc73152,267,94ee7489-7b91-5fb0-9fe8-f6825d9e27b6,Informações básicas,Meta prevista para,meta_prevista_para,2024.0,2024,,"{'page_number': 267, 'left': 92.304, 'top': 105.07488732421871, 'right': 211.0172399999999, 'bottom': 96.14148268333474, 'coord_origin': 'BOTTOMLEFT'}",text_heuristic
2c724a73-45ec-57b6-8852-82781250e82e,c11b9579-45d1-58de-af90-2c8b6bc73152,267,94ee7489-7b91-5fb0-9fe8-f6825d9e27b6,Informações básicas,Meta prevista para,meta_prevista_para,2025.0,2025,,"{'page_number': 267, 'left': 92.304, 'top': 93.55488732421873, 'right': 211.0172399999999, 'bottom': 84.6214826833347, 'coord_origin': 'BOTTOMLEFT'}",text_heuristic
ecf9bf2b-bb01-5421-bf4e-54e86599c505,c11b9579-45d1-58de-af90-2c8b6bc73152,267,94ee7489-7b91-5fb0-9fe8-f6825d9e27b6,Informações básicas,Meta prevista para,meta_prevista_para,2026.0,2026,,"{'page_number': 267, 'left': 92.304, 'top': 82.03488732421874, 'right': 211.0172399999999, 'bottom': 73.10148268333478, 'coord_origin': 'BOTTOMLEFT'}",text_heuristic
d421af1a-044b-50bf-aba6-6e8d2f76eec2,c11b9579-45d1-58de-af90-2c8b6bc73152,267,94ee7489-7b91-5fb0-9fe8-f6825d9e27b6,Informações básicas,Meta prevista para,meta_prevista_para,2027.0,2027,,"{'page_number': 267, 'left': 92.304, 'top': 70.51488732421876, 'right': 211.0172399999999, 'bottom': 61.581482683334684, 'coord_origin': 'BOTTOMLEFT'}",text_heuristic
fd882385-4e34-56eb-ba5e-71fc21772799,c11b9579-45d1-58de-af90-2c8b6bc73152,270,33da3eb0-2ad2-55dd-9e99-b757ad5476bb,Informações do Monitoramento,Meta prevista para,meta_prevista_para,2024.0,2024,,"{'page_number': 270, 'left': 99.744, 'top': 515.6708873242187, 'right': 218.45723999999987, 'bottom': 506.73748268333475, 'coord_origin': 'BOTTOMLEFT'}",text_heuristic
ac04c22b-6345-5884-bb16-ba95a416c5f7,c11b9579-45d1-58de-af90-2c8b6bc73152,270,33da3eb0-2ad2-55dd-9e99-b757ad5476bb,Informações do Monitoramento,Meta prevista para,meta_prevista_para,2025.0,2025,,"{'page_number': 270, 'left': 99.744, 'top': 504.2708873242187, 'right': 218.45723999999987, 'bottom': 495.3374826833347, 'coord_origin': 'BOTTOMLEFT'}",text_heuristic
7bd54975-cdba-5255-98c7-9084cfa04ef9,c11b9579-45d1-58de-af90-2c8b6bc73152,270,33da3eb0-2ad2-55dd-9e99-b757ad5476bb,Informações do Monitoramento,Meta prevista para,meta_prevista_para,2026.0,2026,,"{'page_number': 270, 'left': 99.744, 'top': 492.7508873242187, 'right': 218.45723999999987, 'bottom': 483.81748268333473, 'coord_origin': 'BOTTOMLEFT'}",text_heuristic
e5d8f68c-7d59-5684-b35d-e7c8f9dbd737,c11b9579-45d1-58de-af90-2c8b6bc73152,270,33da3eb0-2ad2-55dd-9e99-b757ad5476bb,Informações do Monitoramento,Meta prevista para,meta_prevista_para,2027.0,2027,,"{'page_number': 270, 'left': 99.744, 'top': 481.2308873242187, 'right': 218.45723999999987, 'bottom': 472.29748268333475, 'coord_origin': 'BOTTOMLEFT'}",text_heuristic
4b0ae196-c2bd-52e8-985e-e21c15e78572,c11b9579-45d1-58de-af90-2c8b6bc73152,272,af5c4ab4-5739-55d3-a14b-99e3bd0ef98a,Informações do Monitoramento,Meta prevista para 2024,meta_prevista_para_2024,500.0,500,,"{'page_number': 272, 'left': 99.744, 'top': 343.6808873242187, 'right': 235.23767999999998, 'bottom': 334.74748268333474, 'coord_origin': 'BOTTOMLEFT'}",text_heuristic
fe9062dc-ea19-5c8b-8b51-f968052e57ca,c11b9579-45d1-58de-af90-2c8b6bc73152,272,af5c4ab4-5739-55d3-a14b-99e3bd0ef98a,Informações do Monitoramento,Meta prevista para 2025,meta_prevista_para_2025,1000.0,1.000,,"{'page_number': 272, 'left': 99.744, 'top': 332.1608873242187, 'right': 243.62971999999996, 'bottom': 323.22748268333476, 'coord_origin': 'BOTTOMLEFT'}",text_heuristic
b27bf3c1-9b9f-5350-8a20-dab3775906f8,c11b9579-45d1-58de-af90-2c8b6bc73152,272,af5c4ab4-5739-55d3-a14b-99e3bd0ef98a,Informações do Monitoramento,Meta prevista para,meta_prevista_para,2026.0,2026,,"{'page_number': 272, 'left': 99.744, 'top': 320.6408873242187, 'right': 218.45723999999987, 'bottom': 311.7074826833347, 'coord_origin': 'BOTTOMLEFT'}",text_heuristic
757403c3-4867-5aaf-9110-ed063ebd7dc8,c11b9579-45d1-58de-af90-2c8b6bc73152,272,af5c4ab4-5739-55d3-a14b-99e3bd0ef98a,Informações do Monitoramento,Meta prevista para,meta_prevista_para,2027.0,2027,,"{'page_number': 272, 'left': 99.744, 'top': 309.1208873242187, 'right': 218.45723999999987, 'bottom': 300.18748268333474, 'coord_origin': 'BOTTOMLEFT'}",text_heuristic
7cbab226-f041-53d7-9c5b-7ce957c20e11,c11b9579-45d1-58de-af90-2c8b6bc73152,272,af5c4ab4-5739-55d3-a14b-99e3bd0ef98a,Informações do Monitoramento,Execução zero em,execucao_zero_em,2024.0,2024.,,"{'page_number': 272, 'left': 343.13, 'top': 118.27088732421868, 'right': 453.59636, 'bottom': 109.33748268333471, 'coord_origin': 'BOTTOMLEFT'}",text_heuristic
e9e3e363-7c01-51fc-a5c0-d51ad01b9e92,c11b9579-45d1-58de-af90-2c8b6bc73152,273,8d5e6e71-9ab2-5831-8a83-498a2630db73,PROGRAMA: 5125 - DIREITO À CULTURA,PROGRAMA: - DIREITO À CULTURA,programa_direito_a_cultura,5125.0,5125,,"{'page_number': 273, 'left': 51.0, 'top': 496.0811273242187, 'right': 328.67540000000025, 'bottom': 483.4882557220088, 'coord_origin': 'BOTTOMLEFT'}",text_heuristic
e6f3bf54-ce88-5134-8146-e099feea43ec,c11b9579-45d1-58de-af90-2c8b6bc73152,273,8d5e6e71-9ab2-5831-8a83-498a2630db73,PROGRAMA: 5125 - DIREITO À CULTURA,Órgão Responsável: - Ministério da Cultura,orgao_responsavel_ministerio_da_cultura,42000.0,42000,,"{'page_number': 273, 'left': 77.28, 'top': 363.3608873242187, 'right': 305.58212, 'bottom': 354.42748268333474, 'coord_origin': 'BOTTOMLEFT'}",text_heuristic
78f6b750-b477-52e1-8f4d-0f735734ebb7,c11b9579-45d1-58de-af90-2c8b6bc73152,275,4464ccb9-5afe-5fb5-8260-1c2fdfcd2402,Indicador: 11125 - Projetos Apoiados,Indicador: - Projetos Apoiados,indicador_projetos_apoiados,11125.0,11125,,"{'page_number': 275, 'left': 88.56, 'top': 396.88600732421867, 'right': 300.06800000000004, 'bottom': 386.1228692026717, 'coord_origin': 'BOTTOMLEFT'}",text_heuristic
4121c5c0-a46b-51b8-aaf0-8318fb2de5c8,c11b9579-45d1-58de-af90-2c8b6bc73152,275,4464ccb9-5afe-5fb5-8260-1c2fdfcd2402,Indicador: 11125 - Projetos Apoiados,Meta prevista para,meta_prevista_para,2024.0,2024,,"{'page_number': 275, 'left': 92.304, 'top': 314.4008873242187, 'right': 211.0172399999999, 'bottom': 305.4674826833347, 'coord_origin': 'BOTTOMLEFT'}",text_heuristic
d7c0ce64-6824-5594-896f-03ff2dd1857c,c11b9579-45d1-58de-af90-2c8b6bc73152,275,4464ccb9-5afe-5fb5-8260-1c2fdfcd2402,Indicador: 11125 - Projetos Apoiados,Meta prevista para,meta_prevista_para,2025.0,2025,,"{'page_number': 275, 'left': 92.304, 'top': 302.8808873242187, 'right': 211.0172399999999, 'bottom': 293.9474826833347, 'coord_origin': 'BOTTOMLEFT'}",text_heuristic
ae949df5-34b2-51c4-b07e-aeafb8f16003,c11b9579-45d1-58de-af90-2c8b6bc73152,275,4464ccb9-5afe-5fb5-8260-1c2fdfcd2402,Indicador: 11125 - Projetos Apoiados,Meta prevista para,meta_prevista_para,2026.0,2026,,"{'page_number': 275, 'left': 92.304, 'top': 291.3608873242187, 'right': 211.0172399999999, 'bottom': 282.42748268333474, 'coord_origin': 'BOTTOMLEFT'}",text_heuristic
91222650-e571-5683-b5bc-f8fccf5f3d3a,c11b9579-45d1-58de-af90-2c8b6bc73152,275,4464ccb9-5afe-5fb5-8260-1c2fdfcd2402,Indicador: 11125 - Projetos Apoiados,Meta prevista para,meta_prevista_para,2027.0,2027,,"{'page_number': 275, 'left': 92.304, 'top': 279.8208873242187, 'right': 211.0172399999999, 'bottom': 270.8874826833347, 'coord_origin': 'BOTTOMLEFT'}",text_heuristic
c832e88e-ab16-5fdd-953a-9899d8df92ec,c11b9579-45d1-58de-af90-2c8b6bc73152,276,f5d33b46-701e-56cd-a81d-645e54252759,Medida Institucional Normativa: 08DB - Elaboração do Programa Nacional de Ações Afirmativas na Cultura.,Direito à Cultura,direito_a_cultura,5125.0,5125,,"{'page_number': 276, 'left': 129.98, 'top': 331.5608873242187, 'right': 233.35015999999993, 'bottom': 322.62748268333473, 'coord_origin': 'BOTTOMLEFT'}",text_heuristic
670eb24e-a48f-5a78-be9d-81c737756aaf,c11b9579-45d1-58de-af90-2c8b6bc73152,276,f5d33b46-701e-56cd-a81d-645e54252759,Medida Institucional Normativa: 08DB - Elaboração do Programa Nacional de Ações Afirmativas na Cultura.,Ministério da Cultura,ministerio_da_cultura,42000.0,42000,,"{'page_number': 276, 'left': 177.26, 'top': 320.0408873242187, 'right': 305.66048000000006, 'bottom': 311.10748268333475, 'coord_origin': 'BOTTOMLEFT'}",text_heuristic
5e99d4bb-dc04-5bef-a8ee-ea074fb83226,c11b9579-45d1-58de-af90-2c8b6bc73152,277,a8533c1c-6ab1-5dc4-ba6a-b85b29eaa876,PROGRAMA: 5126 - ESPORTE PARA A VIDA,PROGRAMA: - ESPORTE PARA A VIDA,programa_esporte_para_a_vida,5126.0,5126,,"{'page_number': 277, 'left': 51.0, 'top': 547.4611273242188, 'right': 348.24716000000024, 'bottom': 534.8682557220087, 'coord_origin': 'BOTTOMLEFT'}",text_heuristic
28343ab5-97ce-571b-b790-6631bc5b10b1,c11b9579-45d1-58de-af90-2c8b6bc73152,277,a8533c1c-6ab1-5dc4-ba6a-b85b29eaa876,PROGRAMA: 5126 - ESPORTE PARA A VIDA,Ministério do Esporte,ministerio_do_esporte,51000.0,51000,,"{'page_number': 277, 'left': 177.26, 'top': 428.5508873242187, 'right': 307.76336, 'bottom': 419.61748268333474, 'coord_origin': 'BOTTOMLEFT'}",text_heuristic
475b88be-a914-577c-adc6-1bb4fbac0f09,c11b9579-45d1-58de-af90-2c8b6bc73152,277,1bd71868-595f-5000-9943-94c2e05418a5,Informações do Monitoramento,Meta prevista para,meta_prevista_para,2024.0,2024,,"{'page_number': 277, 'left': 92.304, 'top': 155.71088732421867, 'right': 211.0172399999999, 'bottom': 146.7774826833347, 'coord_origin': 'BOTTOMLEFT'}",text_heuristic
c354c8a7-123f-56e9-81af-e3ff2dbcab44,c11b9579-45d1-58de-af90-2c8b6bc73152,277,1bd71868-595f-5000-9943-94c2e05418a5,Informações do Monitoramento,Meta prevista para,meta_prevista_para,2025.0,2025,,"{'page_number': 277, 'left': 92.304, 'top': 144.1908873242187, 'right': 211.0172399999999, 'bottom': 135.25748268333473, 'coord_origin': 'BOTTOMLEFT'}",text_heuristic
062a43f8-e6e0-5dd4-bdbd-57e37b799423,c11b9579-45d1-58de-af90-2c8b6bc73152,277,1bd71868-595f-5000-9943-94c2e05418a5,Informações do Monitoramento,Meta prevista para,meta_prevista_para,2026.0,2026,,"{'page_number': 277, 'left': 92.304, 'top': 132.6708873242187, 'right': 211.0172399999999, 'bottom': 123.73748268333475, 'coord_origin': 'BOTTOMLEFT'}",text_heuristic
d521e299-7321-5490-be3c-8c7e30510f81,c11b9579-45d1-58de-af90-2c8b6bc73152,277,1bd71868-595f-5000-9943-94c2e05418a5,Informações do Monitoramento,Meta prevista para,meta_prevista_para,2027.0,2027,,"{'page_number': 277, 'left': 92.304, 'top': 121.15088732421873, 'right': 211.0172399999999, 'bottom': 112.21748268333471, 'coord_origin': 'BOTTOMLEFT'}",text_heuristic
653eddb0-9b67-588b-85be-ab8e0c15da26,c11b9579-45d1-58de-af90-2c8b6bc73152,281,ddb06c13-ecd4-5df3-baea-376ce2014541,Informações do Monitoramento,Meta prevista para,meta_prevista_para,2024.0,2024,,"{'page_number': 281, 'left': 99.744, 'top': 515.6708873242187, 'right': 218.45723999999987, 'bottom': 506.73748268333475, 'coord_origin': 'BOTTOMLEFT'}",text_heuristic
cccf3520-d463-59af-83c9-4c07501bf351,c11b9579-45d1-58de-af90-2c8b6bc73152,281,ddb06c13-ecd4-5df3-baea-376ce2014541,Informações do Monitoramento,Meta prevista para,meta_prevista_para,2025.0,2025,,"{'page_number': 281, 'left': 99.744, 'top': 504.2708873242187, 'right': 218.45723999999987, 'bottom': 495.3374826833347, 'coord_origin': 'BOTTOMLEFT'}",text_heuristic
c93a869f-14eb-571c-a656-d71070e062a4,c11b9579-45d1-58de-af90-2c8b6bc73152,281,ddb06c13-ecd4-5df3-baea-376ce2014541,Informações do Monitoramento,Meta prevista para,meta_prevista_para,2026.0,2026,,"{'page_number': 281, 'left': 99.744, 'top': 492.7508873242187, 'right': 218.45723999999987, 'bottom': 483.81748268333473, 'coord_origin': 'BOTTOMLEFT'}",text_heuristic
d917d7f2-7a13-5456-8cf4-cada68ed0e13,c11b9579-45d1-58de-af90-2c8b6bc73152,281,ddb06c13-ecd4-5df3-baea-376ce2014541,Informações do Monitoramento,Meta prevista para,meta_prevista_para,2027.0,2027,,"{'page_number': 281, 'left': 99.744, 'top': 481.2308873242187, 'right': 218.45723999999987, 'bottom': 472.29748268333475, 'coord_origin': 'BOTTOMLEFT'}",text_heuristic
fbc1e57d-adbc-5ab7-9c7a-07dd2ac0935a,c11b9579-45d1-58de-af90-2c8b6bc73152,284,ee2c314b-0a29-5598-9339-e5053260056e,PROGRAMA: 5663 - AUTONOMIA ECONÔMICA DAS MULHERES,PROGRAMA: - AUTONOMIA ECONÔMICA DAS MULHERES,programa_autonomia_economica_das_mulheres,5663.0,5663,,"{'page_number': 284, 'left': 51.0, 'top': 465.24112732421867, 'right': 479.4305600000005, 'bottom': 452.64825572200874, 'coord_origin': 'BOTTOMLEFT'}",text_heuristic
d37d342c-7d27-533b-92b7-e8b410f16129,c11b9579-45d1-58de-af90-2c8b6bc73152,284,ee2c314b-0a29-5598-9339-e5053260056e,PROGRAMA: 5663 - AUTONOMIA ECONÔMICA DAS MULHERES,Órgão Responsável: - Ministério das Mulheres,orgao_responsavel_ministerio_das_mulheres,65000.0,65000,,"{'page_number': 284, 'left': 77.28, 'top': 373.9208873242187, 'right': 319.43647999999996, 'bottom': 364.98748268333475, 'coord_origin': 'BOTTOMLEFT'}",text_heuristic
024ef68d-3722-57b4-baf0-d1c9914633d5,c11b9579-45d1-58de-af90-2c8b6bc73152,284,ee2c314b-0a29-5598-9339-e5053260056e,PROGRAMA: 5663 - AUTONOMIA ECONÔMICA DAS MULHERES,Indicador: - Taxa de formalização das mulheres no mercado de trabalho,indicador_taxa_de_formalizacao_das_mulheres_no_mercado_de_trabalho,11308.0,11308,,"{'page_number': 284, 'left': 88.56, 'top': 227.18600732421868, 'right': 535.3880000000005, 'bottom': 216.42286920267173, 'coord_origin': 'BOTTOMLEFT'}",text_heuristic
e4131a10-d765-57e0-9804-94e7a0b63571,c11b9579-45d1-58de-af90-2c8b6bc73152,284,f971995d-0a28-553c-9426-5641e643bc11,Informações do Monitoramento,Meta prevista para,meta_prevista_para,2024.0,2024,,"{'page_number': 284, 'left': 92.304, 'top': 158.59088732421867, 'right': 211.0172399999999, 'bottom': 149.6574826833347, 'coord_origin': 'BOTTOMLEFT'}",text_heuristic
fc0c3592-f957-5d05-bd26-5d2c6780514c,c11b9579-45d1-58de-af90-2c8b6bc73152,284,f971995d-0a28-553c-9426-5641e643bc11,Informações do Monitoramento,Meta prevista para 2025,meta_prevista_para_2025,44.0,44,,"{'page_number': 284, 'left': 92.304, 'top': 147.0708873242187, 'right': 222.27772, 'bottom': 138.13748268333472, 'coord_origin': 'BOTTOMLEFT'}",text_heuristic
80b4423e-a726-554d-9b23-05b15e04dd68,c11b9579-45d1-58de-af90-2c8b6bc73152,284,f971995d-0a28-553c-9426-5641e643bc11,Informações do Monitoramento,Meta prevista para 2026,meta_prevista_para_2026,46.0,46,,"{'page_number': 284, 'left': 92.304, 'top': 135.5508873242187, 'right': 222.27772, 'bottom': 126.61748268333474, 'coord_origin': 'BOTTOMLEFT'}",text_heuristic
63e4d13b-ac12-564c-92f9-827f06a25a3f,c11b9579-45d1-58de-af90-2c8b6bc73152,284,f971995d-0a28-553c-9426-5641e643bc11,Informações do Monitoramento,Meta prevista para,meta_prevista_para,2027.0,2027,,"{'page_number': 284, 'left': 92.304, 'top': 124.03088732421872, 'right': 211.0172399999999, 'bottom': 115.0974826833347, 'coord_origin': 'BOTTOMLEFT'}",text_heuristic
928062fb-116f-5ee1-aeab-b50d0c38b5af,c11b9579-45d1-58de-af90-2c8b6bc73152,285,b242323d-c7f2-5201-a2cd-ca177fa485a1,Entrega: 0091 - Cursos de Qualificação Profissional para Mulheres,Entrega: - Cursos de Qualificação Profissional para Mulheres,entrega_cursos_de_qualificacao_profissional_para_mulheres,91.0,0091,,"{'page_number': 285, 'left': 88.56, 'top': 460.8760073242187, 'right': 468.11000000000007, 'bottom': 450.11286920267173, 'coord_origin': 'BOTTOMLEFT'}",text_heuristic
9d6e015f-8315-5f4f-b252-29ebc5081d5b,c11b9579-45d1-58de-af90-2c8b6bc73152,285,b242323d-c7f2-5201-a2cd-ca177fa485a1,Entrega: 0091 - Cursos de Qualificação Profissional para Mulheres,Indicador: - Número de Mulheres Beneficiadas,indicador_numero_de_mulheres_beneficiadas,10467.0,10467,,"{'page_number': 285, 'left': 96.024, 'top': 411.6460073242187, 'right': 397.43600000000026, 'bottom': 400.88286920267177, 'coord_origin': 'BOTTOMLEFT'}",text_heuristic
630c4a06-6d34-5c3e-9a91-dc46f5665cf9,c11b9579-45d1-58de-af90-2c8b6bc73152,285,b242323d-c7f2-5201-a2cd-ca177fa485a1,Entrega: 0091 - Cursos de Qualificação Profissional para Mulheres,Meta: WS - Mulheres Beneficiadas,meta_ws_mulheres_beneficiadas,6.0,06,,"{'page_number': 285, 'left': 96.024, 'top': 393.4060073242187, 'right': 304.0760000000001, 'bottom': 382.64286920267176, 'coord_origin': 'BOTTOMLEFT'}",text_heuristic
f2473874-0fa6-588a-84d5-f29c21f588f2,c11b9579-45d1-58de-af90-2c8b6bc73152,285,b242323d-c7f2-5201-a2cd-ca177fa485a1,Entrega: 0091 - Cursos de Qualificação Profissional para Mulheres,Meta prevista para,meta_prevista_para,2024.0,2024,,"{'page_number': 285, 'left': 99.744, 'top': 343.0808873242187, 'right': 218.45723999999987, 'bottom': 334.1474826833347, 'coord_origin': 'BOTTOMLEFT'}",text_heuristic
9678642b-a2b0-5eb2-ba8d-33df2b6799ee,c11b9579-45d1-58de-af90-2c8b6bc73152,285,b242323d-c7f2-5201-a2cd-ca177fa485a1,Entrega: 0091 - Cursos de Qualificação Profissional para Mulheres,Meta prevista para 2025,meta_prevista_para_2025,30000.0,30.000,,"{'page_number': 285, 'left': 99.744, 'top': 331.5608873242187, 'right': 249.15751999999995, 'bottom': 322.62748268333473, 'coord_origin': 'BOTTOMLEFT'}",text_heuristic
d0632ec1-8243-55fd-b512-089c0ea8f3fb,c11b9579-45d1-58de-af90-2c8b6bc73152,285,b242323d-c7f2-5201-a2cd-ca177fa485a1,Entrega: 0091 - Cursos de Qualificação Profissional para Mulheres,Meta prevista para 2026,meta_prevista_para_2026,30000.0,30.000,,"{'page_number': 285, 'left': 99.744, 'top': 320.0408873242187, 'right': 249.15751999999995, 'bottom': 311.10748268333475, 'coord_origin': 'BOTTOMLEFT'}",text_heuristic
791ac3e3-fdfe-5aca-9d46-85743572e991,c11b9579-45d1-58de-af90-2c8b6bc73152,285,b242323d-c7f2-5201-a2cd-ca177fa485a1,Entrega: 0091 - Cursos de Qualificação Profissional para Mulheres,Meta prevista para,meta_prevista_para,2027.0,2027,,"{'page_number': 285, 'left': 99.744, 'top': 308.5208873242187, 'right': 218.45723999999987, 'bottom': 299.5874826833347, 'coord_origin': 'BOTTOMLEFT'}",text_heuristic
73475452-6e62-5ebe-bdc6-603ba480a254,c11b9579-45d1-58de-af90-2c8b6bc73152,286,3c914268-f66c-5689-bcb2-26b5b17be96b,Entrega: 0187 - Ações de formação e qualificação para as trabalhadoras domésticas,Indicador: - Número de Mulheres Beneficiárias,indicador_numero_de_mulheres_beneficiarias,10485.0,10485,,"{'page_number': 286, 'left': 96.024, 'top': 269.7860073242187, 'right': 398.1980000000002, 'bottom': 259.02286920267176, 'coord_origin': 'BOTTOMLEFT'}",text_heuristic
a9ff3608-bfac-5400-aa13-5215ea71cf2a,c11b9579-45d1-58de-af90-2c8b6bc73152,286,3c914268-f66c-5689-bcb2-26b5b17be96b,Entrega: 0187 - Ações de formação e qualificação para as trabalhadoras domésticas,Meta prevista para,meta_prevista_para,2024.0,2024,,"{'page_number': 286, 'left': 99.744, 'top': 201.10088732421866, 'right': 218.45723999999987, 'bottom': 192.1674826833347, 'coord_origin': 'BOTTOMLEFT'}",text_heuristic
6376d290-bb7a-5d61-808a-fb7d96ae2bd1,c11b9579-45d1-58de-af90-2c8b6bc73152,286,3c914268-f66c-5689-bcb2-26b5b17be96b,Entrega: 0187 - Ações de formação e qualificação para as trabalhadoras domésticas,Meta prevista para 2025,meta_prevista_para_2025,7700.0,7.700,,"{'page_number': 286, 'left': 99.744, 'top': 189.58088732421868, 'right': 243.62971999999996, 'bottom': 180.64748268333472, 'coord_origin': 'BOTTOMLEFT'}",text_heuristic
bcdef667-5ee8-5beb-808b-c19c273cad03,c11b9579-45d1-58de-af90-2c8b6bc73152,286,3c914268-f66c-5689-bcb2-26b5b17be96b,Entrega: 0187 - Ações de formação e qualificação para as trabalhadoras domésticas,Meta prevista para,meta_prevista_para,2026.0,2026,,"{'page_number': 286, 'left': 99.744, 'top': 178.1808873242187, 'right': 218.45723999999987, 'bottom': 169.24748268333474, 'coord_origin': 'BOTTOMLEFT'}",text_heuristic
f5843313-064f-57a9-9be2-c6ba73d420a8,c11b9579-45d1-58de-af90-2c8b6bc73152,286,3c914268-f66c-5689-bcb2-26b5b17be96b,Entrega: 0187 - Ações de formação e qualificação para as trabalhadoras domésticas,Meta prevista para,meta_prevista_para,2027.0,2027,,"{'page_number': 286, 'left': 99.744, 'top': 166.66088732421872, 'right': 218.45723999999987, 'bottom': 157.72748268333476, 'coord_origin': 'BOTTOMLEFT'}",text_heuristic
65d8379b-1a53-50c4-9654-ade4ccf0321f,c11b9579-45d1-58de-af90-2c8b6bc73152,287,e34e0d30-ab7d-57d9-9d76-b467c61e12ea,Regionalizações da Meta,Ministério das Mulheres,ministerio_das_mulheres,65000.0,65000,,"{'page_number': 287, 'left': 177.26, 'top': 106.87488732421866, 'right': 319.43647999999996, 'bottom': 97.9414826833347, 'coord_origin': 'BOTTOMLEFT'}",text_heuristic
a679f07e-051e-513f-b64b-768e0ae530c2,c11b9579-45d1-58de-af90-2c8b6bc73152,288,29b285e3-d501-509f-b763-9a494bf7d030,Indicador: 11622 - Incremento percentual no rendimento real do trabalho das mulheres,Meta prevista para,meta_prevista_para,2024.0,2024,,"{'page_number': 288, 'left': 92.304, 'top': 320.8808873242187, 'right': 211.0172399999999, 'bottom': 311.9474826833347, 'coord_origin': 'BOTTOMLEFT'}",text_heuristic
c420a64e-d18e-5864-8bec-acc25a98b7f3,c11b9579-45d1-58de-af90-2c8b6bc73152,288,29b285e3-d501-509f-b763-9a494bf7d030,Indicador: 11622 - Incremento percentual no rendimento real do trabalho das mulheres,Meta prevista para 2025,meta_prevista_para_2025,0.7,"0,7",,"{'page_number': 288, 'left': 92.304, 'top': 309.3608873242187, 'right': 225.0288, 'bottom': 300.42748268333474, 'coord_origin': 'BOTTOMLEFT'}",text_heuristic
edff1674-e87d-5d28-bb50-f74891c3f692,c11b9579-45d1-58de-af90-2c8b6bc73152,288,29b285e3-d501-509f-b763-9a494bf7d030,Indicador: 11622 - Incremento percentual no rendimento real do trabalho das mulheres,Meta prevista para,meta_prevista_para,2026.0,2026,,"{'page_number': 288, 'left': 92.304, 'top': 297.9608873242187, 'right': 211.0172399999999, 'bottom': 289.0274826833347, 'coord_origin': 'BOTTOMLEFT'}",text_heuristic
0b000482-13b7-5fa3-86e2-4f21d066c892,c11b9579-45d1-58de-af90-2c8b6bc73152,288,29b285e3-d501-509f-b763-9a494bf7d030,Indicador: 11622 - Incremento percentual no rendimento real do trabalho das mulheres,Meta prevista para,meta_prevista_para,2027.0,2027,,"{'page_number': 288, 'left': 92.304, 'top': 286.4208873242187, 'right': 211.0172399999999, 'bottom': 277.48748268333475, 'coord_origin': 'BOTTOMLEFT'}",text_heuristic
44f27d54-d579-5d0f-b13a-f9802e4c4b18,c11b9579-45d1-58de-af90-2c8b6bc73152,288,b0ba64c9-b109-5c60-ae60-16c53adaa473,Entrega: 0089 - Qualificação Profissional de Mulheres na Area de Cuidados,Entrega: - Qualificação Profissional de Mulheres na Area de Cuidados,entrega_qualificacao_profissional_de_mulheres_na_area_de_cuidados,89.0,0089,,"{'page_number': 288, 'left': 88.56, 'top': 139.6760073242187, 'right': 517.3760000000003, 'bottom': 128.91286920267174, 'coord_origin': 'BOTTOMLEFT'}",text_heuristic
3214d5b7-8e62-5cdb-b734-88b487735903,c11b9579-45d1-58de-af90-2c8b6bc73152,288,b0ba64c9-b109-5c60-ae60-16c53adaa473,Entrega: 0089 - Qualificação Profissional de Mulheres na Area de Cuidados,Indicador: - Número de Mulheres Qualificadas,indicador_numero_de_mulheres_qualificadas,10503.0,10503,,"{'page_number': 288, 'left': 96.024, 'top': 90.48000732421872, 'right': 394.7720000000003, 'bottom': 79.71686920267177, 'coord_origin': 'BOTTOMLEFT'}",text_heuristic
01ac710e-9fdd-5fd8-896d-e1bb104059eb,c11b9579-45d1-58de-af90-2c8b6bc73152,288,b0ba64c9-b109-5c60-ae60-16c53adaa473,Entrega: 0089 - Qualificação Profissional de Mulheres na Area de Cuidados,Meta: 06X - Número de mulheres qualificadas na área de cuidados,meta_06x_numero_de_mulheres_qualificadas_na_area_de_cuidados,6.0,6,,"{'page_number': 288, 'left': 96.024, 'top': 72.24000732421871, 'right': 480.06800000000044, 'bottom': 61.476869202671764, 'coord_origin': 'BOTTOMLEFT'}",text_heuristic
93985363-dbd1-5552-acda-adf7bb5bc327,c11b9579-45d1-58de-af90-2c8b6bc73152,289,f1785b07-584b-5895-8a36-98aa6aeaf34f,Informações do Monitoramento,Meta prevista para 2024,meta_prevista_para_2024,800.0,800,,"{'page_number': 289, 'left': 99.744, 'top': 531.7508873242188, 'right': 235.23767999999998, 'bottom': 522.8174826833347, 'coord_origin': 'BOTTOMLEFT'}",text_heuristic
2c2f2024-5b7b-5099-80be-399b2c3db568,c11b9579-45d1-58de-af90-2c8b6bc73152,289,f1785b07-584b-5895-8a36-98aa6aeaf34f,Informações do Monitoramento,Meta prevista para,meta_prevista_para,2025.0,2025,,"{'page_number': 289, 'left': 99.744, 'top': 520.2308873242188, 'right': 218.45723999999987, 'bottom': 511.29748268333475, 'coord_origin': 'BOTTOMLEFT'}",text_heuristic
b40da592-4865-5a67-ab5b-d503a5f796ac,c11b9579-45d1-58de-af90-2c8b6bc73152,289,f1785b07-584b-5895-8a36-98aa6aeaf34f,Informações do Monitoramento,Meta prevista para 2026,meta_prevista_para_2026,2400.0,2.400,,"{'page_number': 289, 'left': 99.744, 'top': 508.7108873242187, 'right': 243.62971999999996, 'bottom': 499.7774826833347, 'coord_origin': 'BOTTOMLEFT'}",text_heuristic
8a93f449-4c0e-518b-a0a2-fb56764e190b,c11b9579-45d1-58de-af90-2c8b6bc73152,289,f1785b07-584b-5895-8a36-98aa6aeaf34f,Informações do Monitoramento,Meta prevista para,meta_prevista_para,2027.0,2027,,"{'page_number': 289, 'left': 99.744, 'top': 497.1908873242187, 'right': 218.45723999999987, 'bottom': 488.25748268333473, 'coord_origin': 'BOTTOMLEFT'}",text_heuristic
448ff5f6-9a94-525d-8dce-c2f6aa3c47cc,c11b9579-45d1-58de-af90-2c8b6bc73152,290,43ff8682-5998-5f13-b2fc-0841d5a13d46,Entrega: 2326 - Bolsa qualificação para jovens mulheres em situação de pobreza,Entrega: - Bolsa qualificação para jovens mulheres em situação de pobreza,entrega_bolsa_qualificacao_para_jovens_mulheres_em_situacao_de_pobreza,2326.0,2326,,"{'page_number': 290, 'left': 88.56, 'top': 547.7760073242187, 'right': 549.3560000000006, 'bottom': 537.0128692026717, 'coord_origin': 'BOTTOMLEFT'}",text_heuristic
4cd925dc-e5a9-5540-ad9f-b920f779fc2d,c11b9579-45d1-58de-af90-2c8b6bc73152,290,43ff8682-5998-5f13-b2fc-0841d5a13d46,Entrega: 2326 - Bolsa qualificação para jovens mulheres em situação de pobreza,Indicador: - Bolsa Qualificação de Jovens Mulheres,indicador_bolsa_qualificacao_de_jovens_mulheres,11691.0,11691,,"{'page_number': 290, 'left': 96.024, 'top': 498.5560073242187, 'right': 426.65600000000035, 'bottom': 487.79286920267174, 'coord_origin': 'BOTTOMLEFT'}",text_heuristic
78b10983-6e95-54c4-b8e2-647198f13dde,c11b9579-45d1-58de-af90-2c8b6bc73152,290,43ff8682-5998-5f13-b2fc-0841d5a13d46,Entrega: 2326 - Bolsa qualificação para jovens mulheres em situação de pobreza,Meta prevista para 2024,meta_prevista_para_2024,2700.0,2.700,,"{'page_number': 290, 'left': 99.744, 'top': 429.9908873242187, 'right': 243.62971999999996, 'bottom': 421.05748268333474, 'coord_origin': 'BOTTOMLEFT'}",text_heuristic
69388838-8f79-5b83-964b-fd765197a44c,c11b9579-45d1-58de-af90-2c8b6bc73152,290,43ff8682-5998-5f13-b2fc-0841d5a13d46,Entrega: 2326 - Bolsa qualificação para jovens mulheres em situação de pobreza,Meta prevista para 2025,meta_prevista_para_2025,2700.0,2.700,,"{'page_number': 290, 'left': 99.744, 'top': 418.4708873242187, 'right': 243.62971999999996, 'bottom': 409.53748268333476, 'coord_origin': 'BOTTOMLEFT'}",text_heuristic
485c012c-a7b2-5d66-aa72-d0020c7e4e16,c11b9579-45d1-58de-af90-2c8b6bc73152,290,43ff8682-5998-5f13-b2fc-0841d5a13d46,Entrega: 2326 - Bolsa qualificação para jovens mulheres em situação de pobreza,Meta prevista para 2026,meta_prevista_para_2026,2700.0,2.700,,"{'page_number': 290, 'left': 99.744, 'top': 406.9208873242187, 'right': 243.62971999999996, 'bottom': 397.98748268333475, 'coord_origin': 'BOTTOMLEFT'}",text_heuristic
8b4ca48f-0bfa-5971-9ec3-d630993c4c49,c11b9579-45d1-58de-af90-2c8b6bc73152,290,43ff8682-5998-5f13-b2fc-0841d5a13d46,Entrega: 2326 - Bolsa qualificação para jovens mulheres em situação de pobreza,Meta prevista para,meta_prevista_para,2027.0,2027,,"{'page_number': 290, 'left': 99.744, 'top': 395.4008873242187, 'right': 218.45723999999987, 'bottom': 386.4674826833347, 'coord_origin': 'BOTTOMLEFT'}",text_heuristic
acce9428-0a30-54c5-b438-a4999429bfc6,c11b9579-45d1-58de-af90-2c8b6bc73152,291,215180a0-c91e-5b11-be04-1c00a1aa6781,"PROGRAMA: 5804 - PROMOÇÃO DA IGUALDADE ÉTNICO-RACIAL, COMBATE E SUPERAÇÃO DO RACISMO",Órgão Responsável: - Ministério da Igualdade Racial,orgao_responsavel_ministerio_da_igualdade_racial,67000.0,67000,,"{'page_number': 291, 'left': 77.28, 'top': 196.0608873242187, 'right': 347.82247999999987, 'bottom': 187.12748268333473, 'coord_origin': 'BOTTOMLEFT'}",text_heuristic
d1f3311e-4aec-5597-8f66-65df53ff6c95,c11b9579-45d1-58de-af90-2c8b6bc73152,292,01deaf34-f7a0-5c73-b215-9c2d4565187f,Informações do Monitoramento,Meta prevista para 2024,meta_prevista_para_2024,1.6,"1,6",,"{'page_number': 292, 'left': 92.304, 'top': 346.5608873242187, 'right': 225.0288, 'bottom': 337.62748268333473, 'coord_origin': 'BOTTOMLEFT'}",text_heuristic
87cb2c98-f87a-52b4-a7f1-9fbb2c56ca86,c11b9579-45d1-58de-af90-2c8b6bc73152,292,01deaf34-f7a0-5c73-b215-9c2d4565187f,Informações do Monitoramento,Meta prevista para 2025,meta_prevista_para_2025,1.5,"1,5",,"{'page_number': 292, 'left': 92.304, 'top': 335.1608873242187, 'right': 225.0288, 'bottom': 326.22748268333476, 'coord_origin': 'BOTTOMLEFT'}",text_heuristic
bcf002fe-3686-5e13-92d6-a998a45cbae0,c11b9579-45d1-58de-af90-2c8b6bc73152,292,01deaf34-f7a0-5c73-b215-9c2d4565187f,Informações do Monitoramento,Meta prevista para 2026,meta_prevista_para_2026,1.4,"1,4",,"{'page_number': 292, 'left': 92.304, 'top': 323.6408873242187, 'right': 225.0288, 'bottom': 314.7074826833347, 'coord_origin': 'BOTTOMLEFT'}",text_heuristic
54cb0c53-c429-558c-8d1a-947be27a5152,c11b9579-45d1-58de-af90-2c8b6bc73152,292,01deaf34-f7a0-5c73-b215-9c2d4565187f,Informações do Monitoramento,Meta prevista para,meta_prevista_para,2027.0,2027,,"{'page_number': 292, 'left': 92.304, 'top': 312.1208873242187, 'right': 211.0172399999999, 'bottom': 303.18748268333474, 'coord_origin': 'BOTTOMLEFT'}",text_heuristic
c92f4dd6-cf16-56f0-8b62-a1680f60b2ea,c11b9579-45d1-58de-af90-2c8b6bc73152,292,d92f04ab-8fe1-536e-95ee-4e90776328a3,Entrega: 0330 - Bolsas para estudantes negros de graduação e pós graduação,Entrega: - Bolsas para estudantes negros de graduação e pós graduação,entrega_bolsas_para_estudantes_negros_de_graduacao_e_pos_graduacao,330.0,0330,,"{'page_number': 292, 'left': 88.56, 'top': 176.90600732421865, 'right': 536.0000000000003, 'bottom': 166.1428692026717, 'coord_origin': 'BOTTOMLEFT'}",text_heuristic
4be26492-2b29-55ca-9278-4c79df32fefd,c11b9579-45d1-58de-af90-2c8b6bc73152,292,d92f04ab-8fe1-536e-95ee-4e90776328a3,Entrega: 0330 - Bolsas para estudantes negros de graduação e pós graduação,Indicador: - Número de Bolsas concedidas,indicador_numero_de_bolsas_concedidas,9176.0,9176,,"{'page_number': 292, 'left': 96.024, 'top': 127.67600732421869, 'right': 369.4880000000002, 'bottom': 116.91286920267174, 'coord_origin': 'BOTTOMLEFT'}",text_heuristic
0da28499-fdb3-5fc0-a1f0-541b173dec73,c11b9579-45d1-58de-af90-2c8b6bc73152,292,d92f04ab-8fe1-536e-95ee-4e90776328a3,Entrega: 0330 - Bolsas para estudantes negros de graduação e pós graduação,Meta: Z - Bolsistas contemplados,meta_z_bolsistas_contemplados,54.0,054,,"{'page_number': 292, 'left': 96.024, 'top': 109.43600732421874, 'right': 306.74000000000007, 'bottom': 98.67286920267173, 'coord_origin': 'BOTTOMLEFT'}",text_heuristic
455c8405-e684-5e64-a27d-c3af0c29ca00,c11b9579-45d1-58de-af90-2c8b6bc73152,293,d101f400-6cde-517c-b115-1f79fa88dc75,Informações do Monitoramento,Meta prevista para 2024,meta_prevista_para_2024,20.0,20,,"{'page_number': 293, 'left': 99.744, 'top': 531.7508873242188, 'right': 229.71771999999999, 'bottom': 522.8174826833347, 'coord_origin': 'BOTTOMLEFT'}",text_heuristic
38c3e7f2-a71f-516d-927d-9a5f470b7f77,c11b9579-45d1-58de-af90-2c8b6bc73152,293,d101f400-6cde-517c-b115-1f79fa88dc75,Informações do Monitoramento,Meta prevista para 2025,meta_prevista_para_2025,20.0,20,,"{'page_number': 293, 'left': 99.744, 'top': 520.2308873242188, 'right': 229.71771999999999, 'bottom': 511.29748268333475, 'coord_origin': 'BOTTOMLEFT'}",text_heuristic
31d37a4a-639c-5656-8b18-7cd4e3a24669,c11b9579-45d1-58de-af90-2c8b6bc73152,293,d101f400-6cde-517c-b115-1f79fa88dc75,Informações do Monitoramento,Meta prevista para 2026,meta_prevista_para_2026,20.0,20,,"{'page_number': 293, 'left': 99.744, 'top': 508.7108873242187, 'right': 229.71771999999999, 'bottom': 499.7774826833347, 'coord_origin': 'BOTTOMLEFT'}",text_heuristic
a82682c7-e97b-5107-8703-29382b7cec33,c11b9579-45d1-58de-af90-2c8b6bc73152,293,d101f400-6cde-517c-b115-1f79fa88dc75,Informações do Monitoramento,Meta prevista para,meta_prevista_para,2027.0,2027,,"{'page_number': 293, 'left': 99.744, 'top': 497.1908873242187, 'right': 218.45723999999987, 'bottom': 488.25748268333473, 'coord_origin': 'BOTTOMLEFT'}",text_heuristic
78c180cd-da27-5c52-b6d9-a633b704a5ce,c11b9579-45d1-58de-af90-2c8b6bc73152,293,d101f400-6cde-517c-b115-1f79fa88dc75,Informações do Monitoramento,Indicador: - Apoio técnico oferecido,indicador_apoio_tecnico_oferecido,9180.0,9180,,"{'page_number': 293, 'left': 96.024, 'top': 214.2260073242187, 'right': 331.5320000000001, 'bottom': 203.46286920267175, 'coord_origin': 'BOTTOMLEFT'}",text_heuristic
b11eb972-fef6-57fc-a56a-a4c4213527d6,c11b9579-45d1-58de-af90-2c8b6bc73152,293,d101f400-6cde-517c-b115-1f79fa88dc75,Informações do Monitoramento,Meta: - Ampliar o número de apoios técnicos oferecidos,meta_ampliar_o_numero_de_apoios_tecnicos_oferecidos,550.0,0550,,"{'page_number': 293, 'left': 96.024, 'top': 195.9860073242187, 'right': 446.0000000000003, 'bottom': 185.22286920267175, 'coord_origin': 'BOTTOMLEFT'}",text_heuristic
60385a05-957e-5bf5-8cac-0b850f97f183,c11b9579-45d1-58de-af90-2c8b6bc73152,293,d101f400-6cde-517c-b115-1f79fa88dc75,Informações do Monitoramento,Meta prevista para 2024,meta_prevista_para_2024,8.0,8,,"{'page_number': 293, 'left': 99.744, 'top': 145.6308873242187, 'right': 224.19776, 'bottom': 136.69748268333473, 'coord_origin': 'BOTTOMLEFT'}",text_heuristic
e38d4c64-6245-5016-84b8-56c7cf337711,c11b9579-45d1-58de-af90-2c8b6bc73152,293,d101f400-6cde-517c-b115-1f79fa88dc75,Informações do Monitoramento,Meta prevista para 2025,meta_prevista_para_2025,8.0,8,,"{'page_number': 293, 'left': 99.744, 'top': 134.1108873242187, 'right': 224.19776, 'bottom': 125.17748268333469, 'coord_origin': 'BOTTOMLEFT'}",text_heuristic
4bd64d36-c18f-5a51-89f5-c41986d0789c,c11b9579-45d1-58de-af90-2c8b6bc73152,293,d101f400-6cde-517c-b115-1f79fa88dc75,Informações do Monitoramento,Meta prevista para 2026,meta_prevista_para_2026,7.0,7,,"{'page_number': 293, 'left': 99.744, 'top': 122.59088732421867, 'right': 224.19776, 'bottom': 113.6574826833347, 'coord_origin': 'BOTTOMLEFT'}",text_heuristic
ebf4d057-1330-55cc-89bb-45b4c7823d16,c11b9579-45d1-58de-af90-2c8b6bc73152,293,d101f400-6cde-517c-b115-1f79fa88dc75,Informações do Monitoramento,Meta prevista para 2027,meta_prevista_para_2027,7.0,7,,"{'page_number': 293, 'left': 99.744, 'top': 111.07088732421869, 'right': 224.19776, 'bottom': 102.13748268333472, 'coord_origin': 'BOTTOMLEFT'}",text_heuristic
81bf95f6-a86d-56fe-a61e-ca40c005d8cd,c11b9579-45d1-58de-af90-2c8b6bc73152,294,8b9c5d29-1dc8-5139-baa6-f2a06368e66d,Informações do Monitoramento,Quantidade alcançada,quantidade_alcancada,6.0,6,,"{'page_number': 294, 'left': 99.744, 'top': 543.2908873242187, 'right': 217.47776, 'bottom': 534.3574826833346, 'coord_origin': 'BOTTOMLEFT'}",text_heuristic
8f3280b3-3e6a-554f-915c-e04fdfcc0959,c11b9579-45d1-58de-af90-2c8b6bc73152,294,8b9c5d29-1dc8-5139-baa6-f2a06368e66d,Informações do Monitoramento,Ministério da Igualdade Racial,ministerio_da_igualdade_racial,67000.0,67000,,"{'page_number': 294, 'left': 192.26, 'top': 350.7608873242187, 'right': 362.82247999999987, 'bottom': 341.8274826833347, 'coord_origin': 'BOTTOMLEFT'}",text_heuristic
6c7ac3d5-eb89-5273-a8a9-b7d30a4ebfc7,c11b9579-45d1-58de-af90-2c8b6bc73152,294,8b9c5d29-1dc8-5139-baa6-f2a06368e66d,Informações do Monitoramento,Ministério da Igualdade Racial,ministerio_da_igualdade_racial,67000.0,67000,,"{'page_number': 294, 'left': 192.26, 'top': 105.31488732421872, 'right': 362.82247999999987, 'bottom': 96.3814826833347, 'coord_origin': 'BOTTOMLEFT'}",text_heuristic
bc8734ef-2857-52cf-a954-cdae0398a9d5,c11b9579-45d1-58de-af90-2c8b6bc73152,295,137391c7-3c20-5e9e-bb13-aa25cb18b549,Informações do Monitoramento,Ministério da Igualdade Racial,ministerio_da_igualdade_racial,67000.0,67000,,"{'page_number': 295, 'left': 192.26, 'top': 346.2008873242187, 'right': 362.82247999999987, 'bottom': 337.2674826833347, 'coord_origin': 'BOTTOMLEFT'}",text_heuristic
9a5d1670-0788-5b2e-a594-35dc84699dd4,c11b9579-45d1-58de-af90-2c8b6bc73152,295,ee85d1f6-9993-5836-b192-ca95f21baa8b,Informações do Monitoramento,Órgão Responsável: - Ministério da Igualdade Racial,orgao_responsavel_ministerio_da_igualdade_racial,67000.0,67000,,"{'page_number': 295, 'left': 77.28, 'top': 100.75488732421871, 'right': 347.82247999999987, 'bottom': 91.8214826833347, 'coord_origin': 'BOTTOMLEFT'}",text_heuristic
1848bee9-5bd3-5693-a155-aca5139d5c8a,c11b9579-45d1-58de-af90-2c8b6bc73152,296,fd0be5fb-f545-5df3-a515-b1c50092ba41,Informações do Monitoramento,Meta prevista para 2024,meta_prevista_para_2024,30.0,30,,"{'page_number': 296, 'left': 92.304, 'top': 332.4008873242187, 'right': 222.27772, 'bottom': 323.4674826833347, 'coord_origin': 'BOTTOMLEFT'}",text_heuristic
496098da-2737-5a90-8892-086c7963dbc1,c11b9579-45d1-58de-af90-2c8b6bc73152,296,fd0be5fb-f545-5df3-a515-b1c50092ba41,Informações do Monitoramento,Meta prevista para 2025,meta_prevista_para_2025,30.0,30,,"{'page_number': 296, 'left': 92.304, 'top': 320.8808873242187, 'right': 222.27772, 'bottom': 311.9474826833347, 'coord_origin': 'BOTTOMLEFT'}",text_heuristic
dfab4ca3-ff47-53cc-9666-9c5c5557e21a,c11b9579-45d1-58de-af90-2c8b6bc73152,296,fd0be5fb-f545-5df3-a515-b1c50092ba41,Informações do Monitoramento,Meta prevista para 2026,meta_prevista_para_2026,30.0,30,,"{'page_number': 296, 'left': 92.304, 'top': 309.3608873242187, 'right': 222.27772, 'bottom': 300.42748268333474, 'coord_origin': 'BOTTOMLEFT'}",text_heuristic
8c68af1e-f02a-5767-b19f-dd6b1d16b14e,c11b9579-45d1-58de-af90-2c8b6bc73152,296,fd0be5fb-f545-5df3-a515-b1c50092ba41,Informações do Monitoramento,Meta prevista para,meta_prevista_para,2027.0,2027,,"{'page_number': 296, 'left': 92.304, 'top': 297.84088732421867, 'right': 211.0172399999999, 'bottom': 288.9074826833347, 'coord_origin': 'BOTTOMLEFT'}",text_heuristic
3422284c-8fe5-5d1c-974f-a91a58bdf111,c11b9579-45d1-58de-af90-2c8b6bc73152,296,fd0be5fb-f545-5df3-a515-b1c50092ba41,Informações do Monitoramento,Indicador: - Bolsas concedidas,indicador_bolsas_concedidas,9182.0,9182,,"{'page_number': 296, 'left': 96.024, 'top': 102.0000073242187, 'right': 303.5000000000001, 'bottom': 91.23686920267176, 'coord_origin': 'BOTTOMLEFT'}",text_heuristic
2accaf8b-cf89-50f6-a55e-a1e84cade21a,c11b9579-45d1-58de-af90-2c8b6bc73152,296,fd0be5fb-f545-5df3-a515-b1c50092ba41,Informações do Monitoramento,Meta: - Oferecer bolsas,meta_oferecer_bolsas,551.0,0551,,"{'page_number': 296, 'left': 96.024, 'top': 83.64000732421869, 'right': 258.872, 'bottom': 72.87686920267174, 'coord_origin': 'BOTTOMLEFT'}",text_heuristic
e6db0d8e-74dc-5b63-bb4f-f00df74b34e4,c11b9579-45d1-58de-af90-2c8b6bc73152,297,8bfe7a36-d62e-5dab-bb31-8bf9ff2412ac,Informações do Monitoramento,Meta prevista para 2024,meta_prevista_para_2024,4.0,4,,"{'page_number': 297, 'left': 99.744, 'top': 531.7508873242188, 'right': 224.19776, 'bottom': 522.8174826833347, 'coord_origin': 'BOTTOMLEFT'}",text_heuristic
57584f45-3e24-5586-8a21-1da2e95ecbee,c11b9579-45d1-58de-af90-2c8b6bc73152,297,8bfe7a36-d62e-5dab-bb31-8bf9ff2412ac,Informações do Monitoramento,Meta prevista para 2025,meta_prevista_para_2025,4.0,4,,"{'page_number': 297, 'left': 99.744, 'top': 520.2308873242188, 'right': 224.19776, 'bottom': 511.29748268333475, 'coord_origin': 'BOTTOMLEFT'}",text_heuristic
3e8275c5-9aaf-5aab-aeab-85173a550149,c11b9579-45d1-58de-af90-2c8b6bc73152,297,8bfe7a36-d62e-5dab-bb31-8bf9ff2412ac,Informações do Monitoramento,Meta prevista para 2026,meta_prevista_para_2026,4.0,4,,"{'page_number': 297, 'left': 99.744, 'top': 508.7108873242187, 'right': 224.19776, 'bottom': 499.7774826833347, 'coord_origin': 'BOTTOMLEFT'}",text_heuristic
c3a700b5-aaba-5235-9c8c-8747fe8608ed,c11b9579-45d1-58de-af90-2c8b6bc73152,297,8bfe7a36-d62e-5dab-bb31-8bf9ff2412ac,Informações do Monitoramento,Meta prevista para 2027,meta_prevista_para_2027,4.0,4,,"{'page_number': 297, 'left': 99.744, 'top': 497.1908873242187, 'right': 224.19776, 'bottom': 488.25748268333473, 'coord_origin': 'BOTTOMLEFT'}",text_heuristic
cc49d161-8b3d-5580-9365-000544514605,c11b9579-45d1-58de-af90-2c8b6bc73152,297,9007c833-3b41-59b1-81ce-b03f4979d080,Entrega: 2070 - Formação continuada para lideranças negras no serviço público federal,Indicador: - Número de servidores formados,indicador_numero_de_servidores_formados,11402.0,11402,,"{'page_number': 297, 'left': 96.024, 'top': 255.26600732421866, 'right': 386.07200000000023, 'bottom': 244.50286920267172, 'coord_origin': 'BOTTOMLEFT'}",text_heuristic
6858bd1a-a64d-53c9-b2c2-f98fd91b1574,c11b9579-45d1-58de-af90-2c8b6bc73152,297,9007c833-3b41-59b1-81ce-b03f4979d080,Entrega: 2070 - Formação continuada para lideranças negras no serviço público federal,50 servidora(e)s receberam formação na turma Lidera.gov,50_servidoraes_receberam_formacao_na_turma_lideragov,40.0,4.0.,,"{'page_number': 297, 'left': 288.17, 'top': 64.75488732421866, 'right': 566.3826800000005, 'bottom': 55.82148268333469, 'coord_origin': 'BOTTOMLEFT'}",text_heuristic
d561b024-e1a0-55bc-a4e0-52029fc63bf7,c11b9579-45d1-58de-af90-2c8b6bc73152,298,ca17d576-2f16-5778-9209-4a640b230bed,"Medida Institucional Normativa: 0863 - Regulamentação do Decreto n. 11.443, de 2023 de ocupação dos cargos de confiança.",Ministério da Igualdade Racial,ministerio_da_igualdade_racial,67000.0,67000,,"{'page_number': 298, 'left': 192.26, 'top': 401.7608873242187, 'right': 362.82247999999987, 'bottom': 392.8274826833347, 'coord_origin': 'BOTTOMLEFT'}",text_heuristic
6ee4f653-3452-5e2d-9575-a8a55fefd5fc,c11b9579-45d1-58de-af90-2c8b6bc73152,298,ca17d576-2f16-5778-9209-4a640b230bed,"Medida Institucional Normativa: 0863 - Regulamentação do Decreto n. 11.443, de 2023 de ocupação dos cargos de confiança.",Ministério da Igualdade Racial,ministerio_da_igualdade_racial,67000.0,67000,,"{'page_number': 298, 'left': 192.26, 'top': 154.03088732421872, 'right': 362.82247999999987, 'bottom': 145.09748268333476, 'coord_origin': 'BOTTOMLEFT'}",text_heuristic
5dd7db92-cdfd-5c8f-9ffe-c98b655bfa7c,c11b9579-45d1-58de-af90-2c8b6bc73152,299,4c31ce98-d21a-5915-87f6-49a0cd9af74b,Objetivo Específico: 0188 - Fomentar o ingresso de pessoas negras na iniciativa privada,Ministério da Igualdade Racial,ministerio_da_igualdade_racial,67000.0,67000,,"{'page_number': 299, 'left': 177.26, 'top': 438.5108873242187, 'right': 347.82247999999987, 'bottom': 429.5774826833347, 'coord_origin': 'BOTTOMLEFT'}",text_heuristic
fc7b2c36-1bd2-5467-b7ed-412f0eed55cb,c11b9579-45d1-58de-af90-2c8b6bc73152,300,4acefc73-7a61-55d4-ab72-a17de71f733a,Informações do Monitoramento,Meta prevista para,meta_prevista_para,2025.0,2025,,"{'page_number': 300, 'left': 92.304, 'top': 548.2108873242188, 'right': 211.0172399999999, 'bottom': 539.2774826833347, 'coord_origin': 'BOTTOMLEFT'}",text_heuristic
079c619d-d895-5ebc-8033-045d625bf7a2,c11b9579-45d1-58de-af90-2c8b6bc73152,300,4acefc73-7a61-55d4-ab72-a17de71f733a,Informações do Monitoramento,Meta prevista para,meta_prevista_para,2026.0,2026,,"{'page_number': 300, 'left': 92.304, 'top': 536.6708873242187, 'right': 211.0172399999999, 'bottom': 527.7374826833346, 'coord_origin': 'BOTTOMLEFT'}",text_heuristic
3e3e1c38-608d-5e5c-a014-82c6bb595c1a,c11b9579-45d1-58de-af90-2c8b6bc73152,300,4acefc73-7a61-55d4-ab72-a17de71f733a,Informações do Monitoramento,Meta prevista para,meta_prevista_para,2027.0,2027,,"{'page_number': 300, 'left': 92.304, 'top': 525.1508873242187, 'right': 211.0172399999999, 'bottom': 516.2174826833347, 'coord_origin': 'BOTTOMLEFT'}",text_heuristic
77ed08df-b441-5a1a-973a-9fe96bbf96b3,c11b9579-45d1-58de-af90-2c8b6bc73152,300,0d269ff7-dc97-514a-8f84-6ecb783928cd,Entrega: 0369 - Mecanismos de incentivo à presença de pessoas negras no mercado de trabalho do setor privado,Indicador: - Parcerias firmadas,indicador_parcerias_firmadas,9220.0,9220,,"{'page_number': 300, 'left': 96.024, 'top': 340.8460073242187, 'right': 302.1680000000001, 'bottom': 330.08286920267176, 'coord_origin': 'BOTTOMLEFT'}",text_heuristic
9d8f0228-0980-536e-8b57-95e9e05a38bf,c11b9579-45d1-58de-af90-2c8b6bc73152,300,0d269ff7-dc97-514a-8f84-6ecb783928cd,Entrega: 0369 - Mecanismos de incentivo à presença de pessoas negras no mercado de trabalho do setor privado,Meta: - Efetivar mecanismos de incentivo,meta_efetivar_mecanismos_de_incentivo,558.0,0558,,"{'page_number': 300, 'left': 96.024, 'top': 322.4860073242187, 'right': 361.49000000000007, 'bottom': 311.72286920267175, 'coord_origin': 'BOTTOMLEFT'}",text_heuristic
a0f7af36-0c0e-544f-baf4-d2cf46b64bf0,c11b9579-45d1-58de-af90-2c8b6bc73152,300,0d269ff7-dc97-514a-8f84-6ecb783928cd,Entrega: 0369 - Mecanismos de incentivo à presença de pessoas negras no mercado de trabalho do setor privado,Meta prevista para 2024,meta_prevista_para_2024,4.0,4,,"{'page_number': 300, 'left': 99.744, 'top': 272.1408873242187, 'right': 224.19776, 'bottom': 263.2074826833347, 'coord_origin': 'BOTTOMLEFT'}",text_heuristic
bb78211d-26bf-58d7-b60e-0009e32e5641,c11b9579-45d1-58de-af90-2c8b6bc73152,300,0d269ff7-dc97-514a-8f84-6ecb783928cd,Entrega: 0369 - Mecanismos de incentivo à presença de pessoas negras no mercado de trabalho do setor privado,Meta prevista para 2025,meta_prevista_para_2025,5.0,5,,"{'page_number': 300, 'left': 99.744, 'top': 260.6208873242187, 'right': 224.19776, 'bottom': 251.68748268333474, 'coord_origin': 'BOTTOMLEFT'}",text_heuristic
079437a1-d1ec-574a-9196-3723f21579b1,c11b9579-45d1-58de-af90-2c8b6bc73152,300,0d269ff7-dc97-514a-8f84-6ecb783928cd,Entrega: 0369 - Mecanismos de incentivo à presença de pessoas negras no mercado de trabalho do setor privado,Meta prevista para 2026,meta_prevista_para_2026,6.0,6,,"{'page_number': 300, 'left': 99.744, 'top': 249.10088732421866, 'right': 224.19776, 'bottom': 240.1674826833347, 'coord_origin': 'BOTTOMLEFT'}",text_heuristic
ef4d7d21-cde1-5bb9-bc90-ca79f915e932,c11b9579-45d1-58de-af90-2c8b6bc73152,300,0d269ff7-dc97-514a-8f84-6ecb783928cd,Entrega: 0369 - Mecanismos de incentivo à presença de pessoas negras no mercado de trabalho do setor privado,Meta prevista para 2027,meta_prevista_para_2027,7.0,7,,"{'page_number': 300, 'left': 99.744, 'top': 237.58088732421868, 'right': 224.19776, 'bottom': 228.64748268333472, 'coord_origin': 'BOTTOMLEFT'}",text_heuristic
59712ffd-5db8-5cc7-8510-0fb5363a72d5,c11b9579-45d1-58de-af90-2c8b6bc73152,301,a43f173c-3567-59a1-a9f8-8eb8ed9eae82,Entrega: 0379 - Parcerias firmadas para a promoção de empreendimentos de pessoas negras,Indicador: - Parcerias firmadas,indicador_parcerias_firmadas,9232.0,9232,,"{'page_number': 301, 'left': 96.024, 'top': 484.7560073242187, 'right': 302.1680000000001, 'bottom': 473.9928692026717, 'coord_origin': 'BOTTOMLEFT'}",text_heuristic
37ee7f39-a572-5726-8854-3c3f91f5ea95,c11b9579-45d1-58de-af90-2c8b6bc73152,301,a43f173c-3567-59a1-a9f8-8eb8ed9eae82,Entrega: 0379 - Parcerias firmadas para a promoção de empreendimentos de pessoas negras,Meta: A - Firmar parcerias,meta_a_firmar_parcerias,55.0,055,,"{'page_number': 301, 'left': 96.024, 'top': 466.51600732421866, 'right': 264.1520000000001, 'bottom': 455.7528692026717, 'coord_origin': 'BOTTOMLEFT'}",text_heuristic
677c30f1-775b-5e73-ae41-3d488037a88d,c11b9579-45d1-58de-af90-2c8b6bc73152,301,b72efadc-3999-5b7d-8ff8-09c3b5c792df,Informações do Monitoramento,Meta prevista para 2024,meta_prevista_para_2024,4.0,4,,"{'page_number': 301, 'left': 99.744, 'top': 416.1908873242187, 'right': 224.19776, 'bottom': 407.25748268333473, 'coord_origin': 'BOTTOMLEFT'}",text_heuristic
d7877a7d-e0fb-58cf-a5d0-74b1b6852ca2,c11b9579-45d1-58de-af90-2c8b6bc73152,301,b72efadc-3999-5b7d-8ff8-09c3b5c792df,Informações do Monitoramento,Meta prevista para 2025,meta_prevista_para_2025,5.0,5,,"{'page_number': 301, 'left': 99.744, 'top': 404.6408873242187, 'right': 224.19776, 'bottom': 395.7074826833347, 'coord_origin': 'BOTTOMLEFT'}",text_heuristic
239b64a9-87bf-5a99-bbb2-c75f1d1d9cfe,c11b9579-45d1-58de-af90-2c8b6bc73152,301,b72efadc-3999-5b7d-8ff8-09c3b5c792df,Informações do Monitoramento,Meta prevista para 2026,meta_prevista_para_2026,6.0,6,,"{'page_number': 301, 'left': 99.744, 'top': 393.1208873242187, 'right': 224.19776, 'bottom': 384.18748268333474, 'coord_origin': 'BOTTOMLEFT'}",text_heuristic
f5a44833-3fc0-5b74-8b49-973d29884087,c11b9579-45d1-58de-af90-2c8b6bc73152,301,b72efadc-3999-5b7d-8ff8-09c3b5c792df,Informações do Monitoramento,Meta prevista para 2027,meta_prevista_para_2027,7.0,7,,"{'page_number': 301, 'left': 99.744, 'top': 381.6008873242187, 'right': 224.19776, 'bottom': 372.66748268333475, 'coord_origin': 'BOTTOMLEFT'}",text_heuristic
5d3568b9-a5f5-568c-9518-08fa4b97817b,c11b9579-45d1-58de-af90-2c8b6bc73152,301,b72efadc-3999-5b7d-8ff8-09c3b5c792df,Informações do Monitoramento,Quantidade alcançada,quantidade_alcancada,0.0,0,,"{'page_number': 301, 'left': 99.744, 'top': 317.28088732421867, 'right': 217.47776, 'bottom': 308.3474826833347, 'coord_origin': 'BOTTOMLEFT'}",text_heuristic
ad8047e8-d884-5133-bb6d-44b0114aa178,c11b9579-45d1-58de-af90-2c8b6bc73152,301,a43f173c-3567-59a1-a9f8-8eb8ed9eae82,Entrega: 0379 - Parcerias firmadas para a promoção de empreendimentos de pessoas negras,Indicador: - Parcerias firmadas,indicador_parcerias_firmadas,9234.0,9234,,"{'page_number': 301, 'left': 96.024, 'top': 151.19600732421873, 'right': 302.1680000000001, 'bottom': 140.43286920267178, 'coord_origin': 'BOTTOMLEFT'}",text_heuristic
8fb2ea67-fa07-513c-838e-2f6148fac675,c11b9579-45d1-58de-af90-2c8b6bc73152,301,a43f173c-3567-59a1-a9f8-8eb8ed9eae82,Entrega: 0379 - Parcerias firmadas para a promoção de empreendimentos de pessoas negras,Meta: B - Estabelecer parcerias,meta_b_estabelecer_parcerias,55.0,055,,"{'page_number': 301, 'left': 96.024, 'top': 132.8360073242187, 'right': 294.1280000000001, 'bottom': 122.07286920267177, 'coord_origin': 'BOTTOMLEFT'}",text_heuristic
c5708052-c93a-5a0e-8b83-4c5ca06f7c94,c11b9579-45d1-58de-af90-2c8b6bc73152,301,a43f173c-3567-59a1-a9f8-8eb8ed9eae82,Entrega: 0379 - Parcerias firmadas para a promoção de empreendimentos de pessoas negras,Meta prevista para 2024,meta_prevista_para_2024,4.0,4,,"{'page_number': 301, 'left': 99.744, 'top': 82.51488732421865, 'right': 224.19776, 'bottom': 73.58148268333468, 'coord_origin': 'BOTTOMLEFT'}",text_heuristic
776798d2-0f2c-5ff6-bb0b-2404035a9e79,c11b9579-45d1-58de-af90-2c8b6bc73152,301,a43f173c-3567-59a1-a9f8-8eb8ed9eae82,Entrega: 0379 - Parcerias firmadas para a promoção de empreendimentos de pessoas negras,Meta prevista para 2025,meta_prevista_para_2025,5.0,5,,"{'page_number': 301, 'left': 99.744, 'top': 70.99488732421867, 'right': 224.19776, 'bottom': 62.0614826833347, 'coord_origin': 'BOTTOMLEFT'}",text_heuristic
50633d88-8440-5b61-ba51-065d3072ca04,c11b9579-45d1-58de-af90-2c8b6bc73152,302,51e6a131-3709-52c0-911b-edc82130e91d,Informações do Monitoramento,Meta prevista para 2026,meta_prevista_para_2026,6.0,6,,"{'page_number': 302, 'left': 99.744, 'top': 548.2108873242188, 'right': 224.19776, 'bottom': 539.2774826833347, 'coord_origin': 'BOTTOMLEFT'}",text_heuristic
dc7607ab-13fc-566c-a43c-9b1cae2cc20e,c11b9579-45d1-58de-af90-2c8b6bc73152,302,51e6a131-3709-52c0-911b-edc82130e91d,Informações do Monitoramento,Meta prevista para,meta_prevista_para,2027.0,2027,,"{'page_number': 302, 'left': 99.744, 'top': 536.6708873242187, 'right': 218.45723999999987, 'bottom': 527.7374826833346, 'coord_origin': 'BOTTOMLEFT'}",text_heuristic
5ef2911a-36b8-534d-9a75-69e5723561fd,c11b9579-45d1-58de-af90-2c8b6bc73152,302,51e6a131-3709-52c0-911b-edc82130e91d,Informações do Monitoramento,Quantidade alcançada,quantidade_alcancada,2.0,2,,"{'page_number': 302, 'left': 99.744, 'top': 472.4708873242187, 'right': 217.47776, 'bottom': 463.53748268333476, 'coord_origin': 'BOTTOMLEFT'}",text_heuristic
6ec748eb-2e2d-5006-8f93-bd327c969af6,c11b9579-45d1-58de-af90-2c8b6bc73152,302,48bdbd48-04c1-5843-96d6-38174497c541,"PROGRAMA: 5837 - PROMOÇÃO DA CIDADANIA, DEFESA DE DIREITOS HUMANOS E REPARAÇÃO DE VIOLAÇÕES",Ministério dos Direitos Humanos e da Cidadania,ministerio_dos_direitos_humanos_e_da_cidadania,81000.0,81000,,"{'page_number': 302, 'left': 177.26, 'top': 173.5008873242187, 'right': 427.7614399999999, 'bottom': 164.56748268333473, 'coord_origin': 'BOTTOMLEFT'}",text_heuristic
016692f5-2655-5b67-bad4-dab2f84a5ac9,c11b9579-45d1-58de-af90-2c8b6bc73152,303,1f0aa4d3-7efe-5462-b4f6-03e12debcb2a,"AGENDA: IGUALDADE RACIAL: ENFRENTAMENTO À VIOLÊNCIA, PROMOÇÃO DE DIREITOS E CIDADANIA PLENA",PPA 2024 Espelho do Monitoramento,ppa_2024_espelho_do_monitoramento,-2027.0,-2027,,"{'page_number': 303, 'left': 523.39, 'top': 151.8171273242187, 'right': 665.2098400000006, 'bottom': 128.3550402523955, 'coord_origin': 'BOTTOMLEFT'}",text_heuristic
a63f7a72-7613-5ea0-9881-c16bff3c571b,c11b9579-45d1-58de-af90-2c8b6bc73152,304,13c935af-0707-5cbe-aab9-6969107226c1,PROGRAMA: 1189 - BIOECONOMIA PARA UM NOVO CICLO DE PROSPERIDADE,PROGRAMA: - BIOECONOMIA PARA UM NOVO CICLO DE PROSPERIDADE,programa_bioeconomia_para_um_novo_ciclo_de_prosperidade,1189.0,1189,,"{'page_number': 304, 'left': 51.0, 'top': 547.4611273242188, 'right': 589.0752800000007, 'bottom': 534.8682557220087, 'coord_origin': 'BOTTOMLEFT'}",text_heuristic
c1257296-7830-505f-835d-0e65885580af,c11b9579-45d1-58de-af90-2c8b6bc73152,304,13c935af-0707-5cbe-aab9-6969107226c1,PROGRAMA: 1189 - BIOECONOMIA PARA UM NOVO CICLO DE PROSPERIDADE,Órgão Responsável: - Ministério do Meio Ambiente e Mudança do Clima,orgao_responsavel_ministerio_do_meio_ambiente_e_mudanca_do_clima,44000.0,44000,,"{'page_number': 304, 'left': 77.28, 'top': 442.3508873242187, 'right': 434.4943999999999, 'bottom': 433.41748268333475, 'coord_origin': 'BOTTOMLEFT'}",text_heuristic
217db544-2e9c-5354-a47a-60c4dc5d3657,c11b9579-45d1-58de-af90-2c8b6bc73152,305,38b7afc5-89c1-5d06-99ff-a87ce3fdaaae,Informações do Monitoramento,Meta prevista para,meta_prevista_para,2024.0,2024,,"{'page_number': 305, 'left': 99.744, 'top': 531.7508873242188, 'right': 218.45723999999987, 'bottom': 522.8174826833347, 'coord_origin': 'BOTTOMLEFT'}",text_heuristic
07a35bb6-4052-5685-88dc-c8b5691b97a5,c11b9579-45d1-58de-af90-2c8b6bc73152,305,38b7afc5-89c1-5d06-99ff-a87ce3fdaaae,Informações do Monitoramento,Meta prevista para,meta_prevista_para,2025.0,2025,,"{'page_number': 305, 'left': 99.744, 'top': 520.2308873242188, 'right': 218.45723999999987, 'bottom': 511.29748268333475, 'coord_origin': 'BOTTOMLEFT'}",text_heuristic
265ff0b2-3b3a-545e-af43-19c35f34ab8f,c11b9579-45d1-58de-af90-2c8b6bc73152,305,38b7afc5-89c1-5d06-99ff-a87ce3fdaaae,Informações do Monitoramento,Meta prevista para 2026,meta_prevista_para_2026,21000.0,21.000,,"{'page_number': 305, 'left': 99.744, 'top': 508.7108873242187, 'right': 249.15751999999995, 'bottom': 499.7774826833347, 'coord_origin': 'BOTTOMLEFT'}",text_heuristic
340c8500-610e-5722-b626-90f428639ba6,c11b9579-45d1-58de-af90-2c8b6bc73152,305,38b7afc5-89c1-5d06-99ff-a87ce3fdaaae,Informações do Monitoramento,Meta prevista para,meta_prevista_para,2027.0,2027,,"{'page_number': 305, 'left': 99.744, 'top': 497.1908873242187, 'right': 218.45723999999987, 'bottom': 488.25748268333473, 'coord_origin': 'BOTTOMLEFT'}",text_heuristic
5584cab1-2e62-539b-8296-67cadddca212,c11b9579-45d1-58de-af90-2c8b6bc73152,305,38b7afc5-89c1-5d06-99ff-a87ce3fdaaae,Informações do Monitoramento,Órgão Responsável: - Ministério do Meio Ambiente e Mudança do Clima,orgao_responsavel_ministerio_do_meio_ambiente_e_mudanca_do_clima,44000.0,44000,,"{'page_number': 305, 'left': 77.28, 'top': 171.34088732421867, 'right': 434.4943999999999, 'bottom': 162.4074826833347, 'coord_origin': 'BOTTOMLEFT'}",text_heuristic
12c3e23c-7110-57d1-9021-ee1427955426,c11b9579-45d1-58de-af90-2c8b6bc73152,306,184d3751-e217-5d9c-8848-367d7a6108dd,Medida Institucional Normativa: 08C8 - Elaboração do Plano Nacional de Turismo de Base Comunitária.,Órgão Responsável: - Ministério do Meio Ambiente e Mudança do Clima,orgao_responsavel_ministerio_do_meio_ambiente_e_mudanca_do_clima,44000.0,44000,,"{'page_number': 306, 'left': 92.304, 'top': 381.0008873242187, 'right': 449.4943999999999, 'bottom': 372.06748268333473, 'coord_origin': 'BOTTOMLEFT'}",text_heuristic
09e910a6-b3fb-5ca8-8982-0cc2dd3bb2b7,c11b9579-45d1-58de-af90-2c8b6bc73152,306,184d3751-e217-5d9c-8848-367d7a6108dd,Medida Institucional Normativa: 08C8 - Elaboração do Plano Nacional de Turismo de Base Comunitária.,Órgão Responsável: - Ministério do Meio Ambiente e Mudança do Clima,orgao_responsavel_ministerio_do_meio_ambiente_e_mudanca_do_clima,44000.0,44000,,"{'page_number': 306, 'left': 92.304, 'top': 137.95088732421868, 'right': 449.4943999999999, 'bottom': 129.01748268333472, 'coord_origin': 'BOTTOMLEFT'}",text_heuristic
522a28e9-5ff8-5772-b316-a69c963e24fc,c11b9579-45d1-58de-af90-2c8b6bc73152,307,5aa0c1f9-747a-5eb2-8ca6-9ab9d2214ce3,"PROGRAMA: 2304 - CIÊNCIA, TECNOLOGIA E INOVAÇÃO PARA O DESENVOLVIMENTO SOCIAL","PROGRAMA: - CIÊNCIA, TECNOLOGIA E INOVAÇÃO PARA O DESENVOLVIMENTO SOCIAL",programa_ciencia_tecnologia_e_inovacao_para_o_desenvolvimento_social,2304.0,2304,,"{'page_number': 307, 'left': 51.0, 'top': 374.7311273242187, 'right': 697.0007600000009, 'bottom': 362.13825572200875, 'coord_origin': 'BOTTOMLEFT'}",text_heuristic
ad0e630d-96af-5dcf-b8a5-2804c05a45e0,c11b9579-45d1-58de-af90-2c8b6bc73152,307,5aa0c1f9-747a-5eb2-8ca6-9ab9d2214ce3,"PROGRAMA: 2304 - CIÊNCIA, TECNOLOGIA E INOVAÇÃO PARA O DESENVOLVIMENTO SOCIAL","Órgão Responsável: - Ministério da Ciência, Tecnologia e Inovação",orgao_responsavel_ministerio_da_ciencia_tecnologia_e_inovacao,24000.0,24000,,"{'page_number': 307, 'left': 77.28, 'top': 255.8208873242187, 'right': 412.8015199999998, 'bottom': 246.88748268333472, 'coord_origin': 'BOTTOMLEFT'}",text_heuristic
6efb599d-041b-57b3-9504-682049c36b98,c11b9579-45d1-58de-af90-2c8b6bc73152,308,25b1952d-de5e-5024-90df-eeddd618e654,Informações do Monitoramento,Meta prevista para 2024,meta_prevista_para_2024,20.0,20,,"{'page_number': 308, 'left': 92.304, 'top': 224.7408873242187, 'right': 222.27772, 'bottom': 215.80748268333474, 'coord_origin': 'BOTTOMLEFT'}",text_heuristic
a43570dd-5dc2-5218-ada8-28261efb6d93,c11b9579-45d1-58de-af90-2c8b6bc73152,308,25b1952d-de5e-5024-90df-eeddd618e654,Informações do Monitoramento,Meta prevista para 2025,meta_prevista_para_2025,30.0,30,,"{'page_number': 308, 'left': 92.304, 'top': 213.22088732421867, 'right': 222.27772, 'bottom': 204.2874826833347, 'coord_origin': 'BOTTOMLEFT'}",text_heuristic
69ccbd77-5722-5888-bf67-b006f3d1c4fb,c11b9579-45d1-58de-af90-2c8b6bc73152,308,25b1952d-de5e-5024-90df-eeddd618e654,Informações do Monitoramento,Meta prevista para,meta_prevista_para,2026.0,2026,,"{'page_number': 308, 'left': 92.304, 'top': 201.70088732421868, 'right': 211.0172399999999, 'bottom': 192.76748268333472, 'coord_origin': 'BOTTOMLEFT'}",text_heuristic
9e258633-270b-5c7b-8b4d-6ba11e81378c,c11b9579-45d1-58de-af90-2c8b6bc73152,308,25b1952d-de5e-5024-90df-eeddd618e654,Informações do Monitoramento,Meta prevista para,meta_prevista_para,2027.0,2027,,"{'page_number': 308, 'left': 92.304, 'top': 190.1808873242187, 'right': 211.0172399999999, 'bottom': 181.24748268333474, 'coord_origin': 'BOTTOMLEFT'}",text_heuristic
fd5cbbda-581f-57b5-956b-7581f0e9a97d,c11b9579-45d1-58de-af90-2c8b6bc73152,308,25b1952d-de5e-5024-90df-eeddd618e654,Informações do Monitoramento,Quantidade alcançada,quantidade_alcancada,4.0,4,,"{'page_number': 308, 'left': 92.304, 'top': 125.83088732421868, 'right': 210.03776, 'bottom': 116.89748268333472, 'coord_origin': 'BOTTOMLEFT'}",text_heuristic
ac938539-6652-54c7-832e-fe9a3e465d59,c11b9579-45d1-58de-af90-2c8b6bc73152,309,52980b63-3640-5619-88e6-234f2c598c63,Informações do Monitoramento,Meta: - Apoiar Projetos em Rede,meta_apoiar_projetos_em_rede,715.0,0715,,"{'page_number': 309, 'left': 96.024, 'top': 466.51600732421866, 'right': 310.8440000000001, 'bottom': 455.7528692026717, 'coord_origin': 'BOTTOMLEFT'}",text_heuristic
9763f3a3-7ca4-5048-b77d-36207a974c53,c11b9579-45d1-58de-af90-2c8b6bc73152,309,52980b63-3640-5619-88e6-234f2c598c63,Informações do Monitoramento,Meta prevista para 2024,meta_prevista_para_2024,2.0,2,,"{'page_number': 309, 'left': 99.744, 'top': 416.1908873242187, 'right': 224.19776, 'bottom': 407.25748268333473, 'coord_origin': 'BOTTOMLEFT'}",text_heuristic
927bcf08-4e71-54e9-8799-fe875f2ee750,c11b9579-45d1-58de-af90-2c8b6bc73152,309,52980b63-3640-5619-88e6-234f2c598c63,Informações do Monitoramento,Meta prevista para 2025,meta_prevista_para_2025,2.0,2,,"{'page_number': 309, 'left': 99.744, 'top': 404.6408873242187, 'right': 224.19776, 'bottom': 395.7074826833347, 'coord_origin': 'BOTTOMLEFT'}",text_heuristic
51898be5-b3a7-5225-b3a2-80afafdda8d6,c11b9579-45d1-58de-af90-2c8b6bc73152,309,52980b63-3640-5619-88e6-234f2c598c63,Informações do Monitoramento,Meta prevista para 2026,meta_prevista_para_2026,2.0,2,,"{'page_number': 309, 'left': 99.744, 'top': 393.1208873242187, 'right': 224.19776, 'bottom': 384.18748268333474, 'coord_origin': 'BOTTOMLEFT'}",text_heuristic
374d6590-5d3f-5f65-bff1-d44487415cab,c11b9579-45d1-58de-af90-2c8b6bc73152,309,52980b63-3640-5619-88e6-234f2c598c63,Informações do Monitoramento,Meta prevista para 2027,meta_prevista_para_2027,2.0,2,,"{'page_number': 309, 'left': 99.744, 'top': 381.6008873242187, 'right': 224.19776, 'bottom': 372.66748268333475, 'coord_origin': 'BOTTOMLEFT'}",text_heuristic
35c156f9-1573-53e4-87e8-a3b342d02b8f,c11b9579-45d1-58de-af90-2c8b6bc73152,309,52980b63-3640-5619-88e6-234f2c598c63,Informações do Monitoramento,Quantidade alcançada,quantidade_alcancada,2.0,2,,"{'page_number': 309, 'left': 99.744, 'top': 317.28088732421867, 'right': 217.47776, 'bottom': 308.3474826833347, 'coord_origin': 'BOTTOMLEFT'}",text_heuristic
bcb00db1-473d-5b25-824b-2b6aab31368a,c11b9579-45d1-58de-af90-2c8b6bc73152,310,10dbb17e-3440-5226-b93f-f167305b684c,Informações do Monitoramento,Meta prevista para 2024,meta_prevista_para_2024,10.0,10,,"{'page_number': 310, 'left': 99.744, 'top': 420.6308873242187, 'right': 229.71771999999999, 'bottom': 411.6974826833347, 'coord_origin': 'BOTTOMLEFT'}",text_heuristic
f5ed4794-cbb3-5e38-85af-6b3476ed5ce8,c11b9579-45d1-58de-af90-2c8b6bc73152,310,10dbb17e-3440-5226-b93f-f167305b684c,Informações do Monitoramento,Meta prevista para 2025,meta_prevista_para_2025,10.0,10,,"{'page_number': 310, 'left': 99.744, 'top': 409.0808873242187, 'right': 229.71771999999999, 'bottom': 400.1474826833347, 'coord_origin': 'BOTTOMLEFT'}",text_heuristic
fcb0601b-f777-5c68-851e-03ebe392b8aa,c11b9579-45d1-58de-af90-2c8b6bc73152,310,10dbb17e-3440-5226-b93f-f167305b684c,Informações do Monitoramento,Meta prevista para 2026,meta_prevista_para_2026,10.0,10,,"{'page_number': 310, 'left': 99.744, 'top': 397.5608873242187, 'right': 229.71771999999999, 'bottom': 388.62748268333473, 'coord_origin': 'BOTTOMLEFT'}",text_heuristic
7b6aef5e-0d47-5241-bf49-bab83c1e3324,c11b9579-45d1-58de-af90-2c8b6bc73152,310,10dbb17e-3440-5226-b93f-f167305b684c,Informações do Monitoramento,Meta prevista para 2027,meta_prevista_para_2027,10.0,10,,"{'page_number': 310, 'left': 99.744, 'top': 386.0408873242187, 'right': 229.71771999999999, 'bottom': 377.10748268333475, 'coord_origin': 'BOTTOMLEFT'}",text_heuristic
2f085660-5fce-5401-8719-3237bec60492,c11b9579-45d1-58de-af90-2c8b6bc73152,310,10dbb17e-3440-5226-b93f-f167305b684c,Informações do Monitoramento,Quantidade alcançada,quantidade_alcancada,5.0,5,,"{'page_number': 310, 'left': 99.744, 'top': 321.84088732421867, 'right': 217.47776, 'bottom': 312.9074826833347, 'coord_origin': 'BOTTOMLEFT'}",text_heuristic
07eb6c6c-4f22-5c35-bd30-b886caa0b52a,c11b9579-45d1-58de-af90-2c8b6bc73152,310,10dbb17e-3440-5226-b93f-f167305b684c,Informações do Monitoramento,Indicador: - Número de NEAs beneficiados e CVTs implantados,indicador_numero_de_neas_beneficiados_e_cvts_implantados,10786.0,10786,,"{'page_number': 310, 'left': 96.024, 'top': 130.43600732421874, 'right': 494.02400000000034, 'bottom': 119.67286920267173, 'coord_origin': 'BOTTOMLEFT'}",text_heuristic
962aacb9-bf89-58a8-9e2b-13dd4d2dc660,c11b9579-45d1-58de-af90-2c8b6bc73152,310,10dbb17e-3440-5226-b93f-f167305b684c,Informações do Monitoramento,Meta: - Implantar NEAs beneficiados e CVTs,meta_implantar_neas_beneficiados_e_cvts,717.0,0717,,"{'page_number': 310, 'left': 96.024, 'top': 112.07600732421872, 'right': 378.0920000000002, 'bottom': 101.31286920267178, 'coord_origin': 'BOTTOMLEFT'}",text_heuristic
1582458a-1407-5163-b8be-65cdaf1ccecb,c11b9579-45d1-58de-af90-2c8b6bc73152,311,88fcb0da-7cb6-50ea-800e-97c4ba99b90c,Informações do Monitoramento,Meta prevista para 2025,meta_prevista_para_2025,5.0,5,,"{'page_number': 311, 'left': 99.744, 'top': 548.2108873242188, 'right': 224.19776, 'bottom': 539.2774826833347, 'coord_origin': 'BOTTOMLEFT'}",text_heuristic
b6f6e23b-a03f-5724-9211-dcc2ac554347,c11b9579-45d1-58de-af90-2c8b6bc73152,311,88fcb0da-7cb6-50ea-800e-97c4ba99b90c,Informações do Monitoramento,Meta prevista para 2026,meta_prevista_para_2026,5.0,5,,"{'page_number': 311, 'left': 99.744, 'top': 536.6708873242187, 'right': 224.19776, 'bottom': 527.7374826833346, 'coord_origin': 'BOTTOMLEFT'}",text_heuristic
b43305d6-d5bf-583b-8da6-2086444b72d4,c11b9579-45d1-58de-af90-2c8b6bc73152,311,88fcb0da-7cb6-50ea-800e-97c4ba99b90c,Informações do Monitoramento,Meta prevista para 2027,meta_prevista_para_2027,5.0,5,,"{'page_number': 311, 'left': 99.744, 'top': 525.1508873242187, 'right': 224.19776, 'bottom': 516.2174826833347, 'coord_origin': 'BOTTOMLEFT'}",text_heuristic
4880a3eb-08aa-55bd-9034-ef38df362181,c11b9579-45d1-58de-af90-2c8b6bc73152,311,88fcb0da-7cb6-50ea-800e-97c4ba99b90c,Informações do Monitoramento,Quantidade alcançada,quantidade_alcancada,0.0,0,,"{'page_number': 311, 'left': 99.744, 'top': 460.9508873242187, 'right': 217.47776, 'bottom': 452.0174826833347, 'coord_origin': 'BOTTOMLEFT'}",text_heuristic
435d620f-7f47-57ac-a917-0e200a9ef358,c11b9579-45d1-58de-af90-2c8b6bc73152,311,d1a85c14-441c-5fa4-a365-2393e37e04f6,"PROGRAMA: 2310 - PROMOÇÃO DO TRABALHO DECENTE, EMPREGO E RENDA","PROGRAMA: - PROMOÇÃO DO TRABALHO DECENTE, EMPREGO E RENDA",programa_promocao_do_trabalho_decente_emprego_e_renda,2310.0,2310,,"{'page_number': 311, 'left': 51.0, 'top': 280.75112732421866, 'right': 594.5508800000007, 'bottom': 268.15825572200873, 'coord_origin': 'BOTTOMLEFT'}",text_heuristic
4c87f928-b4dd-559d-898a-2999a19dd86f,c11b9579-45d1-58de-af90-2c8b6bc73152,311,d1a85c14-441c-5fa4-a365-2393e37e04f6,"PROGRAMA: 2310 - PROMOÇÃO DO TRABALHO DECENTE, EMPREGO E RENDA",Órgão Responsável: - Ministério do Trabalho e Emprego,orgao_responsavel_ministerio_do_trabalho_e_emprego,40000.0,40000,,"{'page_number': 311, 'left': 77.28, 'top': 189.58088732421868, 'right': 364.3759999999999, 'bottom': 180.64748268333472, 'coord_origin': 'BOTTOMLEFT'}",text_heuristic
9e7f5e30-f45a-5842-876c-b1ae21bd13bf,c11b9579-45d1-58de-af90-2c8b6bc73152,312,93d34a73-de5f-59ea-b355-a0cbd737911a,Informações do Monitoramento,Meta prevista para,meta_prevista_para,2024.0,2024,,"{'page_number': 312, 'left': 92.304, 'top': 385.6808873242187, 'right': 211.0172399999999, 'bottom': 376.74748268333474, 'coord_origin': 'BOTTOMLEFT'}",text_heuristic
531b62bd-2ba2-53e1-8eb8-18ca92b93117,c11b9579-45d1-58de-af90-2c8b6bc73152,312,93d34a73-de5f-59ea-b355-a0cbd737911a,Informações do Monitoramento,Meta prevista para 2025,meta_prevista_para_2025,4800.0,4.800,,"{'page_number': 312, 'left': 92.304, 'top': 374.1608873242187, 'right': 236.18971999999997, 'bottom': 365.22748268333476, 'coord_origin': 'BOTTOMLEFT'}",text_heuristic
057b2a70-34fd-5708-bf7b-36056d412f1f,c11b9579-45d1-58de-af90-2c8b6bc73152,312,93d34a73-de5f-59ea-b355-a0cbd737911a,Informações do Monitoramento,Meta prevista para,meta_prevista_para,2026.0,2026,,"{'page_number': 312, 'left': 92.304, 'top': 362.7608873242187, 'right': 211.0172399999999, 'bottom': 353.8274826833347, 'coord_origin': 'BOTTOMLEFT'}",text_heuristic
fe4c047e-e7d2-58cd-95fb-21e143ce1d5c,c11b9579-45d1-58de-af90-2c8b6bc73152,312,93d34a73-de5f-59ea-b355-a0cbd737911a,Informações do Monitoramento,Meta prevista para,meta_prevista_para,2027.0,2027,,"{'page_number': 312, 'left': 92.304, 'top': 351.2408873242187, 'right': 211.0172399999999, 'bottom': 342.30748268333474, 'coord_origin': 'BOTTOMLEFT'}",text_heuristic
6dbd3cc9-44da-5621-bcc8-df10da550f7b,c11b9579-45d1-58de-af90-2c8b6bc73152,315,36eb76a7-d8c4-54b3-9e41-8b0c9a5e423f,Entrega: 1024 - Ações fiscais efetivas para o combate ao trabalho infantil ampliadas,Meta prevista para 2024,meta_prevista_para_2024,1700.0,1.700,,"{'page_number': 315, 'left': 99.744, 'top': 181.54088732421872, 'right': 243.62971999999996, 'bottom': 172.60748268333475, 'coord_origin': 'BOTTOMLEFT'}",text_heuristic
2ad8aab8-b5a3-53b7-8720-a6265b7bd844,c11b9579-45d1-58de-af90-2c8b6bc73152,315,36eb76a7-d8c4-54b3-9e41-8b0c9a5e423f,Entrega: 1024 - Ações fiscais efetivas para o combate ao trabalho infantil ampliadas,Meta prevista para 2025,meta_prevista_para_2025,3600.0,3.600,,"{'page_number': 315, 'left': 99.744, 'top': 170.02088732421873, 'right': 243.62971999999996, 'bottom': 161.08748268333477, 'coord_origin': 'BOTTOMLEFT'}",text_heuristic
42857a5e-ad08-5cc5-90d2-ef23a16318da,c11b9579-45d1-58de-af90-2c8b6bc73152,315,36eb76a7-d8c4-54b3-9e41-8b0c9a5e423f,Entrega: 1024 - Ações fiscais efetivas para o combate ao trabalho infantil ampliadas,Meta prevista para 2026,meta_prevista_para_2026,5700.0,5.700,,"{'page_number': 315, 'left': 99.744, 'top': 158.47088732421867, 'right': 243.62971999999996, 'bottom': 149.5374826833347, 'coord_origin': 'BOTTOMLEFT'}",text_heuristic
1015b455-7724-5ca6-b6dd-82b01c83d43f,c11b9579-45d1-58de-af90-2c8b6bc73152,315,36eb76a7-d8c4-54b3-9e41-8b0c9a5e423f,Entrega: 1024 - Ações fiscais efetivas para o combate ao trabalho infantil ampliadas,Meta prevista para 2027,meta_prevista_para_2027,8000.0,8.000,,"{'page_number': 315, 'left': 99.744, 'top': 146.95088732421868, 'right': 243.62971999999996, 'bottom': 138.01748268333472, 'coord_origin': 'BOTTOMLEFT'}",text_heuristic
8d6b8cc0-ddf7-5ff7-b0ca-d550ca12b246,c11b9579-45d1-58de-af90-2c8b6bc73152,319,d928dfe1-4fac-59b7-9d25-530ac433504e,Entrega: 1030 - Crianças e adolescentes retirados nas piores formas de trabalho infantil,Meta prevista para 2024,meta_prevista_para_2024,60.0,60,,"{'page_number': 319, 'left': 99.744, 'top': 371.28088732421867, 'right': 229.71771999999999, 'bottom': 362.3474826833347, 'coord_origin': 'BOTTOMLEFT'}",text_heuristic
364c44d1-b490-538a-8399-022a0b171e18,c11b9579-45d1-58de-af90-2c8b6bc73152,319,d928dfe1-4fac-59b7-9d25-530ac433504e,Entrega: 1030 - Crianças e adolescentes retirados nas piores formas de trabalho infantil,Meta prevista para 2025,meta_prevista_para_2025,65.0,65,,"{'page_number': 319, 'left': 99.744, 'top': 359.7608873242187, 'right': 229.71771999999999, 'bottom': 350.8274826833347, 'coord_origin': 'BOTTOMLEFT'}",text_heuristic
6393f61a-6b48-578f-b193-3f04e92510df,c11b9579-45d1-58de-af90-2c8b6bc73152,319,d928dfe1-4fac-59b7-9d25-530ac433504e,Entrega: 1030 - Crianças e adolescentes retirados nas piores formas de trabalho infantil,Meta prevista para 2026,meta_prevista_para_2026,70.0,70,,"{'page_number': 319, 'left': 99.744, 'top': 348.2408873242187, 'right': 229.71771999999999, 'bottom': 339.30748268333474, 'coord_origin': 'BOTTOMLEFT'}",text_heuristic
76debc6b-29cb-5bf9-a0a1-7a1deb0bf70b,c11b9579-45d1-58de-af90-2c8b6bc73152,319,d928dfe1-4fac-59b7-9d25-530ac433504e,Entrega: 1030 - Crianças e adolescentes retirados nas piores formas de trabalho infantil,Meta prevista para,meta_prevista_para,2027.0,2027,,"{'page_number': 319, 'left': 99.744, 'top': 336.7208873242187, 'right': 218.45723999999987, 'bottom': 327.78748268333476, 'coord_origin': 'BOTTOMLEFT'}",text_heuristic
f228ca0f-3fdf-57e7-b347-b152625914d8,c11b9579-45d1-58de-af90-2c8b6bc73152,323,9b78fcb2-4837-5ba9-b6b6-e8b944934c9e,Informações do Monitoramento,Meta prevista para 2024,meta_prevista_para_2024,1.0,1,,"{'page_number': 323, 'left': 99.744, 'top': 531.7508873242188, 'right': 224.19776, 'bottom': 522.8174826833347, 'coord_origin': 'BOTTOMLEFT'}",text_heuristic
d048a253-7840-5a8c-9347-9a4305bcc53c,c11b9579-45d1-58de-af90-2c8b6bc73152,323,9b78fcb2-4837-5ba9-b6b6-e8b944934c9e,Informações do Monitoramento,Meta prevista para 2025,meta_prevista_para_2025,2.0,2,,"{'page_number': 323, 'left': 99.744, 'top': 520.2308873242188, 'right': 224.19776, 'bottom': 511.29748268333475, 'coord_origin': 'BOTTOMLEFT'}",text_heuristic
999f3f1f-459a-5f8f-bcf6-43a4077903d8,c11b9579-45d1-58de-af90-2c8b6bc73152,323,9b78fcb2-4837-5ba9-b6b6-e8b944934c9e,Informações do Monitoramento,Meta prevista para 2026,meta_prevista_para_2026,2.0,2,,"{'page_number': 323, 'left': 99.744, 'top': 508.7108873242187, 'right': 224.19776, 'bottom': 499.7774826833347, 'coord_origin': 'BOTTOMLEFT'}",text_heuristic
f798043b-536b-5a21-9396-89edafbc988d,c11b9579-45d1-58de-af90-2c8b6bc73152,323,9b78fcb2-4837-5ba9-b6b6-e8b944934c9e,Informações do Monitoramento,Meta prevista para 2027,meta_prevista_para_2027,3.0,3,,"{'page_number': 323, 'left': 99.744, 'top': 497.1908873242187, 'right': 224.19776, 'bottom': 488.25748268333473, 'coord_origin': 'BOTTOMLEFT'}",text_heuristic
d3a9a1ac-d527-5a59-bc41-4c1a06ebf791,c11b9579-45d1-58de-af90-2c8b6bc73152,323,9b78fcb2-4837-5ba9-b6b6-e8b944934c9e,Informações do Monitoramento,Retirar crianças e adolescentes de situação de trabalho infantil,retirar_criancas_e_adolescentes_de_situacao_de_trabalho_infantil,140.0,0140,,"{'page_number': 323, 'left': 191.18, 'top': 240.34088732421867, 'right': 500.6623999999999, 'bottom': 231.4074826833347, 'coord_origin': 'BOTTOMLEFT'}",text_heuristic
da4487f2-8583-5137-9d8f-7d15fe096f2f,c11b9579-45d1-58de-af90-2c8b6bc73152,323,9b78fcb2-4837-5ba9-b6b6-e8b944934c9e,Informações do Monitoramento,Ministério do Trabalho e Emprego,ministerio_do_trabalho_e_emprego,40000.0,40000,,"{'page_number': 323, 'left': 192.26, 'top': 228.8208873242187, 'right': 379.3759999999999, 'bottom': 219.88748268333472, 'coord_origin': 'BOTTOMLEFT'}",text_heuristic
a399a021-fe86-5192-8747-580434d85ea1,c11b9579-45d1-58de-af90-2c8b6bc73152,324,de7b638b-ad2a-5da1-82f3-716cd8e450ce,Informações do Monitoramento,Retirar crianças e adolescentes de situação de trabalho infantil,retirar_criancas_e_adolescentes_de_situacao_de_trabalho_infantil,140.0,0140,,"{'page_number': 324, 'left': 191.18, 'top': 436.3508873242187, 'right': 500.77783999999986, 'bottom': 427.41748268333475, 'coord_origin': 'BOTTOMLEFT'}",text_heuristic
436c86fb-e27e-564e-bdb8-8145f34a25ea,c11b9579-45d1-58de-af90-2c8b6bc73152,324,de7b638b-ad2a-5da1-82f3-716cd8e450ce,Informações do Monitoramento,Ministério do Trabalho e Emprego,ministerio_do_trabalho_e_emprego,40000.0,40000,,"{'page_number': 324, 'left': 192.26, 'top': 424.7108873242187, 'right': 379.3759999999999, 'bottom': 415.7774826833347, 'coord_origin': 'BOTTOMLEFT'}",text_heuristic
d0ba22b0-fd45-577c-91d3-1e6d09363291,c11b9579-45d1-58de-af90-2c8b6bc73152,324,de7b638b-ad2a-5da1-82f3-716cd8e450ce,Informações do Monitoramento,Retirar crianças e adolescentes de situação de trabalho infantil,retirar_criancas_e_adolescentes_de_situacao_de_trabalho_infantil,140.0,0140,,"{'page_number': 324, 'left': 191.18, 'top': 144.91088732421872, 'right': 500.6623999999999, 'bottom': 135.97748268333476, 'coord_origin': 'BOTTOMLEFT'}",text_heuristic
380abab2-6acf-5987-a84e-ea86826808e7,c11b9579-45d1-58de-af90-2c8b6bc73152,324,de7b638b-ad2a-5da1-82f3-716cd8e450ce,Informações do Monitoramento,Ministério do Trabalho e Emprego,ministerio_do_trabalho_e_emprego,40000.0,40000,,"{'page_number': 324, 'left': 192.26, 'top': 133.39088732421874, 'right': 379.3759999999999, 'bottom': 124.45748268333472, 'coord_origin': 'BOTTOMLEFT'}",text_heuristic
2b2d21e0-2f6c-5b40-83dc-708f86fd6db2,c11b9579-45d1-58de-af90-2c8b6bc73152,325,8ba084c0-e9a6-5da5-8564-590db1d74517,Informações do Monitoramento,Órgão Responsável: - Ministério do Trabalho e Emprego,orgao_responsavel_ministerio_do_trabalho_e_emprego,40000.0,40000,,"{'page_number': 325, 'left': 92.304, 'top': 316.2008873242187, 'right': 379.3759999999999, 'bottom': 307.2674826833347, 'coord_origin': 'BOTTOMLEFT'}",text_heuristic
33800d44-49cb-57d2-aa0d-2761edd195be,c11b9579-45d1-58de-af90-2c8b6bc73152,326,9d5de2b3-77e7-5090-acb7-e750f248c5a5,Informações do Monitoramento,Retirar crianças e adolescentes de situação de trabalho infantil,retirar_criancas_e_adolescentes_de_situacao_de_trabalho_infantil,140.0,0140,,"{'page_number': 326, 'left': 191.18, 'top': 543.2908873242187, 'right': 500.6623999999999, 'bottom': 534.3574826833346, 'coord_origin': 'BOTTOMLEFT'}",text_heuristic
3e0ebe2c-4f4a-52e2-b46a-7b74c13fcabd,c11b9579-45d1-58de-af90-2c8b6bc73152,326,9d5de2b3-77e7-5090-acb7-e750f248c5a5,Informações do Monitoramento,Ministério do Trabalho e Emprego,ministerio_do_trabalho_e_emprego,40000.0,40000,,"{'page_number': 326, 'left': 192.26, 'top': 531.7508873242188, 'right': 379.3759999999999, 'bottom': 522.8174826833347, 'coord_origin': 'BOTTOMLEFT'}",text_heuristic
46611dcc-ed7c-580b-a5dc-9bfe3fe2d3a3,c11b9579-45d1-58de-af90-2c8b6bc73152,326,9d5de2b3-77e7-5090-acb7-e750f248c5a5,Informações do Monitoramento,Retirar crianças e adolescentes de situação de trabalho infantil,retirar_criancas_e_adolescentes_de_situacao_de_trabalho_infantil,140.0,0140,,"{'page_number': 326, 'left': 191.18, 'top': 251.8608873242187, 'right': 500.6623999999999, 'bottom': 242.92748268333474, 'coord_origin': 'BOTTOMLEFT'}",text_heuristic
ca663134-944e-5a44-9a0d-5053c6f73926,c11b9579-45d1-58de-af90-2c8b6bc73152,326,9d5de2b3-77e7-5090-acb7-e750f248c5a5,Informações do Monitoramento,Ministério do Trabalho e Emprego,ministerio_do_trabalho_e_emprego,40000.0,40000,,"{'page_number': 326, 'left': 192.26, 'top': 240.34088732421867, 'right': 379.3759999999999, 'bottom': 231.4074826833347, 'coord_origin': 'BOTTOMLEFT'}",text_heuristic
17b67041-e330-5499-93fd-81127c295848,c11b9579-45d1-58de-af90-2c8b6bc73152,327,01df83ae-c0ba-5b45-a36f-8c25d7358756,PROGRAMA: 2316 - RELAÇÕES INTERNACIONAIS E ASSISTÊNCIA A BRASILEIRAS E BRASILEIROS NO EXTERIOR,Retirar crianças e adolescentes de situação de trabalho infantil,retirar_criancas_e_adolescentes_de_situacao_de_trabalho_infantil,140.0,0140,,"{'page_number': 327, 'left': 191.18, 'top': 464.3108873242187, 'right': 500.6623999999999, 'bottom': 455.37748268333473, 'coord_origin': 'BOTTOMLEFT'}",text_heuristic
784c0743-4c90-51ca-a93f-84b90ae86fd9,c11b9579-45d1-58de-af90-2c8b6bc73152,327,01df83ae-c0ba-5b45-a36f-8c25d7358756,PROGRAMA: 2316 - RELAÇÕES INTERNACIONAIS E ASSISTÊNCIA A BRASILEIRAS E BRASILEIROS NO EXTERIOR,Ministério do Trabalho e Emprego,ministerio_do_trabalho_e_emprego,40000.0,40000,,"{'page_number': 327, 'left': 192.26, 'top': 452.7908873242187, 'right': 379.3759999999999, 'bottom': 443.85748268333475, 'coord_origin': 'BOTTOMLEFT'}",text_heuristic
eb4c6d21-f396-51d7-a4b2-573925a8b4ab,c11b9579-45d1-58de-af90-2c8b6bc73152,328,c9913c65-bb0b-54dd-95b6-e4bd1da3f7c9,Informações do Monitoramento,Órgão Responsável: - Ministério das Relações Exteriores,orgao_responsavel_ministerio_das_relacoes_exteriores,35000.0,35000,,"{'page_number': 328, 'left': 77.28, 'top': 543.1708873242187, 'right': 367.76240000000007, 'bottom': 534.2374826833346, 'coord_origin': 'BOTTOMLEFT'}",text_heuristic
6eaa544e-8f98-5eb2-9900-ad3bcb87515f,c11b9579-45d1-58de-af90-2c8b6bc73152,328,c9913c65-bb0b-54dd-95b6-e4bd1da3f7c9,Informações do Monitoramento,Indicador: - Projeto de resolução apresentado,indicador_projeto_de_resolucao_apresentado,11071.0,11071,,"{'page_number': 328, 'left': 96.024, 'top': 183.9860073242187, 'right': 394.8440000000002, 'bottom': 173.22286920267175, 'coord_origin': 'BOTTOMLEFT'}",text_heuristic
b9f78915-2c41-5564-b2c9-efcd52e78115,c11b9579-45d1-58de-af90-2c8b6bc73152,328,c9913c65-bb0b-54dd-95b6-e4bd1da3f7c9,Informações do Monitoramento,Meta: NT - Projeto de resolução apresentado,meta_nt_projeto_de_resolucao_apresentado,5.0,05,,"{'page_number': 328, 'left': 96.024, 'top': 165.74600732421868, 'right': 364.0040000000002, 'bottom': 154.98286920267174, 'coord_origin': 'BOTTOMLEFT'}",text_heuristic
9c39e368-9327-5893-9b14-a3cbe945a7e9,c11b9579-45d1-58de-af90-2c8b6bc73152,329,2f49ee5c-2027-5d92-84e9-7e40a608b1df,Informações do Monitoramento,Quantidade alcançada,quantidade_alcancada,0.0,0,,"{'page_number': 329, 'left': 99.744, 'top': 500.4308873242187, 'right': 217.47776, 'bottom': 491.49748268333474, 'coord_origin': 'BOTTOMLEFT'}",text_heuristic
a378fbce-27f0-5fec-bba3-7d61078c05b1,c11b9579-45d1-58de-af90-2c8b6bc73152,329,4ec30f4d-fdf5-55f1-bd94-4086b7159aaa,Medida Institucional Normativa: 07FA - Estabelecimento de um sistema de promoção à diversidade no corpo de funcionários do Ministério das Relações Exteriores.,Ministério das Relações Exteriores,ministerio_das_relacoes_exteriores,35000.0,35000,,"{'page_number': 329, 'left': 177.26, 'top': 307.8008873242187, 'right': 367.76240000000007, 'bottom': 298.86748268333474, 'coord_origin': 'BOTTOMLEFT'}",text_heuristic
7551ace3-909b-5868-b2c1-7da9c763bb34,c11b9579-45d1-58de-af90-2c8b6bc73152,330,b642397e-d487-5be0-9905-99c1b1b1debe,PROGRAMA: 2320 - MORADIA DIGNA,PROGRAMA: - MORADIA DIGNA,programa_moradia_digna,2320.0,2320,,"{'page_number': 330, 'left': 51.0, 'top': 333.6911273242187, 'right': 302.2240400000001, 'bottom': 321.0982557220088, 'coord_origin': 'BOTTOMLEFT'}",text_heuristic
f45efb0e-b7c7-5fde-98b9-6ccfe8a41b16,c11b9579-45d1-58de-af90-2c8b6bc73152,330,b642397e-d487-5be0-9905-99c1b1b1debe,PROGRAMA: 2320 - MORADIA DIGNA,Órgão Responsável: - Ministério das Cidades,orgao_responsavel_ministerio_das_cidades,56000.0,56000,,"{'page_number': 330, 'left': 77.28, 'top': 214.78088732421872, 'right': 315.0142399999999, 'bottom': 205.84748268333476, 'coord_origin': 'BOTTOMLEFT'}",text_heuristic
c81ac8ec-7c11-567c-a3f7-b88b387c3933,c11b9579-45d1-58de-af90-2c8b6bc73152,331,1293292b-2745-5597-b69b-b9189e8d0833,Informações do Monitoramento,Meta prevista para,meta_prevista_para,2024.0,2024,,"{'page_number': 331, 'left': 92.304, 'top': 383.4008873242187, 'right': 211.0172399999999, 'bottom': 374.4674826833347, 'coord_origin': 'BOTTOMLEFT'}",text_heuristic
5656a9aa-6f2d-5cc5-9947-98d75f143ffb,c11b9579-45d1-58de-af90-2c8b6bc73152,331,1293292b-2745-5597-b69b-b9189e8d0833,Informações do Monitoramento,Meta prevista para 2025,meta_prevista_para_2025,2.0,2,,"{'page_number': 331, 'left': 92.304, 'top': 371.8808873242187, 'right': 216.75776, 'bottom': 362.9474826833347, 'coord_origin': 'BOTTOMLEFT'}",text_heuristic
e57412a5-0f27-566a-9d8c-86944dce645a,c11b9579-45d1-58de-af90-2c8b6bc73152,331,1293292b-2745-5597-b69b-b9189e8d0833,Informações do Monitoramento,Meta prevista para,meta_prevista_para,2026.0,2026,,"{'page_number': 331, 'left': 92.304, 'top': 360.3608873242187, 'right': 211.0172399999999, 'bottom': 351.42748268333474, 'coord_origin': 'BOTTOMLEFT'}",text_heuristic
80a4d746-fb2c-503c-ab7e-c42ef879a3e3,c11b9579-45d1-58de-af90-2c8b6bc73152,331,1293292b-2745-5597-b69b-b9189e8d0833,Informações do Monitoramento,Meta prevista para,meta_prevista_para,2027.0,2027,,"{'page_number': 331, 'left': 92.304, 'top': 348.84088732421867, 'right': 211.0172399999999, 'bottom': 339.9074826833347, 'coord_origin': 'BOTTOMLEFT'}",text_heuristic
d2287088-e76e-5fc6-87df-9b43680f1dfb,c11b9579-45d1-58de-af90-2c8b6bc73152,332,1714d110-8a08-5747-8d57-e8cfd51632cd,Informações do Monitoramento,Ministério do Turismo,ministerio_do_turismo,54000.0,54000,,"{'page_number': 332, 'left': 177.26, 'top': 462.9908873242187, 'right': 309.46651999999995, 'bottom': 454.05748268333474, 'coord_origin': 'BOTTOMLEFT'}",text_heuristic
cecabd9d-4fd8-55eb-8944-eaaf4a4b66a0,c11b9579-45d1-58de-af90-2c8b6bc73152,332,1714d110-8a08-5747-8d57-e8cfd51632cd,Informações do Monitoramento,Indicador: - Número de viagens domésticas,indicador_numero_de_viagens_domesticas,9741.0,9741,,"{'page_number': 332, 'left': 88.56, 'top': 86.28000732421867, 'right': 367.3040000000002, 'bottom': 75.51686920267173, 'coord_origin': 'BOTTOMLEFT'}",text_heuristic
abdaac33-2c37-547d-aee1-1396eeb7bd71,c11b9579-45d1-58de-af90-2c8b6bc73152,333,d8b948da-80d4-55b8-9c35-9e5707c1958f,Informações do Monitoramento,Meta prevista para,meta_prevista_para,2024.0,2024,,"{'page_number': 333, 'left': 92.304, 'top': 515.6708873242187, 'right': 211.0172399999999, 'bottom': 506.73748268333475, 'coord_origin': 'BOTTOMLEFT'}",text_heuristic
dd1a7bac-4a9f-5b76-a8e6-cb02656f9cd9,c11b9579-45d1-58de-af90-2c8b6bc73152,333,d8b948da-80d4-55b8-9c35-9e5707c1958f,Informações do Monitoramento,Meta prevista para,meta_prevista_para,2025.0,2025,,"{'page_number': 333, 'left': 92.304, 'top': 504.2708873242187, 'right': 211.0172399999999, 'bottom': 495.3374826833347, 'coord_origin': 'BOTTOMLEFT'}",text_heuristic
10a52399-334c-50fd-9863-d64ef522f2a7,c11b9579-45d1-58de-af90-2c8b6bc73152,333,d8b948da-80d4-55b8-9c35-9e5707c1958f,Informações do Monitoramento,Meta prevista para,meta_prevista_para,2026.0,2026,,"{'page_number': 333, 'left': 92.304, 'top': 492.7508873242187, 'right': 211.0172399999999, 'bottom': 483.81748268333473, 'coord_origin': 'BOTTOMLEFT'}",text_heuristic
76711873-d1cf-5c51-bf32-73656ea4e146,c11b9579-45d1-58de-af90-2c8b6bc73152,333,d8b948da-80d4-55b8-9c35-9e5707c1958f,Informações do Monitoramento,Meta prevista para,meta_prevista_para,2027.0,2027,,"{'page_number': 333, 'left': 92.304, 'top': 481.2308873242187, 'right': 211.0172399999999, 'bottom': 472.29748268333475, 'coord_origin': 'BOTTOMLEFT'}",text_heuristic
15b92af6-ea0a-5f51-8cc8-e928462b4cb1,c11b9579-45d1-58de-af90-2c8b6bc73152,333,d8b948da-80d4-55b8-9c35-9e5707c1958f,Informações do Monitoramento,Indicador: - Número de ações realizadas,indicador_numero_de_acoes_realizadas,9749.0,9749,,"{'page_number': 333, 'left': 96.024, 'top': 97.08000732421868, 'right': 356.1440000000003, 'bottom': 86.31686920267174, 'coord_origin': 'BOTTOMLEFT'}",text_heuristic
e2e9f4b3-8dc8-53da-b5c3-388f5ebbbaf7,c11b9579-45d1-58de-af90-2c8b6bc73152,333,d8b948da-80d4-55b8-9c35-9e5707c1958f,Informações do Monitoramento,Meta: 05AI - ações realizadas anualmente.,meta_05ai_acoes_realizadas_anualmente,2.0,2,,"{'page_number': 333, 'left': 96.024, 'top': 78.84000732421873, 'right': 345.42800000000017, 'bottom': 68.07686920267179, 'coord_origin': 'BOTTOMLEFT'}",text_heuristic
04e5b772-0875-5e8f-bd4a-97df53ba072a,c11b9579-45d1-58de-af90-2c8b6bc73152,334,ce9494d8-3cd4-5a80-a241-27530049c42a,Informações do Monitoramento,Meta prevista para 2024,meta_prevista_para_2024,2.0,2,,"{'page_number': 334, 'left': 99.744, 'top': 531.7508873242188, 'right': 224.19776, 'bottom': 522.8174826833347, 'coord_origin': 'BOTTOMLEFT'}",text_heuristic
5e293bd5-4f13-5a01-a458-648cc84e8a99,c11b9579-45d1-58de-af90-2c8b6bc73152,334,ce9494d8-3cd4-5a80-a241-27530049c42a,Informações do Monitoramento,Meta prevista para 2025,meta_prevista_para_2025,2.0,2,,"{'page_number': 334, 'left': 99.744, 'top': 520.2308873242188, 'right': 224.19776, 'bottom': 511.29748268333475, 'coord_origin': 'BOTTOMLEFT'}",text_heuristic
9f8a548a-4b91-5f4f-b185-9f6c9f6da6d1,c11b9579-45d1-58de-af90-2c8b6bc73152,334,ce9494d8-3cd4-5a80-a241-27530049c42a,Informações do Monitoramento,Meta prevista para 2026,meta_prevista_para_2026,2.0,2,,"{'page_number': 334, 'left': 99.744, 'top': 508.7108873242187, 'right': 224.19776, 'bottom': 499.7774826833347, 'coord_origin': 'BOTTOMLEFT'}",text_heuristic
847822a0-6e2c-513d-912d-933d565279ab,c11b9579-45d1-58de-af90-2c8b6bc73152,334,ce9494d8-3cd4-5a80-a241-27530049c42a,Informações do Monitoramento,Meta prevista para 2027,meta_prevista_para_2027,2.0,2,,"{'page_number': 334, 'left': 99.744, 'top': 497.1908873242187, 'right': 224.19776, 'bottom': 488.25748268333473, 'coord_origin': 'BOTTOMLEFT'}",text_heuristic
c15f7288-c704-5ea6-8eb2-4210135bd5f0,c11b9579-45d1-58de-af90-2c8b6bc73152,334,ce9494d8-3cd4-5a80-a241-27530049c42a,Informações do Monitoramento,Quantidade alcançada,quantidade_alcancada,2.0,2,,"{'page_number': 334, 'left': 99.744, 'top': 432.8708873242187, 'right': 217.47776, 'bottom': 423.93748268333474, 'coord_origin': 'BOTTOMLEFT'}",text_heuristic
84d626b4-6dc8-5d82-be27-728e4c17d737,c11b9579-45d1-58de-af90-2c8b6bc73152,335,9a9f7adb-03dd-525d-bbe1-626e76353a00,PROGRAMA: 5115 - PROMOÇÃO DO ACESSO À JUSTIÇA E DA DEFESA DOS DIREITOS,PROGRAMA: - PROMOÇÃO DO ACESSO À JUSTIÇA E DA DEFESA DOS DIREITOS,programa_promocao_do_acesso_a_justica_e_da_defesa_dos_direitos,5115.0,5115,,"{'page_number': 335, 'left': 51.0, 'top': 278.2311273242187, 'right': 638.1872000000008, 'bottom': 265.63825572200875, 'coord_origin': 'BOTTOMLEFT'}",text_heuristic
b392bff9-699d-59f2-a33d-7affe37a4b6c,c11b9579-45d1-58de-af90-2c8b6bc73152,335,9a9f7adb-03dd-525d-bbe1-626e76353a00,PROGRAMA: 5115 - PROMOÇÃO DO ACESSO À JUSTIÇA E DA DEFESA DOS DIREITOS,Órgão Responsável: - Ministério da Justiça e Segurança Pública,orgao_responsavel_ministerio_da_justica_e_seguranca_publica,30000.0,30000,,"{'page_number': 335, 'left': 77.28, 'top': 173.14088732421868, 'right': 399.4650800000001, 'bottom': 164.20748268333472, 'coord_origin': 'BOTTOMLEFT'}",text_heuristic
8dd327ea-0de9-5993-af68-8622eba6d26c,c11b9579-45d1-58de-af90-2c8b6bc73152,336,8a6d0202-1fce-5009-89d9-42e7b727c435,Indicador: 10328 - Polos de atendimento das defensorias implantados,Indicador: - Polos de atendimento das defensorias implantados,indicador_polos_de_atendimento_das_defensorias_implantados,10328.0,10328,,"{'page_number': 336, 'left': 88.56, 'top': 316.3660073242187, 'right': 487.17200000000025, 'bottom': 305.60286920267174, 'coord_origin': 'BOTTOMLEFT'}",text_heuristic
f50e35df-7ee9-5c2f-ac3e-c04e957b50b7,c11b9579-45d1-58de-af90-2c8b6bc73152,336,8a6d0202-1fce-5009-89d9-42e7b727c435,Indicador: 10328 - Polos de atendimento das defensorias implantados,Meta prevista para,meta_prevista_para,2024.0,2024,,"{'page_number': 336, 'left': 92.304, 'top': 247.66088732421872, 'right': 211.0172399999999, 'bottom': 238.72748268333476, 'coord_origin': 'BOTTOMLEFT'}",text_heuristic
8b1871a4-d907-51f3-a5a8-90a7bc53f7ae,c11b9579-45d1-58de-af90-2c8b6bc73152,336,8a6d0202-1fce-5009-89d9-42e7b727c435,Indicador: 10328 - Polos de atendimento das defensorias implantados,Meta prevista para 2025,meta_prevista_para_2025,40.0,40,,"{'page_number': 336, 'left': 92.304, 'top': 236.14088732421868, 'right': 222.27772, 'bottom': 227.20748268333472, 'coord_origin': 'BOTTOMLEFT'}",text_heuristic
9e925743-b406-56f8-9dac-7c6b44298ed4,c11b9579-45d1-58de-af90-2c8b6bc73152,336,8a6d0202-1fce-5009-89d9-42e7b727c435,Indicador: 10328 - Polos de atendimento das defensorias implantados,Meta prevista para 2026,meta_prevista_para_2026,60.0,60,,"{'page_number': 336, 'left': 92.304, 'top': 224.7408873242187, 'right': 222.27772, 'bottom': 215.80748268333474, 'coord_origin': 'BOTTOMLEFT'}",text_heuristic
1ca950ff-a4e7-589e-ada0-86e65b82e346,c11b9579-45d1-58de-af90-2c8b6bc73152,336,8a6d0202-1fce-5009-89d9-42e7b727c435,Indicador: 10328 - Polos de atendimento das defensorias implantados,Meta prevista para,meta_prevista_para,2027.0,2027,,"{'page_number': 336, 'left': 92.304, 'top': 213.22088732421867, 'right': 211.0172399999999, 'bottom': 204.2874826833347, 'coord_origin': 'BOTTOMLEFT'}",text_heuristic
c3ea9065-d5cc-50c1-ba49-651230212df4,c11b9579-45d1-58de-af90-2c8b6bc73152,337,ab179d3f-86fe-57ad-ad06-a034545d85bb,Informações do Monitoramento,Indicador: - Unidades implantadas,indicador_unidades_implantadas,10334.0,10334,,"{'page_number': 337, 'left': 96.024, 'top': 378.4060073242187, 'right': 328.70000000000005, 'bottom': 367.64286920267176, 'coord_origin': 'BOTTOMLEFT'}",text_heuristic
a093d4ba-38e8-5545-9996-53bc7bc6b472,c11b9579-45d1-58de-af90-2c8b6bc73152,337,ab179d3f-86fe-57ad-ad06-a034545d85bb,Informações do Monitoramento,Meta prevista para 2024,meta_prevista_para_2024,20.0,20,,"{'page_number': 337, 'left': 99.744, 'top': 282.1008873242187, 'right': 229.71771999999999, 'bottom': 273.16748268333475, 'coord_origin': 'BOTTOMLEFT'}",text_heuristic
219f29ee-074a-576c-a8b2-e33e4acc4b76,c11b9579-45d1-58de-af90-2c8b6bc73152,337,ab179d3f-86fe-57ad-ad06-a034545d85bb,Informações do Monitoramento,Meta prevista para 2025,meta_prevista_para_2025,40.0,40,,"{'page_number': 337, 'left': 99.744, 'top': 270.5808873242187, 'right': 229.71771999999999, 'bottom': 261.6474826833347, 'coord_origin': 'BOTTOMLEFT'}",text_heuristic
e880b9aa-54fc-5300-a986-61af0bf95ed7,c11b9579-45d1-58de-af90-2c8b6bc73152,337,ab179d3f-86fe-57ad-ad06-a034545d85bb,Informações do Monitoramento,Meta prevista para 2026,meta_prevista_para_2026,60.0,60,,"{'page_number': 337, 'left': 99.744, 'top': 259.0608873242187, 'right': 229.71771999999999, 'bottom': 250.12748268333473, 'coord_origin': 'BOTTOMLEFT'}",text_heuristic
e7f21a7e-2b9b-5e62-bb4e-7df7fd67d40f,c11b9579-45d1-58de-af90-2c8b6bc73152,337,ab179d3f-86fe-57ad-ad06-a034545d85bb,Informações do Monitoramento,Meta prevista para 2027,meta_prevista_para_2027,80.0,80,,"{'page_number': 337, 'left': 99.744, 'top': 247.54088732421872, 'right': 229.71771999999999, 'bottom': 238.60748268333475, 'coord_origin': 'BOTTOMLEFT'}",text_heuristic
d2e810d3-6873-573b-b92c-03344c132574,c11b9579-45d1-58de-af90-2c8b6bc73152,337,ab179d3f-86fe-57ad-ad06-a034545d85bb,Informações do Monitoramento,Quantidade alcançada,quantidade_alcancada,3.0,3,,"{'page_number': 337, 'left': 99.744, 'top': 183.34088732421867, 'right': 217.47776, 'bottom': 174.4074826833347, 'coord_origin': 'BOTTOMLEFT'}",text_heuristic
31a11bcb-bdcd-53f7-b4e2-81bba79f5d91,c11b9579-45d1-58de-af90-2c8b6bc73152,338,856b550c-203a-5532-acd0-89c3dd08424e,PROGRAMA: 5116 - SEGURANÇA PÚBLICA COM CIDADANIA,PROGRAMA: - SEGURANÇA PÚBLICA COM CIDADANIA,programa_seguranca_publica_com_cidadania,5116.0,5116,,"{'page_number': 338, 'left': 51.0, 'top': 317.8511273242187, 'right': 461.69036000000057, 'bottom': 305.25825572200876, 'coord_origin': 'BOTTOMLEFT'}",text_heuristic
5865299e-c521-5229-a32d-0455520907c3,c11b9579-45d1-58de-af90-2c8b6bc73152,338,856b550c-203a-5532-acd0-89c3dd08424e,PROGRAMA: 5116 - SEGURANÇA PÚBLICA COM CIDADANIA,Órgão Responsável: - Ministério da Justiça e Segurança Pública,orgao_responsavel_ministerio_da_justica_e_seguranca_publica,30000.0,30000,,"{'page_number': 338, 'left': 77.28, 'top': 198.9408873242187, 'right': 399.4650800000001, 'bottom': 190.00748268333473, 'coord_origin': 'BOTTOMLEFT'}",text_heuristic
ebeba9e4-d20d-54cc-89c9-3aa1ad4f03b7,c11b9579-45d1-58de-af90-2c8b6bc73152,339,a1168e1d-a35e-5760-a4a1-362c969781ba,Entrega: 1158 - Estruturação de equipamentos públicos voltados ao enfrentamento à violência contra mulheres,Indicador: - Índice de percepção do risco de vitimização,indicador_indice_de_percepcao_do_risco_de_vitimizacao,10164.0,10164,,"{'page_number': 339, 'left': 88.56, 'top': 454.3960073242187, 'right': 444.7160000000004, 'bottom': 443.63286920267177, 'coord_origin': 'BOTTOMLEFT'}",text_heuristic
154cc08c-4cfc-508f-91cb-defbf1f62eab,c11b9579-45d1-58de-af90-2c8b6bc73152,339,a1168e1d-a35e-5760-a4a1-362c969781ba,Entrega: 1158 - Estruturação de equipamentos públicos voltados ao enfrentamento à violência contra mulheres,Meta: EB - Índice de percepção do risco de vitimização,meta_eb_indice_de_percepcao_do_risco_de_vitimizacao,6.0,06,,"{'page_number': 339, 'left': 88.56, 'top': 436.0360073242187, 'right': 414.5960000000003, 'bottom': 425.27286920267176, 'coord_origin': 'BOTTOMLEFT'}",text_heuristic
c4215d27-bc70-5194-8fe6-2dcfe266ba8b,c11b9579-45d1-58de-af90-2c8b6bc73152,339,2aae1d41-3dfa-55e3-8ac7-5089d151a12a,Informações do Monitoramento,Meta prevista para,meta_prevista_para,2024.0,2024,,"{'page_number': 339, 'left': 92.304, 'top': 385.6808873242187, 'right': 211.0172399999999, 'bottom': 376.74748268333474, 'coord_origin': 'BOTTOMLEFT'}",text_heuristic
940e7bc9-4758-52f5-8e9c-234c770a2ad6,c11b9579-45d1-58de-af90-2c8b6bc73152,339,2aae1d41-3dfa-55e3-8ac7-5089d151a12a,Informações do Monitoramento,Meta prevista para 2025,meta_prevista_para_2025,28.0,28,,"{'page_number': 339, 'left': 92.304, 'top': 374.1608873242187, 'right': 222.27772, 'bottom': 365.22748268333476, 'coord_origin': 'BOTTOMLEFT'}",text_heuristic
9b743456-2ef7-50be-9512-8e812f9f252a,c11b9579-45d1-58de-af90-2c8b6bc73152,339,2aae1d41-3dfa-55e3-8ac7-5089d151a12a,Informações do Monitoramento,Meta prevista para 2026,meta_prevista_para_2026,27.0,27,,"{'page_number': 339, 'left': 92.304, 'top': 362.7608873242187, 'right': 222.27772, 'bottom': 353.8274826833347, 'coord_origin': 'BOTTOMLEFT'}",text_heuristic
bb50c4da-7a54-58b7-b355-f5e832c9e9af,c11b9579-45d1-58de-af90-2c8b6bc73152,339,2aae1d41-3dfa-55e3-8ac7-5089d151a12a,Informações do Monitoramento,Meta prevista para,meta_prevista_para,2027.0,2027,,"{'page_number': 339, 'left': 92.304, 'top': 351.2408873242187, 'right': 211.0172399999999, 'bottom': 342.30748268333474, 'coord_origin': 'BOTTOMLEFT'}",text_heuristic
7cff2486-e01b-5074-9ca5-bf44fde5245b,c11b9579-45d1-58de-af90-2c8b6bc73152,339,a1168e1d-a35e-5760-a4a1-362c969781ba,Entrega: 1158 - Estruturação de equipamentos públicos voltados ao enfrentamento à violência contra mulheres,Indicador: - Espaços estruturados,indicador_espacos_estruturados,11095.0,11095,,"{'page_number': 339, 'left': 96.024, 'top': 166.82600732421872, 'right': 327.404, 'bottom': 156.06286920267178, 'coord_origin': 'BOTTOMLEFT'}",text_heuristic
76808a45-8da0-54fe-906d-e27d6dd99673,c11b9579-45d1-58de-af90-2c8b6bc73152,339,a1168e1d-a35e-5760-a4a1-362c969781ba,Entrega: 1158 - Estruturação de equipamentos públicos voltados ao enfrentamento à violência contra mulheres,Meta: EC - Quantidade de espaços estruturados,meta_ec_quantidade_de_espacos_estruturados,6.0,06,,"{'page_number': 339, 'left': 96.024, 'top': 148.43600732421868, 'right': 382.66400000000016, 'bottom': 137.67286920267173, 'coord_origin': 'BOTTOMLEFT'}",text_heuristic
f6de32e3-0f0d-56dd-971d-6e7715777986,c11b9579-45d1-58de-af90-2c8b6bc73152,339,a1168e1d-a35e-5760-a4a1-362c969781ba,Entrega: 1158 - Estruturação de equipamentos públicos voltados ao enfrentamento à violência contra mulheres,Meta prevista para 2024,meta_prevista_para_2024,3.0,3,,"{'page_number': 339, 'left': 99.744, 'top': 98.11488732421867, 'right': 224.19776, 'bottom': 89.1814826833347, 'coord_origin': 'BOTTOMLEFT'}",text_heuristic
a19320a9-21d7-5a6b-ba47-ae1d2f40c90c,c11b9579-45d1-58de-af90-2c8b6bc73152,339,a1168e1d-a35e-5760-a4a1-362c969781ba,Entrega: 1158 - Estruturação de equipamentos públicos voltados ao enfrentamento à violência contra mulheres,Meta prevista para 2025,meta_prevista_para_2025,16.0,16,,"{'page_number': 339, 'left': 99.744, 'top': 86.59488732421869, 'right': 229.71771999999999, 'bottom': 77.66148268333473, 'coord_origin': 'BOTTOMLEFT'}",text_heuristic
51da8de4-7b4e-52af-a3db-cfc40465380a,c11b9579-45d1-58de-af90-2c8b6bc73152,339,a1168e1d-a35e-5760-a4a1-362c969781ba,Entrega: 1158 - Estruturação de equipamentos públicos voltados ao enfrentamento à violência contra mulheres,Meta prevista para 2026,meta_prevista_para_2026,28.0,28,,"{'page_number': 339, 'left': 99.744, 'top': 75.19488732421871, 'right': 229.71771999999999, 'bottom': 66.26148268333475, 'coord_origin': 'BOTTOMLEFT'}",text_heuristic
31e4c265-9d58-5124-981d-329df7f78028,c11b9579-45d1-58de-af90-2c8b6bc73152,339,a1168e1d-a35e-5760-a4a1-362c969781ba,Entrega: 1158 - Estruturação de equipamentos públicos voltados ao enfrentamento à violência contra mulheres,Meta prevista para 2027,meta_prevista_para_2027,40.0,40,,"{'page_number': 339, 'left': 99.744, 'top': 63.67488732421873, 'right': 229.71771999999999, 'bottom': 54.741482683334766, 'coord_origin': 'BOTTOMLEFT'}",text_heuristic
fa5e52fb-7783-50a4-861e-c36c1c0de2ad,c11b9579-45d1-58de-af90-2c8b6bc73152,340,4946d10c-cf7f-5b10-ae2f-a856a6d5673b,Entrega: 1160 - Construção ou apoio de Centros Comunitários pela Vida - CONVIVE,Entrega: - Construção ou apoio de Centros Comunitários pela Vida - CONVIVE,entrega_construcao_ou_apoio_de_centros_comunitarios_pela_vida_convive,1160.0,1160,,"{'page_number': 340, 'left': 88.56, 'top': 195.86600732421869, 'right': 565.5820000000001, 'bottom': 185.10286920267174, 'coord_origin': 'BOTTOMLEFT'}",text_heuristic
a2994416-ed64-50bc-a023-2f09e6014bb6,c11b9579-45d1-58de-af90-2c8b6bc73152,340,4946d10c-cf7f-5b10-ae2f-a856a6d5673b,Entrega: 1160 - Construção ou apoio de Centros Comunitários pela Vida - CONVIVE,Meta prevista para 2024,meta_prevista_para_2024,10.0,10,,"{'page_number': 340, 'left': 99.744, 'top': 78.07488732421871, 'right': 229.71771999999999, 'bottom': 69.14148268333474, 'coord_origin': 'BOTTOMLEFT'}",text_heuristic
8b8572c1-75d0-5082-bc99-d3e7dad44569,c11b9579-45d1-58de-af90-2c8b6bc73152,340,4946d10c-cf7f-5b10-ae2f-a856a6d5673b,Entrega: 1160 - Construção ou apoio de Centros Comunitários pela Vida - CONVIVE,Meta prevista para 2025,meta_prevista_para_2025,30.0,30,,"{'page_number': 340, 'left': 99.744, 'top': 66.55488732421873, 'right': 229.71771999999999, 'bottom': 57.62148268333476, 'coord_origin': 'BOTTOMLEFT'}",text_heuristic
ee46428a-b115-5716-b6a9-aa40e2c1f35e,c11b9579-45d1-58de-af90-2c8b6bc73152,341,fe976fc8-b93e-5abd-be9b-b6536cfe8dd3,Informações do Monitoramento,Meta prevista para 2026,meta_prevista_para_2026,50.0,50,,"{'page_number': 341, 'left': 99.744, 'top': 548.2108873242188, 'right': 229.71771999999999, 'bottom': 539.2774826833347, 'coord_origin': 'BOTTOMLEFT'}",text_heuristic
06735868-0201-51c0-ac8d-c379dcde63b2,c11b9579-45d1-58de-af90-2c8b6bc73152,341,fe976fc8-b93e-5abd-be9b-b6536cfe8dd3,Informações do Monitoramento,Meta prevista para,meta_prevista_para,2027.0,2027,,"{'page_number': 341, 'left': 99.744, 'top': 536.6708873242187, 'right': 218.45723999999987, 'bottom': 527.7374826833346, 'coord_origin': 'BOTTOMLEFT'}",text_heuristic
dcbd258b-8004-5c9c-8c76-7a23f41852e1,c11b9579-45d1-58de-af90-2c8b6bc73152,341,fe976fc8-b93e-5abd-be9b-b6536cfe8dd3,Informações do Monitoramento,Quantidade alcançada,quantidade_alcancada,0.0,0,,"{'page_number': 341, 'left': 99.744, 'top': 472.4708873242187, 'right': 217.47776, 'bottom': 463.53748268333476, 'coord_origin': 'BOTTOMLEFT'}",text_heuristic
692d3bbb-eff6-51e3-8e4c-444847870e17,c11b9579-45d1-58de-af90-2c8b6bc73152,341,2d8d7713-ee2c-5199-851a-de7c8c5c4b89,"Entrega: 1161 - Intensificação da Campanha Nacional do Desarmamento, fomentando a entrega voluntária de arma",Indicador: - Armas entregues voluntariamente,indicador_armas_entregues_voluntariamente,11096.0,11096,,"{'page_number': 341, 'left': 96.024, 'top': 153.11600732421869, 'right': 395.3840000000002, 'bottom': 142.35286920267174, 'coord_origin': 'BOTTOMLEFT'}",text_heuristic
b6f7e424-70ca-5860-bf1f-e1606f33f85d,c11b9579-45d1-58de-af90-2c8b6bc73152,341,2d8d7713-ee2c-5199-851a-de7c8c5c4b89,"Entrega: 1161 - Intensificação da Campanha Nacional do Desarmamento, fomentando a entrega voluntária de arma",Meta: EF - Quantidade de armas entregues voluntariamente,meta_ef_quantidade_de_armas_entregues_voluntariamente,6.0,06,,"{'page_number': 341, 'left': 96.024, 'top': 134.87600732421868, 'right': 448.8440000000003, 'bottom': 124.11286920267173, 'coord_origin': 'BOTTOMLEFT'}",text_heuristic
3aab9298-2c83-53e8-b653-0e98ac746a38,c11b9579-45d1-58de-af90-2c8b6bc73152,341,2d8d7713-ee2c-5199-851a-de7c8c5c4b89,"Entrega: 1161 - Intensificação da Campanha Nacional do Desarmamento, fomentando a entrega voluntária de arma",Meta prevista para,meta_prevista_para,2024.0,2024,,"{'page_number': 341, 'left': 99.744, 'top': 84.55488732421873, 'right': 218.45723999999987, 'bottom': 75.62148268333476, 'coord_origin': 'BOTTOMLEFT'}",text_heuristic
0cca25ea-9a7e-561f-a718-577048127c3c,c11b9579-45d1-58de-af90-2c8b6bc73152,341,2d8d7713-ee2c-5199-851a-de7c8c5c4b89,"Entrega: 1161 - Intensificação da Campanha Nacional do Desarmamento, fomentando a entrega voluntária de arma",Meta prevista para,meta_prevista_para,2025.0,2025,,"{'page_number': 341, 'left': 99.744, 'top': 73.03488732421874, 'right': 218.45723999999987, 'bottom': 64.10148268333478, 'coord_origin': 'BOTTOMLEFT'}",text_heuristic
f95cf7fe-3679-5a79-88b0-66a634a840bd,c11b9579-45d1-58de-af90-2c8b6bc73152,342,c6dcba39-08dd-552a-9727-43f5e43d91be,Informações do Monitoramento,Meta prevista para,meta_prevista_para,2026.0,2026,,"{'page_number': 342, 'left': 99.744, 'top': 548.2108873242188, 'right': 218.45723999999987, 'bottom': 539.2774826833347, 'coord_origin': 'BOTTOMLEFT'}",text_heuristic
4bccfa6b-b6a8-50e4-9b3c-88ac39148e13,c11b9579-45d1-58de-af90-2c8b6bc73152,342,c6dcba39-08dd-552a-9727-43f5e43d91be,Informações do Monitoramento,Meta prevista para,meta_prevista_para,2027.0,2027,,"{'page_number': 342, 'left': 99.744, 'top': 536.6708873242187, 'right': 218.45723999999987, 'bottom': 527.7374826833346, 'coord_origin': 'BOTTOMLEFT'}",text_heuristic
446ec3e1-182a-51a5-83ed-5d5309317955,c11b9579-45d1-58de-af90-2c8b6bc73152,344,229f1523-7741-5c41-b911-bf1925e22b9f,Entrega: 1389 - Concessão de Bolsa-Formação para os profissionais de segurança pública,Meta prevista para,meta_prevista_para,2024.0,2024,,"{'page_number': 344, 'left': 99.744, 'top': 429.9908873242187, 'right': 218.45723999999987, 'bottom': 421.05748268333474, 'coord_origin': 'BOTTOMLEFT'}",text_heuristic
30ec3077-610f-5b55-acf9-358f58ae6fc1,c11b9579-45d1-58de-af90-2c8b6bc73152,344,229f1523-7741-5c41-b911-bf1925e22b9f,Entrega: 1389 - Concessão de Bolsa-Formação para os profissionais de segurança pública,Meta prevista para,meta_prevista_para,2025.0,2025,,"{'page_number': 344, 'left': 99.744, 'top': 418.4708873242187, 'right': 218.45723999999987, 'bottom': 409.53748268333476, 'coord_origin': 'BOTTOMLEFT'}",text_heuristic
eebd5f2b-2b61-52ec-b509-8422cbc50066,c11b9579-45d1-58de-af90-2c8b6bc73152,344,229f1523-7741-5c41-b911-bf1925e22b9f,Entrega: 1389 - Concessão de Bolsa-Formação para os profissionais de segurança pública,Meta prevista para,meta_prevista_para,2026.0,2026,,"{'page_number': 344, 'left': 99.744, 'top': 406.9208873242187, 'right': 218.45723999999987, 'bottom': 397.98748268333475, 'coord_origin': 'BOTTOMLEFT'}",text_heuristic
2fbf6e0f-7760-5759-a3ce-5aa0ad47d738,c11b9579-45d1-58de-af90-2c8b6bc73152,344,229f1523-7741-5c41-b911-bf1925e22b9f,Entrega: 1389 - Concessão de Bolsa-Formação para os profissionais de segurança pública,Meta prevista para,meta_prevista_para,2027.0,2027,,"{'page_number': 344, 'left': 99.744, 'top': 395.4008873242187, 'right': 218.45723999999987, 'bottom': 386.4674826833347, 'coord_origin': 'BOTTOMLEFT'}",text_heuristic
f145475f-6913-506d-80fd-1869f3a55aa8,c11b9579-45d1-58de-af90-2c8b6bc73152,346,32323b4e-442c-507b-8df6-2e3dc31b9ff0,PROGRAMA: 5119 - ATENÇÃO PRIMÁRIA À SAÚDE,PROGRAMA: - ATENÇÃO PRIMÁRIA À SAÚDE,programa_atencao_primaria_a_saude,5119.0,5119,,"{'page_number': 346, 'left': 51.0, 'top': 276.1911273242187, 'right': 395.54156000000035, 'bottom': 263.5982557220088, 'coord_origin': 'BOTTOMLEFT'}",text_heuristic
540e33b4-9f0f-56de-abc8-879bb20d3a65,c11b9579-45d1-58de-af90-2c8b6bc73152,346,32323b4e-442c-507b-8df6-2e3dc31b9ff0,PROGRAMA: 5119 - ATENÇÃO PRIMÁRIA À SAÚDE,Órgão Responsável: - Ministério da Saúde,orgao_responsavel_ministerio_da_saude,36000.0,36000,,"{'page_number': 346, 'left': 77.28, 'top': 157.27088732421873, 'right': 302.26543999999996, 'bottom': 148.33748268333477, 'coord_origin': 'BOTTOMLEFT'}",text_heuristic
09ea6f1b-1805-59a7-9a8b-206f705b93b6,c11b9579-45d1-58de-af90-2c8b6bc73152,347,0f3dcc8e-248c-5c80-beda-76ff8e276f2d,Indicador: 8871 - Cobertura populacional estimada da Atenção Primária à Saúde,Indicador: - Cobertura populacional estimada da Atenção Primária à Saúde,indicador_cobertura_populacional_estimada_da_atencao_primaria_a_saude,8871.0,8871,,"{'page_number': 347, 'left': 88.56, 'top': 327.88600732421867, 'right': 546.0440000000004, 'bottom': 317.1228692026717, 'coord_origin': 'BOTTOMLEFT'}",text_heuristic
6557d93b-f4f6-582d-8332-887e69d3c30e,c11b9579-45d1-58de-af90-2c8b6bc73152,347,0f3dcc8e-248c-5c80-beda-76ff8e276f2d,Indicador: 8871 - Cobertura populacional estimada da Atenção Primária à Saúde,Meta prevista para,meta_prevista_para,2024.0,2024,,"{'page_number': 347, 'left': 92.304, 'top': 259.1808873242187, 'right': 211.0172399999999, 'bottom': 250.24748268333474, 'coord_origin': 'BOTTOMLEFT'}",text_heuristic
376bd3d7-d2e9-56b4-b49d-0c0eae476d2e,c11b9579-45d1-58de-af90-2c8b6bc73152,347,0f3dcc8e-248c-5c80-beda-76ff8e276f2d,Indicador: 8871 - Cobertura populacional estimada da Atenção Primária à Saúde,Meta prevista para,meta_prevista_para,2025.0,2025,,"{'page_number': 347, 'left': 92.304, 'top': 247.66088732421872, 'right': 211.0172399999999, 'bottom': 238.72748268333476, 'coord_origin': 'BOTTOMLEFT'}",text_heuristic
2170b0d8-1727-50b3-a6aa-f120c2462fde,c11b9579-45d1-58de-af90-2c8b6bc73152,347,0f3dcc8e-248c-5c80-beda-76ff8e276f2d,Indicador: 8871 - Cobertura populacional estimada da Atenção Primária à Saúde,Meta prevista para,meta_prevista_para,2026.0,2026,,"{'page_number': 347, 'left': 92.304, 'top': 236.14088732421868, 'right': 211.0172399999999, 'bottom': 227.20748268333472, 'coord_origin': 'BOTTOMLEFT'}",text_heuristic
12091454-0eca-5efb-ac7b-78992dbaca5b,c11b9579-45d1-58de-af90-2c8b6bc73152,347,0f3dcc8e-248c-5c80-beda-76ff8e276f2d,Indicador: 8871 - Cobertura populacional estimada da Atenção Primária à Saúde,Meta prevista para,meta_prevista_para,2027.0,2027,,"{'page_number': 347, 'left': 92.304, 'top': 224.6208873242187, 'right': 211.0172399999999, 'bottom': 215.68748268333474, 'coord_origin': 'BOTTOMLEFT'}",text_heuristic
406197a0-df60-5ea8-ad65-fad3a8fac48b,c11b9579-45d1-58de-af90-2c8b6bc73152,349,da32eeec-de2e-5111-867f-b8c22905a01e,"PROGRAMA: 5120 - PESQUISA, DESENVOLVIMENTO, INOVAÇÃO, PRODUÇÃO E AVALIAÇÃO DE TECNOLOGIAS EM SAÚDE",Órgão Responsável: - Ministério da Saúde,orgao_responsavel_ministerio_da_saude,36000.0,36000,,"{'page_number': 349, 'left': 77.28, 'top': 152.35088732421866, 'right': 302.26543999999996, 'bottom': 143.4174826833347, 'coord_origin': 'BOTTOMLEFT'}",text_heuristic
cf1cbb8d-f6a4-56ef-a664-68b4b6fd1e41,c11b9579-45d1-58de-af90-2c8b6bc73152,351,3da0fdf8-3040-56a5-9cff-2be1b85551cb,Indicador: 10918 - Percentual de pesquisas prioritárias fomentadas,Indicador: - Percentual de pesquisas prioritárias fomentadas,indicador_percentual_de_pesquisas_prioritarias_fomentadas,10918.0,10918,,"{'page_number': 351, 'left': 88.56, 'top': 488.8360073242187, 'right': 471.29600000000033, 'bottom': 478.07286920267177, 'coord_origin': 'BOTTOMLEFT'}",text_heuristic
7bf64440-6e44-58f0-84d9-fba8e4d2ef1f,c11b9579-45d1-58de-af90-2c8b6bc73152,351,47408178-a8d5-5397-86a7-30a9cef7ee35,Entrega: 1679 - Pesquisas prioritárias estratégicas em saúde fomentadas.,Meta: RM - Ampliar o percentual de pesquisas prioritárias fomentadas.,meta_rm_ampliar_o_percentual_de_pesquisas_prioritarias_fomentadas,5.0,05,,"{'page_number': 351, 'left': 88.56, 'top': 470.5960073242187, 'right': 504.6320000000004, 'bottom': 459.83286920267176, 'coord_origin': 'BOTTOMLEFT'}",text_heuristic
8ca5e51f-cd2c-577b-9643-ab99a5810498,c11b9579-45d1-58de-af90-2c8b6bc73152,351,3da0fdf8-3040-56a5-9cff-2be1b85551cb,Indicador: 10918 - Percentual de pesquisas prioritárias fomentadas,Meta prevista para 2024,meta_prevista_para_2024,88.0,88,,"{'page_number': 351, 'left': 92.304, 'top': 420.2708873242187, 'right': 222.27772, 'bottom': 411.3374826833347, 'coord_origin': 'BOTTOMLEFT'}",text_heuristic
d1ea4478-7853-5adc-99b5-03fdb016d4df,c11b9579-45d1-58de-af90-2c8b6bc73152,351,3da0fdf8-3040-56a5-9cff-2be1b85551cb,Indicador: 10918 - Percentual de pesquisas prioritárias fomentadas,Meta prevista para,meta_prevista_para,2025.0,2025,,"{'page_number': 351, 'left': 92.304, 'top': 408.7208873242187, 'right': 211.0172399999999, 'bottom': 399.78748268333476, 'coord_origin': 'BOTTOMLEFT'}",text_heuristic
7eaa76b3-7ea3-5b1c-b6e3-31fc752261a4,c11b9579-45d1-58de-af90-2c8b6bc73152,351,3da0fdf8-3040-56a5-9cff-2be1b85551cb,Indicador: 10918 - Percentual de pesquisas prioritárias fomentadas,Meta prevista para 2026,meta_prevista_para_2026,90.0,90,,"{'page_number': 351, 'left': 92.304, 'top': 397.2008873242187, 'right': 222.27772, 'bottom': 388.2674826833347, 'coord_origin': 'BOTTOMLEFT'}",text_heuristic
3bf41eea-5f0b-5197-a817-1a123c672bcc,c11b9579-45d1-58de-af90-2c8b6bc73152,351,3da0fdf8-3040-56a5-9cff-2be1b85551cb,Indicador: 10918 - Percentual de pesquisas prioritárias fomentadas,Meta prevista para,meta_prevista_para,2027.0,2027,,"{'page_number': 351, 'left': 92.304, 'top': 385.6808873242187, 'right': 211.0172399999999, 'bottom': 376.74748268333474, 'coord_origin': 'BOTTOMLEFT'}",text_heuristic
682e5314-4bd5-581d-9849-ebb204aa8b7d,c11b9579-45d1-58de-af90-2c8b6bc73152,351,47408178-a8d5-5397-86a7-30a9cef7ee35,Entrega: 1679 - Pesquisas prioritárias estratégicas em saúde fomentadas.,Entrega: - Pesquisas prioritárias estratégicas em saúde fomentadas.,entrega_pesquisas_prioritarias_estrategicas_em_saude_fomentadas,1679.0,1679,,"{'page_number': 351, 'left': 88.56, 'top': 204.50600732421867, 'right': 509.3960000000004, 'bottom': 193.74286920267173, 'coord_origin': 'BOTTOMLEFT'}",text_heuristic
db917e38-47fb-5378-9095-29744c31dc4b,c11b9579-45d1-58de-af90-2c8b6bc73152,351,47408178-a8d5-5397-86a7-30a9cef7ee35,Entrega: 1679 - Pesquisas prioritárias estratégicas em saúde fomentadas.,Indicador: - Número de pesquisas prioritárias estratégicas fomentadas,indicador_numero_de_pesquisas_prioritarias_estrategicas_fomentadas,10921.0,10921,,"{'page_number': 351, 'left': 96.024, 'top': 155.27600732421865, 'right': 536.1080000000004, 'bottom': 144.5128692026717, 'coord_origin': 'BOTTOMLEFT'}",text_heuristic
77bc4fc7-26cc-58fe-b142-d0a1bfe61a80,c11b9579-45d1-58de-af90-2c8b6bc73152,351,47408178-a8d5-5397-86a7-30a9cef7ee35,Entrega: 1679 - Pesquisas prioritárias estratégicas em saúde fomentadas.,Meta prevista para 2024,meta_prevista_para_2024,616.0,616,,"{'page_number': 351, 'left': 99.744, 'top': 86.59488732421869, 'right': 235.23767999999998, 'bottom': 77.66148268333473, 'coord_origin': 'BOTTOMLEFT'}",text_heuristic
c8cdc4cb-ccee-5250-9659-be220d44b2cb,c11b9579-45d1-58de-af90-2c8b6bc73152,351,47408178-a8d5-5397-86a7-30a9cef7ee35,Entrega: 1679 - Pesquisas prioritárias estratégicas em saúde fomentadas.,Meta prevista para 2025,meta_prevista_para_2025,838.0,838,,"{'page_number': 351, 'left': 99.744, 'top': 75.19488732421871, 'right': 235.23767999999998, 'bottom': 66.26148268333475, 'coord_origin': 'BOTTOMLEFT'}",text_heuristic
d6ffe6f2-ed2b-5b47-8a0b-13b84321ec91,c11b9579-45d1-58de-af90-2c8b6bc73152,352,94d7a773-bc5d-58d3-82c6-bad4f46738ef,Informações do Monitoramento,Meta prevista para,meta_prevista_para,2026.0,2026,,"{'page_number': 352, 'left': 99.744, 'top': 548.2108873242188, 'right': 218.45723999999987, 'bottom': 539.2774826833347, 'coord_origin': 'BOTTOMLEFT'}",text_heuristic
3194578a-66e9-5fcd-ae26-2e7ed19fbaa6,c11b9579-45d1-58de-af90-2c8b6bc73152,352,94d7a773-bc5d-58d3-82c6-bad4f46738ef,Informações do Monitoramento,Meta prevista para,meta_prevista_para,2027.0,2027,,"{'page_number': 352, 'left': 99.744, 'top': 536.6708873242187, 'right': 218.45723999999987, 'bottom': 527.7374826833346, 'coord_origin': 'BOTTOMLEFT'}",text_heuristic
33ebf95a-8741-5359-8e66-fd5ca6d074c0,c11b9579-45d1-58de-af90-2c8b6bc73152,353,9ff57646-5ce8-5690-a797-b3d710a4b075,PROGRAMA: 5126 - ESPORTE PARA A VIDA,PROGRAMA: - ESPORTE PARA A VIDA,programa_esporte_para_a_vida,5126.0,5126,,"{'page_number': 353, 'left': 51.0, 'top': 356.7311273242187, 'right': 348.24716000000024, 'bottom': 344.13825572200875, 'coord_origin': 'BOTTOMLEFT'}",text_heuristic
04fc0bde-3ef0-55ac-a9cd-2969a599df4a,c11b9579-45d1-58de-af90-2c8b6bc73152,353,9ff57646-5ce8-5690-a797-b3d710a4b075,PROGRAMA: 5126 - ESPORTE PARA A VIDA,Ministério do Esporte,ministerio_do_esporte,51000.0,51000,,"{'page_number': 353, 'left': 177.26, 'top': 224.02088732421873, 'right': 307.76336, 'bottom': 215.08748268333477, 'coord_origin': 'BOTTOMLEFT'}",text_heuristic
45f20993-3e14-53d0-b61c-1b1a44f270a0,c11b9579-45d1-58de-af90-2c8b6bc73152,354,14b2a42d-28e5-5b69-adc2-617c511a37ac,"Meta: 06NE - Ampliar o número de pessoas inscritas nos Programas PST Padrão e Universitário, PELC, Vida Saudável, SKATE e das parcerias Piloto da Rede Nacional do Esporte",Meta prevista para,meta_prevista_para,2024.0,2024,,"{'page_number': 354, 'left': 92.304, 'top': 483.6308873242187, 'right': 211.0172399999999, 'bottom': 474.6974826833347, 'coord_origin': 'BOTTOMLEFT'}",text_heuristic
279214bd-89f7-5bbf-9172-bf018d5f1848,c11b9579-45d1-58de-af90-2c8b6bc73152,354,14b2a42d-28e5-5b69-adc2-617c511a37ac,"Meta: 06NE - Ampliar o número de pessoas inscritas nos Programas PST Padrão e Universitário, PELC, Vida Saudável, SKATE e das parcerias Piloto da Rede Nacional do Esporte",Meta prevista para,meta_prevista_para,2025.0,2025,,"{'page_number': 354, 'left': 92.304, 'top': 472.1108873242187, 'right': 211.0172399999999, 'bottom': 463.17748268333474, 'coord_origin': 'BOTTOMLEFT'}",text_heuristic
0380ea11-a8a5-5489-bcaa-d2dd010deec6,c11b9579-45d1-58de-af90-2c8b6bc73152,354,14b2a42d-28e5-5b69-adc2-617c511a37ac,"Meta: 06NE - Ampliar o número de pessoas inscritas nos Programas PST Padrão e Universitário, PELC, Vida Saudável, SKATE e das parcerias Piloto da Rede Nacional do Esporte",Meta prevista para,meta_prevista_para,2026.0,2026,,"{'page_number': 354, 'left': 92.304, 'top': 460.59088732421867, 'right': 211.0172399999999, 'bottom': 451.6574826833347, 'coord_origin': 'BOTTOMLEFT'}",text_heuristic
816c9683-b39f-5f4c-81d5-189c105ce1a6,c11b9579-45d1-58de-af90-2c8b6bc73152,354,14b2a42d-28e5-5b69-adc2-617c511a37ac,"Meta: 06NE - Ampliar o número de pessoas inscritas nos Programas PST Padrão e Universitário, PELC, Vida Saudável, SKATE e das parcerias Piloto da Rede Nacional do Esporte",Meta prevista para,meta_prevista_para,2027.0,2027,,"{'page_number': 354, 'left': 92.304, 'top': 449.0708873242187, 'right': 211.0172399999999, 'bottom': 440.1374826833347, 'coord_origin': 'BOTTOMLEFT'}",text_heuristic
9dc08c89-7a20-51ef-a0a6-af3532ca09bc,c11b9579-45d1-58de-af90-2c8b6bc73152,355,,,Indicador: - Número de eventos apoiados,indicador_numero_de_eventos_apoiados,11491.0,11491,,"{'page_number': 355, 'left': 96.024, 'top': 68.16000732421867, 'right': 368.6600000000002, 'bottom': 57.39686920267172, 'coord_origin': 'BOTTOMLEFT'}",text_heuristic
a049a016-62d1-5566-8ffe-4ba337082478,c11b9579-45d1-58de-af90-2c8b6bc73152,356,827f08a8-e876-55a0-afb7-88f848976b65,Informações do Monitoramento,Meta prevista para 2024,meta_prevista_para_2024,126.0,126,,"{'page_number': 356, 'left': 99.744, 'top': 483.6308873242187, 'right': 235.23767999999998, 'bottom': 474.6974826833347, 'coord_origin': 'BOTTOMLEFT'}",text_heuristic
47a31c20-29db-50ac-a1a0-bd63618be067,c11b9579-45d1-58de-af90-2c8b6bc73152,356,827f08a8-e876-55a0-afb7-88f848976b65,Informações do Monitoramento,Meta prevista para 2025,meta_prevista_para_2025,139.0,139,,"{'page_number': 356, 'left': 99.744, 'top': 472.1108873242187, 'right': 235.23767999999998, 'bottom': 463.17748268333474, 'coord_origin': 'BOTTOMLEFT'}",text_heuristic
d63c6e9b-ab46-5df2-82b3-7203c11a54b2,c11b9579-45d1-58de-af90-2c8b6bc73152,356,827f08a8-e876-55a0-afb7-88f848976b65,Informações do Monitoramento,Meta prevista para 2026,meta_prevista_para_2026,153.0,153,,"{'page_number': 356, 'left': 99.744, 'top': 460.59088732421867, 'right': 235.23767999999998, 'bottom': 451.6574826833347, 'coord_origin': 'BOTTOMLEFT'}",text_heuristic
e32d5c52-9db9-53ce-ac2f-db351731692c,c11b9579-45d1-58de-af90-2c8b6bc73152,356,827f08a8-e876-55a0-afb7-88f848976b65,Informações do Monitoramento,Meta prevista para,meta_prevista_para,2027.0,2027,,"{'page_number': 356, 'left': 99.744, 'top': 449.0708873242187, 'right': 218.45723999999987, 'bottom': 440.1374826833347, 'coord_origin': 'BOTTOMLEFT'}",text_heuristic
baa108ec-f2c3-5780-9628-175636b15241,c11b9579-45d1-58de-af90-2c8b6bc73152,358,1b0fc9d6-b691-542e-9374-4973bad640cc,"Entrega: 2152 - Campanhas sobre abusos, racismo e outras formas de preconceito realizadas",Indicador: - Número de campanhas realizadas,indicador_numero_de_campanhas_realizadas,11496.0,11496,,"{'page_number': 358, 'left': 96.024, 'top': 423.19600732421867, 'right': 394.74800000000033, 'bottom': 412.4328692026717, 'coord_origin': 'BOTTOMLEFT'}",text_heuristic
5eb97ce0-1f56-51dc-9005-2dc225625783,c11b9579-45d1-58de-af90-2c8b6bc73152,358,1b0fc9d6-b691-542e-9374-4973bad640cc,"Entrega: 2152 - Campanhas sobre abusos, racismo e outras formas de preconceito realizadas",Meta: XV - Aumentar o número de campanhas,meta_xv_aumentar_o_numero_de_campanhas,6.0,06,,"{'page_number': 358, 'left': 96.024, 'top': 404.8060073242187, 'right': 371.3840000000002, 'bottom': 394.04286920267174, 'coord_origin': 'BOTTOMLEFT'}",text_heuristic
9b7e1e07-eb3c-5c3f-ac82-124e47663ea7,c11b9579-45d1-58de-af90-2c8b6bc73152,358,1b0fc9d6-b691-542e-9374-4973bad640cc,"Entrega: 2152 - Campanhas sobre abusos, racismo e outras formas de preconceito realizadas",Meta prevista para 2024,meta_prevista_para_2024,6.0,6,,"{'page_number': 358, 'left': 99.744, 'top': 354.4808873242187, 'right': 224.19776, 'bottom': 345.54748268333475, 'coord_origin': 'BOTTOMLEFT'}",text_heuristic
d74b913f-8802-5e07-8b55-9e3ff1b3f4d4,c11b9579-45d1-58de-af90-2c8b6bc73152,358,1b0fc9d6-b691-542e-9374-4973bad640cc,"Entrega: 2152 - Campanhas sobre abusos, racismo e outras formas de preconceito realizadas",Meta prevista para 2025,meta_prevista_para_2025,6.0,6,,"{'page_number': 358, 'left': 99.744, 'top': 343.0808873242187, 'right': 224.19776, 'bottom': 334.1474826833347, 'coord_origin': 'BOTTOMLEFT'}",text_heuristic
b0dc0863-53f1-5878-8421-6707bc68f03a,c11b9579-45d1-58de-af90-2c8b6bc73152,358,1b0fc9d6-b691-542e-9374-4973bad640cc,"Entrega: 2152 - Campanhas sobre abusos, racismo e outras formas de preconceito realizadas",Meta prevista para 2026,meta_prevista_para_2026,6.0,6,,"{'page_number': 358, 'left': 99.744, 'top': 331.5608873242187, 'right': 224.19776, 'bottom': 322.62748268333473, 'coord_origin': 'BOTTOMLEFT'}",text_heuristic
cd02aceb-6de2-5850-8cf4-36f7b6cef51d,c11b9579-45d1-58de-af90-2c8b6bc73152,358,1b0fc9d6-b691-542e-9374-4973bad640cc,"Entrega: 2152 - Campanhas sobre abusos, racismo e outras formas de preconceito realizadas",Meta prevista para 2027,meta_prevista_para_2027,7.0,7,,"{'page_number': 358, 'left': 99.744, 'top': 320.0408873242187, 'right': 224.19776, 'bottom': 311.10748268333475, 'coord_origin': 'BOTTOMLEFT'}",text_heuristic
d6b0d654-4383-51b9-a856-1b3f2bd66013,c11b9579-45d1-58de-af90-2c8b6bc73152,358,a1e11b45-1843-59ca-aa51-951e09efdae5,Medida Institucional Normativa: 0738 - Política Nacional de Integridade no Esporte instituída,Ministério do Esporte,ministerio_do_esporte,51000.0,51000,,"{'page_number': 358, 'left': 192.26, 'top': 99.91488732421868, 'right': 322.76336, 'bottom': 90.98148268333472, 'coord_origin': 'BOTTOMLEFT'}",text_heuristic
4ef49680-6cb6-5d22-8b01-cc6df19b9860,c11b9579-45d1-58de-af90-2c8b6bc73152,360,63db5bb4-eb38-50a3-b115-110812c1633e,Informações do Monitoramento,Meta prevista para 2024,meta_prevista_para_2024,100.0,100,,"{'page_number': 360, 'left': 92.304, 'top': 406.4408873242187, 'right': 227.79767999999999, 'bottom': 397.50748268333473, 'coord_origin': 'BOTTOMLEFT'}",text_heuristic
d07c1133-e9ca-584c-a04c-40cecff682c9,c11b9579-45d1-58de-af90-2c8b6bc73152,360,63db5bb4-eb38-50a3-b115-110812c1633e,Informações do Monitoramento,Meta prevista para 2025,meta_prevista_para_2025,100.0,100,,"{'page_number': 360, 'left': 92.304, 'top': 394.9208873242187, 'right': 227.79767999999999, 'bottom': 385.98748268333475, 'coord_origin': 'BOTTOMLEFT'}",text_heuristic
3157f498-0a15-5853-b475-b309345326b6,c11b9579-45d1-58de-af90-2c8b6bc73152,360,63db5bb4-eb38-50a3-b115-110812c1633e,Informações do Monitoramento,Meta prevista para,meta_prevista_para,2026.0,2026,,"{'page_number': 360, 'left': 92.304, 'top': 383.4008873242187, 'right': 211.0172399999999, 'bottom': 374.4674826833347, 'coord_origin': 'BOTTOMLEFT'}",text_heuristic
eb173461-7b80-5df9-b923-bcedd3d65432,c11b9579-45d1-58de-af90-2c8b6bc73152,360,63db5bb4-eb38-50a3-b115-110812c1633e,Informações do Monitoramento,Meta prevista para,meta_prevista_para,2027.0,2027,,"{'page_number': 360, 'left': 92.304, 'top': 371.8808873242187, 'right': 211.0172399999999, 'bottom': 362.9474826833347, 'coord_origin': 'BOTTOMLEFT'}",text_heuristic
07ac0d11-4cb6-5f55-803c-aeebeb08bf96,c11b9579-45d1-58de-af90-2c8b6bc73152,360,b05a2662-ad51-5b7e-b739-1490da7e1361,Entrega: 0530 - Famílias beneficiárias,Entrega: - Famílias beneficiárias,entrega_familias_beneficiarias,530.0,0530,,"{'page_number': 360, 'left': 88.56, 'top': 225.14600732421866, 'right': 302.64800000000014, 'bottom': 214.3828692026717, 'coord_origin': 'BOTTOMLEFT'}",text_heuristic
e3d37b06-e3ef-5bfd-8152-1a2ff71d72f1,c11b9579-45d1-58de-af90-2c8b6bc73152,360,b05a2662-ad51-5b7e-b739-1490da7e1361,Entrega: 0530 - Famílias beneficiárias,Meta prevista para 2024,meta_prevista_para_2024,20700000.0,20.700.000,,"{'page_number': 360, 'left': 99.744, 'top': 107.35088732421866, 'right': 268.57951999999995, 'bottom': 98.4174826833347, 'coord_origin': 'BOTTOMLEFT'}",text_heuristic
ab8cec07-13c8-5dd2-b953-54ffe2f61a4d,c11b9579-45d1-58de-af90-2c8b6bc73152,360,b05a2662-ad51-5b7e-b739-1490da7e1361,Entrega: 0530 - Famílias beneficiárias,Meta prevista para 2025,meta_prevista_para_2025,21000000.0,21.000.000,,"{'page_number': 360, 'left': 99.744, 'top': 95.8348873242187, 'right': 268.57951999999995, 'bottom': 86.90148268333473, 'coord_origin': 'BOTTOMLEFT'}",text_heuristic
dc80d1d5-e841-5e3a-89e5-e426d2239333,c11b9579-45d1-58de-af90-2c8b6bc73152,360,b05a2662-ad51-5b7e-b739-1490da7e1361,Entrega: 0530 - Famílias beneficiárias,Meta prevista para 2026,meta_prevista_para_2026,21000000.0,21.000.000,,"{'page_number': 360, 'left': 99.744, 'top': 84.31488732421872, 'right': 268.57951999999995, 'bottom': 75.38148268333475, 'coord_origin': 'BOTTOMLEFT'}",text_heuristic
8a08622e-9694-5e00-bb13-749ff80d6202,c11b9579-45d1-58de-af90-2c8b6bc73152,360,b05a2662-ad51-5b7e-b739-1490da7e1361,Entrega: 0530 - Famílias beneficiárias,Meta prevista para 2027,meta_prevista_para_2027,21000000.0,21.000.000,,"{'page_number': 360, 'left': 99.744, 'top': 72.79488732421873, 'right': 268.57951999999995, 'bottom': 63.86148268333477, 'coord_origin': 'BOTTOMLEFT'}",text_heuristic
f506791b-ef9f-55d6-8772-129afceda36b,c11b9579-45d1-58de-af90-2c8b6bc73152,362,f9b3ea31-1778-58a2-881d-5285e781fb1b,Informações do Monitoramento,Meta prevista para,meta_prevista_para,2024.0,2024,,"{'page_number': 362, 'left': 92.304, 'top': 531.7508873242188, 'right': 211.0172399999999, 'bottom': 522.8174826833347, 'coord_origin': 'BOTTOMLEFT'}",text_heuristic
a04c4ee9-4926-53bc-a517-98480131022f,c11b9579-45d1-58de-af90-2c8b6bc73152,362,f9b3ea31-1778-58a2-881d-5285e781fb1b,Informações do Monitoramento,Meta prevista para,meta_prevista_para,2025.0,2025,,"{'page_number': 362, 'left': 92.304, 'top': 520.2308873242188, 'right': 211.0172399999999, 'bottom': 511.29748268333475, 'coord_origin': 'BOTTOMLEFT'}",text_heuristic
d657f673-aeef-511e-b3bd-b95e781bb082,c11b9579-45d1-58de-af90-2c8b6bc73152,362,f9b3ea31-1778-58a2-881d-5285e781fb1b,Informações do Monitoramento,Meta prevista para,meta_prevista_para,2026.0,2026,,"{'page_number': 362, 'left': 92.304, 'top': 508.7108873242187, 'right': 211.0172399999999, 'bottom': 499.7774826833347, 'coord_origin': 'BOTTOMLEFT'}",text_heuristic
c420d3cb-eb90-5866-84b3-a261c26c7c18,c11b9579-45d1-58de-af90-2c8b6bc73152,362,f9b3ea31-1778-58a2-881d-5285e781fb1b,Informações do Monitoramento,Meta prevista para,meta_prevista_para,2027.0,2027,,"{'page_number': 362, 'left': 92.304, 'top': 497.1908873242187, 'right': 211.0172399999999, 'bottom': 488.25748268333473, 'coord_origin': 'BOTTOMLEFT'}",text_heuristic
5f576b58-fcdc-57c2-9ffb-bd0223ecb777,c11b9579-45d1-58de-af90-2c8b6bc73152,362,213e2966-1978-54d6-a3ab-7a418f13668d,Entrega: 0534 - Crianças de 4 a 5 anos beneficiárias do PBF acompanhadas na educação,Meta prevista para 2024,meta_prevista_para_2024,55.0,55,,"{'page_number': 362, 'left': 99.744, 'top': 244.1808873242187, 'right': 229.71771999999999, 'bottom': 235.24748268333474, 'coord_origin': 'BOTTOMLEFT'}",text_heuristic
9d81ebe5-3959-55b5-9489-1f6934631d8d,c11b9579-45d1-58de-af90-2c8b6bc73152,362,213e2966-1978-54d6-a3ab-7a418f13668d,Entrega: 0534 - Crianças de 4 a 5 anos beneficiárias do PBF acompanhadas na educação,Meta prevista para 2025,meta_prevista_para_2025,60.0,60,,"{'page_number': 362, 'left': 99.744, 'top': 232.66088732421872, 'right': 229.71771999999999, 'bottom': 223.72748268333476, 'coord_origin': 'BOTTOMLEFT'}",text_heuristic
6e0ad77f-a692-5ac9-93ca-775e857d19d2,c11b9579-45d1-58de-af90-2c8b6bc73152,362,213e2966-1978-54d6-a3ab-7a418f13668d,Entrega: 0534 - Crianças de 4 a 5 anos beneficiárias do PBF acompanhadas na educação,Meta prevista para 2026,meta_prevista_para_2026,65.0,65,,"{'page_number': 362, 'left': 99.744, 'top': 221.14088732421868, 'right': 229.71771999999999, 'bottom': 212.20748268333472, 'coord_origin': 'BOTTOMLEFT'}",text_heuristic
edb1bf05-2e20-5645-a727-881f45d8a496,c11b9579-45d1-58de-af90-2c8b6bc73152,362,213e2966-1978-54d6-a3ab-7a418f13668d,Entrega: 0534 - Crianças de 4 a 5 anos beneficiárias do PBF acompanhadas na educação,Meta prevista para,meta_prevista_para,2027.0,2027,,"{'page_number': 362, 'left': 99.744, 'top': 209.6208873242187, 'right': 218.45723999999987, 'bottom': 200.68748268333474, 'coord_origin': 'BOTTOMLEFT'}",text_heuristic
0f790539-cebc-5fce-979d-88614ef7a955,c11b9579-45d1-58de-af90-2c8b6bc73152,363,45da2f8c-af77-5bec-b86d-564ab8d66774,Entrega: 0540 - Crianças e adolescentes de 6 a 17 anos beneficiárias do PBF acompanhadas nas condicionalidades da educação,Meta prevista para 2024,meta_prevista_para_2024,70.0,70,,"{'page_number': 363, 'left': 99.744, 'top': 357.2408873242187, 'right': 229.71771999999999, 'bottom': 348.30748268333474, 'coord_origin': 'BOTTOMLEFT'}",text_heuristic
bbc10197-83e0-5cbc-9ac1-4c3b161dac1c,c11b9579-45d1-58de-af90-2c8b6bc73152,363,45da2f8c-af77-5bec-b86d-564ab8d66774,Entrega: 0540 - Crianças e adolescentes de 6 a 17 anos beneficiárias do PBF acompanhadas nas condicionalidades da educação,Meta prevista para 2025,meta_prevista_para_2025,75.0,75,,"{'page_number': 363, 'left': 99.744, 'top': 345.7208873242187, 'right': 229.71771999999999, 'bottom': 336.78748268333476, 'coord_origin': 'BOTTOMLEFT'}",text_heuristic
1040ec11-f122-52dc-ab4d-0beff972f5fd,c11b9579-45d1-58de-af90-2c8b6bc73152,363,45da2f8c-af77-5bec-b86d-564ab8d66774,Entrega: 0540 - Crianças e adolescentes de 6 a 17 anos beneficiárias do PBF acompanhadas nas condicionalidades da educação,Meta prevista para 2026,meta_prevista_para_2026,80.0,80,,"{'page_number': 363, 'left': 99.744, 'top': 334.2008873242187, 'right': 229.71771999999999, 'bottom': 325.2674826833347, 'coord_origin': 'BOTTOMLEFT'}",text_heuristic
51692ff6-5b01-5f8e-b8b8-8def29a7783f,c11b9579-45d1-58de-af90-2c8b6bc73152,363,45da2f8c-af77-5bec-b86d-564ab8d66774,Entrega: 0540 - Crianças e adolescentes de 6 a 17 anos beneficiárias do PBF acompanhadas nas condicionalidades da educação,Meta prevista para 2027,meta_prevista_para_2027,85.0,85,,"{'page_number': 363, 'left': 99.744, 'top': 322.6808873242187, 'right': 229.71771999999999, 'bottom': 313.74748268333474, 'coord_origin': 'BOTTOMLEFT'}",text_heuristic
7761f215-58d2-5931-9119-264001708141,c11b9579-45d1-58de-af90-2c8b6bc73152,364,c9d6e3f3-844c-56dc-985b-cb850850f955,Informações do Monitoramento,Meta prevista para 2024,meta_prevista_para_2024,79.0,79,,"{'page_number': 364, 'left': 92.304, 'top': 264.2208873242187, 'right': 222.27772, 'bottom': 255.28748268333476, 'coord_origin': 'BOTTOMLEFT'}",text_heuristic
23957486-1935-50f3-9b1a-de18d7cff7f7,c11b9579-45d1-58de-af90-2c8b6bc73152,364,c9d6e3f3-844c-56dc-985b-cb850850f955,Informações do Monitoramento,Meta prevista para,meta_prevista_para,2025.0,2025,,"{'page_number': 364, 'left': 92.304, 'top': 252.70088732421868, 'right': 211.0172399999999, 'bottom': 243.76748268333472, 'coord_origin': 'BOTTOMLEFT'}",text_heuristic
06c2d254-6b40-59dd-9eef-1c56c6fb69f8,c11b9579-45d1-58de-af90-2c8b6bc73152,364,c9d6e3f3-844c-56dc-985b-cb850850f955,Informações do Monitoramento,Meta prevista para,meta_prevista_para,2026.0,2026,,"{'page_number': 364, 'left': 92.304, 'top': 241.3008873242187, 'right': 211.0172399999999, 'bottom': 232.36748268333474, 'coord_origin': 'BOTTOMLEFT'}",text_heuristic
199cbfd4-f619-5108-b75d-8e9da8fa80d4,c11b9579-45d1-58de-af90-2c8b6bc73152,364,c9d6e3f3-844c-56dc-985b-cb850850f955,Informações do Monitoramento,Meta prevista para,meta_prevista_para,2027.0,2027,,"{'page_number': 364, 'left': 92.304, 'top': 229.78088732421872, 'right': 211.0172399999999, 'bottom': 220.84748268333476, 'coord_origin': 'BOTTOMLEFT'}",text_heuristic
73f1e3db-3f24-51f5-b497-365f2c017341,c11b9579-45d1-58de-af90-2c8b6bc73152,365,0f6f6eff-a508-52ff-83b3-5ce64a918333,Informações do Monitoramento,Meta prevista para 2024,meta_prevista_para_2024,55.0,55,,"{'page_number': 365, 'left': 99.744, 'top': 479.0708873242187, 'right': 229.71771999999999, 'bottom': 470.1374826833347, 'coord_origin': 'BOTTOMLEFT'}",text_heuristic
241331d1-3f02-56e1-b987-9544ab86559b,c11b9579-45d1-58de-af90-2c8b6bc73152,365,0f6f6eff-a508-52ff-83b3-5ce64a918333,Informações do Monitoramento,Meta prevista para 2025,meta_prevista_para_2025,60.0,60,,"{'page_number': 365, 'left': 99.744, 'top': 467.6708873242187, 'right': 229.71771999999999, 'bottom': 458.73748268333475, 'coord_origin': 'BOTTOMLEFT'}",text_heuristic
ce3eac4c-a3e2-5b34-85d9-841da80531e0,c11b9579-45d1-58de-af90-2c8b6bc73152,365,0f6f6eff-a508-52ff-83b3-5ce64a918333,Informações do Monitoramento,Meta prevista para 2026,meta_prevista_para_2026,65.0,65,,"{'page_number': 365, 'left': 99.744, 'top': 456.1508873242187, 'right': 229.71771999999999, 'bottom': 447.2174826833347, 'coord_origin': 'BOTTOMLEFT'}",text_heuristic
98c8876d-bb41-580a-98ab-0c03935841a8,c11b9579-45d1-58de-af90-2c8b6bc73152,365,0f6f6eff-a508-52ff-83b3-5ce64a918333,Informações do Monitoramento,Meta prevista para 2027,meta_prevista_para_2027,70.0,70,,"{'page_number': 365, 'left': 99.744, 'top': 444.6308873242187, 'right': 229.71771999999999, 'bottom': 435.6974826833347, 'coord_origin': 'BOTTOMLEFT'}",text_heuristic
399d78ea-b086-53e9-8896-d515bfddb50b,c11b9579-45d1-58de-af90-2c8b6bc73152,365,eb68c5a4-f415-5cd0-a33a-87fff9e72982,Entrega: 0575 - Mulheres gestantes e puérperas beneficiadas do PBF acompanhadas na saúde,Meta prevista para 2024,meta_prevista_para_2024,87.0,87,,"{'page_number': 365, 'left': 99.744, 'top': 83.47488732421868, 'right': 229.71771999999999, 'bottom': 74.54148268333472, 'coord_origin': 'BOTTOMLEFT'}",text_heuristic
633a689b-cdfa-5d05-8959-977880a11aca,c11b9579-45d1-58de-af90-2c8b6bc73152,365,eb68c5a4-f415-5cd0-a33a-87fff9e72982,Entrega: 0575 - Mulheres gestantes e puérperas beneficiadas do PBF acompanhadas na saúde,Meta prevista para,meta_prevista_para,2025.0,2025,,"{'page_number': 365, 'left': 99.744, 'top': 71.9548873242187, 'right': 218.45723999999987, 'bottom': 63.02148268333474, 'coord_origin': 'BOTTOMLEFT'}",text_heuristic
e2c9b65e-47af-51ee-885f-34f9076c760d,c11b9579-45d1-58de-af90-2c8b6bc73152,366,e94308c9-7cfa-5b86-8d8c-5a85ec836cd7,Informações do Monitoramento,Meta prevista para,meta_prevista_para,2026.0,2026,,"{'page_number': 366, 'left': 99.744, 'top': 548.2108873242188, 'right': 218.45723999999987, 'bottom': 539.2774826833347, 'coord_origin': 'BOTTOMLEFT'}",text_heuristic
5ce9bde4-72ac-5657-aa52-3b23741a4ba0,c11b9579-45d1-58de-af90-2c8b6bc73152,366,e94308c9-7cfa-5b86-8d8c-5a85ec836cd7,Informações do Monitoramento,Meta prevista para,meta_prevista_para,2027.0,2027,,"{'page_number': 366, 'left': 99.744, 'top': 536.6708873242187, 'right': 218.45723999999987, 'bottom': 527.7374826833346, 'coord_origin': 'BOTTOMLEFT'}",text_heuristic
0ea3c904-6178-5000-9bf2-13b708e362cd,c11b9579-45d1-58de-af90-2c8b6bc73152,366,7bebad96-d0b3-559a-a8f8-3f54c729ca9e,Objetivo Específico: 0296 - Ampliar o número de municípios brasileiros recebendo os recursos do Índice de Gestão Descentralizada do PBF (IGDM-PBF),Indicador: - Percentual de municípios que recebem recursos do IGDM-PBF,indicador_percentual_de_municipios_que_recebem_recursos_do_igdm_pbf,9520.0,9520,,"{'page_number': 366, 'left': 88.56, 'top': 87.1200073242187, 'right': 544.894, 'bottom': 76.35686920267176, 'coord_origin': 'BOTTOMLEFT'}",text_heuristic
4064b7ed-fae4-5486-879f-a1bf41c4a224,c11b9579-45d1-58de-af90-2c8b6bc73152,367,4cd93f3d-c2e5-512b-b237-36334293aa2f,Informações do Monitoramento,Meta prevista para 2024,meta_prevista_para_2024,94.0,94,,"{'page_number': 367, 'left': 92.304, 'top': 515.6708873242187, 'right': 222.27772, 'bottom': 506.73748268333475, 'coord_origin': 'BOTTOMLEFT'}",text_heuristic
7930e193-3d69-5753-b843-75ff510db108,c11b9579-45d1-58de-af90-2c8b6bc73152,367,4cd93f3d-c2e5-512b-b237-36334293aa2f,Informações do Monitoramento,Meta prevista para 2025,meta_prevista_para_2025,95.0,95,,"{'page_number': 367, 'left': 92.304, 'top': 504.2708873242187, 'right': 222.27772, 'bottom': 495.3374826833347, 'coord_origin': 'BOTTOMLEFT'}",text_heuristic
d592c6cf-477e-5840-a0db-6ee425ba5d38,c11b9579-45d1-58de-af90-2c8b6bc73152,367,4cd93f3d-c2e5-512b-b237-36334293aa2f,Informações do Monitoramento,Meta prevista para,meta_prevista_para,2026.0,2026,,"{'page_number': 367, 'left': 92.304, 'top': 492.7508873242187, 'right': 211.0172399999999, 'bottom': 483.81748268333473, 'coord_origin': 'BOTTOMLEFT'}",text_heuristic
5b5a05fe-56fe-5eba-a859-af9f79752a60,c11b9579-45d1-58de-af90-2c8b6bc73152,367,4cd93f3d-c2e5-512b-b237-36334293aa2f,Informações do Monitoramento,Meta prevista para,meta_prevista_para,2027.0,2027,,"{'page_number': 367, 'left': 92.304, 'top': 481.2308873242187, 'right': 211.0172399999999, 'bottom': 472.29748268333475, 'coord_origin': 'BOTTOMLEFT'}",text_heuristic
c862757e-c37d-58a8-b00a-6937bce4f85c,c11b9579-45d1-58de-af90-2c8b6bc73152,367,13b11b16-7e78-5693-8455-b1830fbdef85,Informações do Monitoramento,Indicador: - IGDM-PBF,indicador_igdm_pbf,9526.0,9526,,"{'page_number': 367, 'left': 96.024, 'top': 282.9860073242187, 'right': 253.96399999999997, 'bottom': 272.22286920267175, 'coord_origin': 'BOTTOMLEFT'}",text_heuristic
ddba8d3f-4771-53fe-a8fc-26c389377006,c11b9579-45d1-58de-af90-2c8b6bc73152,367,13b11b16-7e78-5693-8455-b1830fbdef85,Informações do Monitoramento,Meta prevista para 2024,meta_prevista_para_2024,0.77,"0,77",,"{'page_number': 367, 'left': 99.744, 'top': 214.3008873242187, 'right': 237.98875999999998, 'bottom': 205.36748268333474, 'coord_origin': 'BOTTOMLEFT'}",text_heuristic
f692e094-9327-59e7-bb23-5ea8035c658e,c11b9579-45d1-58de-af90-2c8b6bc73152,367,4cd93f3d-c2e5-512b-b237-36334293aa2f,Informações do Monitoramento,Meta prevista para 2025,meta_prevista_para_2025,0.8,"0,8",,"{'page_number': 367, 'left': 99.744, 'top': 202.90088732421873, 'right': 232.4688, 'bottom': 193.96748268333477, 'coord_origin': 'BOTTOMLEFT'}",text_heuristic
ca8f403d-951a-5e4f-8b41-168eaf190413,c11b9579-45d1-58de-af90-2c8b6bc73152,367,13b11b16-7e78-5693-8455-b1830fbdef85,Informações do Monitoramento,Meta prevista para 2026,meta_prevista_para_2026,0.83,"0,83",,"{'page_number': 367, 'left': 99.744, 'top': 191.3808873242187, 'right': 237.98875999999998, 'bottom': 182.44748268333473, 'coord_origin': 'BOTTOMLEFT'}",text_heuristic
dd89f99c-4cea-55bc-b0d8-855a9acb1e77,c11b9579-45d1-58de-af90-2c8b6bc73152,367,4cd93f3d-c2e5-512b-b237-36334293aa2f,Informações do Monitoramento,Meta prevista para,meta_prevista_para,2027.0,2027,,"{'page_number': 367, 'left': 99.744, 'top': 179.8608873242187, 'right': 218.45723999999987, 'bottom': 170.92748268333474, 'coord_origin': 'BOTTOMLEFT'}",text_heuristic
8ae2c7c0-e7c3-5a46-88ff-ec46d844147e,c11b9579-45d1-58de-af90-2c8b6bc73152,368,3ca3c047-3b16-57df-90d5-9343c4f4653b,PROGRAMA: 5131 - PROTEÇÃO SOCIAL PELO SISTEMA ÚNICO DE ASSISTÊNCIA SOCIAL (SUAS),PROGRAMA: - PROTEÇÃO SOCIAL PELO SISTEMA ÚNICO DE ASSISTÊNCIA SOCIAL (SUAS),programa_protecao_social_pelo_sistema_unico_de_assistencia_social_suas,5131.0,5131,,"{'page_number': 368, 'left': 51.0, 'top': 345.2111273242187, 'right': 709.7210000000008, 'bottom': 332.61825572200877, 'coord_origin': 'BOTTOMLEFT'}",text_heuristic
795b979d-7e6e-59fc-9238-bc9d100b87af,c11b9579-45d1-58de-af90-2c8b6bc73152,369,0aac9d0e-20ab-50aa-91ad-7e3b0e326938,Informações do Monitoramento,Meta prevista para,meta_prevista_para,2024.0,2024,,"{'page_number': 369, 'left': 92.304, 'top': 312.1208873242187, 'right': 211.0172399999999, 'bottom': 303.18748268333474, 'coord_origin': 'BOTTOMLEFT'}",text_heuristic
2baa361c-e5fd-54b1-9e58-b31f3ffef201,c11b9579-45d1-58de-af90-2c8b6bc73152,369,0aac9d0e-20ab-50aa-91ad-7e3b0e326938,Informações do Monitoramento,Meta prevista para,meta_prevista_para,2025.0,2025,,"{'page_number': 369, 'left': 92.304, 'top': 300.6008873242187, 'right': 211.0172399999999, 'bottom': 291.66748268333475, 'coord_origin': 'BOTTOMLEFT'}",text_heuristic
71683faa-ac8c-5530-b1b9-aca50a1302e7,c11b9579-45d1-58de-af90-2c8b6bc73152,369,0aac9d0e-20ab-50aa-91ad-7e3b0e326938,Informações do Monitoramento,Meta prevista para,meta_prevista_para,2026.0,2026,,"{'page_number': 369, 'left': 92.304, 'top': 289.0808873242187, 'right': 211.0172399999999, 'bottom': 280.1474826833347, 'coord_origin': 'BOTTOMLEFT'}",text_heuristic
20fdff72-c42c-507b-9b26-c0fbf4b2191b,c11b9579-45d1-58de-af90-2c8b6bc73152,369,0aac9d0e-20ab-50aa-91ad-7e3b0e326938,Informações do Monitoramento,Meta prevista para,meta_prevista_para,2027.0,2027,,"{'page_number': 369, 'left': 92.304, 'top': 277.5408873242187, 'right': 211.0172399999999, 'bottom': 268.60748268333475, 'coord_origin': 'BOTTOMLEFT'}",text_heuristic
365adf2b-3680-5a15-aee1-edaf3be4a366,c11b9579-45d1-58de-af90-2c8b6bc73152,370,c33bf245-6e35-57e5-a3de-39a30901a902,Entrega: 0527 - CRAS cofinanciados para a oferta dos serviços de Proteção Social Básica nos territórios,Meta prevista para 2024,meta_prevista_para_2024,62.1,"62,1",,"{'page_number': 370, 'left': 99.744, 'top': 307.4408873242187, 'right': 237.98875999999998, 'bottom': 298.50748268333473, 'coord_origin': 'BOTTOMLEFT'}",text_heuristic
e69cac7d-5c8c-5d45-b138-70c85460652b,c11b9579-45d1-58de-af90-2c8b6bc73152,370,c33bf245-6e35-57e5-a3de-39a30901a902,Entrega: 0527 - CRAS cofinanciados para a oferta dos serviços de Proteção Social Básica nos territórios,Meta prevista para 2025,meta_prevista_para_2025,63.0,63,,"{'page_number': 370, 'left': 99.744, 'top': 295.9208873242187, 'right': 229.71771999999999, 'bottom': 286.98748268333475, 'coord_origin': 'BOTTOMLEFT'}",text_heuristic
40c1f35b-9f6d-5891-ac93-6d7308bbf780,c11b9579-45d1-58de-af90-2c8b6bc73152,370,c33bf245-6e35-57e5-a3de-39a30901a902,Entrega: 0527 - CRAS cofinanciados para a oferta dos serviços de Proteção Social Básica nos territórios,Meta prevista para 2026,meta_prevista_para_2026,64.0,64,,"{'page_number': 370, 'left': 99.744, 'top': 284.3808873242187, 'right': 229.71771999999999, 'bottom': 275.4474826833347, 'coord_origin': 'BOTTOMLEFT'}",text_heuristic
470e7f00-1a26-5f2e-a9d6-aadf5ee2b0b1,c11b9579-45d1-58de-af90-2c8b6bc73152,370,c33bf245-6e35-57e5-a3de-39a30901a902,Entrega: 0527 - CRAS cofinanciados para a oferta dos serviços de Proteção Social Básica nos territórios,Meta prevista para,meta_prevista_para,2027.0,2027,,"{'page_number': 370, 'left': 99.744, 'top': 272.8608873242187, 'right': 218.45723999999987, 'bottom': 263.92748268333474, 'coord_origin': 'BOTTOMLEFT'}",text_heuristic
66854648-cac4-5486-9b45-90659f070341,c11b9579-45d1-58de-af90-2c8b6bc73152,372,c1045362-052b-51a0-a064-1f2b73b77028,Informações do Monitoramento,Meta prevista para,meta_prevista_para,2024.0,2024,,"{'page_number': 372, 'left': 92.304, 'top': 302.8808873242187, 'right': 211.0172399999999, 'bottom': 293.9474826833347, 'coord_origin': 'BOTTOMLEFT'}",text_heuristic
fc319893-0772-50d0-a81d-0beea1084a60,c11b9579-45d1-58de-af90-2c8b6bc73152,372,c1045362-052b-51a0-a064-1f2b73b77028,Informações do Monitoramento,Meta prevista para,meta_prevista_para,2025.0,2025,,"{'page_number': 372, 'left': 92.304, 'top': 291.3608873242187, 'right': 211.0172399999999, 'bottom': 282.42748268333474, 'coord_origin': 'BOTTOMLEFT'}",text_heuristic
e1501fbe-81b8-586d-a75c-0bcac17b4048,c11b9579-45d1-58de-af90-2c8b6bc73152,372,c1045362-052b-51a0-a064-1f2b73b77028,Informações do Monitoramento,Meta prevista para,meta_prevista_para,2026.0,2026,,"{'page_number': 372, 'left': 92.304, 'top': 279.9408873242187, 'right': 211.0172399999999, 'bottom': 271.00748268333473, 'coord_origin': 'BOTTOMLEFT'}",text_heuristic
32d7652a-0f69-5b1b-853e-1976fa36c488,c11b9579-45d1-58de-af90-2c8b6bc73152,372,c1045362-052b-51a0-a064-1f2b73b77028,Informações do Monitoramento,Meta prevista para,meta_prevista_para,2027.0,2027,,"{'page_number': 372, 'left': 92.304, 'top': 268.4208873242187, 'right': 211.0172399999999, 'bottom': 259.48748268333475, 'coord_origin': 'BOTTOMLEFT'}",text_heuristic
40b6bb52-8d51-57ed-8d14-0841bbd2d2e9,c11b9579-45d1-58de-af90-2c8b6bc73152,373,0295e8f3-234d-5b8e-8f60-055592b0dc52,Entrega: 0561 - Novos municípios com cobertura de CREAS para oferta dos serviços de Proteção Social Especial,Indicador: - Número de municípios com cobertura de CREAS,indicador_numero_de_municipios_com_cobertura_de_creas,9487.0,9487,,"{'page_number': 373, 'left': 96.024, 'top': 392.2060073242187, 'right': 473.3900000000001, 'bottom': 381.4428692026718, 'coord_origin': 'BOTTOMLEFT'}",text_heuristic
63a7b7d5-147d-5b92-85ce-c45c94dbef82,c11b9579-45d1-58de-af90-2c8b6bc73152,373,0295e8f3-234d-5b8e-8f60-055592b0dc52,Entrega: 0561 - Novos municípios com cobertura de CREAS para oferta dos serviços de Proteção Social Especial,Meta: - Aumentar o número de municípios com cobertura de CREAS,meta_aumentar_o_numero_de_municipios_com_cobertura_de_creas,585.0,0585,,"{'page_number': 373, 'left': 96.024, 'top': 373.8460073242187, 'right': 515.3840000000002, 'bottom': 363.08286920267176, 'coord_origin': 'BOTTOMLEFT'}",text_heuristic
81cdaa33-4543-5870-8cd5-de91206c4b8d,c11b9579-45d1-58de-af90-2c8b6bc73152,373,0295e8f3-234d-5b8e-8f60-055592b0dc52,Entrega: 0561 - Novos municípios com cobertura de CREAS para oferta dos serviços de Proteção Social Especial,Meta prevista para 2024,meta_prevista_para_2024,2650.0,2.650,,"{'page_number': 373, 'left': 99.744, 'top': 323.5208873242187, 'right': 243.62971999999996, 'bottom': 314.5874826833347, 'coord_origin': 'BOTTOMLEFT'}",text_heuristic
069651a7-43e7-5c8c-bed3-afd132e3e7ce,c11b9579-45d1-58de-af90-2c8b6bc73152,373,0295e8f3-234d-5b8e-8f60-055592b0dc52,Entrega: 0561 - Novos municípios com cobertura de CREAS para oferta dos serviços de Proteção Social Especial,Meta prevista para,meta_prevista_para,2025.0,2025,,"{'page_number': 373, 'left': 99.744, 'top': 312.0008873242187, 'right': 218.45723999999987, 'bottom': 303.06748268333473, 'coord_origin': 'BOTTOMLEFT'}",text_heuristic
a4467103-f95b-52f2-8fec-5d31f9337b2c,c11b9579-45d1-58de-af90-2c8b6bc73152,373,0295e8f3-234d-5b8e-8f60-055592b0dc52,Entrega: 0561 - Novos municípios com cobertura de CREAS para oferta dos serviços de Proteção Social Especial,Meta prevista para,meta_prevista_para,2026.0,2026,,"{'page_number': 373, 'left': 99.744, 'top': 300.4808873242187, 'right': 218.45723999999987, 'bottom': 291.54748268333475, 'coord_origin': 'BOTTOMLEFT'}",text_heuristic
e05a36cf-d622-562e-b33b-5965a8ac5a97,c11b9579-45d1-58de-af90-2c8b6bc73152,373,0295e8f3-234d-5b8e-8f60-055592b0dc52,Entrega: 0561 - Novos municípios com cobertura de CREAS para oferta dos serviços de Proteção Social Especial,Meta prevista para,meta_prevista_para,2027.0,2027,,"{'page_number': 373, 'left': 99.744, 'top': 288.9608873242187, 'right': 218.45723999999987, 'bottom': 280.0274826833347, 'coord_origin': 'BOTTOMLEFT'}",text_heuristic
c6f69ce5-ab19-5d25-ac96-892952596fc8,c11b9579-45d1-58de-af90-2c8b6bc73152,374,5d65c4d4-4e0e-5a2d-b577-a36d01597e7c,Regionalizações da Meta,Indicador: - Número de unidades Centro Pop em funcionamento,indicador_numero_de_unidades_centro_pop_em_funcionamento,9496.0,9496,,"{'page_number': 374, 'left': 96.024, 'top': 219.26600732421866, 'right': 491.3120000000002, 'bottom': 208.50286920267172, 'coord_origin': 'BOTTOMLEFT'}",text_heuristic
7594e855-bf9f-5ee6-b71c-173ec40b5826,c11b9579-45d1-58de-af90-2c8b6bc73152,374,5d65c4d4-4e0e-5a2d-b577-a36d01597e7c,Regionalizações da Meta,Meta: A - Aumentar o número de unidades Centro Pop em funcionamento,meta_a_aumentar_o_numero_de_unidades_centro_pop_em_funcionamento,58.0,058,,"{'page_number': 374, 'left': 96.024, 'top': 201.02600732421865, 'right': 535.3280000000002, 'bottom': 190.2628692026717, 'coord_origin': 'BOTTOMLEFT'}",text_heuristic
c11066a4-e3c3-5efc-a681-a09bff88f108,c11b9579-45d1-58de-af90-2c8b6bc73152,374,5d65c4d4-4e0e-5a2d-b577-a36d01597e7c,Regionalizações da Meta,Meta prevista para 2024,meta_prevista_para_2024,278.0,278,,"{'page_number': 374, 'left': 99.744, 'top': 150.5508873242187, 'right': 235.23767999999998, 'bottom': 141.61748268333474, 'coord_origin': 'BOTTOMLEFT'}",text_heuristic
822b219f-bdbb-581d-8b1c-9c0ff2762626,c11b9579-45d1-58de-af90-2c8b6bc73152,374,5d65c4d4-4e0e-5a2d-b577-a36d01597e7c,Regionalizações da Meta,Meta prevista para 2025,meta_prevista_para_2025,320.0,320,,"{'page_number': 374, 'left': 99.744, 'top': 139.15088732421873, 'right': 235.23767999999998, 'bottom': 130.21748268333477, 'coord_origin': 'BOTTOMLEFT'}",text_heuristic
c60f5db5-9a5e-548d-957d-c654ccf19aed,c11b9579-45d1-58de-af90-2c8b6bc73152,374,5d65c4d4-4e0e-5a2d-b577-a36d01597e7c,Regionalizações da Meta,Meta prevista para 2026,meta_prevista_para_2026,364.0,364,,"{'page_number': 374, 'left': 99.744, 'top': 127.63088732421869, 'right': 235.23767999999998, 'bottom': 118.69748268333473, 'coord_origin': 'BOTTOMLEFT'}",text_heuristic
9665d242-8efa-55f3-86ec-7c68f23d65ef,c11b9579-45d1-58de-af90-2c8b6bc73152,374,5d65c4d4-4e0e-5a2d-b577-a36d01597e7c,Regionalizações da Meta,Meta prevista para 2027,meta_prevista_para_2027,409.0,409,,"{'page_number': 374, 'left': 99.744, 'top': 116.11088732421871, 'right': 235.23767999999998, 'bottom': 107.17748268333469, 'coord_origin': 'BOTTOMLEFT'}",text_heuristic
ea799f1d-588b-5b20-9b5c-27cbaf797836,c11b9579-45d1-58de-af90-2c8b6bc73152,376,5f83fd17-6575-554d-8998-cc9940a66cb3,Informações do Monitoramento,Meta prevista para 2024,meta_prevista_para_2024,557.0,557,,"{'page_number': 376, 'left': 99.744, 'top': 420.6308873242187, 'right': 235.23767999999998, 'bottom': 411.6974826833347, 'coord_origin': 'BOTTOMLEFT'}",text_heuristic
b2f81071-1cd2-5ea5-bedd-494af72c3f23,c11b9579-45d1-58de-af90-2c8b6bc73152,376,5f83fd17-6575-554d-8998-cc9940a66cb3,Informações do Monitoramento,Meta prevista para 2025,meta_prevista_para_2025,609.0,609,,"{'page_number': 376, 'left': 99.744, 'top': 409.0808873242187, 'right': 235.23767999999998, 'bottom': 400.1474826833347, 'coord_origin': 'BOTTOMLEFT'}",text_heuristic
2b505c29-f2ea-5040-993a-a02e669c084f,c11b9579-45d1-58de-af90-2c8b6bc73152,376,5f83fd17-6575-554d-8998-cc9940a66cb3,Informações do Monitoramento,Meta prevista para 2026,meta_prevista_para_2026,691.0,691,,"{'page_number': 376, 'left': 99.744, 'top': 397.5608873242187, 'right': 235.23767999999998, 'bottom': 388.62748268333473, 'coord_origin': 'BOTTOMLEFT'}",text_heuristic
71872154-4a4b-542e-8a72-296ca0d298b8,c11b9579-45d1-58de-af90-2c8b6bc73152,376,5f83fd17-6575-554d-8998-cc9940a66cb3,Informações do Monitoramento,Meta prevista para,meta_prevista_para,2027.0,2027,,"{'page_number': 376, 'left': 99.744, 'top': 386.0408873242187, 'right': 218.45723999999987, 'bottom': 377.10748268333475, 'coord_origin': 'BOTTOMLEFT'}",text_heuristic
b2830247-fafe-59c9-b1e4-203c6ed2c51d,c11b9579-45d1-58de-af90-2c8b6bc73152,377,dc2f4f61-6998-5b59-b6c7-75c469ffb8c7,Entrega: 0636 - Novas vagas ofertadas pelos Serviços de Acolhimento,Entrega: - Novas vagas ofertadas pelos Serviços de Acolhimento,entrega_novas_vagas_ofertadas_pelos_servicos_de_acolhimento,636.0,0636,,"{'page_number': 377, 'left': 88.56, 'top': 452.8360073242187, 'right': 489.8840000000003, 'bottom': 442.07286920267177, 'coord_origin': 'BOTTOMLEFT'}",text_heuristic
6067b730-6e74-50c1-b7d4-03c5b9ee1cc0,c11b9579-45d1-58de-af90-2c8b6bc73152,377,dc2f4f61-6998-5b59-b6c7-75c469ffb8c7,Entrega: 0636 - Novas vagas ofertadas pelos Serviços de Acolhimento,Indicador: - Número de vagas ofertadas pelos serviços de acolhimento,indicador_numero_de_vagas_ofertadas_pelos_servicos_de_acolhimento,9581.0,9581,,"{'page_number': 377, 'left': 96.024, 'top': 403.6060073242187, 'right': 530.0960000000006, 'bottom': 392.84286920267175, 'coord_origin': 'BOTTOMLEFT'}",text_heuristic
fc99f6c7-f39a-5373-acea-6de66c8ebf7a,c11b9579-45d1-58de-af90-2c8b6bc73152,377,dc2f4f61-6998-5b59-b6c7-75c469ffb8c7,Entrega: 0636 - Novas vagas ofertadas pelos Serviços de Acolhimento,Meta: X - Aumentar o número de vagas ofertadas pelos serviços de acolhimento,meta_x_aumentar_o_numero_de_vagas_ofertadas_pelos_servicos_de_acolhimento,58.0,058,,"{'page_number': 377, 'left': 96.024, 'top': 385.3660073242187, 'right': 573.5360000000005, 'bottom': 374.60286920267174, 'coord_origin': 'BOTTOMLEFT'}",text_heuristic
9ffc224f-9bbd-566e-9ee0-72f7d3315c07,c11b9579-45d1-58de-af90-2c8b6bc73152,377,dc2f4f61-6998-5b59-b6c7-75c469ffb8c7,Entrega: 0636 - Novas vagas ofertadas pelos Serviços de Acolhimento,Meta prevista para 2024,meta_prevista_para_2024,205207.0,205.207,,"{'page_number': 377, 'left': 99.744, 'top': 335.0408873242187, 'right': 254.65543999999994, 'bottom': 326.10748268333475, 'coord_origin': 'BOTTOMLEFT'}",text_heuristic
dc73b78f-bb97-58d3-8a5a-35f1daf60141,c11b9579-45d1-58de-af90-2c8b6bc73152,377,dc2f4f61-6998-5b59-b6c7-75c469ffb8c7,Entrega: 0636 - Novas vagas ofertadas pelos Serviços de Acolhimento,Meta prevista para 2025,meta_prevista_para_2025,212671.0,212.671,,"{'page_number': 377, 'left': 99.744, 'top': 323.5208873242187, 'right': 254.65543999999994, 'bottom': 314.5874826833347, 'coord_origin': 'BOTTOMLEFT'}",text_heuristic
51dc3c48-7b6e-5275-a3b2-32bd83011602,c11b9579-45d1-58de-af90-2c8b6bc73152,377,dc2f4f61-6998-5b59-b6c7-75c469ffb8c7,Entrega: 0636 - Novas vagas ofertadas pelos Serviços de Acolhimento,Meta prevista para,meta_prevista_para,2026.0,2026,,"{'page_number': 377, 'left': 99.744, 'top': 312.0008873242187, 'right': 218.45723999999987, 'bottom': 303.06748268333473, 'coord_origin': 'BOTTOMLEFT'}",text_heuristic
3c2051b4-db4d-56af-91bf-78569b365ca1,c11b9579-45d1-58de-af90-2c8b6bc73152,377,dc2f4f61-6998-5b59-b6c7-75c469ffb8c7,Entrega: 0636 - Novas vagas ofertadas pelos Serviços de Acolhimento,Meta prevista para,meta_prevista_para,2027.0,2027,,"{'page_number': 377, 'left': 99.744, 'top': 300.4808873242187, 'right': 218.45723999999987, 'bottom': 291.54748268333475, 'coord_origin': 'BOTTOMLEFT'}",text_heuristic
ad18ed05-43af-53de-8053-d35153852bd4,c11b9579-45d1-58de-af90-2c8b6bc73152,378,2cef8e68-31ba-50fd-ac60-2d6b4e62ee45,Informações do Monitoramento,Meta prevista para 2024,meta_prevista_para_2024,1032.0,1.032,,"{'page_number': 378, 'left': 99.744, 'top': 173.98088732421866, 'right': 243.62971999999996, 'bottom': 165.0474826833347, 'coord_origin': 'BOTTOMLEFT'}",text_heuristic
df13c6af-2be1-5403-bc3e-787c3c764c4d,c11b9579-45d1-58de-af90-2c8b6bc73152,378,2cef8e68-31ba-50fd-ac60-2d6b4e62ee45,Informações do Monitoramento,Meta prevista para 2025,meta_prevista_para_2025,1032.0,1.032,,"{'page_number': 378, 'left': 99.744, 'top': 162.58088732421868, 'right': 243.62971999999996, 'bottom': 153.64748268333472, 'coord_origin': 'BOTTOMLEFT'}",text_heuristic
9ea657b9-f0cb-5b8f-bc76-f1e950410267,c11b9579-45d1-58de-af90-2c8b6bc73152,378,2cef8e68-31ba-50fd-ac60-2d6b4e62ee45,Informações do Monitoramento,Meta prevista para,meta_prevista_para,2026.0,2026,,"{'page_number': 378, 'left': 99.744, 'top': 151.03088732421872, 'right': 218.45723999999987, 'bottom': 142.09748268333476, 'coord_origin': 'BOTTOMLEFT'}",text_heuristic
0d6b28cc-ebf2-5ee3-9f95-3ef48a0d426f,c11b9579-45d1-58de-af90-2c8b6bc73152,378,2cef8e68-31ba-50fd-ac60-2d6b4e62ee45,Informações do Monitoramento,Meta prevista para,meta_prevista_para,2027.0,2027,,"{'page_number': 378, 'left': 99.744, 'top': 139.5108873242187, 'right': 218.45723999999987, 'bottom': 130.57748268333472, 'coord_origin': 'BOTTOMLEFT'}",text_heuristic
762a9717-98dc-579b-ae52-4c6186484303,c11b9579-45d1-58de-af90-2c8b6bc73152,380,6a3467a7-d392-54da-9a8c-e82b09ab8130,Informações do Monitoramento,Meta prevista para,meta_prevista_para,2024.0,2024,,"{'page_number': 380, 'left': 92.304, 'top': 369.6008873242187, 'right': 211.0172399999999, 'bottom': 360.66748268333475, 'coord_origin': 'BOTTOMLEFT'}",text_heuristic
4fd52f95-c68c-56bf-ae75-d358fbc76328,c11b9579-45d1-58de-af90-2c8b6bc73152,380,6a3467a7-d392-54da-9a8c-e82b09ab8130,Informações do Monitoramento,Meta prevista para 2025,meta_prevista_para_2025,72.0,72,,"{'page_number': 380, 'left': 92.304, 'top': 358.0808873242187, 'right': 222.27772, 'bottom': 349.1474826833347, 'coord_origin': 'BOTTOMLEFT'}",text_heuristic
97e48268-bf2d-5705-926d-a95c2244164b,c11b9579-45d1-58de-af90-2c8b6bc73152,380,6a3467a7-d392-54da-9a8c-e82b09ab8130,Informações do Monitoramento,Meta prevista para 2026,meta_prevista_para_2026,73.0,73,,"{'page_number': 380, 'left': 92.304, 'top': 346.5608873242187, 'right': 222.27772, 'bottom': 337.62748268333473, 'coord_origin': 'BOTTOMLEFT'}",text_heuristic
58b95f44-27ec-5de9-a5ad-1e60ad6fdb2f,c11b9579-45d1-58de-af90-2c8b6bc73152,380,6a3467a7-d392-54da-9a8c-e82b09ab8130,Informações do Monitoramento,Meta prevista para,meta_prevista_para,2027.0,2027,,"{'page_number': 380, 'left': 92.304, 'top': 335.0408873242187, 'right': 211.0172399999999, 'bottom': 326.10748268333475, 'coord_origin': 'BOTTOMLEFT'}",text_heuristic
e1b030ae-a97e-5d85-94c3-8cfe418f6c25,c11b9579-45d1-58de-af90-2c8b6bc73152,381,f2a0175e-fc21-5558-bc31-5b8db4c0922c,Entrega: 0679 - Crianças de 0 a 3 anos atendidas pelo Programa Primeira Infância no SUAS/Criança Feliz.,Meta prevista para 2024,meta_prevista_para_2024,13.0,13,,"{'page_number': 381, 'left': 99.744, 'top': 371.4008873242187, 'right': 229.71771999999999, 'bottom': 362.4674826833347, 'coord_origin': 'BOTTOMLEFT'}",text_heuristic
51144a79-2ed2-5bfb-a8ad-ba13469e566e,c11b9579-45d1-58de-af90-2c8b6bc73152,381,f2a0175e-fc21-5558-bc31-5b8db4c0922c,Entrega: 0679 - Crianças de 0 a 3 anos atendidas pelo Programa Primeira Infância no SUAS/Criança Feliz.,Meta prevista para 2025,meta_prevista_para_2025,14.0,14,,"{'page_number': 381, 'left': 99.744, 'top': 359.8808873242187, 'right': 229.71771999999999, 'bottom': 350.9474826833347, 'coord_origin': 'BOTTOMLEFT'}",text_heuristic
ec1a7a06-4a9a-576a-a010-d79e174e3c04,c11b9579-45d1-58de-af90-2c8b6bc73152,381,f2a0175e-fc21-5558-bc31-5b8db4c0922c,Entrega: 0679 - Crianças de 0 a 3 anos atendidas pelo Programa Primeira Infância no SUAS/Criança Feliz.,Meta prevista para 2026,meta_prevista_para_2026,15.0,15,,"{'page_number': 381, 'left': 99.744, 'top': 348.4808873242187, 'right': 229.71771999999999, 'bottom': 339.54748268333475, 'coord_origin': 'BOTTOMLEFT'}",text_heuristic
e7ed19e9-b681-5291-b6ea-5259e015ae12,c11b9579-45d1-58de-af90-2c8b6bc73152,381,f2a0175e-fc21-5558-bc31-5b8db4c0922c,Entrega: 0679 - Crianças de 0 a 3 anos atendidas pelo Programa Primeira Infância no SUAS/Criança Feliz.,Meta prevista para 2027,meta_prevista_para_2027,16.0,16,,"{'page_number': 381, 'left': 99.744, 'top': 336.9608873242187, 'right': 229.71771999999999, 'bottom': 328.0274826833347, 'coord_origin': 'BOTTOMLEFT'}",text_heuristic
97503efb-530c-551e-8554-289a50fadf05,c11b9579-45d1-58de-af90-2c8b6bc73152,382,b0dd8bf1-e52e-54a6-9f35-e321887f3830,"Objetivo Específico: 0322 - Aprimorar a gestão do BPC para reduzir o tempo de concessão dos benefícios, agilizando o acesso dos requerentes",Indicador: - Tempo Médio de Concessão (TMC) para o BPC (PcD e Idoso),indicador_tempo_medio_de_concessao_tmc_para_o_bpc_pcd_e_idoso,9621.0,9621,,"{'page_number': 382, 'left': 88.56, 'top': 122.99600732421868, 'right': 534.6320000000002, 'bottom': 112.23286920267174, 'coord_origin': 'BOTTOMLEFT'}",text_heuristic
212b7506-6310-5c46-ba58-e45db0499739,c11b9579-45d1-58de-af90-2c8b6bc73152,383,13908a3f-de35-5af8-8e12-2fc7c3e43c71,Informações do Monitoramento,Meta prevista para,meta_prevista_para,2024.0,2024,,"{'page_number': 383, 'left': 92.304, 'top': 531.7508873242188, 'right': 211.0172399999999, 'bottom': 522.8174826833347, 'coord_origin': 'BOTTOMLEFT'}",text_heuristic
cc4b6958-5366-57f0-9198-0ec6bdc0fa36,c11b9579-45d1-58de-af90-2c8b6bc73152,383,13908a3f-de35-5af8-8e12-2fc7c3e43c71,Informações do Monitoramento,Meta prevista para,meta_prevista_para,2025.0,2025,,"{'page_number': 383, 'left': 92.304, 'top': 520.2308873242188, 'right': 211.0172399999999, 'bottom': 511.29748268333475, 'coord_origin': 'BOTTOMLEFT'}",text_heuristic
9bbfa9b2-0b62-527e-996b-b3e13e19b850,c11b9579-45d1-58de-af90-2c8b6bc73152,383,13908a3f-de35-5af8-8e12-2fc7c3e43c71,Informações do Monitoramento,Meta prevista para,meta_prevista_para,2026.0,2026,,"{'page_number': 383, 'left': 92.304, 'top': 508.7108873242187, 'right': 211.0172399999999, 'bottom': 499.7774826833347, 'coord_origin': 'BOTTOMLEFT'}",text_heuristic
f39aff34-cd37-56dc-8444-418386c52a51,c11b9579-45d1-58de-af90-2c8b6bc73152,383,13908a3f-de35-5af8-8e12-2fc7c3e43c71,Informações do Monitoramento,Meta prevista para,meta_prevista_para,2027.0,2027,,"{'page_number': 383, 'left': 92.304, 'top': 497.1908873242187, 'right': 211.0172399999999, 'bottom': 488.25748268333473, 'coord_origin': 'BOTTOMLEFT'}",text_heuristic
30a6a87f-966f-5b7a-bc66-c298a4828c01,c11b9579-45d1-58de-af90-2c8b6bc73152,384,12e4c673-2f38-5040-af88-3e027fe3bfb8,Informações do Monitoramento,Meta prevista para,meta_prevista_para,2024.0,2024,,"{'page_number': 384, 'left': 99.744, 'top': 531.7508873242188, 'right': 218.45723999999987, 'bottom': 522.8174826833347, 'coord_origin': 'BOTTOMLEFT'}",text_heuristic
59165fc6-f4c7-50d4-af9a-2ab1c00a86e8,c11b9579-45d1-58de-af90-2c8b6bc73152,384,12e4c673-2f38-5040-af88-3e027fe3bfb8,Informações do Monitoramento,Meta prevista para,meta_prevista_para,2025.0,2025,,"{'page_number': 384, 'left': 99.744, 'top': 520.2308873242188, 'right': 218.45723999999987, 'bottom': 511.29748268333475, 'coord_origin': 'BOTTOMLEFT'}",text_heuristic
d0c050d2-d9d1-59b0-97f7-be8056211c4d,c11b9579-45d1-58de-af90-2c8b6bc73152,384,12e4c673-2f38-5040-af88-3e027fe3bfb8,Informações do Monitoramento,Meta prevista para 2026,meta_prevista_para_2026,90.0,90,,"{'page_number': 384, 'left': 99.744, 'top': 508.7108873242187, 'right': 229.71771999999999, 'bottom': 499.7774826833347, 'coord_origin': 'BOTTOMLEFT'}",text_heuristic
28edb63c-2de3-5cd4-8fa3-a2b4bb2ad618,c11b9579-45d1-58de-af90-2c8b6bc73152,384,12e4c673-2f38-5040-af88-3e027fe3bfb8,Informações do Monitoramento,Meta prevista para,meta_prevista_para,2027.0,2027,,"{'page_number': 384, 'left': 99.744, 'top': 497.1908873242187, 'right': 218.45723999999987, 'bottom': 488.25748268333473, 'coord_origin': 'BOTTOMLEFT'}",text_heuristic
4dab2f99-817f-5148-ba3c-abf61b0d2942,c11b9579-45d1-58de-af90-2c8b6bc73152,384,12e4c673-2f38-5040-af88-3e027fe3bfb8,Informações do Monitoramento,Indicador: - Tempo Médio de Concessão (TMC) do BPC para as pessoas idosas,indicador_tempo_medio_de_concessao_tmc_do_bpc_para_as_pessoas_idosas,9657.0,9657,,"{'page_number': 384, 'left': 96.024, 'top': 80.8800073242187, 'right': 578.6840000000003, 'bottom': 70.11686920267175, 'coord_origin': 'BOTTOMLEFT'}",text_heuristic
9a25839e-9b70-59d6-b5fd-a7f2f6791e4e,c11b9579-45d1-58de-af90-2c8b6bc73152,385,2bf23410-bba3-5dba-9762-7a19ae1d684a,Informações do Monitoramento,Meta prevista para 2024,meta_prevista_para_2024,81.0,81,,"{'page_number': 385, 'left': 99.744, 'top': 515.6708873242187, 'right': 229.71771999999999, 'bottom': 506.73748268333475, 'coord_origin': 'BOTTOMLEFT'}",text_heuristic
514d1b56-0736-5724-8fd6-4aeb08be1559,c11b9579-45d1-58de-af90-2c8b6bc73152,385,2bf23410-bba3-5dba-9762-7a19ae1d684a,Informações do Monitoramento,Meta prevista para 2025,meta_prevista_para_2025,63.0,63,,"{'page_number': 385, 'left': 99.744, 'top': 504.2708873242187, 'right': 229.71771999999999, 'bottom': 495.3374826833347, 'coord_origin': 'BOTTOMLEFT'}",text_heuristic
5923ca3d-237f-5814-bf7b-6cd6be75be5b,c11b9579-45d1-58de-af90-2c8b6bc73152,385,2bf23410-bba3-5dba-9762-7a19ae1d684a,Informações do Monitoramento,Meta prevista para 2026,meta_prevista_para_2026,45.0,45,,"{'page_number': 385, 'left': 99.744, 'top': 492.7508873242187, 'right': 229.71771999999999, 'bottom': 483.81748268333473, 'coord_origin': 'BOTTOMLEFT'}",text_heuristic
bb9ca0a5-8ddc-5465-86a7-a589fd098ff0,c11b9579-45d1-58de-af90-2c8b6bc73152,385,2bf23410-bba3-5dba-9762-7a19ae1d684a,Informações do Monitoramento,Meta prevista para,meta_prevista_para,2027.0,2027,,"{'page_number': 385, 'left': 99.744, 'top': 481.2308873242187, 'right': 218.45723999999987, 'bottom': 472.29748268333475, 'coord_origin': 'BOTTOMLEFT'}",text_heuristic
4dac8dbb-26ee-56ad-8727-62b58ab6e0fc,c11b9579-45d1-58de-af90-2c8b6bc73152,386,1e4b93e7-da47-5963-a4cf-eaa98b964c2f,Informações do Monitoramento,Indicador: - Consumo de alimentos saudáveis,indicador_consumo_de_alimentos_saudaveis,9830.0,9830,,"{'page_number': 386, 'left': 88.56, 'top': 281.7860073242187, 'right': 380.62400000000025, 'bottom': 271.02286920267176, 'coord_origin': 'BOTTOMLEFT'}",text_heuristic
b3744dbf-a7a4-5d5e-887d-acfa82553e8f,c11b9579-45d1-58de-af90-2c8b6bc73152,386,9c7295fd-a401-524a-a560-5033c48501f2,Informações do Monitoramento,Meta prevista para,meta_prevista_para,2024.0,2024,,"{'page_number': 386, 'left': 92.304, 'top': 213.10088732421866, 'right': 211.0172399999999, 'bottom': 204.1674826833347, 'coord_origin': 'BOTTOMLEFT'}",text_heuristic
dade7ecc-8555-59e7-9c11-4f384b0b15c1,c11b9579-45d1-58de-af90-2c8b6bc73152,386,9c7295fd-a401-524a-a560-5033c48501f2,Informações do Monitoramento,Meta prevista para,meta_prevista_para,2025.0,2025,,"{'page_number': 386, 'left': 92.304, 'top': 201.70088732421868, 'right': 211.0172399999999, 'bottom': 192.76748268333472, 'coord_origin': 'BOTTOMLEFT'}",text_heuristic
1147d4dd-b8f2-522a-abc7-734a8bc63eeb,c11b9579-45d1-58de-af90-2c8b6bc73152,386,9c7295fd-a401-524a-a560-5033c48501f2,Informações do Monitoramento,Meta prevista para,meta_prevista_para,2026.0,2026,,"{'page_number': 386, 'left': 92.304, 'top': 190.1808873242187, 'right': 211.0172399999999, 'bottom': 181.24748268333474, 'coord_origin': 'BOTTOMLEFT'}",text_heuristic
1fedd8c3-91fb-56c2-b680-24d4bc10b109,c11b9579-45d1-58de-af90-2c8b6bc73152,386,9c7295fd-a401-524a-a560-5033c48501f2,Informações do Monitoramento,Meta prevista para,meta_prevista_para,2027.0,2027,,"{'page_number': 386, 'left': 92.304, 'top': 178.66088732421872, 'right': 211.0172399999999, 'bottom': 169.72748268333476, 'coord_origin': 'BOTTOMLEFT'}",text_heuristic
8e1bc4a4-31da-56b7-bbb4-e5db8e72e020,c11b9579-45d1-58de-af90-2c8b6bc73152,387,57fa0938-f802-5446-84e9-85526e3237fc,Informações do Monitoramento,Meta prevista para 2024,meta_prevista_para_2024,10.0,10,,"{'page_number': 387, 'left': 99.744, 'top': 371.4008873242187, 'right': 229.71771999999999, 'bottom': 362.4674826833347, 'coord_origin': 'BOTTOMLEFT'}",text_heuristic
0b68dc6f-e834-5989-9828-cbd1891e3246,c11b9579-45d1-58de-af90-2c8b6bc73152,387,57fa0938-f802-5446-84e9-85526e3237fc,Informações do Monitoramento,Meta prevista para 2025,meta_prevista_para_2025,20.0,20,,"{'page_number': 387, 'left': 99.744, 'top': 359.8808873242187, 'right': 229.71771999999999, 'bottom': 350.9474826833347, 'coord_origin': 'BOTTOMLEFT'}",text_heuristic
5da7c758-d27f-5724-a88b-4e153d5ef0fa,c11b9579-45d1-58de-af90-2c8b6bc73152,387,57fa0938-f802-5446-84e9-85526e3237fc,Informações do Monitoramento,Meta prevista para 2026,meta_prevista_para_2026,30.0,30,,"{'page_number': 387, 'left': 99.744, 'top': 348.4808873242187, 'right': 229.71771999999999, 'bottom': 339.54748268333475, 'coord_origin': 'BOTTOMLEFT'}",text_heuristic
40635d37-6fe8-53bb-9f4c-22c75627a248,c11b9579-45d1-58de-af90-2c8b6bc73152,387,57fa0938-f802-5446-84e9-85526e3237fc,Informações do Monitoramento,Meta prevista para 2027,meta_prevista_para_2027,40.0,40,,"{'page_number': 387, 'left': 99.744, 'top': 336.9608873242187, 'right': 229.71771999999999, 'bottom': 328.0274826833347, 'coord_origin': 'BOTTOMLEFT'}",text_heuristic
4974b875-ad97-5810-adcf-4366c8c52710,c11b9579-45d1-58de-af90-2c8b6bc73152,387,57fa0938-f802-5446-84e9-85526e3237fc,Informações do Monitoramento,Indicador: - Número de cestas de alimentos entregues,indicador_numero_de_cestas_de_alimentos_entregues,9965.0,9965,,"{'page_number': 387, 'left': 96.024, 'top': 81.24000732421871, 'right': 435.42800000000034, 'bottom': 70.47686920267176, 'coord_origin': 'BOTTOMLEFT'}",text_heuristic
cd9975b6-4c49-5847-8621-5fd047fded33,c11b9579-45d1-58de-af90-2c8b6bc73152,388,bcb0bbdd-ccaf-5bc4-a12d-f3f0a94b04da,Informações do Monitoramento,Meta prevista para,meta_prevista_para,2024.0,2024,,"{'page_number': 388, 'left': 99.744, 'top': 483.6308873242187, 'right': 218.45723999999987, 'bottom': 474.6974826833347, 'coord_origin': 'BOTTOMLEFT'}",text_heuristic
1f64f070-f1a0-5fe7-92fe-cfb90932d034,c11b9579-45d1-58de-af90-2c8b6bc73152,388,bcb0bbdd-ccaf-5bc4-a12d-f3f0a94b04da,Informações do Monitoramento,Meta prevista para 2025,meta_prevista_para_2025,500000.0,500.000,,"{'page_number': 388, 'left': 99.744, 'top': 472.1108873242187, 'right': 254.65543999999994, 'bottom': 463.17748268333474, 'coord_origin': 'BOTTOMLEFT'}",text_heuristic
edb6731a-fde6-543b-b649-939460529dad,c11b9579-45d1-58de-af90-2c8b6bc73152,388,bcb0bbdd-ccaf-5bc4-a12d-f3f0a94b04da,Informações do Monitoramento,Meta prevista para 2026,meta_prevista_para_2026,500000.0,500.000,,"{'page_number': 388, 'left': 99.744, 'top': 460.59088732421867, 'right': 254.65543999999994, 'bottom': 451.6574826833347, 'coord_origin': 'BOTTOMLEFT'}",text_heuristic
9755dcb0-0ae7-57c0-a6a6-0e4142cd5cdf,c11b9579-45d1-58de-af90-2c8b6bc73152,388,bcb0bbdd-ccaf-5bc4-a12d-f3f0a94b04da,Informações do Monitoramento,Meta prevista para,meta_prevista_para,2027.0,2027,,"{'page_number': 388, 'left': 99.744, 'top': 449.0708873242187, 'right': 218.45723999999987, 'bottom': 440.1374826833347, 'coord_origin': 'BOTTOMLEFT'}",text_heuristic
50d14d78-6c68-54fa-a60b-4713d5f3c796,c11b9579-45d1-58de-af90-2c8b6bc73152,390,3b102457-0cb3-54ef-8529-5c25d914b26a,PROGRAMA: 5501 - ESTRUTURAÇÃO DA POLÍTICA NACIONAL DE CUIDADOS,PROGRAMA: - ESTRUTURAÇÃO DA POLÍTICA NACIONAL DE CUIDADOS,programa_estruturacao_da_politica_nacional_de_cuidados,5501.0,5501,,"{'page_number': 390, 'left': 51.0, 'top': 547.4611273242188, 'right': 576.5796800000006, 'bottom': 534.8682557220087, 'coord_origin': 'BOTTOMLEFT'}",text_heuristic
c260b3c1-c713-5854-a139-1299cdc5b68d,c11b9579-45d1-58de-af90-2c8b6bc73152,391,b95c57a9-f95d-5041-9cd6-90ea4eaff0c2,Indicador: 9638 - Número de relatórios de monitoramento do Plano Nacional de Cuidados publicados,Meta: - Publicar relatórios de monitoramento do Plano Nacional de Cuidados,meta_publicar_relatorios_de_monitoramento_do_plano_nacional_de_cuidados,599.0,0599,,"{'page_number': 391, 'left': 88.56, 'top': 529.5160073242187, 'right': 556.6040000000003, 'bottom': 518.7528692026717, 'coord_origin': 'BOTTOMLEFT'}",text_heuristic
adf7da61-4e18-50cd-b707-53bd6ac0ea16,c11b9579-45d1-58de-af90-2c8b6bc73152,391,91e3c945-be06-57d8-92d5-7368fe18f90b,Informações do Monitoramento,Quantidade alcançada,quantidade_alcancada,0.0,0,,"{'page_number': 391, 'left': 92.304, 'top': 380.28088732421867, 'right': 210.03776, 'bottom': 371.3474826833347, 'coord_origin': 'BOTTOMLEFT'}",text_heuristic
ec54b0aa-2545-57ea-82e1-c376f0ec4302,c11b9579-45d1-58de-af90-2c8b6bc73152,391,b47bde8c-3513-56e4-abe1-aeede787f279,Entrega: 0719 - Projetos de cuidados técnica e/ou financeiramente apoiados,Entrega: - Projetos de cuidados técnica e/ou financeiramente apoiados,entrega_projetos_de_cuidados_tecnica_e_ou_financeiramente_apoiados,719.0,0719,,"{'page_number': 391, 'left': 88.56, 'top': 309.4060073242187, 'right': 523.2560000000004, 'bottom': 298.64286920267176, 'coord_origin': 'BOTTOMLEFT'}",text_heuristic
65682174-50a1-5d4a-9960-1dde2f61f495,c11b9579-45d1-58de-af90-2c8b6bc73152,391,b47bde8c-3513-56e4-abe1-aeede787f279,Entrega: 0719 - Projetos de cuidados técnica e/ou financeiramente apoiados,Indicador: - Número de projetos apoiados,indicador_numero_de_projetos_apoiados,9653.0,9653,,"{'page_number': 391, 'left': 96.024, 'top': 260.1860073242187, 'right': 364.12400000000014, 'bottom': 249.42286920267173, 'coord_origin': 'BOTTOMLEFT'}",text_heuristic
da767c56-4b37-5c46-9725-cafe8d0178df,c11b9579-45d1-58de-af90-2c8b6bc73152,391,b47bde8c-3513-56e4-abe1-aeede787f279,Entrega: 0719 - Projetos de cuidados técnica e/ou financeiramente apoiados,Meta: E - Apoiar projetos de cuidados,meta_e_apoiar_projetos_de_cuidados,59.0,059,,"{'page_number': 391, 'left': 96.024, 'top': 241.94600732421873, 'right': 331.48400000000015, 'bottom': 231.18286920267178, 'coord_origin': 'BOTTOMLEFT'}",text_heuristic
1a0fb0bb-6aa6-50ed-b754-38a8b870ecf1,c11b9579-45d1-58de-af90-2c8b6bc73152,391,b47bde8c-3513-56e4-abe1-aeede787f279,Entrega: 0719 - Projetos de cuidados técnica e/ou financeiramente apoiados,Meta prevista para 2024,meta_prevista_para_2024,3.0,3,,"{'page_number': 391, 'left': 99.744, 'top': 191.5008873242187, 'right': 224.19776, 'bottom': 182.56748268333473, 'coord_origin': 'BOTTOMLEFT'}",text_heuristic
2b18545e-1306-56af-93b9-26d40b3a8eda,c11b9579-45d1-58de-af90-2c8b6bc73152,391,b47bde8c-3513-56e4-abe1-aeede787f279,Entrega: 0719 - Projetos de cuidados técnica e/ou financeiramente apoiados,Meta prevista para 2025,meta_prevista_para_2025,2.0,2,,"{'page_number': 391, 'left': 99.744, 'top': 180.10088732421866, 'right': 224.19776, 'bottom': 171.1674826833347, 'coord_origin': 'BOTTOMLEFT'}",text_heuristic
422e8044-f546-51e5-a061-7d35f11a3fc6,c11b9579-45d1-58de-af90-2c8b6bc73152,391,b47bde8c-3513-56e4-abe1-aeede787f279,Entrega: 0719 - Projetos de cuidados técnica e/ou financeiramente apoiados,Meta prevista para 2026,meta_prevista_para_2026,1.0,1,,"{'page_number': 391, 'left': 99.744, 'top': 168.58088732421868, 'right': 224.19776, 'bottom': 159.64748268333472, 'coord_origin': 'BOTTOMLEFT'}",text_heuristic
50300d3f-8b94-5216-bc69-c5f35654116e,c11b9579-45d1-58de-af90-2c8b6bc73152,391,b47bde8c-3513-56e4-abe1-aeede787f279,Entrega: 0719 - Projetos de cuidados técnica e/ou financeiramente apoiados,Meta prevista para 2027,meta_prevista_para_2027,1.0,1,,"{'page_number': 391, 'left': 99.744, 'top': 157.03088732421872, 'right': 224.19776, 'bottom': 148.09748268333476, 'coord_origin': 'BOTTOMLEFT'}",text_heuristic
9b21c2cf-d2cc-530c-93ba-607b58122dca,c11b9579-45d1-58de-af90-2c8b6bc73152,391,a9fc6d10-82a6-593f-bfa9-c689e64f04cf,Informações do Monitoramento,Quantidade alcançada,quantidade_alcancada,4.0,4,,"{'page_number': 391, 'left': 99.744, 'top': 92.7148873242187, 'right': 217.47776, 'bottom': 83.78148268333473, 'coord_origin': 'BOTTOMLEFT'}",text_heuristic
6233016b-25fc-53b3-b7fc-ea8269ff6482,c11b9579-45d1-58de-af90-2c8b6bc73152,396,5804ea1d-db2e-5bfc-a8f0-7ef8c9ccefec,Entrega: 0742 - Mapas de Cuidado,Entrega: - Mapas de Cuidado,entrega_mapas_de_cuidado,742.0,0742,,"{'page_number': 396, 'left': 88.56, 'top': 502.8760073242187, 'right': 284.036, 'bottom': 492.11286920267173, 'coord_origin': 'BOTTOMLEFT'}",text_heuristic
9ac5af40-0177-531e-97ad-5bb28a702a7a,c11b9579-45d1-58de-af90-2c8b6bc73152,396,5804ea1d-db2e-5bfc-a8f0-7ef8c9ccefec,Entrega: 0742 - Mapas de Cuidado,Meta prevista para 2024,meta_prevista_para_2024,3.0,3,,"{'page_number': 396, 'left': 99.744, 'top': 384.9608873242187, 'right': 224.19776, 'bottom': 376.0274826833347, 'coord_origin': 'BOTTOMLEFT'}",text_heuristic
b73cea14-f443-516e-b64f-25b772effe3b,c11b9579-45d1-58de-af90-2c8b6bc73152,396,5804ea1d-db2e-5bfc-a8f0-7ef8c9ccefec,Entrega: 0742 - Mapas de Cuidado,Meta prevista para 2025,meta_prevista_para_2025,6.0,6,,"{'page_number': 396, 'left': 99.744, 'top': 373.5608873242187, 'right': 224.19776, 'bottom': 364.62748268333473, 'coord_origin': 'BOTTOMLEFT'}",text_heuristic
1b54f22e-b714-5f01-aa38-4cfbc6f4bedd,c11b9579-45d1-58de-af90-2c8b6bc73152,396,5804ea1d-db2e-5bfc-a8f0-7ef8c9ccefec,Entrega: 0742 - Mapas de Cuidado,Meta prevista para 2026,meta_prevista_para_2026,8.0,8,,"{'page_number': 396, 'left': 99.744, 'top': 362.0408873242187, 'right': 224.19776, 'bottom': 353.10748268333475, 'coord_origin': 'BOTTOMLEFT'}",text_heuristic
83eacda6-54de-5d93-9a7c-679f0b01c6b3,c11b9579-45d1-58de-af90-2c8b6bc73152,396,5804ea1d-db2e-5bfc-a8f0-7ef8c9ccefec,Entrega: 0742 - Mapas de Cuidado,Meta prevista para,meta_prevista_para,2027.0,2027,,"{'page_number': 396, 'left': 99.744, 'top': 350.5208873242187, 'right': 218.45723999999987, 'bottom': 341.5874826833347, 'coord_origin': 'BOTTOMLEFT'}",text_heuristic
6a2babf3-5d4a-572a-b850-72acf323d7d2,c11b9579-45d1-58de-af90-2c8b6bc73152,397,51d64eac-3550-528d-a51b-961089cc5577,Informações do Monitoramento,Meta prevista para 2024,meta_prevista_para_2024,3.0,3,,"{'page_number': 397, 'left': 92.304, 'top': 309.3608873242187, 'right': 216.75776, 'bottom': 300.42748268333474, 'coord_origin': 'BOTTOMLEFT'}",text_heuristic
e933df18-f1ff-5b4e-8cbf-92fdc68ef108,c11b9579-45d1-58de-af90-2c8b6bc73152,397,51d64eac-3550-528d-a51b-961089cc5577,Informações do Monitoramento,Meta prevista para,meta_prevista_para,2025.0,2025,,"{'page_number': 397, 'left': 92.304, 'top': 297.9608873242187, 'right': 211.0172399999999, 'bottom': 289.0274826833347, 'coord_origin': 'BOTTOMLEFT'}",text_heuristic
980291c5-2dd0-504c-9f35-d9c422b52daf,c11b9579-45d1-58de-af90-2c8b6bc73152,397,51d64eac-3550-528d-a51b-961089cc5577,Informações do Monitoramento,Meta prevista para,meta_prevista_para,2026.0,2026,,"{'page_number': 397, 'left': 92.304, 'top': 286.4208873242187, 'right': 211.0172399999999, 'bottom': 277.48748268333475, 'coord_origin': 'BOTTOMLEFT'}",text_heuristic
b6b87fdd-5c4e-5423-8b03-399030f9e07e,c11b9579-45d1-58de-af90-2c8b6bc73152,397,51d64eac-3550-528d-a51b-961089cc5577,Informações do Monitoramento,Meta prevista para,meta_prevista_para,2027.0,2027,,"{'page_number': 397, 'left': 92.304, 'top': 274.9008873242187, 'right': 211.0172399999999, 'bottom': 265.9674826833347, 'coord_origin': 'BOTTOMLEFT'}",text_heuristic
73174e81-2e58-52ab-8355-5c82a2d1dc2b,c11b9579-45d1-58de-af90-2c8b6bc73152,397,51d64eac-3550-528d-a51b-961089cc5577,Informações do Monitoramento,Indicador: - Número de ações de comunicação sobre cuidados realizadas,indicador_numero_de_acoes_de_comunicacao_sobre_cuidados_realizadas,9678.0,9678,,"{'page_number': 397, 'left': 96.024, 'top': 76.68000732421865, 'right': 545.3960000000004, 'bottom': 65.9168692026717, 'coord_origin': 'BOTTOMLEFT'}",text_heuristic
cb37e5a4-4128-5f28-b182-da0a2c8988c1,c11b9579-45d1-58de-af90-2c8b6bc73152,397,51d64eac-3550-528d-a51b-961089cc5577,Informações do Monitoramento,Meta: X - Realizar ações de sensibilização sobre cuidados.,meta_x_realizar_acoes_de_sensibilizacao_sobre_cuidados,59.0,059,,"{'page_number': 397, 'left': 96.024, 'top': 58.44000732421864, 'right': 450.1580000000003, 'bottom': 47.676869202671696, 'coord_origin': 'BOTTOMLEFT'}",text_heuristic
c5ff93a3-63d2-5c57-ad62-ef84a18c6e2c,c11b9579-45d1-58de-af90-2c8b6bc73152,398,607e7117-34a3-5c35-a1c7-c64b59ed9d11,Informações do Monitoramento,Quantidade alcançada,quantidade_alcancada,3.0,3,,"{'page_number': 398, 'left': 99.744, 'top': 416.9108873242187, 'right': 217.47776, 'bottom': 407.97748268333476, 'coord_origin': 'BOTTOMLEFT'}",text_heuristic
9577a0bd-f89f-58c5-bfd2-81d653ee38f5,c11b9579-45d1-58de-af90-2c8b6bc73152,398,b5abcc39-8d34-52b1-9a24-c57182c6ceee,Entrega: 0753 - Cursos de formação sobre cuidados,Entrega: - Cursos de formação sobre cuidados,entrega_cursos_de_formacao_sobre_cuidados,753.0,0753,,"{'page_number': 398, 'left': 88.56, 'top': 253.94600732421873, 'right': 386.0360000000002, 'bottom': 243.18286920267178, 'coord_origin': 'BOTTOMLEFT'}",text_heuristic
8a94ba14-d52c-5143-afc7-bc6c6e3a4ab3,c11b9579-45d1-58de-af90-2c8b6bc73152,398,b5abcc39-8d34-52b1-9a24-c57182c6ceee,Entrega: 0753 - Cursos de formação sobre cuidados,Meta prevista para 2024,meta_prevista_para_2024,100.0,100,,"{'page_number': 398, 'left': 99.744, 'top': 108.5508873242187, 'right': 235.23767999999998, 'bottom': 99.61748268333474, 'coord_origin': 'BOTTOMLEFT'}",text_heuristic
5b1a4b73-c898-5a78-aba7-6715b4585193,c11b9579-45d1-58de-af90-2c8b6bc73152,398,b5abcc39-8d34-52b1-9a24-c57182c6ceee,Entrega: 0753 - Cursos de formação sobre cuidados,Meta prevista para 2025,meta_prevista_para_2025,100.0,100,,"{'page_number': 398, 'left': 99.744, 'top': 97.03488732421869, 'right': 235.23767999999998, 'bottom': 88.10148268333472, 'coord_origin': 'BOTTOMLEFT'}",text_heuristic
2b45cf13-51e5-51db-bbc4-9ef4a31ed104,c11b9579-45d1-58de-af90-2c8b6bc73152,398,b5abcc39-8d34-52b1-9a24-c57182c6ceee,Entrega: 0753 - Cursos de formação sobre cuidados,Meta prevista para 2026,meta_prevista_para_2026,100.0,100,,"{'page_number': 398, 'left': 99.744, 'top': 85.5148873242187, 'right': 235.23767999999998, 'bottom': 76.58148268333468, 'coord_origin': 'BOTTOMLEFT'}",text_heuristic
5511d361-880b-5a81-8c93-28b98cdf08c6,c11b9579-45d1-58de-af90-2c8b6bc73152,398,b5abcc39-8d34-52b1-9a24-c57182c6ceee,Entrega: 0753 - Cursos de formação sobre cuidados,Meta prevista para 2027,meta_prevista_para_2027,100.0,100,,"{'page_number': 398, 'left': 99.744, 'top': 73.99488732421867, 'right': 235.23767999999998, 'bottom': 65.0614826833347, 'coord_origin': 'BOTTOMLEFT'}",text_heuristic
38cb450e-b11d-5d59-beb6-f712d5959aee,c11b9579-45d1-58de-af90-2c8b6bc73152,399,663ba855-05ad-5dd6-9882-5ea010af666f,"Entrega: 0756 - Informações, dados, pesquisas e análises sobre cuidados","Entrega: - Informações, dados, pesquisas e análises sobre cuidados",entrega_informacoes_dados_pesquisas_e_analises_sobre_cuidados,756.0,0756,,"{'page_number': 399, 'left': 88.56, 'top': 372.0460073242187, 'right': 509.2640000000005, 'bottom': 361.28286920267175, 'coord_origin': 'BOTTOMLEFT'}",text_heuristic
da460550-267a-54bc-827a-0b2d6a2598ad,c11b9579-45d1-58de-af90-2c8b6bc73152,399,663ba855-05ad-5dd6-9882-5ea010af666f,"Entrega: 0756 - Informações, dados, pesquisas e análises sobre cuidados",Indicador: - Número de documentos produzidos e divulgados,indicador_numero_de_documentos_produzidos_e_divulgados,9686.0,9686,,"{'page_number': 399, 'left': 96.024, 'top': 322.8460073242187, 'right': 476.6600000000002, 'bottom': 312.08286920267176, 'coord_origin': 'BOTTOMLEFT'}",text_heuristic
ab840382-9059-59e0-ac24-118e831fb44d,c11b9579-45d1-58de-af90-2c8b6bc73152,399,663ba855-05ad-5dd6-9882-5ea010af666f,"Entrega: 0756 - Informações, dados, pesquisas e análises sobre cuidados",Meta prevista para 2024,meta_prevista_para_2024,2.0,2,,"{'page_number': 399, 'left': 99.744, 'top': 254.14088732421868, 'right': 224.19776, 'bottom': 245.20748268333472, 'coord_origin': 'BOTTOMLEFT'}",text_heuristic
92b04632-e83f-5092-b38a-aa869f976860,c11b9579-45d1-58de-af90-2c8b6bc73152,399,663ba855-05ad-5dd6-9882-5ea010af666f,"Entrega: 0756 - Informações, dados, pesquisas e análises sobre cuidados",Meta prevista para 2025,meta_prevista_para_2025,7.0,7,,"{'page_number': 399, 'left': 99.744, 'top': 242.6208873242187, 'right': 224.19776, 'bottom': 233.68748268333474, 'coord_origin': 'BOTTOMLEFT'}",text_heuristic
572bf4bd-69f6-5c60-84e6-484a511cca63,c11b9579-45d1-58de-af90-2c8b6bc73152,399,663ba855-05ad-5dd6-9882-5ea010af666f,"Entrega: 0756 - Informações, dados, pesquisas e análises sobre cuidados",Meta prevista para 2026,meta_prevista_para_2026,5.0,5,,"{'page_number': 399, 'left': 99.744, 'top': 231.10088732421866, 'right': 224.19776, 'bottom': 222.1674826833347, 'coord_origin': 'BOTTOMLEFT'}",text_heuristic
1f63b6c9-690a-59d2-969c-d3ddb7886b97,c11b9579-45d1-58de-af90-2c8b6bc73152,399,663ba855-05ad-5dd6-9882-5ea010af666f,"Entrega: 0756 - Informações, dados, pesquisas e análises sobre cuidados",Meta prevista para 2027,meta_prevista_para_2027,4.0,4,,"{'page_number': 399, 'left': 99.744, 'top': 219.58088732421868, 'right': 224.19776, 'bottom': 210.64748268333472, 'coord_origin': 'BOTTOMLEFT'}",text_heuristic
5a614be4-c0bd-5d2e-91bf-cc0624a0293c,c11b9579-45d1-58de-af90-2c8b6bc73152,399,5271a058-161e-58a9-84ff-e04d17468dea,Informações do Monitoramento,Quantidade alcançada,quantidade_alcancada,2.0,2,,"{'page_number': 399, 'left': 99.744, 'top': 155.35088732421866, 'right': 217.47776, 'bottom': 146.4174826833347, 'coord_origin': 'BOTTOMLEFT'}",text_heuristic
79fb3e47-607a-5750-9fc9-d06d1b7555c4,c11b9579-45d1-58de-af90-2c8b6bc73152,400,4ee79e1b-d418-5503-9797-37c88e71dcb1,PROGRAMA: 5602 - PERIFERIA VIVA,PROGRAMA: - PERIFERIA VIVA,programa_periferia_viva,5602.0,5602,,"{'page_number': 400, 'left': 51.0, 'top': 465.24112732421867, 'right': 297.4644800000001, 'bottom': 452.64825572200874, 'coord_origin': 'BOTTOMLEFT'}",text_heuristic
1d0f3edf-0333-594f-b087-e0afa2ef6598,c11b9579-45d1-58de-af90-2c8b6bc73152,400,4ee79e1b-d418-5503-9797-37c88e71dcb1,PROGRAMA: 5602 - PERIFERIA VIVA,Ministério das Cidades,ministerio_das_cidades,56000.0,56000,,"{'page_number': 400, 'left': 177.26, 'top': 360.1208873242187, 'right': 315.0142399999999, 'bottom': 351.18748268333474, 'coord_origin': 'BOTTOMLEFT'}",text_heuristic
13edfe6f-abbe-5769-bed1-eb845880a7ba,c11b9579-45d1-58de-af90-2c8b6bc73152,401,88ae049a-c9e2-594d-b2dc-a52d7acd6313,Informações do Monitoramento,Meta prevista para,meta_prevista_para,2024.0,2024,,"{'page_number': 401, 'left': 92.304, 'top': 515.6708873242187, 'right': 211.0172399999999, 'bottom': 506.73748268333475, 'coord_origin': 'BOTTOMLEFT'}",text_heuristic
fb4f6fc6-9302-5d79-8254-c3ce6aec3b94,c11b9579-45d1-58de-af90-2c8b6bc73152,401,88ae049a-c9e2-594d-b2dc-a52d7acd6313,Informações do Monitoramento,Meta prevista para 2025,meta_prevista_para_2025,2.21,"2,21",,"{'page_number': 401, 'left': 92.304, 'top': 504.2708873242187, 'right': 230.54876, 'bottom': 495.3374826833347, 'coord_origin': 'BOTTOMLEFT'}",text_heuristic
dab31117-aa4c-57fd-86a6-7607e6c46670,c11b9579-45d1-58de-af90-2c8b6bc73152,401,88ae049a-c9e2-594d-b2dc-a52d7acd6313,Informações do Monitoramento,Meta prevista para,meta_prevista_para,2026.0,2026,,"{'page_number': 401, 'left': 92.304, 'top': 492.7508873242187, 'right': 211.0172399999999, 'bottom': 483.81748268333473, 'coord_origin': 'BOTTOMLEFT'}",text_heuristic
8d826800-5c08-5165-8f57-ef8287bce6b9,c11b9579-45d1-58de-af90-2c8b6bc73152,401,88ae049a-c9e2-594d-b2dc-a52d7acd6313,Informações do Monitoramento,Meta prevista para,meta_prevista_para,2027.0,2027,,"{'page_number': 401, 'left': 92.304, 'top': 481.2308873242187, 'right': 211.0172399999999, 'bottom': 472.29748268333475, 'coord_origin': 'BOTTOMLEFT'}",text_heuristic
89efbfb7-4c4d-53c1-ba99-ea26fe56ed55,c11b9579-45d1-58de-af90-2c8b6bc73152,401,e9c5be77-a538-5adc-b396-6107462568c5,Entrega: 2077 - Mapeamento de territórios periféricos nas concentrações urbanas,Entrega: - Mapeamento de territórios periféricos nas concentrações urbanas,entrega_mapeamento_de_territorios_perifericos_nas_concentracoes_urbanas,2077.0,2077,,"{'page_number': 401, 'left': 88.56, 'top': 160.07600732421872, 'right': 555.1400000000006, 'bottom': 149.31286920267178, 'coord_origin': 'BOTTOMLEFT'}",text_heuristic
9fce8bb6-4986-5157-95ed-ea6c45812501,c11b9579-45d1-58de-af90-2c8b6bc73152,401,d134fc11-252d-5c36-8c30-b30d95361bce,Indicador: 11414 - Mapeamentos Entregues,Indicador: - Mapeamentos Entregues,indicador_mapeamentos_entregues,11414.0,11414,,"{'page_number': 401, 'left': 96.024, 'top': 110.87600732421868, 'right': 343.3400000000001, 'bottom': 100.11286920267173, 'coord_origin': 'BOTTOMLEFT'}",text_heuristic
e2261852-1a43-5bbf-9465-5c0831cef4c3,c11b9579-45d1-58de-af90-2c8b6bc73152,401,e9c5be77-a538-5adc-b396-6107462568c5,Entrega: 2077 - Mapeamento de territórios periféricos nas concentrações urbanas,Meta: L - Mapear os territórios periféricos urbanos do Brasil.,meta_l_mapear_os_territorios_perifericos_urbanos_do_brasil,66.0,066,,"{'page_number': 401, 'left': 96.024, 'top': 92.64000732421869, 'right': 461.6060000000001, 'bottom': 81.87686920267174, 'coord_origin': 'BOTTOMLEFT'}",text_heuristic
f0fdf105-2068-55bf-8bac-b12270b16ac9,c11b9579-45d1-58de-af90-2c8b6bc73152,402,1256ebd9-3135-5a9d-b88c-1acaebdadb65,Informações do Monitoramento,Meta prevista para 2024,meta_prevista_para_2024,63.0,63,,"{'page_number': 402, 'left': 99.744, 'top': 531.7508873242188, 'right': 229.71771999999999, 'bottom': 522.8174826833347, 'coord_origin': 'BOTTOMLEFT'}",text_heuristic
cc68959e-ac41-5404-b5d9-558a4710283e,c11b9579-45d1-58de-af90-2c8b6bc73152,402,1256ebd9-3135-5a9d-b88c-1acaebdadb65,Informações do Monitoramento,Meta prevista para 2025,meta_prevista_para_2025,0.0,0,,"{'page_number': 402, 'left': 99.744, 'top': 520.2308873242188, 'right': 224.19776, 'bottom': 511.29748268333475, 'coord_origin': 'BOTTOMLEFT'}",text_heuristic
750c15fc-81da-5264-8ff3-8aa6326c2114,c11b9579-45d1-58de-af90-2c8b6bc73152,402,1256ebd9-3135-5a9d-b88c-1acaebdadb65,Informações do Monitoramento,Meta prevista para 2026,meta_prevista_para_2026,0.0,0,,"{'page_number': 402, 'left': 99.744, 'top': 508.7108873242187, 'right': 224.19776, 'bottom': 499.7774826833347, 'coord_origin': 'BOTTOMLEFT'}",text_heuristic
96c14de6-9dc3-5999-9206-28ede60d9cbb,c11b9579-45d1-58de-af90-2c8b6bc73152,402,1256ebd9-3135-5a9d-b88c-1acaebdadb65,Informações do Monitoramento,Meta prevista para 2027,meta_prevista_para_2027,0.0,0,,"{'page_number': 402, 'left': 99.744, 'top': 497.1908873242187, 'right': 224.19776, 'bottom': 488.25748268333473, 'coord_origin': 'BOTTOMLEFT'}",text_heuristic
9fd41a84-33d4-5dd3-833a-b83b19434c35,c11b9579-45d1-58de-af90-2c8b6bc73152,403,09a77313-c7c1-5592-aaa1-acc92acca272,Informações do Monitoramento,Ministério das Cidades,ministerio_das_cidades,56000.0,56000,,"{'page_number': 403, 'left': 177.26, 'top': 527.1908873242188, 'right': 315.0142399999999, 'bottom': 518.2574826833347, 'coord_origin': 'BOTTOMLEFT'}",text_heuristic
720e4923-f077-5a06-99f5-5c5779241e1f,c11b9579-45d1-58de-af90-2c8b6bc73152,403,09a77313-c7c1-5592-aaa1-acc92acca272,Informações do Monitoramento,Meta: DR - Reduzir o crescimento da inadequação de domicílios,meta_dr_reduzir_o_crescimento_da_inadequacao_de_domicilios,5.0,05,,"{'page_number': 403, 'left': 88.56, 'top': 304.7260073242187, 'right': 467.2400000000003, 'bottom': 293.96286920267175, 'coord_origin': 'BOTTOMLEFT'}",text_heuristic
8902160d-34b7-5e5e-9244-d9cfd573a129,c11b9579-45d1-58de-af90-2c8b6bc73152,403,ef89ab7d-e373-5f48-800d-78fd8c2b8f94,Informações do Monitoramento,Meta prevista para,meta_prevista_para,2024.0,2024,,"{'page_number': 403, 'left': 92.304, 'top': 254.3808873242187, 'right': 211.0172399999999, 'bottom': 245.44748268333473, 'coord_origin': 'BOTTOMLEFT'}",text_heuristic
3b536dfe-0370-54aa-9b7e-4393ff96f60a,c11b9579-45d1-58de-af90-2c8b6bc73152,403,ef89ab7d-e373-5f48-800d-78fd8c2b8f94,Informações do Monitoramento,Meta prevista para,meta_prevista_para,2025.0,2025,,"{'page_number': 403, 'left': 92.304, 'top': 242.8608873242187, 'right': 211.0172399999999, 'bottom': 233.92748268333474, 'coord_origin': 'BOTTOMLEFT'}",text_heuristic
2a30b82e-f622-5e36-b2c6-8ffd8a9332cc,c11b9579-45d1-58de-af90-2c8b6bc73152,403,ef89ab7d-e373-5f48-800d-78fd8c2b8f94,Informações do Monitoramento,Meta prevista para,meta_prevista_para,2026.0,2026,,"{'page_number': 403, 'left': 92.304, 'top': 231.34088732421867, 'right': 211.0172399999999, 'bottom': 222.4074826833347, 'coord_origin': 'BOTTOMLEFT'}",text_heuristic
e430553f-a99b-5a18-a64f-46818d6954d5,c11b9579-45d1-58de-af90-2c8b6bc73152,403,ef89ab7d-e373-5f48-800d-78fd8c2b8f94,Informações do Monitoramento,Meta prevista para,meta_prevista_para,2027.0,2027,,"{'page_number': 403, 'left': 92.304, 'top': 219.8208873242187, 'right': 211.0172399999999, 'bottom': 210.88748268333472, 'coord_origin': 'BOTTOMLEFT'}",text_heuristic
06252f71-8718-547e-8437-f7e3503f984d,c11b9579-45d1-58de-af90-2c8b6bc73152,404,2aa95ccb-d2d5-5b42-bf5a-b0bc6582dd48,Entrega: 1131 - Melhorias habitacionais em periferias urbanas,Entrega: - Melhorias habitacionais em periferias urbanas,entrega_melhorias_habitacionais_em_periferias_urbanas,1131.0,1131,,"{'page_number': 404, 'left': 88.56, 'top': 391.3660073242187, 'right': 442.01600000000036, 'bottom': 380.60286920267174, 'coord_origin': 'BOTTOMLEFT'}",text_heuristic
0fb5c5f7-7a50-54f5-88ac-846e4c00f446,c11b9579-45d1-58de-af90-2c8b6bc73152,404,2aa95ccb-d2d5-5b42-bf5a-b0bc6582dd48,Entrega: 1131 - Melhorias habitacionais em periferias urbanas,Indicador: - Número de famílias atendidas com melhorias habitacionais,indicador_numero_de_familias_atendidas_com_melhorias_habitacionais,10147.0,10147,,"{'page_number': 404, 'left': 96.024, 'top': 342.1660073242187, 'right': 539.4200000000005, 'bottom': 331.40286920267175, 'coord_origin': 'BOTTOMLEFT'}",text_heuristic
77728362-1ca7-5b91-bd2c-4bfbdf33561c,c11b9579-45d1-58de-af90-2c8b6bc73152,404,2aa95ccb-d2d5-5b42-bf5a-b0bc6582dd48,Entrega: 1131 - Melhorias habitacionais em periferias urbanas,Meta: 05E - Atender famílias com melhoria habitacional em periferias urbanas,meta_05e_atender_familias_com_melhoria_habitacional_em_periferias_urbanas,4.0,4,,"{'page_number': 404, 'left': 96.024, 'top': 323.9260073242187, 'right': 545.4320000000007, 'bottom': 313.16286920267174, 'coord_origin': 'BOTTOMLEFT'}",text_heuristic
1e4852ad-85f8-51c6-a2b8-1abd02550d06,c11b9579-45d1-58de-af90-2c8b6bc73152,404,2aa95ccb-d2d5-5b42-bf5a-b0bc6582dd48,Entrega: 1131 - Melhorias habitacionais em periferias urbanas,Meta prevista para,meta_prevista_para,2024.0,2024,,"{'page_number': 404, 'left': 99.744, 'top': 273.4608873242187, 'right': 218.45723999999987, 'bottom': 264.5274826833347, 'coord_origin': 'BOTTOMLEFT'}",text_heuristic
e0947b7b-b37f-5229-aaa4-215fdead4e64,c11b9579-45d1-58de-af90-2c8b6bc73152,404,2aa95ccb-d2d5-5b42-bf5a-b0bc6582dd48,Entrega: 1131 - Melhorias habitacionais em periferias urbanas,Meta prevista para 2025,meta_prevista_para_2025,2274.0,2.274,,"{'page_number': 404, 'left': 99.744, 'top': 262.0608873242187, 'right': 243.62971999999996, 'bottom': 253.12748268333473, 'coord_origin': 'BOTTOMLEFT'}",text_heuristic
091c0c06-d76d-54de-8937-fd173716498b,c11b9579-45d1-58de-af90-2c8b6bc73152,404,2aa95ccb-d2d5-5b42-bf5a-b0bc6582dd48,Entrega: 1131 - Melhorias habitacionais em periferias urbanas,Meta prevista para 2026,meta_prevista_para_2026,4545.0,4.545,,"{'page_number': 404, 'left': 99.744, 'top': 250.54088732421872, 'right': 243.62971999999996, 'bottom': 241.60748268333475, 'coord_origin': 'BOTTOMLEFT'}",text_heuristic
b16e06fc-2123-5e64-a399-3d708036f728,c11b9579-45d1-58de-af90-2c8b6bc73152,404,2aa95ccb-d2d5-5b42-bf5a-b0bc6582dd48,Entrega: 1131 - Melhorias habitacionais em periferias urbanas,Meta prevista para,meta_prevista_para,2027.0,2027,,"{'page_number': 404, 'left': 99.744, 'top': 239.02088732421873, 'right': 218.45723999999987, 'bottom': 230.08748268333477, 'coord_origin': 'BOTTOMLEFT'}",text_heuristic
0e2854be-db53-5950-8af5-4f7c2c140e17,c11b9579-45d1-58de-af90-2c8b6bc73152,404,c5728171-9297-5c28-aa01-cb44f4939e77,Informações do Monitoramento,Quantidade alcançada,quantidade_alcancada,0.0,0,,"{'page_number': 404, 'left': 99.744, 'top': 174.70088732421868, 'right': 217.47776, 'bottom': 165.76748268333472, 'coord_origin': 'BOTTOMLEFT'}",text_heuristic
f90be0ee-9138-55d7-b33b-e01894a7f9df,c11b9579-45d1-58de-af90-2c8b6bc73152,405,e78a9af3-4291-51de-9a0e-8ad419a7d7e3,Entrega: 1136 - Regularização fundiária urbana de interesse social,Entrega: - Regularização fundiária urbana de interesse social,entrega_regularizacao_fundiaria_urbana_de_interesse_social,1136.0,1136,,"{'page_number': 405, 'left': 88.56, 'top': 366.4060073242187, 'right': 467.33600000000035, 'bottom': 355.64286920267176, 'coord_origin': 'BOTTOMLEFT'}",text_heuristic
47f166d1-cb67-5418-926e-99be302f5f18,c11b9579-45d1-58de-af90-2c8b6bc73152,405,e78a9af3-4291-51de-9a0e-8ad419a7d7e3,Entrega: 1136 - Regularização fundiária urbana de interesse social,Meta prevista para 2024,meta_prevista_para_2024,7390.0,7.390,,"{'page_number': 405, 'left': 99.744, 'top': 248.5008873242187, 'right': 243.62971999999996, 'bottom': 239.56748268333473, 'coord_origin': 'BOTTOMLEFT'}",text_heuristic
32267550-71d9-5333-b031-a29175f150d6,c11b9579-45d1-58de-af90-2c8b6bc73152,405,e78a9af3-4291-51de-9a0e-8ad419a7d7e3,Entrega: 1136 - Regularização fundiária urbana de interesse social,Meta prevista para,meta_prevista_para,2025.0,2025,,"{'page_number': 405, 'left': 99.744, 'top': 236.98088732421866, 'right': 218.45723999999987, 'bottom': 228.0474826833347, 'coord_origin': 'BOTTOMLEFT'}",text_heuristic
66304327-9e9a-57a6-b206-6327fdd3b235,c11b9579-45d1-58de-af90-2c8b6bc73152,405,e78a9af3-4291-51de-9a0e-8ad419a7d7e3,Entrega: 1136 - Regularização fundiária urbana de interesse social,Meta prevista para 2026,meta_prevista_para_2026,23168.0,23.168,,"{'page_number': 405, 'left': 99.744, 'top': 225.46088732421867, 'right': 249.15751999999995, 'bottom': 216.5274826833347, 'coord_origin': 'BOTTOMLEFT'}",text_heuristic
4b61dee1-9fd5-560e-a2a9-78803c4042fd,c11b9579-45d1-58de-af90-2c8b6bc73152,405,e78a9af3-4291-51de-9a0e-8ad419a7d7e3,Entrega: 1136 - Regularização fundiária urbana de interesse social,Meta prevista para,meta_prevista_para,2027.0,2027,,"{'page_number': 405, 'left': 99.744, 'top': 213.9408873242187, 'right': 218.45723999999987, 'bottom': 205.00748268333473, 'coord_origin': 'BOTTOMLEFT'}",text_heuristic
0dae1550-f861-59d7-bd6d-2f0fc0936ee7,c11b9579-45d1-58de-af90-2c8b6bc73152,406,e31302a9-e394-5a7a-ab92-8e958b9fc417,PROGRAMA: 5662 - MULHER VIVER SEM VIOLÊNCIA,PROGRAMA: - MULHER VIVER SEM VIOLÊNCIA,programa_mulher_viver_sem_violencia,5662.0,5662,,"{'page_number': 406, 'left': 51.0, 'top': 314.7311273242187, 'right': 406.3868000000004, 'bottom': 302.13825572200875, 'coord_origin': 'BOTTOMLEFT'}",text_heuristic
f8a92466-777d-5f8e-a52e-24a19a50081d,c11b9579-45d1-58de-af90-2c8b6bc73152,406,e31302a9-e394-5a7a-ab92-8e958b9fc417,PROGRAMA: 5662 - MULHER VIVER SEM VIOLÊNCIA,Órgão Responsável: - Ministério das Mulheres,orgao_responsavel_ministerio_das_mulheres,65000.0,65000,,"{'page_number': 406, 'left': 77.28, 'top': 182.02088732421873, 'right': 319.43647999999996, 'bottom': 173.08748268333477, 'coord_origin': 'BOTTOMLEFT'}",text_heuristic
a41a4eb8-db6d-58c5-ac12-d474f3a1a289,c11b9579-45d1-58de-af90-2c8b6bc73152,407,aa530e78-f4a2-57f0-987f-aacbb1443413,Indicador: 11374 - Número de ações de prevenção Meta: 06PI - Ações de prevenção de enfrentamento a todo tipo de violência contra as mulheres,Meta prevista para,meta_prevista_para,2024.0,2024,,"{'page_number': 407, 'left': 92.304, 'top': 121.15088732421873, 'right': 211.0172399999999, 'bottom': 112.21748268333471, 'coord_origin': 'BOTTOMLEFT'}",text_heuristic
a496fe9f-e1f1-5f5b-9315-3403593e856b,c11b9579-45d1-58de-af90-2c8b6bc73152,407,aa530e78-f4a2-57f0-987f-aacbb1443413,Indicador: 11374 - Número de ações de prevenção Meta: 06PI - Ações de prevenção de enfrentamento a todo tipo de violência contra as mulheres,Meta prevista para 2025,meta_prevista_para_2025,43.0,43,,"{'page_number': 407, 'left': 92.304, 'top': 109.63088732421869, 'right': 222.27772, 'bottom': 100.69748268333473, 'coord_origin': 'BOTTOMLEFT'}",text_heuristic
f9f8dc89-7818-57ad-b33f-e1c991b70172,c11b9579-45d1-58de-af90-2c8b6bc73152,407,aa530e78-f4a2-57f0-987f-aacbb1443413,Indicador: 11374 - Número de ações de prevenção Meta: 06PI - Ações de prevenção de enfrentamento a todo tipo de violência contra as mulheres,Meta prevista para,meta_prevista_para,2026.0,2026,,"{'page_number': 407, 'left': 92.304, 'top': 98.23488732421868, 'right': 211.0172399999999, 'bottom': 89.30148268333471, 'coord_origin': 'BOTTOMLEFT'}",text_heuristic
d98b85d7-a584-53a0-bec2-6fbfbee69f1f,c11b9579-45d1-58de-af90-2c8b6bc73152,407,aa530e78-f4a2-57f0-987f-aacbb1443413,Indicador: 11374 - Número de ações de prevenção Meta: 06PI - Ações de prevenção de enfrentamento a todo tipo de violência contra as mulheres,Meta prevista para,meta_prevista_para,2027.0,2027,,"{'page_number': 407, 'left': 92.304, 'top': 86.7148873242187, 'right': 211.0172399999999, 'bottom': 77.78148268333473, 'coord_origin': 'BOTTOMLEFT'}",text_heuristic
bcc1c682-e2b1-5e2f-86d2-c378f9a706cd,c11b9579-45d1-58de-af90-2c8b6bc73152,409,00f87654-1a0c-5214-a47d-4b6d9a84ca8d,Meta: 06D8 - Realizar ações de formação para sensibilização da sociedade.,Meta: 06D - Realizar ações de formação para sensibilização da sociedade.,meta_06d_realizar_acoes_de_formacao_para_sensibilizacao_da_sociedade,8.0,8,,"{'page_number': 409, 'left': 96.024, 'top': 547.7760073242187, 'right': 524.1440000000006, 'bottom': 537.0128692026717, 'coord_origin': 'BOTTOMLEFT'}",text_heuristic
a296966b-6b32-51ff-a54d-eaab7278de68,c11b9579-45d1-58de-af90-2c8b6bc73152,409,00f87654-1a0c-5214-a47d-4b6d9a84ca8d,Meta: 06D8 - Realizar ações de formação para sensibilização da sociedade.,Meta prevista para 2024,meta_prevista_para_2024,40.0,40,,"{'page_number': 409, 'left': 99.744, 'top': 497.4308873242187, 'right': 229.71771999999999, 'bottom': 488.49748268333474, 'coord_origin': 'BOTTOMLEFT'}",text_heuristic
5648a8a3-89c9-589a-857d-8379a25ab722,c11b9579-45d1-58de-af90-2c8b6bc73152,409,00f87654-1a0c-5214-a47d-4b6d9a84ca8d,Meta: 06D8 - Realizar ações de formação para sensibilização da sociedade.,Meta prevista para 2025,meta_prevista_para_2025,40.0,40,,"{'page_number': 409, 'left': 99.744, 'top': 485.9108873242187, 'right': 229.71771999999999, 'bottom': 476.97748268333476, 'coord_origin': 'BOTTOMLEFT'}",text_heuristic
9c45fae9-a34c-532b-917a-4a879edbc3fa,c11b9579-45d1-58de-af90-2c8b6bc73152,409,00f87654-1a0c-5214-a47d-4b6d9a84ca8d,Meta: 06D8 - Realizar ações de formação para sensibilização da sociedade.,Meta prevista para 2026,meta_prevista_para_2026,40.0,40,,"{'page_number': 409, 'left': 99.744, 'top': 474.3908873242187, 'right': 229.71771999999999, 'bottom': 465.4574826833347, 'coord_origin': 'BOTTOMLEFT'}",text_heuristic
0a324f16-f8b2-57b4-bb0d-6b9736775034,c11b9579-45d1-58de-af90-2c8b6bc73152,409,00f87654-1a0c-5214-a47d-4b6d9a84ca8d,Meta: 06D8 - Realizar ações de formação para sensibilização da sociedade.,Meta prevista para,meta_prevista_para,2027.0,2027,,"{'page_number': 409, 'left': 99.744, 'top': 462.8708873242187, 'right': 218.45723999999987, 'bottom': 453.93748268333474, 'coord_origin': 'BOTTOMLEFT'}",text_heuristic
6f2edcf7-cb83-5ee5-ab28-a9ce30c62c0d,c11b9579-45d1-58de-af90-2c8b6bc73152,409,7a9d355b-caa1-560c-9575-d43d16d6d778,Informações do Monitoramento,Quantidade alcançada,quantidade_alcancada,40.0,40,,"{'page_number': 409, 'left': 99.744, 'top': 398.6408873242187, 'right': 223.11751999999998, 'bottom': 389.7074826833347, 'coord_origin': 'BOTTOMLEFT'}",text_heuristic
c85d167a-3332-5eaf-bf07-15a612146ea7,c11b9579-45d1-58de-af90-2c8b6bc73152,411,f036dcbb-e29f-5f0a-8d32-e0109d7f2273,Quantitativa::,Indicador: - Número de Campanhas,indicador_numero_de_campanhas,10327.0,10327,,"{'page_number': 411, 'left': 96.024, 'top': 215.30600732421868, 'right': 335.42000000000013, 'bottom': 204.54286920267174, 'coord_origin': 'BOTTOMLEFT'}",text_heuristic
ad929f4b-ecf1-52f6-bc39-cb5106822db4,c11b9579-45d1-58de-af90-2c8b6bc73152,411,f036dcbb-e29f-5f0a-8d32-e0109d7f2273,Quantitativa::,Meta prevista para 2024,meta_prevista_para_2024,1.0,1,,"{'page_number': 411, 'left': 99.744, 'top': 132.91088732421872, 'right': 224.19776, 'bottom': 123.9774826833347, 'coord_origin': 'BOTTOMLEFT'}",text_heuristic
aa8de27c-5015-5aa1-891e-ecd614e40161,c11b9579-45d1-58de-af90-2c8b6bc73152,411,f036dcbb-e29f-5f0a-8d32-e0109d7f2273,Quantitativa::,Meta prevista para 2025,meta_prevista_para_2025,0.0,0,,"{'page_number': 411, 'left': 99.744, 'top': 121.39088732421868, 'right': 224.19776, 'bottom': 112.45748268333472, 'coord_origin': 'BOTTOMLEFT'}",text_heuristic
f423d7fd-a632-5e04-9acb-cb59b03a4cfe,c11b9579-45d1-58de-af90-2c8b6bc73152,411,f036dcbb-e29f-5f0a-8d32-e0109d7f2273,Quantitativa::,Meta prevista para 2026,meta_prevista_para_2026,1.0,1,,"{'page_number': 411, 'left': 99.744, 'top': 109.8708873242187, 'right': 224.19776, 'bottom': 100.93748268333474, 'coord_origin': 'BOTTOMLEFT'}",text_heuristic
ec25bb42-f297-50cf-a3ca-6914a92cd807,c11b9579-45d1-58de-af90-2c8b6bc73152,411,f036dcbb-e29f-5f0a-8d32-e0109d7f2273,Quantitativa::,Meta prevista para 2027,meta_prevista_para_2027,2.0,2,,"{'page_number': 411, 'left': 99.744, 'top': 98.35488732421868, 'right': 224.19776, 'bottom': 89.42148268333472, 'coord_origin': 'BOTTOMLEFT'}",text_heuristic
498cc38c-aa81-590b-bcad-d7e46d409905,c11b9579-45d1-58de-af90-2c8b6bc73152,412,bc9deb36-976f-52d0-a82b-e20c1a635df4,Informações do Monitoramento,Quantidade alcançada,quantidade_alcancada,3.0,3,,"{'page_number': 412, 'left': 99.744, 'top': 543.2908873242187, 'right': 217.47776, 'bottom': 534.3574826833346, 'coord_origin': 'BOTTOMLEFT'}",text_heuristic
2143bb1f-98e5-5209-9bef-ff216d2d4fd6,c11b9579-45d1-58de-af90-2c8b6bc73152,412,bc9deb36-976f-52d0-a82b-e20c1a635df4,Informações do Monitoramento,Indicador: - Número de Materiais Informativos,indicador_numero_de_materiais_informativos,10337.0,10337,,"{'page_number': 412, 'left': 96.024, 'top': 300.5260073242187, 'right': 394.6880000000002, 'bottom': 289.76286920267177, 'coord_origin': 'BOTTOMLEFT'}",text_heuristic
b3ce7129-7cef-552f-9f03-34ba503f2b2d,c11b9579-45d1-58de-af90-2c8b6bc73152,412,bc9deb36-976f-52d0-a82b-e20c1a635df4,Informações do Monitoramento,Meta: DD - Cartilhas vídeos produzidos,meta_dd_cartilhas_videos_produzidos,6.0,06,,"{'page_number': 412, 'left': 96.024, 'top': 282.1460073242187, 'right': 332.882, 'bottom': 271.38286920267177, 'coord_origin': 'BOTTOMLEFT'}",text_heuristic
9b2c6813-0272-5b27-90bb-8d8aa34f36f4,c11b9579-45d1-58de-af90-2c8b6bc73152,412,bc9deb36-976f-52d0-a82b-e20c1a635df4,Informações do Monitoramento,Meta prevista para 2024,meta_prevista_para_2024,3.0,3,,"{'page_number': 412, 'left': 99.744, 'top': 231.8208873242187, 'right': 224.19776, 'bottom': 222.88748268333472, 'coord_origin': 'BOTTOMLEFT'}",text_heuristic
f221604f-4f07-516b-83ae-3c1dcdec015b,c11b9579-45d1-58de-af90-2c8b6bc73152,412,bc9deb36-976f-52d0-a82b-e20c1a635df4,Informações do Monitoramento,Meta prevista para 2025,meta_prevista_para_2025,3.0,3,,"{'page_number': 412, 'left': 99.744, 'top': 220.3008873242187, 'right': 224.19776, 'bottom': 211.36748268333474, 'coord_origin': 'BOTTOMLEFT'}",text_heuristic
9b923bf8-ab49-5475-8ba7-0a7bd09a6411,c11b9579-45d1-58de-af90-2c8b6bc73152,412,bc9deb36-976f-52d0-a82b-e20c1a635df4,Informações do Monitoramento,Meta prevista para 2026,meta_prevista_para_2026,3.0,3,,"{'page_number': 412, 'left': 99.744, 'top': 208.78088732421872, 'right': 224.19776, 'bottom': 199.84748268333476, 'coord_origin': 'BOTTOMLEFT'}",text_heuristic
a16c5980-6cee-58b3-a0f9-47d310392054,c11b9579-45d1-58de-af90-2c8b6bc73152,412,bc9deb36-976f-52d0-a82b-e20c1a635df4,Informações do Monitoramento,Meta prevista para,meta_prevista_para,2027.0,2027,,"{'page_number': 412, 'left': 99.744, 'top': 197.2608873242187, 'right': 218.45723999999987, 'bottom': 188.32748268333472, 'coord_origin': 'BOTTOMLEFT'}",text_heuristic
2ba7891d-4d4b-56b1-ab5c-598c9d96a367,c11b9579-45d1-58de-af90-2c8b6bc73152,412,bc9deb36-976f-52d0-a82b-e20c1a635df4,Informações do Monitoramento,Quantidade alcançada,quantidade_alcancada,3.0,3,,"{'page_number': 412, 'left': 99.744, 'top': 133.03088732421872, 'right': 217.47776, 'bottom': 124.0974826833347, 'coord_origin': 'BOTTOMLEFT'}",text_heuristic
035b5b59-b77d-5a41-93ed-fcc293989bd3,c11b9579-45d1-58de-af90-2c8b6bc73152,413,9c93dd4a-69f3-5fc8-8b07-4d7cf253df9d,Medida Institucional Normativa: 0506 - Ato normativo de criação da Política Nacional de Prevenção à Violência contra Mulheres Indígenas.,Ministério das Mulheres,ministerio_das_mulheres,65000.0,65000,,"{'page_number': 413, 'left': 192.26, 'top': 349.6808873242187, 'right': 334.43647999999996, 'bottom': 340.74748268333474, 'coord_origin': 'BOTTOMLEFT'}",text_heuristic
e2ced322-4455-5178-a8c5-b373e1cd8815,c11b9579-45d1-58de-af90-2c8b6bc73152,414,60500cc5-9f66-597f-914e-9ad75c6dca34,Indicador: 11499 - Unidades de Atendimentos às Mulheres Vítimas de Violência criadas,Ministério das Mulheres,ministerio_das_mulheres,65000.0,65000,,"{'page_number': 414, 'left': 192.26, 'top': 548.2108873242188, 'right': 334.43647999999996, 'bottom': 539.2774826833347, 'coord_origin': 'BOTTOMLEFT'}",text_heuristic
e997c907-3281-523d-ac9b-e074f3ae776a,c11b9579-45d1-58de-af90-2c8b6bc73152,414,60500cc5-9f66-597f-914e-9ad75c6dca34,Indicador: 11499 - Unidades de Atendimentos às Mulheres Vítimas de Violência criadas,Ministério das Mulheres,ministerio_das_mulheres,65000.0,65000,,"{'page_number': 414, 'left': 177.26, 'top': 323.5208873242187, 'right': 319.43647999999996, 'bottom': 314.5874826833347, 'coord_origin': 'BOTTOMLEFT'}",text_heuristic
04261bbf-0464-5b99-8fb3-65095ae76f30,c11b9579-45d1-58de-af90-2c8b6bc73152,414,60500cc5-9f66-597f-914e-9ad75c6dca34,Indicador: 11499 - Unidades de Atendimentos às Mulheres Vítimas de Violência criadas,Meta: - Unidades de atendimentos criadas,meta_unidades_de_atendimentos_criadas,741.0,0741,,"{'page_number': 414, 'left': 88.56, 'top': 158.51600732421866, 'right': 358.65200000000016, 'bottom': 147.75286920267172, 'coord_origin': 'BOTTOMLEFT'}",text_heuristic
23d3cb5c-8023-5170-9114-31890033d1e0,c11b9579-45d1-58de-af90-2c8b6bc73152,414,60500cc5-9f66-597f-914e-9ad75c6dca34,Indicador: 11499 - Unidades de Atendimentos às Mulheres Vítimas de Violência criadas,Meta prevista para 2024,meta_prevista_para_2024,20.0,20,,"{'page_number': 414, 'left': 92.304, 'top': 108.19088732421869, 'right': 222.27772, 'bottom': 99.25748268333473, 'coord_origin': 'BOTTOMLEFT'}",text_heuristic
c7b7df63-916b-58e8-b3f6-9819b7e41d87,c11b9579-45d1-58de-af90-2c8b6bc73152,414,60500cc5-9f66-597f-914e-9ad75c6dca34,Indicador: 11499 - Unidades de Atendimentos às Mulheres Vítimas de Violência criadas,Meta prevista para,meta_prevista_para,2025.0,2025,,"{'page_number': 414, 'left': 92.304, 'top': 96.67488732421873, 'right': 211.0172399999999, 'bottom': 87.74148268333471, 'coord_origin': 'BOTTOMLEFT'}",text_heuristic
f46b0c1d-5213-5b53-97c8-6ff30b780008,c11b9579-45d1-58de-af90-2c8b6bc73152,414,60500cc5-9f66-597f-914e-9ad75c6dca34,Indicador: 11499 - Unidades de Atendimentos às Mulheres Vítimas de Violência criadas,Meta prevista para 2026,meta_prevista_para_2026,35.0,35,,"{'page_number': 414, 'left': 92.304, 'top': 85.15488732421869, 'right': 222.27772, 'bottom': 76.22148268333467, 'coord_origin': 'BOTTOMLEFT'}",text_heuristic
45970f52-4e92-592a-aca9-1a49c8fe5b92,c11b9579-45d1-58de-af90-2c8b6bc73152,414,60500cc5-9f66-597f-914e-9ad75c6dca34,Indicador: 11499 - Unidades de Atendimentos às Mulheres Vítimas de Violência criadas,Meta prevista para,meta_prevista_para,2027.0,2027,,"{'page_number': 414, 'left': 92.304, 'top': 73.63488732421865, 'right': 211.0172399999999, 'bottom': 64.70148268333469, 'coord_origin': 'BOTTOMLEFT'}",text_heuristic
377cdc8f-5b4e-5e44-bd73-bed50e7acd31,c11b9579-45d1-58de-af90-2c8b6bc73152,415,f97902d5-ed34-500d-b212-b7a261582cca,Entrega: 0178 - Atendimento Qualificado e Humanizado pelo Ligue 180.,Entrega: 0178 - Atendimento Qualificado e Humanizado pelo Ligue,entrega_0178_atendimento_qualificado_e_humanizado_pelo_ligue,180.0,180.,,"{'page_number': 415, 'left': 88.56, 'top': 243.62600732421868, 'right': 494.7140000000002, 'bottom': 232.86286920267173, 'coord_origin': 'BOTTOMLEFT'}",text_heuristic
6480465f-c2a3-5f30-ac22-229994e6e41e,c11b9579-45d1-58de-af90-2c8b6bc73152,415,f97902d5-ed34-500d-b212-b7a261582cca,Entrega: 0178 - Atendimento Qualificado e Humanizado pelo Ligue 180.,Indicador: - Aumento de Atendimentos Humanizados Realizados,indicador_aumento_de_atendimentos_humanizados_realizados,10392.0,10392,,"{'page_number': 415, 'left': 96.024, 'top': 194.4260073242187, 'right': 501.3680000000002, 'bottom': 183.66286920267174, 'coord_origin': 'BOTTOMLEFT'}",text_heuristic
813f7e6c-4cf5-59d8-8b17-32bd55c68c9e,c11b9579-45d1-58de-af90-2c8b6bc73152,415,f97902d5-ed34-500d-b212-b7a261582cca,Entrega: 0178 - Atendimento Qualificado e Humanizado pelo Ligue 180.,Meta: 06NZ - aumentar em os atendimentos realizados,meta_06nz_aumentar_em_os_atendimentos_realizados,100.0,100%,percent,"{'page_number': 415, 'left': 96.024, 'top': 176.06600732421873, 'right': 440.1200000000003, 'bottom': 165.3028692026718, 'coord_origin': 'BOTTOMLEFT'}",text_heuristic
7f5c2771-0010-5097-868b-f4057cc6e9ab,c11b9579-45d1-58de-af90-2c8b6bc73152,415,f97902d5-ed34-500d-b212-b7a261582cca,Entrega: 0178 - Atendimento Qualificado e Humanizado pelo Ligue 180.,Meta prevista para 2024,meta_prevista_para_2024,15.0,15,,"{'page_number': 415, 'left': 99.744, 'top': 125.71088732421867, 'right': 229.71771999999999, 'bottom': 116.77748268333471, 'coord_origin': 'BOTTOMLEFT'}",text_heuristic
726e30a6-b5db-5747-9bdf-1e2fd077efaa,c11b9579-45d1-58de-af90-2c8b6bc73152,415,f97902d5-ed34-500d-b212-b7a261582cca,Entrega: 0178 - Atendimento Qualificado e Humanizado pelo Ligue 180.,Meta prevista para 2025,meta_prevista_para_2025,30.0,30,,"{'page_number': 415, 'left': 99.744, 'top': 114.19088732421869, 'right': 229.71771999999999, 'bottom': 105.25748268333473, 'coord_origin': 'BOTTOMLEFT'}",text_heuristic
1e1935ca-b207-5602-9b5e-7f22343cc95d,c11b9579-45d1-58de-af90-2c8b6bc73152,415,f97902d5-ed34-500d-b212-b7a261582cca,Entrega: 0178 - Atendimento Qualificado e Humanizado pelo Ligue 180.,Meta prevista para 2026,meta_prevista_para_2026,30.0,30,,"{'page_number': 415, 'left': 99.744, 'top': 102.79488732421868, 'right': 229.71771999999999, 'bottom': 93.86148268333471, 'coord_origin': 'BOTTOMLEFT'}",text_heuristic
5f2161e8-73b8-5128-bb59-183797592b4b,c11b9579-45d1-58de-af90-2c8b6bc73152,415,f97902d5-ed34-500d-b212-b7a261582cca,Entrega: 0178 - Atendimento Qualificado e Humanizado pelo Ligue 180.,Meta prevista para,meta_prevista_para,2027.0,2027,,"{'page_number': 415, 'left': 99.744, 'top': 91.2748873242187, 'right': 218.45723999999987, 'bottom': 82.34148268333468, 'coord_origin': 'BOTTOMLEFT'}",text_heuristic
7878e8b4-a3f1-5af0-a445-ae12c8eccd62,c11b9579-45d1-58de-af90-2c8b6bc73152,416,5ca4d1c3-0e6f-5031-9f4a-30149f728a25,Informações do Monitoramento,Indicador: - Número de Ações de Qualificação,indicador_numero_de_acoes_de_qualificacao,10401.0,10401,,"{'page_number': 416, 'left': 96.024, 'top': 284.4260073242187, 'right': 395.52200000000016, 'bottom': 273.66286920267174, 'coord_origin': 'BOTTOMLEFT'}",text_heuristic
29111c21-4460-5741-a4ba-ce9ad84165f6,c11b9579-45d1-58de-af90-2c8b6bc73152,416,5ca4d1c3-0e6f-5031-9f4a-30149f728a25,Informações do Monitoramento,Meta: TW - Ação de Qualificação realizada,meta_tw_acao_de_qualificacao_realizada,6.0,06,,"{'page_number': 416, 'left': 96.024, 'top': 266.1860073242187, 'right': 349.30400000000026, 'bottom': 255.42286920267173, 'coord_origin': 'BOTTOMLEFT'}",text_heuristic
51e13350-d03d-53e3-87d8-772873d3b93a,c11b9579-45d1-58de-af90-2c8b6bc73152,416,5ca4d1c3-0e6f-5031-9f4a-30149f728a25,Informações do Monitoramento,Meta prevista para 2024,meta_prevista_para_2024,10.0,10,,"{'page_number': 416, 'left': 99.744, 'top': 215.8608873242187, 'right': 229.71771999999999, 'bottom': 206.92748268333474, 'coord_origin': 'BOTTOMLEFT'}",text_heuristic
b0440693-fd0f-5158-b267-e49ac9f8de64,c11b9579-45d1-58de-af90-2c8b6bc73152,416,5ca4d1c3-0e6f-5031-9f4a-30149f728a25,Informações do Monitoramento,Meta prevista para 2025,meta_prevista_para_2025,10.0,10,,"{'page_number': 416, 'left': 99.744, 'top': 204.34088732421867, 'right': 229.71771999999999, 'bottom': 195.4074826833347, 'coord_origin': 'BOTTOMLEFT'}",text_heuristic
d838e636-feb8-516a-9024-b03462c386de,c11b9579-45d1-58de-af90-2c8b6bc73152,416,5ca4d1c3-0e6f-5031-9f4a-30149f728a25,Informações do Monitoramento,Meta prevista para 2026,meta_prevista_para_2026,10.0,10,,"{'page_number': 416, 'left': 99.744, 'top': 192.8208873242187, 'right': 229.71771999999999, 'bottom': 183.88748268333472, 'coord_origin': 'BOTTOMLEFT'}",text_heuristic
e1dc88fe-12a6-559a-bb9b-f5d5448d4fc1,c11b9579-45d1-58de-af90-2c8b6bc73152,416,5ca4d1c3-0e6f-5031-9f4a-30149f728a25,Informações do Monitoramento,Meta prevista para 2027,meta_prevista_para_2027,10.0,10,,"{'page_number': 416, 'left': 99.744, 'top': 181.3008873242187, 'right': 229.71771999999999, 'bottom': 172.36748268333474, 'coord_origin': 'BOTTOMLEFT'}",text_heuristic
2725f892-e20f-5a19-b86b-7e0b0cdefe8d,c11b9579-45d1-58de-af90-2c8b6bc73152,416,9a59f1e7-a754-508e-9001-5c9001510097,Informações do Monitoramento,Quantidade alcançada,quantidade_alcancada,10.0,10,,"{'page_number': 416, 'left': 99.744, 'top': 116.95088732421868, 'right': 223.11751999999998, 'bottom': 108.01748268333472, 'coord_origin': 'BOTTOMLEFT'}",text_heuristic
318a32b3-d830-5ad0-ba83-ab46ce1e0294,c11b9579-45d1-58de-af90-2c8b6bc73152,417,0ee09550-4a47-56a9-958b-7af1720b2196,Regionalizações da Meta,Indicador: - Números de Unidades de Atendimentos Móveis,indicador_numeros_de_unidades_de_atendimentos_moveis,10403.0,10403,,"{'page_number': 417, 'left': 96.024, 'top': 159.11600732421869, 'right': 472.6520000000002, 'bottom': 148.35286920267174, 'coord_origin': 'BOTTOMLEFT'}",text_heuristic
1960f835-fd6d-5134-bd5b-2495bd968b66,c11b9579-45d1-58de-af90-2c8b6bc73152,417,0ee09550-4a47-56a9-958b-7af1720b2196,Regionalizações da Meta,Meta: UV - Unidades Móveis entregues,meta_uv_unidades_moveis_entregues,6.0,06,,"{'page_number': 417, 'left': 96.024, 'top': 140.75600732421867, 'right': 330.0200000000001, 'bottom': 129.99286920267173, 'coord_origin': 'BOTTOMLEFT'}",text_heuristic
52ac4102-15ec-57ab-8d1d-dadfe93daf80,c11b9579-45d1-58de-af90-2c8b6bc73152,417,0ee09550-4a47-56a9-958b-7af1720b2196,Regionalizações da Meta,Meta prevista para 2024,meta_prevista_para_2024,10.0,10,,"{'page_number': 417, 'left': 99.744, 'top': 90.43488732421872, 'right': 229.71771999999999, 'bottom': 81.50148268333476, 'coord_origin': 'BOTTOMLEFT'}",text_heuristic
61ad8719-9326-5f69-a06d-f326b8790580,c11b9579-45d1-58de-af90-2c8b6bc73152,417,0ee09550-4a47-56a9-958b-7af1720b2196,Regionalizações da Meta,Meta prevista para 2025,meta_prevista_para_2025,10.0,10,,"{'page_number': 417, 'left': 99.744, 'top': 78.91488732421874, 'right': 229.71771999999999, 'bottom': 69.98148268333466, 'coord_origin': 'BOTTOMLEFT'}",text_heuristic
1810777f-a6b2-59c5-a9df-c9cab6f70443,c11b9579-45d1-58de-af90-2c8b6bc73152,418,8ac3712b-a046-5108-99a6-914f53111f85,Informações do Monitoramento,Meta prevista para,meta_prevista_para,2026.0,2026,,"{'page_number': 418, 'left': 99.744, 'top': 548.2108873242188, 'right': 218.45723999999987, 'bottom': 539.2774826833347, 'coord_origin': 'BOTTOMLEFT'}",text_heuristic
2ab8dbe8-e24e-52b9-bef2-34b4cdd80f75,c11b9579-45d1-58de-af90-2c8b6bc73152,418,8ac3712b-a046-5108-99a6-914f53111f85,Informações do Monitoramento,Meta prevista para,meta_prevista_para,2027.0,2027,,"{'page_number': 418, 'left': 99.744, 'top': 536.6708873242187, 'right': 218.45723999999987, 'bottom': 527.7374826833346, 'coord_origin': 'BOTTOMLEFT'}",text_heuristic
1f60d619-cc1c-5ec6-8076-a20072cf37ff,c11b9579-45d1-58de-af90-2c8b6bc73152,419,6658e1bc-d379-58c5-801e-85949ceb2868,PROGRAMA: 5803 - JUVENTUDE NEGRA VIVA,Ministério da Igualdade Racial,ministerio_da_igualdade_racial,67000.0,67000,,"{'page_number': 419, 'left': 177.26, 'top': 531.7508873242188, 'right': 347.82247999999987, 'bottom': 522.8174826833347, 'coord_origin': 'BOTTOMLEFT'}",text_heuristic
bc56bb64-c6f1-593c-99e1-0c656acd494b,c11b9579-45d1-58de-af90-2c8b6bc73152,419,6658e1bc-d379-58c5-801e-85949ceb2868,PROGRAMA: 5803 - JUVENTUDE NEGRA VIVA,PROGRAMA: - JUVENTUDE NEGRA VIVA,programa_juventude_negra_viva,5803.0,5803,,"{'page_number': 419, 'left': 51.0, 'top': 321.81112732421866, 'right': 362.3152400000002, 'bottom': 309.21825572200873, 'coord_origin': 'BOTTOMLEFT'}",text_heuristic
2c4d021c-f8b5-5b73-b91d-f54f1c9887df,c11b9579-45d1-58de-af90-2c8b6bc73152,419,6658e1bc-d379-58c5-801e-85949ceb2868,PROGRAMA: 5803 - JUVENTUDE NEGRA VIVA,Objetivo: - Ampliar o acesso da juventude negra a direitos fundamentais.,objetivo_ampliar_o_acesso_da_juventude_negra_a_direitos_fundamentais,1298.0,1298,,"{'page_number': 419, 'left': 51.0, 'top': 301.4860073242187, 'right': 497.8040000000003, 'bottom': 290.72286920267175, 'coord_origin': 'BOTTOMLEFT'}",text_heuristic
94208a39-036a-500e-b714-9eddc625964b,c11b9579-45d1-58de-af90-2c8b6bc73152,419,6658e1bc-d379-58c5-801e-85949ceb2868,PROGRAMA: 5803 - JUVENTUDE NEGRA VIVA,Objetivo Específico: - Promover a Saúde da Juventude Negra,objetivo_especifico_promover_a_saude_da_juventude_negra,206.0,0206,,"{'page_number': 419, 'left': 73.56, 'top': 283.2260073242187, 'right': 452.98400000000026, 'bottom': 272.46286920267175, 'coord_origin': 'BOTTOMLEFT'}",text_heuristic
1ee55f30-b727-5900-a281-a9129dd88cec,c11b9579-45d1-58de-af90-2c8b6bc73152,419,6658e1bc-d379-58c5-801e-85949ceb2868,PROGRAMA: 5803 - JUVENTUDE NEGRA VIVA,Ministério da Igualdade Racial,ministerio_da_igualdade_racial,67000.0,67000,,"{'page_number': 419, 'left': 177.26, 'top': 244.3008873242187, 'right': 347.82247999999987, 'bottom': 235.36748268333474, 'coord_origin': 'BOTTOMLEFT'}",text_heuristic
bda65e01-306f-5b67-9be7-bad19dc3be5c,c11b9579-45d1-58de-af90-2c8b6bc73152,420,80b70ea0-21fc-55dc-b332-770b03bba08b,Informações do Monitoramento,Meta prevista para 2024,meta_prevista_para_2024,41.0,41,,"{'page_number': 420, 'left': 92.304, 'top': 483.6308873242187, 'right': 222.27772, 'bottom': 474.6974826833347, 'coord_origin': 'BOTTOMLEFT'}",text_heuristic
7fea759c-493d-52b1-9af6-652ed8a5f281,c11b9579-45d1-58de-af90-2c8b6bc73152,420,80b70ea0-21fc-55dc-b332-770b03bba08b,Informações do Monitoramento,Meta prevista para 2025,meta_prevista_para_2025,50.0,50,,"{'page_number': 420, 'left': 92.304, 'top': 472.1108873242187, 'right': 222.27772, 'bottom': 463.17748268333474, 'coord_origin': 'BOTTOMLEFT'}",text_heuristic
abe8048a-72cb-5030-8e23-2f716b9737c0,c11b9579-45d1-58de-af90-2c8b6bc73152,420,80b70ea0-21fc-55dc-b332-770b03bba08b,Informações do Monitoramento,Meta prevista para 2026,meta_prevista_para_2026,55.0,55,,"{'page_number': 420, 'left': 92.304, 'top': 460.59088732421867, 'right': 222.27772, 'bottom': 451.6574826833347, 'coord_origin': 'BOTTOMLEFT'}",text_heuristic
64729534-ba8d-5577-bd9c-d27d376eb35c,c11b9579-45d1-58de-af90-2c8b6bc73152,420,80b70ea0-21fc-55dc-b332-770b03bba08b,Informações do Monitoramento,Meta prevista para,meta_prevista_para,2027.0,2027,,"{'page_number': 420, 'left': 92.304, 'top': 449.0708873242187, 'right': 211.0172399999999, 'bottom': 440.1374826833347, 'coord_origin': 'BOTTOMLEFT'}",text_heuristic
09b2e6cf-8dae-51be-9294-32013358508f,c11b9579-45d1-58de-af90-2c8b6bc73152,420,80b70ea0-21fc-55dc-b332-770b03bba08b,Informações do Monitoramento,Quantidade alcançada,quantidade_alcancada,41.0,41,,"{'page_number': 420, 'left': 92.304, 'top': 384.84088732421867, 'right': 215.67752, 'bottom': 375.9074826833347, 'coord_origin': 'BOTTOMLEFT'}",text_heuristic
47a517d8-ac66-57ca-a495-0b3a1abf763f,c11b9579-45d1-58de-af90-2c8b6bc73152,420,c8059713-fcee-581f-ab73-b9c7292c77fc,Informações do Monitoramento,Indicador: - Distribuição de documento publicado,indicador_distribuicao_de_documento_publicado,9253.0,9253,,"{'page_number': 420, 'left': 96.024, 'top': 239.4260073242187, 'right': 409.36400000000015, 'bottom': 228.66286920267174, 'coord_origin': 'BOTTOMLEFT'}",text_heuristic
44eba044-2bbf-582c-ad6b-108a93a40fd4,c11b9579-45d1-58de-af90-2c8b6bc73152,420,c8059713-fcee-581f-ab73-b9c7292c77fc,Informações do Monitoramento,Meta: VT - Distribuição do documento técnico nos municípios prioritários,meta_vt_distribuicao_do_documento_tecnico_nos_municipios_prioritarios,6.0,06,,"{'page_number': 420, 'left': 96.024, 'top': 221.06600732421873, 'right': 528.6560000000003, 'bottom': 210.3028692026718, 'coord_origin': 'BOTTOMLEFT'}",text_heuristic
2248a03b-8a5e-5c97-8381-041adabc384b,c11b9579-45d1-58de-af90-2c8b6bc73152,420,80b70ea0-21fc-55dc-b332-770b03bba08b,Informações do Monitoramento,Meta prevista para 2024,meta_prevista_para_2024,40.0,40,,"{'page_number': 420, 'left': 99.744, 'top': 170.7408873242187, 'right': 229.71771999999999, 'bottom': 161.80748268333474, 'coord_origin': 'BOTTOMLEFT'}",text_heuristic
6fe86d45-5121-5370-be88-6bda70c65ce1,c11b9579-45d1-58de-af90-2c8b6bc73152,420,80b70ea0-21fc-55dc-b332-770b03bba08b,Informações do Monitoramento,Meta prevista para 2025,meta_prevista_para_2025,43.0,43,,"{'page_number': 420, 'left': 99.744, 'top': 159.1908873242187, 'right': 229.71771999999999, 'bottom': 150.25748268333473, 'coord_origin': 'BOTTOMLEFT'}",text_heuristic
399a130f-bce5-5129-85d5-9983b827bee5,c11b9579-45d1-58de-af90-2c8b6bc73152,420,80b70ea0-21fc-55dc-b332-770b03bba08b,Informações do Monitoramento,Meta prevista para 2026,meta_prevista_para_2026,41.0,41,,"{'page_number': 420, 'left': 99.744, 'top': 147.6708873242187, 'right': 229.71771999999999, 'bottom': 138.73748268333475, 'coord_origin': 'BOTTOMLEFT'}",text_heuristic
51d2d751-fd53-570b-b195-088941804baa,c11b9579-45d1-58de-af90-2c8b6bc73152,420,80b70ea0-21fc-55dc-b332-770b03bba08b,Informações do Monitoramento,Meta prevista para 2027,meta_prevista_para_2027,39.0,39,,"{'page_number': 420, 'left': 99.744, 'top': 136.15088732421873, 'right': 229.71771999999999, 'bottom': 127.21748268333471, 'coord_origin': 'BOTTOMLEFT'}",text_heuristic
bd9695c0-1b76-5965-aac2-6d672920f165,c11b9579-45d1-58de-af90-2c8b6bc73152,420,c8059713-fcee-581f-ab73-b9c7292c77fc,Informações do Monitoramento,Quantidade alcançada,quantidade_alcancada,40.0,40,,"{'page_number': 420, 'left': 99.744, 'top': 71.9548873242187, 'right': 223.11751999999998, 'bottom': 63.02148268333474, 'coord_origin': 'BOTTOMLEFT'}",text_heuristic
c45d36e2-6e44-52fb-a871-0b067a9e54aa,c11b9579-45d1-58de-af90-2c8b6bc73152,421,ff6ffbab-0b9a-50ee-9845-cb20992358f5,Objetivo Específico: 0207 - Territorializar a atenção aos Direitos Humanos para a Juventude Negra em territórios periféricos Informações básicas,Órgão Responsável: - Ministério dos Direitos Humanos e da Cidadania,orgao_responsavel_ministerio_dos_direitos_humanos_e_da_cidadania,81000.0,81000,,"{'page_number': 421, 'left': 77.28, 'top': 252.58088732421868, 'right': 427.7614399999999, 'bottom': 243.64748268333472, 'coord_origin': 'BOTTOMLEFT'}",text_heuristic
89fde09a-7b4f-5210-bd1b-b53ab627e4e9,c11b9579-45d1-58de-af90-2c8b6bc73152,422,c8e4d7fb-aed2-535b-9756-99a546fc003b,Informações do Monitoramento,Meta prevista para,meta_prevista_para,2024.0,2024,,"{'page_number': 422, 'left': 92.304, 'top': 277.5408873242187, 'right': 211.0172399999999, 'bottom': 268.60748268333475, 'coord_origin': 'BOTTOMLEFT'}",text_heuristic
f2f392c9-a10c-549b-9d72-1054c9b30c62,c11b9579-45d1-58de-af90-2c8b6bc73152,422,c8e4d7fb-aed2-535b-9756-99a546fc003b,Informações do Monitoramento,Meta prevista para 2025,meta_prevista_para_2025,40.0,40,,"{'page_number': 422, 'left': 92.304, 'top': 266.1408873242187, 'right': 222.27772, 'bottom': 257.2074826833347, 'coord_origin': 'BOTTOMLEFT'}",text_heuristic
b9aa8d63-b46f-5ae9-abe7-cba6c35b852b,c11b9579-45d1-58de-af90-2c8b6bc73152,422,c8e4d7fb-aed2-535b-9756-99a546fc003b,Informações do Monitoramento,Meta prevista para 2026,meta_prevista_para_2026,40.0,40,,"{'page_number': 422, 'left': 92.304, 'top': 254.6208873242187, 'right': 222.27772, 'bottom': 245.68748268333474, 'coord_origin': 'BOTTOMLEFT'}",text_heuristic
d402e5fc-3060-5b14-8823-67df65366ac5,c11b9579-45d1-58de-af90-2c8b6bc73152,422,c8e4d7fb-aed2-535b-9756-99a546fc003b,Informações do Monitoramento,Meta prevista para,meta_prevista_para,2027.0,2027,,"{'page_number': 422, 'left': 92.304, 'top': 243.10088732421866, 'right': 211.0172399999999, 'bottom': 234.1674826833347, 'coord_origin': 'BOTTOMLEFT'}",text_heuristic
8b6861d0-a372-5e4b-8d27-12d498e886a5,c11b9579-45d1-58de-af90-2c8b6bc73152,422,c8e4d7fb-aed2-535b-9756-99a546fc003b,Informações do Monitoramento,Quantidade alcançada,quantidade_alcancada,0.0,0,,"{'page_number': 422, 'left': 92.304, 'top': 178.78088732421872, 'right': 210.03776, 'bottom': 169.84748268333476, 'coord_origin': 'BOTTOMLEFT'}",text_heuristic
0d40ccd7-89d0-57be-947c-ca9bbcde3460,c11b9579-45d1-58de-af90-2c8b6bc73152,423,78407fab-b265-5e06-a814-3cf393242e9e,Entrega: 0394 - Formação de agentes jovens negros mutiplicadores na promoção dos Direitos Humanos e Enfrentamento ao Racismo,Meta prevista para 2024,meta_prevista_para_2024,500.0,500,,"{'page_number': 423, 'left': 99.744, 'top': 385.2008873242187, 'right': 235.23767999999998, 'bottom': 376.2674826833347, 'coord_origin': 'BOTTOMLEFT'}",text_heuristic
ba64515f-d796-5ba9-beb0-9de6464aafba,c11b9579-45d1-58de-af90-2c8b6bc73152,423,78407fab-b265-5e06-a814-3cf393242e9e,Entrega: 0394 - Formação de agentes jovens negros mutiplicadores na promoção dos Direitos Humanos e Enfrentamento ao Racismo,Meta prevista para 2025,meta_prevista_para_2025,500.0,500,,"{'page_number': 423, 'left': 99.744, 'top': 373.6808873242187, 'right': 235.23767999999998, 'bottom': 364.74748268333474, 'coord_origin': 'BOTTOMLEFT'}",text_heuristic
e9099703-f7bb-55dc-b693-2b9d408dcf79,c11b9579-45d1-58de-af90-2c8b6bc73152,423,78407fab-b265-5e06-a814-3cf393242e9e,Entrega: 0394 - Formação de agentes jovens negros mutiplicadores na promoção dos Direitos Humanos e Enfrentamento ao Racismo,Meta prevista para 2026,meta_prevista_para_2026,500.0,500,,"{'page_number': 423, 'left': 99.744, 'top': 362.28088732421867, 'right': 235.23767999999998, 'bottom': 353.3474826833347, 'coord_origin': 'BOTTOMLEFT'}",text_heuristic
a1bb0c1d-6e6d-52d3-a46d-f31357edee9c,c11b9579-45d1-58de-af90-2c8b6bc73152,423,78407fab-b265-5e06-a814-3cf393242e9e,Entrega: 0394 - Formação de agentes jovens negros mutiplicadores na promoção dos Direitos Humanos e Enfrentamento ao Racismo,Meta prevista para,meta_prevista_para,2027.0,2027,,"{'page_number': 423, 'left': 99.744, 'top': 350.7608873242187, 'right': 218.45723999999987, 'bottom': 341.8274826833347, 'coord_origin': 'BOTTOMLEFT'}",text_heuristic
fb236c0c-3c12-5931-88dd-04e411a1f39a,c11b9579-45d1-58de-af90-2c8b6bc73152,423,9f3f5843-d9e0-5ef2-b487-3773b827d098,Informações do Monitoramento,Quantidade alcançada,quantidade_alcancada,0.0,0,,"{'page_number': 423, 'left': 99.744, 'top': 286.4208873242187, 'right': 217.47776, 'bottom': 277.48748268333475, 'coord_origin': 'BOTTOMLEFT'}",text_heuristic
b5cf7212-bcb8-57ac-8df3-3d126493074e,c11b9579-45d1-58de-af90-2c8b6bc73152,424,aa1d7166-2603-5ed3-bcfd-b839ee7db705,Medida Institucional Normativa: 08C4 - Programa Integrado e Multissetorial de Serviço de Atenção aos Direitos Humanos da Juventude Negra,Ministério dos Direitos Humanos e da Cidadania,ministerio_dos_direitos_humanos_e_da_cidadania,81000.0,81000,,"{'page_number': 424, 'left': 192.26, 'top': 531.7508873242188, 'right': 442.7614399999999, 'bottom': 522.8174826833347, 'coord_origin': 'BOTTOMLEFT'}",text_heuristic
2acc7a7f-63f9-5c81-ad5f-730d47d4442f,c11b9579-45d1-58de-af90-2c8b6bc73152,424,aa1d7166-2603-5ed3-bcfd-b839ee7db705,Medida Institucional Normativa: 08C4 - Programa Integrado e Multissetorial de Serviço de Atenção aos Direitos Humanos da Juventude Negra,Ministério dos Direitos Humanos e da Cidadania,ministerio_dos_direitos_humanos_e_da_cidadania,81000.0,81000,,"{'page_number': 424, 'left': 192.26, 'top': 240.34088732421867, 'right': 442.7614399999999, 'bottom': 231.4074826833347, 'coord_origin': 'BOTTOMLEFT'}",text_heuristic
47c3da88-d454-512c-b859-f06a9cedb3d3,c11b9579-45d1-58de-af90-2c8b6bc73152,425,8081e7d4-b326-5688-a066-f6e41f900563,"Objetivo Específico: 0221 - Ampliar os projetos de incentivo ao esporte amador destinado à juventude negra nas periferias urbanas, periurbanas e em territórios rurais",Ministério do Esporte,ministerio_do_esporte,51000.0,51000,,"{'page_number': 425, 'left': 177.26, 'top': 436.2308873242187, 'right': 307.76336, 'bottom': 427.29748268333475, 'coord_origin': 'BOTTOMLEFT'}",text_heuristic
1c076037-d757-527c-9003-a467685b855e,c11b9579-45d1-58de-af90-2c8b6bc73152,425,8081e7d4-b326-5688-a066-f6e41f900563,"Objetivo Específico: 0221 - Ampliar os projetos de incentivo ao esporte amador destinado à juventude negra nas periferias urbanas, periurbanas e em territórios rurais",Indicador: - Municípios com projetos apoiados,indicador_municipios_com_projetos_apoiados,9282.0,9282,,"{'page_number': 425, 'left': 88.56, 'top': 301.0060073242187, 'right': 384.5960000000002, 'bottom': 290.2428692026717, 'coord_origin': 'BOTTOMLEFT'}",text_heuristic
7e264430-354c-51bf-923e-48715defd99a,c11b9579-45d1-58de-af90-2c8b6bc73152,425,8081e7d4-b326-5688-a066-f6e41f900563,"Objetivo Específico: 0221 - Ampliar os projetos de incentivo ao esporte amador destinado à juventude negra nas periferias urbanas, periurbanas e em territórios rurais",Meta: FB - Municípios com projetos apoiados,meta_fb_municipios_com_projetos_apoiados,6.0,06,,"{'page_number': 425, 'left': 88.56, 'top': 282.7460073242187, 'right': 360.6320000000001, 'bottom': 271.98286920267174, 'coord_origin': 'BOTTOMLEFT'}",text_heuristic
5668af51-8c48-5be7-8bbf-9738a659a549,c11b9579-45d1-58de-af90-2c8b6bc73152,425,afe4cea4-54da-54b3-9339-cdd4b5a323ac,Informações do Monitoramento,Meta prevista para 2024,meta_prevista_para_2024,12.0,12,,"{'page_number': 425, 'left': 92.304, 'top': 232.3008873242187, 'right': 222.27772, 'bottom': 223.36748268333474, 'coord_origin': 'BOTTOMLEFT'}",text_heuristic
267091a5-2413-51f8-908c-8b79cdda8e0e,c11b9579-45d1-58de-af90-2c8b6bc73152,425,afe4cea4-54da-54b3-9339-cdd4b5a323ac,Informações do Monitoramento,Meta prevista para 2025,meta_prevista_para_2025,12.0,12,,"{'page_number': 425, 'left': 92.304, 'top': 220.90088732421873, 'right': 222.27772, 'bottom': 211.96748268333477, 'coord_origin': 'BOTTOMLEFT'}",text_heuristic
258c649f-abdd-56a9-8b78-17c8baeb63a9,c11b9579-45d1-58de-af90-2c8b6bc73152,425,afe4cea4-54da-54b3-9339-cdd4b5a323ac,Informações do Monitoramento,Meta prevista para,meta_prevista_para,2026.0,2026,,"{'page_number': 425, 'left': 92.304, 'top': 209.3808873242187, 'right': 211.0172399999999, 'bottom': 200.44748268333473, 'coord_origin': 'BOTTOMLEFT'}",text_heuristic
12048e02-0bd6-5e4d-931d-93bd8e7da080,c11b9579-45d1-58de-af90-2c8b6bc73152,425,afe4cea4-54da-54b3-9339-cdd4b5a323ac,Informações do Monitoramento,Meta prevista para,meta_prevista_para,2027.0,2027,,"{'page_number': 425, 'left': 92.304, 'top': 197.8608873242187, 'right': 211.0172399999999, 'bottom': 188.92748268333474, 'coord_origin': 'BOTTOMLEFT'}",text_heuristic
5dc8e200-29c8-5ce5-a931-872ecbc102f5,c11b9579-45d1-58de-af90-2c8b6bc73152,426,9317f0e8-b110-5907-bafc-03efd19ac958,Indicador: 9270 - Número de projetos contemplados,Indicador: - Número de projetos contemplados,indicador_numero_de_projetos_contemplados,9270.0,9270,,"{'page_number': 426, 'left': 96.024, 'top': 516.9160073242188, 'right': 392.79200000000014, 'bottom': 506.15286920267175, 'coord_origin': 'BOTTOMLEFT'}",text_heuristic
1f4a18ad-31dc-58b2-9d0e-1114e6defd5e,c11b9579-45d1-58de-af90-2c8b6bc73152,426,9317f0e8-b110-5907-bafc-03efd19ac958,Indicador: 9270 - Número de projetos contemplados,Meta prevista para 2024,meta_prevista_para_2024,10.0,10,,"{'page_number': 426, 'left': 99.744, 'top': 434.4308873242187, 'right': 229.71771999999999, 'bottom': 425.49748268333474, 'coord_origin': 'BOTTOMLEFT'}",text_heuristic
af0bd337-a3e2-5de8-bd29-72ee2b1477ac,c11b9579-45d1-58de-af90-2c8b6bc73152,426,9317f0e8-b110-5907-bafc-03efd19ac958,Indicador: 9270 - Número de projetos contemplados,Meta prevista para 2025,meta_prevista_para_2025,10.0,10,,"{'page_number': 426, 'left': 99.744, 'top': 422.9108873242187, 'right': 229.71771999999999, 'bottom': 413.97748268333476, 'coord_origin': 'BOTTOMLEFT'}",text_heuristic
5d61cdcd-4922-59df-8718-6fd6605b07f4,c11b9579-45d1-58de-af90-2c8b6bc73152,426,9317f0e8-b110-5907-bafc-03efd19ac958,Indicador: 9270 - Número de projetos contemplados,Meta prevista para 2026,meta_prevista_para_2026,5.0,5,,"{'page_number': 426, 'left': 99.744, 'top': 411.3608873242187, 'right': 224.19776, 'bottom': 402.42748268333474, 'coord_origin': 'BOTTOMLEFT'}",text_heuristic
21e2fd80-edea-5863-9caf-b8fa2ef9904c,c11b9579-45d1-58de-af90-2c8b6bc73152,426,9317f0e8-b110-5907-bafc-03efd19ac958,Indicador: 9270 - Número de projetos contemplados,Meta prevista para 2027,meta_prevista_para_2027,5.0,5,,"{'page_number': 426, 'left': 99.744, 'top': 399.84088732421867, 'right': 224.19776, 'bottom': 390.9074826833347, 'coord_origin': 'BOTTOMLEFT'}",text_heuristic
2f5f8bfd-e9a3-5e69-86fa-e7a1384f5106,c11b9579-45d1-58de-af90-2c8b6bc73152,426,9317f0e8-b110-5907-bafc-03efd19ac958,Indicador: 9270 - Número de projetos contemplados,Ministério da Igualdade Racial,ministerio_da_igualdade_racial,67000.0,67000,,"{'page_number': 426, 'left': 177.26, 'top': 188.98088732421866, 'right': 347.82247999999987, 'bottom': 180.0474826833347, 'coord_origin': 'BOTTOMLEFT'}",text_heuristic
7ce29768-9ea1-5c59-b60b-143e30dce77b,c11b9579-45d1-58de-af90-2c8b6bc73152,427,f1d782cc-21fc-5562-9f3f-d2746f0a17be,Entrega: 0403 - Formações para agentes da Segurança Pública,Indicador: - Quantidade de ações apoiadas,indicador_quantidade_de_acoes_apoiadas,11440.0,11440,,"{'page_number': 427, 'left': 88.56, 'top': 516.9160073242188, 'right': 370.05200000000025, 'bottom': 506.15286920267175, 'coord_origin': 'BOTTOMLEFT'}",text_heuristic
87d47fad-809c-553d-ad6a-7eee5c0792da,c11b9579-45d1-58de-af90-2c8b6bc73152,427,f1d782cc-21fc-5562-9f3f-d2746f0a17be,Entrega: 0403 - Formações para agentes da Segurança Pública,Meta: N - Ações de letramento racial apoiadas,meta_n_acoes_de_letramento_racial_apoiadas,67.0,067,,"{'page_number': 427, 'left': 88.56, 'top': 498.5560073242187, 'right': 370.6520000000002, 'bottom': 487.79286920267174, 'coord_origin': 'BOTTOMLEFT'}",text_heuristic
5f869814-4afe-5d37-9be5-0356f3e3d9b3,c11b9579-45d1-58de-af90-2c8b6bc73152,427,f1d782cc-21fc-5562-9f3f-d2746f0a17be,Entrega: 0403 - Formações para agentes da Segurança Pública,Entrega: - Formações para agentes da Segurança Pública,entrega_formacoes_para_agentes_da_seguranca_publica,403.0,0403,,"{'page_number': 427, 'left': 88.56, 'top': 278.5460073242187, 'right': 447.28400000000033, 'bottom': 267.78286920267175, 'coord_origin': 'BOTTOMLEFT'}",text_heuristic
93f20eb1-986d-5896-aafe-40f4ca5d59c9,c11b9579-45d1-58de-af90-2c8b6bc73152,427,f1d782cc-21fc-5562-9f3f-d2746f0a17be,Entrega: 0403 - Formações para agentes da Segurança Pública,Indicador: - Formações oferecidas,indicador_formacoes_oferecidas,9272.0,9272,,"{'page_number': 427, 'left': 96.024, 'top': 229.3460073242187, 'right': 322.22000000000014, 'bottom': 218.58286920267176, 'coord_origin': 'BOTTOMLEFT'}",text_heuristic
a1fdc7f7-eb20-56fc-be3c-f3cfbc93b911,c11b9579-45d1-58de-af90-2c8b6bc73152,427,f1d782cc-21fc-5562-9f3f-d2746f0a17be,Entrega: 0403 - Formações para agentes da Segurança Pública,Meta: FC - Formar agentes de segurança pública,meta_fc_formar_agentes_de_seguranca_publica,6.0,06,,"{'page_number': 427, 'left': 96.024, 'top': 210.9860073242187, 'right': 386.73200000000026, 'bottom': 200.22286920267175, 'coord_origin': 'BOTTOMLEFT'}",text_heuristic
a83ddb07-7725-5874-9ed5-a74860ca2bbb,c11b9579-45d1-58de-af90-2c8b6bc73152,427,f1d782cc-21fc-5562-9f3f-d2746f0a17be,Entrega: 0403 - Formações para agentes da Segurança Pública,Meta prevista para 2024,meta_prevista_para_2024,125.0,125,,"{'page_number': 427, 'left': 99.744, 'top': 160.6308873242187, 'right': 235.23767999999998, 'bottom': 151.69748268333473, 'coord_origin': 'BOTTOMLEFT'}",text_heuristic
1dc2d381-c8dd-541e-82c7-b110ab1f5320,c11b9579-45d1-58de-af90-2c8b6bc73152,427,f1d782cc-21fc-5562-9f3f-d2746f0a17be,Entrega: 0403 - Formações para agentes da Segurança Pública,Meta prevista para 2025,meta_prevista_para_2025,125.0,125,,"{'page_number': 427, 'left': 99.744, 'top': 149.1108873242187, 'right': 235.23767999999998, 'bottom': 140.17748268333474, 'coord_origin': 'BOTTOMLEFT'}",text_heuristic
7dc17042-3f43-54e8-8d83-91b03790c10a,c11b9579-45d1-58de-af90-2c8b6bc73152,427,f1d782cc-21fc-5562-9f3f-d2746f0a17be,Entrega: 0403 - Formações para agentes da Segurança Pública,Meta prevista para 2026,meta_prevista_para_2026,125.0,125,,"{'page_number': 427, 'left': 99.744, 'top': 137.59088732421867, 'right': 235.23767999999998, 'bottom': 128.6574826833347, 'coord_origin': 'BOTTOMLEFT'}",text_heuristic
ff9320cd-a9b5-5749-a298-1ab13a3f1859,c11b9579-45d1-58de-af90-2c8b6bc73152,427,f1d782cc-21fc-5562-9f3f-d2746f0a17be,Entrega: 0403 - Formações para agentes da Segurança Pública,Meta prevista para 2027,meta_prevista_para_2027,125.0,125,,"{'page_number': 427, 'left': 99.744, 'top': 126.07088732421869, 'right': 235.23767999999998, 'bottom': 117.13748268333472, 'coord_origin': 'BOTTOMLEFT'}",text_heuristic
68a9a236-2ecb-50ae-9a88-018eecf6a626,c11b9579-45d1-58de-af90-2c8b6bc73152,428,0b6fece5-c0f9-5b12-95df-916a0f8de2f9,"PROGRAMA: 5804 - PROMOÇÃO DA IGUALDADE ÉTNICO-RACIAL, COMBATE E SUPERAÇÃO DO RACISMO",Órgão Responsável: - Ministério da Igualdade Racial,orgao_responsavel_ministerio_da_igualdade_racial,67000.0,67000,,"{'page_number': 428, 'left': 77.28, 'top': 278.7408873242187, 'right': 347.90083999999996, 'bottom': 269.80748268333474, 'coord_origin': 'BOTTOMLEFT'}",text_heuristic
8ffc42c5-d011-54f7-ac8f-0b0ba631cc9b,c11b9579-45d1-58de-af90-2c8b6bc73152,428,0b6fece5-c0f9-5b12-95df-916a0f8de2f9,"PROGRAMA: 5804 - PROMOÇÃO DA IGUALDADE ÉTNICO-RACIAL, COMBATE E SUPERAÇÃO DO RACISMO",Indicador: - Quantidade de ferramentadas implementadas,indicador_quantidade_de_ferramentadas_implementadas,11417.0,11417,,"{'page_number': 428, 'left': 88.56, 'top': 86.16000732421872, 'right': 454.0160000000003, 'bottom': 75.39686920267172, 'coord_origin': 'BOTTOMLEFT'}",text_heuristic
b1a97136-2e48-5ed6-b0a7-b1eebe4d19e1,c11b9579-45d1-58de-af90-2c8b6bc73152,429,1ad3fe92-86da-5a1b-a509-b6b6385578c9,Informações do Monitoramento,Quantidade alcançada,quantidade_alcancada,0.0,0,,"{'page_number': 429, 'left': 92.304, 'top': 416.9108873242187, 'right': 210.03776, 'bottom': 407.97748268333476, 'coord_origin': 'BOTTOMLEFT'}",text_heuristic
adc82f03-3c1e-528f-bd15-dadb37ca533b,c11b9579-45d1-58de-af90-2c8b6bc73152,429,12d26908-7833-53c7-933f-91e1350bb784,Informações do Monitoramento,Indicador: - Ferramenta implementada,indicador_ferramenta_implementada,11418.0,11418,,"{'page_number': 429, 'left': 96.024, 'top': 271.4660073242187, 'right': 350.79200000000014, 'bottom': 260.70286920267176, 'coord_origin': 'BOTTOMLEFT'}",text_heuristic
afba1e74-7b7d-5f03-a85f-383cc47c8057,c11b9579-45d1-58de-af90-2c8b6bc73152,429,12d26908-7833-53c7-933f-91e1350bb784,Informações do Monitoramento,Quantidade alcançada,quantidade_alcancada,0.0,0,,"{'page_number': 429, 'left': 99.744, 'top': 90.19488732421871, 'right': 217.47776, 'bottom': 81.26148268333475, 'coord_origin': 'BOTTOMLEFT'}",text_heuristic
3ae7b80a-4e23-5838-9018-9b7cd63fadbc,c11b9579-45d1-58de-af90-2c8b6bc73152,430,372012ef-2a1d-5b6d-a495-42293678730b,Informações do Monitoramento,Indicador: - Ferramenta implementada,indicador_ferramenta_implementada,11419.0,11419,,"{'page_number': 430, 'left': 96.024, 'top': 368.32600732421866, 'right': 350.79200000000014, 'bottom': 357.5628692026717, 'coord_origin': 'BOTTOMLEFT'}",text_heuristic
88d3b965-cee4-50fe-87c2-7b1df9556172,c11b9579-45d1-58de-af90-2c8b6bc73152,430,372012ef-2a1d-5b6d-a495-42293678730b,Informações do Monitoramento,Meta prevista para 2027,meta_prevista_para_2027,0.0,0,,"{'page_number': 430, 'left': 99.744, 'top': 265.1808873242187, 'right': 224.19776, 'bottom': 256.24748268333474, 'coord_origin': 'BOTTOMLEFT'}",text_heuristic
27991ef8-8f06-5aad-ae2f-5c47a7faf56c,c11b9579-45d1-58de-af90-2c8b6bc73152,430,372012ef-2a1d-5b6d-a495-42293678730b,Informações do Monitoramento,Quantidade alcançada,quantidade_alcancada,0.0,0,,"{'page_number': 430, 'left': 99.744, 'top': 200.8608873242187, 'right': 217.47776, 'bottom': 191.92748268333474, 'coord_origin': 'BOTTOMLEFT'}",text_heuristic
ceec833d-219e-565a-88b4-5508f40f6476,c11b9579-45d1-58de-af90-2c8b6bc73152,430,372012ef-2a1d-5b6d-a495-42293678730b,Informações do Monitoramento,Indicador: - Ferramenta implementada,indicador_ferramenta_implementada,11420.0,11420,,"{'page_number': 430, 'left': 96.024, 'top': 57.84000732421873, 'right': 350.79200000000014, 'bottom': 47.07686920267179, 'coord_origin': 'BOTTOMLEFT'}",text_heuristic
05b3684a-90cb-5ee6-a750-b23164f2fcc5,c11b9579-45d1-58de-af90-2c8b6bc73152,431,4a0f8956-df55-5609-aa97-efa4c128ab19,Informações do Monitoramento,Quantidade alcançada,quantidade_alcancada,0.0,0,,"{'page_number': 431, 'left': 99.744, 'top': 384.84088732421867, 'right': 217.47776, 'bottom': 375.9074826833347, 'coord_origin': 'BOTTOMLEFT'}",text_heuristic
741644c7-62f3-5895-8091-5a1d2ef3cbd2,c11b9579-45d1-58de-af90-2c8b6bc73152,431,2ac0a183-6e89-50d4-8840-4dc8a02563db,Objetivo Específico: 0527 - Estabelecer programa de combate ao racismo no esporte,Órgão Responsável: - Ministério da Igualdade Racial,orgao_responsavel_ministerio_da_igualdade_racial,67000.0,67000,,"{'page_number': 431, 'left': 77.28, 'top': 251.98088732421866, 'right': 347.82247999999987, 'bottom': 243.0474826833347, 'coord_origin': 'BOTTOMLEFT'}",text_heuristic
ae25df34-f6b5-5eb9-98f5-157406af8d4d,c11b9579-45d1-58de-af90-2c8b6bc73152,431,2ac0a183-6e89-50d4-8840-4dc8a02563db,Objetivo Específico: 0527 - Estabelecer programa de combate ao racismo no esporte,Meta: - Ações de combate ao racismo,meta_acoes_de_combate_ao_racismo,674.0,0674,,"{'page_number': 431, 'left': 88.56, 'top': 87.0000073242187, 'right': 333.1880000000001, 'bottom': 76.23686920267176, 'coord_origin': 'BOTTOMLEFT'}",text_heuristic
6aedeef8-0377-5b26-9a65-1a103b46018b,c11b9579-45d1-58de-af90-2c8b6bc73152,432,911d9421-073b-5bba-9f78-69e8ad197b71,Entrega: 2082 - Formação antirracista para agentes do ecossistema dos esportes,Entrega: - Formação antirracista para agentes do ecossistema dos esportes,entrega_formacao_antirracista_para_agentes_do_ecossistema_dos_esportes,2082.0,2082,,"{'page_number': 432, 'left': 88.56, 'top': 350.44600732421867, 'right': 551.9840000000004, 'bottom': 339.6828692026717, 'coord_origin': 'BOTTOMLEFT'}",text_heuristic
06ceb467-7f89-5f9b-af8e-bbc7858df4e6,c11b9579-45d1-58de-af90-2c8b6bc73152,432,911d9421-073b-5bba-9f78-69e8ad197b71,Entrega: 2082 - Formação antirracista para agentes do ecossistema dos esportes,Indicador: - Quantidade de agentes formados,indicador_quantidade_de_agentes_formados,11422.0,11422,,"{'page_number': 432, 'left': 96.024, 'top': 301.3660073242187, 'right': 391.4720000000002, 'bottom': 290.60286920267174, 'coord_origin': 'BOTTOMLEFT'}",text_heuristic
5913b7ab-9b38-5f8d-96b2-f4289ca1f06f,c11b9579-45d1-58de-af90-2c8b6bc73152,432,911d9421-073b-5bba-9f78-69e8ad197b71,Entrega: 2082 - Formação antirracista para agentes do ecossistema dos esportes,Meta prevista para 2024,meta_prevista_para_2024,100.0,100,,"{'page_number': 432, 'left': 99.744, 'top': 232.66088732421872, 'right': 235.23767999999998, 'bottom': 223.72748268333476, 'coord_origin': 'BOTTOMLEFT'}",text_heuristic
79bbce8d-3574-55b7-896c-7741f46a5042,c11b9579-45d1-58de-af90-2c8b6bc73152,432,911d9421-073b-5bba-9f78-69e8ad197b71,Entrega: 2082 - Formação antirracista para agentes do ecossistema dos esportes,Meta prevista para 2025,meta_prevista_para_2025,100.0,100,,"{'page_number': 432, 'left': 99.744, 'top': 221.14088732421868, 'right': 235.23767999999998, 'bottom': 212.20748268333472, 'coord_origin': 'BOTTOMLEFT'}",text_heuristic
3da3581a-c039-516e-9f32-e6bc05323a44,c11b9579-45d1-58de-af90-2c8b6bc73152,432,911d9421-073b-5bba-9f78-69e8ad197b71,Entrega: 2082 - Formação antirracista para agentes do ecossistema dos esportes,Meta prevista para 2026,meta_prevista_para_2026,100.0,100,,"{'page_number': 432, 'left': 99.744, 'top': 209.6208873242187, 'right': 235.23767999999998, 'bottom': 200.68748268333474, 'coord_origin': 'BOTTOMLEFT'}",text_heuristic
b460ee6f-a733-54b5-83d8-95e0dc45df16,c11b9579-45d1-58de-af90-2c8b6bc73152,432,911d9421-073b-5bba-9f78-69e8ad197b71,Entrega: 2082 - Formação antirracista para agentes do ecossistema dos esportes,Meta prevista para,meta_prevista_para,2027.0,2027,,"{'page_number': 432, 'left': 99.744, 'top': 198.10088732421866, 'right': 218.45723999999987, 'bottom': 189.1674826833347, 'coord_origin': 'BOTTOMLEFT'}",text_heuristic
0637e300-c8d6-5343-a278-81ee60689fa1,c11b9579-45d1-58de-af90-2c8b6bc73152,432,e8afb284-db03-51cd-b9a9-fb2a013d4340,Informações do Monitoramento,Quantidade alcançada,quantidade_alcancada,0.0,0,,"{'page_number': 432, 'left': 99.744, 'top': 133.8708873242187, 'right': 217.47776, 'bottom': 124.93748268333474, 'coord_origin': 'BOTTOMLEFT'}",text_heuristic
ea9fd6c9-02b7-528d-8780-e7ffe378fe11,c11b9579-45d1-58de-af90-2c8b6bc73152,433,4c431fa3-2a42-5414-9508-ac811459c53a,Entrega: 2083 - Painel Digital de Monitoramento dos Casos de Racismo no Esporte,Entrega: - Painel Digital de Monitoramento dos Casos de Racismo no Esporte,entrega_painel_digital_de_monitoramento_dos_casos_de_racismo_no_esporte,2083.0,2083,,"{'page_number': 433, 'left': 88.56, 'top': 516.9160073242188, 'right': 561.4040000000003, 'bottom': 506.15286920267175, 'coord_origin': 'BOTTOMLEFT'}",text_heuristic
012629ce-e604-52ce-9ccc-09f0990f9f38,c11b9579-45d1-58de-af90-2c8b6bc73152,433,4c431fa3-2a42-5414-9508-ac811459c53a,Entrega: 2083 - Painel Digital de Monitoramento dos Casos de Racismo no Esporte,Indicador: - Painel de Monitoramento criado,indicador_painel_de_monitoramento_criado,11423.0,11423,,"{'page_number': 433, 'left': 96.024, 'top': 467.7160073242187, 'right': 383.4800000000001, 'bottom': 456.95286920267176, 'coord_origin': 'BOTTOMLEFT'}",text_heuristic
912af682-5413-5f2f-b942-025cf4e457bd,c11b9579-45d1-58de-af90-2c8b6bc73152,433,4c431fa3-2a42-5414-9508-ac811459c53a,Entrega: 2083 - Painel Digital de Monitoramento dos Casos de Racismo no Esporte,Meta prevista para 2024,meta_prevista_para_2024,0.0,0,,"{'page_number': 433, 'left': 99.744, 'top': 399.0008873242187, 'right': 224.19776, 'bottom': 390.06748268333473, 'coord_origin': 'BOTTOMLEFT'}",text_heuristic
7747b0b8-c3d5-5255-94d3-26c8f6f4d41f,c11b9579-45d1-58de-af90-2c8b6bc73152,433,4c431fa3-2a42-5414-9508-ac811459c53a,Entrega: 2083 - Painel Digital de Monitoramento dos Casos de Racismo no Esporte,Meta prevista para 2025,meta_prevista_para_2025,1.0,1,,"{'page_number': 433, 'left': 99.744, 'top': 387.4808873242187, 'right': 224.19776, 'bottom': 378.54748268333475, 'coord_origin': 'BOTTOMLEFT'}",text_heuristic
b98edde0-ad5d-5da0-a2e8-42b69e6ad7a2,c11b9579-45d1-58de-af90-2c8b6bc73152,433,4c431fa3-2a42-5414-9508-ac811459c53a,Entrega: 2083 - Painel Digital de Monitoramento dos Casos de Racismo no Esporte,Meta prevista para 2026,meta_prevista_para_2026,0.0,0,,"{'page_number': 433, 'left': 99.744, 'top': 376.0808873242187, 'right': 224.19776, 'bottom': 367.1474826833347, 'coord_origin': 'BOTTOMLEFT'}",text_heuristic
cb464d69-0552-5d2f-9c4a-b1d631141097,c11b9579-45d1-58de-af90-2c8b6bc73152,433,4c431fa3-2a42-5414-9508-ac811459c53a,Entrega: 2083 - Painel Digital de Monitoramento dos Casos de Racismo no Esporte,Meta prevista para 2027,meta_prevista_para_2027,0.0,0,,"{'page_number': 433, 'left': 99.744, 'top': 364.5608873242187, 'right': 224.19776, 'bottom': 355.62748268333473, 'coord_origin': 'BOTTOMLEFT'}",text_heuristic
2410fc93-eac6-5880-97fe-b36823be1ce5,c11b9579-45d1-58de-af90-2c8b6bc73152,433,b0d67ebf-0b5f-5f8c-b0e4-964b1cc21b8c,Medida Institucional Normativa: 087C - Programa Nacional de Combate ao Racismo no Esporte.,Estabelecer programa de combate ao racismo no esporte,estabelecer_programa_de_combate_ao_racismo_no_esporte,527.0,0527,,"{'page_number': 433, 'left': 191.18, 'top': 155.95088732421868, 'right': 477.34603999999996, 'bottom': 147.01748268333472, 'coord_origin': 'BOTTOMLEFT'}",text_heuristic
f131c6ec-7519-5f44-957b-6d518f1682cf,c11b9579-45d1-58de-af90-2c8b6bc73152,433,b0d67ebf-0b5f-5f8c-b0e4-964b1cc21b8c,Medida Institucional Normativa: 087C - Programa Nacional de Combate ao Racismo no Esporte.,Ministério da Igualdade Racial,ministerio_da_igualdade_racial,67000.0,67000,,"{'page_number': 433, 'left': 192.26, 'top': 144.4308873242187, 'right': 362.82247999999987, 'bottom': 135.49748268333474, 'coord_origin': 'BOTTOMLEFT'}",text_heuristic
6526387e-6d96-5636-a172-3dc846194dca,c11b9579-45d1-58de-af90-2c8b6bc73152,434,699c88ad-8a65-5c6e-9e8e-f1789e8e00a6,Objetivo Específico: 0532 - Ampliar o número de municípios com a Política Nacional de Saúde Integral da População Negra implantada e implementada,Ministério da Igualdade Racial,ministerio_da_igualdade_racial,67000.0,67000,,"{'page_number': 434, 'left': 177.26, 'top': 396.6008873242187, 'right': 347.82247999999987, 'bottom': 387.66748268333475, 'coord_origin': 'BOTTOMLEFT'}",text_heuristic
bbbdef8c-51ea-5b81-9860-6c04d51f9fe8,c11b9579-45d1-58de-af90-2c8b6bc73152,434,699c88ad-8a65-5c6e-9e8e-f1789e8e00a6,Objetivo Específico: 0532 - Ampliar o número de municípios com a Política Nacional de Saúde Integral da População Negra implantada e implementada,Meta: CL - Implementar a política em mais municípios,meta_cl_implementar_a_politica_em_mais_municipios,6.0,06,,"{'page_number': 434, 'left': 88.56, 'top': 183.38600732421867, 'right': 407.9480000000003, 'bottom': 172.62286920267172, 'coord_origin': 'BOTTOMLEFT'}",text_heuristic
711aa310-f937-55dc-bdca-920d4b14bede,c11b9579-45d1-58de-af90-2c8b6bc73152,434,f5b7de38-f5fa-5a7f-b18c-62302b0d65f5,Informações do Monitoramento,Meta prevista para 2024,meta_prevista_para_2024,10.0,10,,"{'page_number': 434, 'left': 92.304, 'top': 133.03088732421872, 'right': 222.27772, 'bottom': 124.0974826833347, 'coord_origin': 'BOTTOMLEFT'}",text_heuristic
ec7c9a8a-d43a-52ac-9f15-7344159ff9be,c11b9579-45d1-58de-af90-2c8b6bc73152,434,f5b7de38-f5fa-5a7f-b18c-62302b0d65f5,Informações do Monitoramento,Meta prevista para 2025,meta_prevista_para_2025,10.0,10,,"{'page_number': 434, 'left': 92.304, 'top': 121.51088732421869, 'right': 222.27772, 'bottom': 112.57748268333472, 'coord_origin': 'BOTTOMLEFT'}",text_heuristic
0082ed42-cfd5-5c07-912d-1fec7b90771a,c11b9579-45d1-58de-af90-2c8b6bc73152,434,f5b7de38-f5fa-5a7f-b18c-62302b0d65f5,Informações do Monitoramento,Meta prevista para 2026,meta_prevista_para_2026,10.0,10,,"{'page_number': 434, 'left': 92.304, 'top': 109.9908873242187, 'right': 222.27772, 'bottom': 101.05748268333468, 'coord_origin': 'BOTTOMLEFT'}",text_heuristic
44c66adc-4c3e-576e-9f39-461548312010,c11b9579-45d1-58de-af90-2c8b6bc73152,434,f5b7de38-f5fa-5a7f-b18c-62302b0d65f5,Informações do Monitoramento,Meta prevista para,meta_prevista_para,2027.0,2027,,"{'page_number': 434, 'left': 92.304, 'top': 98.47488732421868, 'right': 211.0172399999999, 'bottom': 89.54148268333472, 'coord_origin': 'BOTTOMLEFT'}",text_heuristic
d74451b7-cde6-5551-b1c5-c3fe3b7213fd,c11b9579-45d1-58de-af90-2c8b6bc73152,435,c3f377b9-69d2-53d0-a94b-f5331595f52e,PROGRAMA: 5814 - PROGRAMA NACIONAL DE PROMOÇÃO DOS DIREITOS DA POPULAÇÃO EM SITUAÇÃO DE RUA,Órgão Responsável: - Ministério dos Direitos Humanos e da Cidadania,orgao_responsavel_ministerio_dos_direitos_humanos_e_da_cidadania,81000.0,81000,,"{'page_number': 435, 'left': 77.28, 'top': 313.3208873242187, 'right': 427.7614399999999, 'bottom': 304.3874826833347, 'coord_origin': 'BOTTOMLEFT'}",text_heuristic
b4b158a7-de94-536d-95a7-2c6a73354c4b,c11b9579-45d1-58de-af90-2c8b6bc73152,436,8ce2b2df-ed51-5435-a9e5-c6482c7ef937,Informações do Monitoramento,Meta prevista para,meta_prevista_para,2024.0,2024,,"{'page_number': 436, 'left': 92.304, 'top': 282.2208873242187, 'right': 211.0172399999999, 'bottom': 273.28748268333476, 'coord_origin': 'BOTTOMLEFT'}",text_heuristic
0e444490-ea02-5a9b-9b1d-7a526c7a86ee,c11b9579-45d1-58de-af90-2c8b6bc73152,436,8ce2b2df-ed51-5435-a9e5-c6482c7ef937,Informações do Monitoramento,Meta prevista para 2025,meta_prevista_para_2025,4.0,4,,"{'page_number': 436, 'left': 92.304, 'top': 270.7008873242187, 'right': 216.75776, 'bottom': 261.7674826833347, 'coord_origin': 'BOTTOMLEFT'}",text_heuristic
4182514d-70dc-5d64-ae75-75a9c9610f20,c11b9579-45d1-58de-af90-2c8b6bc73152,436,8ce2b2df-ed51-5435-a9e5-c6482c7ef937,Informações do Monitoramento,Meta prevista para,meta_prevista_para,2026.0,2026,,"{'page_number': 436, 'left': 92.304, 'top': 259.1808873242187, 'right': 211.0172399999999, 'bottom': 250.24748268333474, 'coord_origin': 'BOTTOMLEFT'}",text_heuristic
0572bcae-ea00-52af-9076-da59190f7a45,c11b9579-45d1-58de-af90-2c8b6bc73152,436,8ce2b2df-ed51-5435-a9e5-c6482c7ef937,Informações do Monitoramento,Meta prevista para,meta_prevista_para,2027.0,2027,,"{'page_number': 436, 'left': 92.304, 'top': 247.66088732421872, 'right': 211.0172399999999, 'bottom': 238.72748268333476, 'coord_origin': 'BOTTOMLEFT'}",text_heuristic
d197ae38-e15b-587d-8534-5ebddd7391a9,c11b9579-45d1-58de-af90-2c8b6bc73152,437,95e59b44-d9aa-5c5d-b438-5c0c56369177,Informações do Monitoramento,Meta prevista para 2024,meta_prevista_para_2024,7.0,7,,"{'page_number': 437, 'left': 99.744, 'top': 357.6008873242187, 'right': 224.19776, 'bottom': 348.66748268333475, 'coord_origin': 'BOTTOMLEFT'}",text_heuristic
8b01a945-dca8-502c-a1e0-febd5b75bf87,c11b9579-45d1-58de-af90-2c8b6bc73152,437,95e59b44-d9aa-5c5d-b438-5c0c56369177,Informações do Monitoramento,Meta prevista para 2025,meta_prevista_para_2025,11.0,11,,"{'page_number': 437, 'left': 99.744, 'top': 346.0808873242187, 'right': 229.71771999999999, 'bottom': 337.1474826833347, 'coord_origin': 'BOTTOMLEFT'}",text_heuristic
f7a01927-ba07-5270-afcc-704c01a8c697,c11b9579-45d1-58de-af90-2c8b6bc73152,437,95e59b44-d9aa-5c5d-b438-5c0c56369177,Informações do Monitoramento,Meta prevista para 2026,meta_prevista_para_2026,19.0,19,,"{'page_number': 437, 'left': 99.744, 'top': 334.6808873242187, 'right': 229.71771999999999, 'bottom': 325.74748268333474, 'coord_origin': 'BOTTOMLEFT'}",text_heuristic
d4d68861-910a-587d-8ba8-b86201e099c4,c11b9579-45d1-58de-af90-2c8b6bc73152,437,95e59b44-d9aa-5c5d-b438-5c0c56369177,Informações do Monitoramento,Meta prevista para 2027,meta_prevista_para_2027,20.0,20,,"{'page_number': 437, 'left': 99.744, 'top': 323.1608873242187, 'right': 229.71771999999999, 'bottom': 314.22748268333476, 'coord_origin': 'BOTTOMLEFT'}",text_heuristic
933a2d6d-702d-597e-8bda-48904a9fc580,c11b9579-45d1-58de-af90-2c8b6bc73152,437,95e59b44-d9aa-5c5d-b438-5c0c56369177,Informações do Monitoramento,Quantidade alcançada,quantidade_alcancada,0.0,0,,"{'page_number': 437, 'left': 99.744, 'top': 258.8208873242187, 'right': 217.47776, 'bottom': 249.88748268333472, 'coord_origin': 'BOTTOMLEFT'}",text_heuristic
5dd16cde-8a4d-520e-985a-541f61577c09,c11b9579-45d1-58de-af90-2c8b6bc73152,438,ef3d1fc2-d3e0-5bdb-9a13-2c5c86517b1b,Entrega: 0409 - Formação sociopolítica e em direitos humanos das pessoas em situação de rua.,Indicador: - Número de pessoas em situação de rua formadas,indicador_numero_de_pessoas_em_situacao_de_rua_formadas,10178.0,10178,,"{'page_number': 438, 'left': 96.024, 'top': 261.6260073242187, 'right': 484.74800000000045, 'bottom': 250.86286920267173, 'coord_origin': 'BOTTOMLEFT'}",text_heuristic
d9d6031b-5e10-5bd4-9d34-07c0085fb2e7,c11b9579-45d1-58de-af90-2c8b6bc73152,438,ef3d1fc2-d3e0-5bdb-9a13-2c5c86517b1b,Entrega: 0409 - Formação sociopolítica e em direitos humanos das pessoas em situação de rua.,Meta: SG - Aferir número de pessoas em situação de rua formadas,meta_sg_aferir_numero_de_pessoas_em_situacao_de_rua_formadas,6.0,06,,"{'page_number': 438, 'left': 96.024, 'top': 243.38600732421867, 'right': 489.41600000000045, 'bottom': 232.62286920267172, 'coord_origin': 'BOTTOMLEFT'}",text_heuristic
ce955bac-ea42-5185-a631-444409a5236e,c11b9579-45d1-58de-af90-2c8b6bc73152,438,ef3d1fc2-d3e0-5bdb-9a13-2c5c86517b1b,Entrega: 0409 - Formação sociopolítica e em direitos humanos das pessoas em situação de rua.,Meta prevista para 2024,meta_prevista_para_2024,200.0,200,,"{'page_number': 438, 'left': 99.744, 'top': 193.0608873242187, 'right': 235.23767999999998, 'bottom': 184.12748268333473, 'coord_origin': 'BOTTOMLEFT'}",text_heuristic
ffd4ac97-d09b-5906-9d44-0863ff6e0775,c11b9579-45d1-58de-af90-2c8b6bc73152,438,ef3d1fc2-d3e0-5bdb-9a13-2c5c86517b1b,Entrega: 0409 - Formação sociopolítica e em direitos humanos das pessoas em situação de rua.,Meta prevista para 2025,meta_prevista_para_2025,500.0,500,,"{'page_number': 438, 'left': 99.744, 'top': 181.54088732421872, 'right': 235.23767999999998, 'bottom': 172.60748268333475, 'coord_origin': 'BOTTOMLEFT'}",text_heuristic
b8a8ff94-3231-59ed-b258-0c393890e1bd,c11b9579-45d1-58de-af90-2c8b6bc73152,438,ef3d1fc2-d3e0-5bdb-9a13-2c5c86517b1b,Entrega: 0409 - Formação sociopolítica e em direitos humanos das pessoas em situação de rua.,Meta prevista para,meta_prevista_para,2026.0,2026,,"{'page_number': 438, 'left': 99.744, 'top': 170.02088732421873, 'right': 218.45723999999987, 'bottom': 161.08748268333477, 'coord_origin': 'BOTTOMLEFT'}",text_heuristic
2768888b-a593-5490-81f9-c6a3f4fc4145,c11b9579-45d1-58de-af90-2c8b6bc73152,438,ef3d1fc2-d3e0-5bdb-9a13-2c5c86517b1b,Entrega: 0409 - Formação sociopolítica e em direitos humanos das pessoas em situação de rua.,Meta prevista para,meta_prevista_para,2027.0,2027,,"{'page_number': 438, 'left': 99.744, 'top': 158.47088732421867, 'right': 218.45723999999987, 'bottom': 149.5374826833347, 'coord_origin': 'BOTTOMLEFT'}",text_heuristic
e518fbcd-90f6-51ea-915b-f02df2a5a1b0,c11b9579-45d1-58de-af90-2c8b6bc73152,441,0f8f742a-87a1-5f22-b297-58bedaaaa58e,Informações do Monitoramento,Meta prevista para 2024,meta_prevista_para_2024,2.0,2,,"{'page_number': 441, 'left': 99.744, 'top': 334.4408873242187, 'right': 224.19776, 'bottom': 325.50748268333473, 'coord_origin': 'BOTTOMLEFT'}",text_heuristic
1b17a41d-dc97-5342-aee2-8e9f3282fdda,c11b9579-45d1-58de-af90-2c8b6bc73152,441,0f8f742a-87a1-5f22-b297-58bedaaaa58e,Informações do Monitoramento,Meta prevista para 2025,meta_prevista_para_2025,4.0,4,,"{'page_number': 441, 'left': 99.744, 'top': 322.9208873242187, 'right': 224.19776, 'bottom': 313.98748268333475, 'coord_origin': 'BOTTOMLEFT'}",text_heuristic
57feb051-23bb-5aed-9d73-0d816aa6d5eb,c11b9579-45d1-58de-af90-2c8b6bc73152,441,0f8f742a-87a1-5f22-b297-58bedaaaa58e,Informações do Monitoramento,Meta prevista para 2026,meta_prevista_para_2026,7.0,7,,"{'page_number': 441, 'left': 99.744, 'top': 311.4008873242187, 'right': 224.19776, 'bottom': 302.4674826833347, 'coord_origin': 'BOTTOMLEFT'}",text_heuristic
0600cfb0-b04c-51a0-8f50-e74259a329ed,c11b9579-45d1-58de-af90-2c8b6bc73152,441,0f8f742a-87a1-5f22-b297-58bedaaaa58e,Informações do Monitoramento,Meta prevista para,meta_prevista_para,2027.0,2027,,"{'page_number': 441, 'left': 99.744, 'top': 299.8808873242187, 'right': 218.45723999999987, 'bottom': 290.9474826833347, 'coord_origin': 'BOTTOMLEFT'}",text_heuristic
44bec389-d2f4-52a4-8205-b29e290f3d72,c11b9579-45d1-58de-af90-2c8b6bc73152,441,0f8f742a-87a1-5f22-b297-58bedaaaa58e,Informações do Monitoramento,Quantidade alcançada,quantidade_alcancada,3.0,3,,"{'page_number': 441, 'left': 99.744, 'top': 235.66088732421872, 'right': 217.47776, 'bottom': 226.72748268333476, 'coord_origin': 'BOTTOMLEFT'}",text_heuristic
d5c8031c-504d-51dc-848f-597d67d3aacd,c11b9579-45d1-58de-af90-2c8b6bc73152,442,b1e325dc-8819-54fd-836f-46021f1bcbbc,Informações do Monitoramento,Meta prevista para 2024,meta_prevista_para_2024,5.0,5,,"{'page_number': 442, 'left': 99.744, 'top': 218.6208873242187, 'right': 224.19776, 'bottom': 209.68748268333474, 'coord_origin': 'BOTTOMLEFT'}",text_heuristic
c1694019-33c5-5f67-b036-8473fa03062a,c11b9579-45d1-58de-af90-2c8b6bc73152,442,b1e325dc-8819-54fd-836f-46021f1bcbbc,Informações do Monitoramento,Meta prevista para 2025,meta_prevista_para_2025,10.0,10,,"{'page_number': 442, 'left': 99.744, 'top': 207.10088732421866, 'right': 229.71771999999999, 'bottom': 198.1674826833347, 'coord_origin': 'BOTTOMLEFT'}",text_heuristic
74816ef9-f343-5fb5-aa4e-20e983dbfd03,c11b9579-45d1-58de-af90-2c8b6bc73152,442,b1e325dc-8819-54fd-836f-46021f1bcbbc,Informações do Monitoramento,Meta prevista para 2026,meta_prevista_para_2026,30.0,30,,"{'page_number': 442, 'left': 99.744, 'top': 195.58088732421868, 'right': 229.71771999999999, 'bottom': 186.64748268333472, 'coord_origin': 'BOTTOMLEFT'}",text_heuristic
e70e6f98-c564-55d1-a45b-8c640c260018,c11b9579-45d1-58de-af90-2c8b6bc73152,442,b1e325dc-8819-54fd-836f-46021f1bcbbc,Informações do Monitoramento,Meta prevista para,meta_prevista_para,2027.0,2027,,"{'page_number': 442, 'left': 99.744, 'top': 184.0608873242187, 'right': 218.45723999999987, 'bottom': 175.12748268333473, 'coord_origin': 'BOTTOMLEFT'}",text_heuristic
4e9ac46f-7f02-56bd-b758-fd80918fdcbf,c11b9579-45d1-58de-af90-2c8b6bc73152,444,6458be47-1074-5812-80ea-e060b244f6f2,Informações do Monitoramento,Meta prevista para 2024,meta_prevista_para_2024,5.0,5,,"{'page_number': 444, 'left': 99.744, 'top': 531.7508873242188, 'right': 224.19776, 'bottom': 522.8174826833347, 'coord_origin': 'BOTTOMLEFT'}",text_heuristic
4317bbd6-1500-585e-8cec-1cf6bdecb618,c11b9579-45d1-58de-af90-2c8b6bc73152,444,6458be47-1074-5812-80ea-e060b244f6f2,Informações do Monitoramento,Meta prevista para,meta_prevista_para,2025.0,2025,,"{'page_number': 444, 'left': 99.744, 'top': 520.2308873242188, 'right': 218.45723999999987, 'bottom': 511.29748268333475, 'coord_origin': 'BOTTOMLEFT'}",text_heuristic
d70f0846-c898-5bfe-b34b-ee4c5b262734,c11b9579-45d1-58de-af90-2c8b6bc73152,444,6458be47-1074-5812-80ea-e060b244f6f2,Informações do Monitoramento,Meta prevista para 2026,meta_prevista_para_2026,30.0,30,,"{'page_number': 444, 'left': 99.744, 'top': 508.7108873242187, 'right': 229.71771999999999, 'bottom': 499.7774826833347, 'coord_origin': 'BOTTOMLEFT'}",text_heuristic
1b277cd1-dbf5-5fb3-aaab-35dc141b8f0b,c11b9579-45d1-58de-af90-2c8b6bc73152,444,6458be47-1074-5812-80ea-e060b244f6f2,Informações do Monitoramento,Meta prevista para,meta_prevista_para,2027.0,2027,,"{'page_number': 444, 'left': 99.744, 'top': 497.1908873242187, 'right': 218.45723999999987, 'bottom': 488.25748268333473, 'coord_origin': 'BOTTOMLEFT'}",text_heuristic
8ac4c72b-aceb-5109-bc0d-86de09c7a130,c11b9579-45d1-58de-af90-2c8b6bc73152,444,6458be47-1074-5812-80ea-e060b244f6f2,Informações do Monitoramento,Quantidade alcançada,quantidade_alcancada,4.0,4,,"{'page_number': 444, 'left': 99.744, 'top': 432.8708873242187, 'right': 217.47776, 'bottom': 423.93748268333474, 'coord_origin': 'BOTTOMLEFT'}",text_heuristic
59b906af-01e9-5573-bbbe-293291b6619f,c11b9579-45d1-58de-af90-2c8b6bc73152,445,b52d526b-5eb4-5d71-9682-a904b91206bd,Indicador: 10255 - Quantidade de novos centros de promoção de cidadania criados,Indicador: - Quantidade de novos centros de promoção de cidadania criados,indicador_quantidade_de_novos_centros_de_promocao_de_cidadania_criados,10255.0,10255,,"{'page_number': 445, 'left': 96.024, 'top': 516.9160073242188, 'right': 570.7520000000005, 'bottom': 506.15286920267175, 'coord_origin': 'BOTTOMLEFT'}",text_heuristic
9cd8a335-0146-593a-917e-1012ed7bb1e1,c11b9579-45d1-58de-af90-2c8b6bc73152,445,b52d526b-5eb4-5d71-9682-a904b91206bd,Indicador: 10255 - Quantidade de novos centros de promoção de cidadania criados,Meta: 06T - Aferir quantidade de novos centros de acesso a direitos criados,meta_06t_aferir_quantidade_de_novos_centros_de_acesso_a_direitos_criados,0.0,0,,"{'page_number': 445, 'left': 96.024, 'top': 498.5560073242187, 'right': 534.6320000000005, 'bottom': 487.79286920267174, 'coord_origin': 'BOTTOMLEFT'}",text_heuristic
5c3ce6c3-f76e-5405-8461-b1d4b4276a24,c11b9579-45d1-58de-af90-2c8b6bc73152,445,b52d526b-5eb4-5d71-9682-a904b91206bd,Indicador: 10255 - Quantidade de novos centros de promoção de cidadania criados,Meta prevista para 2024,meta_prevista_para_2024,1.0,1,,"{'page_number': 445, 'left': 99.744, 'top': 448.2308873242187, 'right': 224.19776, 'bottom': 439.29748268333475, 'coord_origin': 'BOTTOMLEFT'}",text_heuristic
522c1372-ab79-588c-9a5f-bf66d64120e7,c11b9579-45d1-58de-af90-2c8b6bc73152,445,b52d526b-5eb4-5d71-9682-a904b91206bd,Indicador: 10255 - Quantidade de novos centros de promoção de cidadania criados,Meta prevista para 2025,meta_prevista_para_2025,4.0,4,,"{'page_number': 445, 'left': 99.744, 'top': 436.7108873242187, 'right': 224.19776, 'bottom': 427.7774826833347, 'coord_origin': 'BOTTOMLEFT'}",text_heuristic
3f6161ea-c679-503d-bd42-f26ec1ed5752,c11b9579-45d1-58de-af90-2c8b6bc73152,445,b52d526b-5eb4-5d71-9682-a904b91206bd,Indicador: 10255 - Quantidade de novos centros de promoção de cidadania criados,Meta prevista para 2026,meta_prevista_para_2026,7.0,7,,"{'page_number': 445, 'left': 99.744, 'top': 425.1908873242187, 'right': 224.19776, 'bottom': 416.25748268333473, 'coord_origin': 'BOTTOMLEFT'}",text_heuristic
cc70fd36-65fd-5d04-9d1a-5f8a8f929a69,c11b9579-45d1-58de-af90-2c8b6bc73152,445,b52d526b-5eb4-5d71-9682-a904b91206bd,Indicador: 10255 - Quantidade de novos centros de promoção de cidadania criados,Meta prevista para,meta_prevista_para,2027.0,2027,,"{'page_number': 445, 'left': 99.744, 'top': 413.6708873242187, 'right': 218.45723999999987, 'bottom': 404.73748268333475, 'coord_origin': 'BOTTOMLEFT'}",text_heuristic
da433a26-08ab-5ff9-97e8-e50de9d9dd52,c11b9579-45d1-58de-af90-2c8b6bc73152,446,0145cd56-a128-5ce2-8f99-d93246e33889,Regionalizações da Meta,Meta prevista para 2024,meta_prevista_para_2024,6.0,6,,"{'page_number': 446, 'left': 99.744, 'top': 145.9908873242187, 'right': 224.19776, 'bottom': 137.05748268333474, 'coord_origin': 'BOTTOMLEFT'}",text_heuristic
aec594d3-75c2-5de8-b188-52ed0afc6d4b,c11b9579-45d1-58de-af90-2c8b6bc73152,446,0145cd56-a128-5ce2-8f99-d93246e33889,Regionalizações da Meta,Meta prevista para 2025,meta_prevista_para_2025,10.0,10,,"{'page_number': 446, 'left': 99.744, 'top': 134.47088732421867, 'right': 229.71771999999999, 'bottom': 125.5374826833347, 'coord_origin': 'BOTTOMLEFT'}",text_heuristic
abce1844-786f-5987-aabe-c694ac5c1456,c11b9579-45d1-58de-af90-2c8b6bc73152,446,0145cd56-a128-5ce2-8f99-d93246e33889,Regionalizações da Meta,Meta prevista para 2026,meta_prevista_para_2026,20.0,20,,"{'page_number': 446, 'left': 99.744, 'top': 122.95088732421868, 'right': 229.71771999999999, 'bottom': 114.01748268333472, 'coord_origin': 'BOTTOMLEFT'}",text_heuristic
4d3dfaa5-d7d0-5e1d-ae20-f1f95368cfaf,c11b9579-45d1-58de-af90-2c8b6bc73152,446,0145cd56-a128-5ce2-8f99-d93246e33889,Regionalizações da Meta,Meta prevista para 2027,meta_prevista_para_2027,25.0,25,,"{'page_number': 446, 'left': 99.744, 'top': 111.4308873242187, 'right': 229.71771999999999, 'bottom': 102.49748268333474, 'coord_origin': 'BOTTOMLEFT'}",text_heuristic
e7c7c733-6e2c-5603-b774-d60939ce7840,c11b9579-45d1-58de-af90-2c8b6bc73152,447,e2b2040c-e2a9-5b36-a0ac-5eb3d9713923,Regionalizações da Meta,Quantidade alcançada,quantidade_alcancada,2.0,2,,"{'page_number': 447, 'left': 99.744, 'top': 543.2908873242187, 'right': 217.47776, 'bottom': 534.3574826833346, 'coord_origin': 'BOTTOMLEFT'}",text_heuristic
3850cccc-364e-52b4-8d94-e2469bc05ef0,c11b9579-45d1-58de-af90-2c8b6bc73152,448,68bb5950-7872-557d-b753-6f950f84e54b,Informações do Monitoramento,Meta prevista para 2024,meta_prevista_para_2024,200.0,200,,"{'page_number': 448, 'left': 99.744, 'top': 531.7508873242188, 'right': 235.23767999999998, 'bottom': 522.8174826833347, 'coord_origin': 'BOTTOMLEFT'}",text_heuristic
8eabfd29-920e-5812-9dc4-652af4d9f2c7,c11b9579-45d1-58de-af90-2c8b6bc73152,448,68bb5950-7872-557d-b753-6f950f84e54b,Informações do Monitoramento,Meta prevista para 2025,meta_prevista_para_2025,500.0,500,,"{'page_number': 448, 'left': 99.744, 'top': 520.2308873242188, 'right': 235.23767999999998, 'bottom': 511.29748268333475, 'coord_origin': 'BOTTOMLEFT'}",text_heuristic
0e38ba98-70a9-5102-a66b-1397d5a861e1,c11b9579-45d1-58de-af90-2c8b6bc73152,448,68bb5950-7872-557d-b753-6f950f84e54b,Informações do Monitoramento,Meta prevista para 2026,meta_prevista_para_2026,2000.0,2.000,,"{'page_number': 448, 'left': 99.744, 'top': 508.7108873242187, 'right': 243.62971999999996, 'bottom': 499.7774826833347, 'coord_origin': 'BOTTOMLEFT'}",text_heuristic
d96c82db-7e29-553e-a8f9-0e75e2dc6ad8,c11b9579-45d1-58de-af90-2c8b6bc73152,448,68bb5950-7872-557d-b753-6f950f84e54b,Informações do Monitoramento,Meta prevista para,meta_prevista_para,2027.0,2027,,"{'page_number': 448, 'left': 99.744, 'top': 497.1908873242187, 'right': 218.45723999999987, 'bottom': 488.25748268333473, 'coord_origin': 'BOTTOMLEFT'}",text_heuristic
2b5f5fb5-ff38-5956-b6f1-61f366a5b1f6,c11b9579-45d1-58de-af90-2c8b6bc73152,448,b5a370a1-65d4-5321-a539-22d4526fd1f0,Informações do Monitoramento,Quantidade alcançada,quantidade_alcancada,0.0,0,,"{'page_number': 448, 'left': 99.744, 'top': 87.79488732421868, 'right': 217.47776, 'bottom': 78.86148268333477, 'coord_origin': 'BOTTOMLEFT'}",text_heuristic
6c7fd5fa-f59a-5172-bd8f-95fd90e57502,c11b9579-45d1-58de-af90-2c8b6bc73152,449,2ac60279-99e5-5eb7-a31b-fbcdf56a4d7f,Regionalizações da Meta,Meta prevista para 2024,meta_prevista_para_2024,6.0,6,,"{'page_number': 449, 'left': 99.744, 'top': 95.35488732421868, 'right': 224.19776, 'bottom': 86.42148268333472, 'coord_origin': 'BOTTOMLEFT'}",text_heuristic
93998632-9c3a-58e7-ac1f-b2b3373e70f9,c11b9579-45d1-58de-af90-2c8b6bc73152,449,2ac60279-99e5-5eb7-a31b-fbcdf56a4d7f,Regionalizações da Meta,Meta prevista para 2025,meta_prevista_para_2025,11.0,11,,"{'page_number': 449, 'left': 99.744, 'top': 83.9548873242187, 'right': 229.71771999999999, 'bottom': 75.02148268333474, 'coord_origin': 'BOTTOMLEFT'}",text_heuristic
d220b16b-3b25-5b90-8d36-fb57bb6daf4e,c11b9579-45d1-58de-af90-2c8b6bc73152,449,2ac60279-99e5-5eb7-a31b-fbcdf56a4d7f,Regionalizações da Meta,Meta prevista para 2026,meta_prevista_para_2026,17.0,17,,"{'page_number': 449, 'left': 99.744, 'top': 72.43488732421872, 'right': 229.71771999999999, 'bottom': 63.50148268333476, 'coord_origin': 'BOTTOMLEFT'}",text_heuristic
539ecf17-d388-5cf0-9dec-37ab5c7ed4aa,c11b9579-45d1-58de-af90-2c8b6bc73152,449,2ac60279-99e5-5eb7-a31b-fbcdf56a4d7f,Regionalizações da Meta,Meta prevista para,meta_prevista_para,2027.0,2027,,"{'page_number': 449, 'left': 99.744, 'top': 60.91488732421874, 'right': 218.45723999999987, 'bottom': 51.981482683334775, 'coord_origin': 'BOTTOMLEFT'}",text_heuristic
01ddccb5-390a-5c5c-96f8-5ef4ef49a515,c11b9579-45d1-58de-af90-2c8b6bc73152,451,862f4446-625f-5b15-b698-7a234925de62,Informações do Monitoramento,Meta prevista para 2024,meta_prevista_para_2024,50.0,50,,"{'page_number': 451, 'left': 99.744, 'top': 420.6308873242187, 'right': 229.71771999999999, 'bottom': 411.6974826833347, 'coord_origin': 'BOTTOMLEFT'}",text_heuristic
ceb1ae38-64ab-5f7d-bd7e-1f2f4aec7f7a,c11b9579-45d1-58de-af90-2c8b6bc73152,451,862f4446-625f-5b15-b698-7a234925de62,Informações do Monitoramento,Meta prevista para 2025,meta_prevista_para_2025,95.0,95,,"{'page_number': 451, 'left': 99.744, 'top': 409.0808873242187, 'right': 229.71771999999999, 'bottom': 400.1474826833347, 'coord_origin': 'BOTTOMLEFT'}",text_heuristic
f46ad1ea-1f42-52b1-a27d-96d350fa87d3,c11b9579-45d1-58de-af90-2c8b6bc73152,451,862f4446-625f-5b15-b698-7a234925de62,Informações do Monitoramento,Meta prevista para 2026,meta_prevista_para_2026,110.0,110,,"{'page_number': 451, 'left': 99.744, 'top': 397.5608873242187, 'right': 235.23767999999998, 'bottom': 388.62748268333473, 'coord_origin': 'BOTTOMLEFT'}",text_heuristic
60e48342-df60-5b6b-928f-905236767bf8,c11b9579-45d1-58de-af90-2c8b6bc73152,451,862f4446-625f-5b15-b698-7a234925de62,Informações do Monitoramento,Meta prevista para 2027,meta_prevista_para_2027,200.0,200,,"{'page_number': 451, 'left': 99.744, 'top': 386.0408873242187, 'right': 235.23767999999998, 'bottom': 377.10748268333475, 'coord_origin': 'BOTTOMLEFT'}",text_heuristic
2beb8081-8778-51f2-b48e-42ad44a77bfa,c11b9579-45d1-58de-af90-2c8b6bc73152,452,6fa28895-ead7-5f67-b027-212fb8281d9b,Entrega: 1721 - Profissionais do SAMU 192 capacitados em atenção às urgências e emergências da população em situação de rua,Meta prevista para,meta_prevista_para,2024.0,2024,,"{'page_number': 452, 'left': 99.744, 'top': 252.22088732421867, 'right': 218.45723999999987, 'bottom': 243.2874826833347, 'coord_origin': 'BOTTOMLEFT'}",text_heuristic
82c08ed0-dd06-5b90-9f6c-2c256bb21279,c11b9579-45d1-58de-af90-2c8b6bc73152,452,6fa28895-ead7-5f67-b027-212fb8281d9b,Entrega: 1721 - Profissionais do SAMU 192 capacitados em atenção às urgências e emergências da população em situação de rua,Meta prevista para 2025,meta_prevista_para_2025,15.0,15,,"{'page_number': 452, 'left': 99.744, 'top': 240.70088732421868, 'right': 229.71771999999999, 'bottom': 231.76748268333472, 'coord_origin': 'BOTTOMLEFT'}",text_heuristic
db556bd9-85a7-5452-b923-14abeb9b7435,c11b9579-45d1-58de-af90-2c8b6bc73152,452,6fa28895-ead7-5f67-b027-212fb8281d9b,Entrega: 1721 - Profissionais do SAMU 192 capacitados em atenção às urgências e emergências da população em situação de rua,Meta prevista para 2026,meta_prevista_para_2026,20.0,20,,"{'page_number': 452, 'left': 99.744, 'top': 229.1808873242187, 'right': 229.71771999999999, 'bottom': 220.24748268333474, 'coord_origin': 'BOTTOMLEFT'}",text_heuristic
be8829de-ea5b-5b85-968a-9affc2af8d6e,c11b9579-45d1-58de-af90-2c8b6bc73152,452,6fa28895-ead7-5f67-b027-212fb8281d9b,Entrega: 1721 - Profissionais do SAMU 192 capacitados em atenção às urgências e emergências da população em situação de rua,Meta prevista para 2027,meta_prevista_para_2027,25.0,25,,"{'page_number': 452, 'left': 99.744, 'top': 217.66088732421872, 'right': 229.71771999999999, 'bottom': 208.72748268333476, 'coord_origin': 'BOTTOMLEFT'}",text_heuristic
e59414e3-85b6-5fac-a773-0704c3cee224,c11b9579-45d1-58de-af90-2c8b6bc73152,452,8615f582-b22b-57e8-a24c-619fcf6923fa,Informações do Monitoramento,Quantidade alcançada,quantidade_alcancada,0.0,0,,"{'page_number': 452, 'left': 99.744, 'top': 153.4308873242187, 'right': 217.47776, 'bottom': 144.49748268333474, 'coord_origin': 'BOTTOMLEFT'}",text_heuristic
2c4c45b7-6df0-5dd2-a1bf-154295fc4f03,c11b9579-45d1-58de-af90-2c8b6bc73152,453,b3a6b7e6-4cce-54a7-b552-b488a004cc79,Informações do Monitoramento,Órgão Responsável: - Ministério dos Direitos Humanos e da Cidadania,orgao_responsavel_ministerio_dos_direitos_humanos_e_da_cidadania,81000.0,81000,,"{'page_number': 453, 'left': 77.28, 'top': 401.6408873242187, 'right': 427.7614399999999, 'bottom': 392.7074826833347, 'coord_origin': 'BOTTOMLEFT'}",text_heuristic
6c7f488d-b9b1-56b5-8361-37ba556158dd,c11b9579-45d1-58de-af90-2c8b6bc73152,454,a5153dd6-1ed8-5d49-b119-128c568f54c8,Informações do Monitoramento,Meta prevista para,meta_prevista_para,2024.0,2024,,"{'page_number': 454, 'left': 92.304, 'top': 531.7508873242188, 'right': 211.0172399999999, 'bottom': 522.8174826833347, 'coord_origin': 'BOTTOMLEFT'}",text_heuristic
ecae5bbe-f5c9-549a-aad0-2f01ecd69cca,c11b9579-45d1-58de-af90-2c8b6bc73152,454,a5153dd6-1ed8-5d49-b119-128c568f54c8,Informações do Monitoramento,Meta prevista para,meta_prevista_para,2025.0,2025,,"{'page_number': 454, 'left': 92.304, 'top': 520.2308873242188, 'right': 211.0172399999999, 'bottom': 511.29748268333475, 'coord_origin': 'BOTTOMLEFT'}",text_heuristic
26a040e5-6ab1-54b7-8a33-a485a4274e9b,c11b9579-45d1-58de-af90-2c8b6bc73152,454,a5153dd6-1ed8-5d49-b119-128c568f54c8,Informações do Monitoramento,Meta prevista para,meta_prevista_para,2026.0,2026,,"{'page_number': 454, 'left': 92.304, 'top': 508.7108873242187, 'right': 211.0172399999999, 'bottom': 499.7774826833347, 'coord_origin': 'BOTTOMLEFT'}",text_heuristic
cf5b6b67-dd29-54e8-8f22-5c154a2c0dd3,c11b9579-45d1-58de-af90-2c8b6bc73152,454,a5153dd6-1ed8-5d49-b119-128c568f54c8,Informações do Monitoramento,Meta prevista para,meta_prevista_para,2027.0,2027,,"{'page_number': 454, 'left': 92.304, 'top': 497.1908873242187, 'right': 211.0172399999999, 'bottom': 488.25748268333473, 'coord_origin': 'BOTTOMLEFT'}",text_heuristic
4b7fb999-7e90-5323-9062-384671216534,c11b9579-45d1-58de-af90-2c8b6bc73152,454,a5153dd6-1ed8-5d49-b119-128c568f54c8,Informações do Monitoramento,Meta prevista para 2024,meta_prevista_para_2024,150.0,150,,"{'page_number': 454, 'left': 99.744, 'top': 119.47088732421867, 'right': 235.23767999999998, 'bottom': 110.5374826833347, 'coord_origin': 'BOTTOMLEFT'}",text_heuristic
64324095-aa2f-5481-a951-dee51c554a65,c11b9579-45d1-58de-af90-2c8b6bc73152,454,a5153dd6-1ed8-5d49-b119-128c568f54c8,Informações do Monitoramento,Meta prevista para 2025,meta_prevista_para_2025,150.0,150,,"{'page_number': 454, 'left': 99.744, 'top': 107.95088732421868, 'right': 235.23767999999998, 'bottom': 99.01748268333472, 'coord_origin': 'BOTTOMLEFT'}",text_heuristic
81dee401-75c9-5c97-a812-107082cb8d91,c11b9579-45d1-58de-af90-2c8b6bc73152,454,a5153dd6-1ed8-5d49-b119-128c568f54c8,Informações do Monitoramento,Meta prevista para 2026,meta_prevista_para_2026,300.0,300,,"{'page_number': 454, 'left': 99.744, 'top': 96.43488732421872, 'right': 235.23767999999998, 'bottom': 87.5014826833347, 'coord_origin': 'BOTTOMLEFT'}",text_heuristic
06122614-e6f1-53d3-9dbc-73bf71395d0c,c11b9579-45d1-58de-af90-2c8b6bc73152,454,a5153dd6-1ed8-5d49-b119-128c568f54c8,Informações do Monitoramento,Meta prevista para 2027,meta_prevista_para_2027,300.0,300,,"{'page_number': 454, 'left': 99.744, 'top': 84.91488732421868, 'right': 235.23767999999998, 'bottom': 75.98148268333466, 'coord_origin': 'BOTTOMLEFT'}",text_heuristic
f9c7fd86-778f-5b1d-a461-fc3906842b74,c11b9579-45d1-58de-af90-2c8b6bc73152,456,3753a283-92c9-5bb3-8b3b-730609a130bb,Informações do Monitoramento,Meta prevista para 2026,meta_prevista_para_2026,90.0,90,,"{'page_number': 456, 'left': 99.744, 'top': 548.2108873242188, 'right': 229.71771999999999, 'bottom': 539.2774826833347, 'coord_origin': 'BOTTOMLEFT'}",text_heuristic
cfa078f9-2f4e-5290-8dd4-16c932121cd6,c11b9579-45d1-58de-af90-2c8b6bc73152,456,3753a283-92c9-5bb3-8b3b-730609a130bb,Informações do Monitoramento,Meta prevista para,meta_prevista_para,2027.0,2027,,"{'page_number': 456, 'left': 99.744, 'top': 536.6708873242187, 'right': 218.45723999999987, 'bottom': 527.7374826833346, 'coord_origin': 'BOTTOMLEFT'}",text_heuristic
1035a322-9bd8-5f11-a66d-bdeafe8ce2ed,c11b9579-45d1-58de-af90-2c8b6bc73152,456,3753a283-92c9-5bb3-8b3b-730609a130bb,Informações do Monitoramento,Quantidade alcançada,quantidade_alcancada,0.0,0,,"{'page_number': 456, 'left': 99.744, 'top': 472.4708873242187, 'right': 217.47776, 'bottom': 463.53748268333476, 'coord_origin': 'BOTTOMLEFT'}",text_heuristic
be3313ac-665b-5664-9fb7-4e457d6f058b,c11b9579-45d1-58de-af90-2c8b6bc73152,456,3753a283-92c9-5bb3-8b3b-730609a130bb,Informações do Monitoramento,Meta prevista para 2024,meta_prevista_para_2024,15.0,15,,"{'page_number': 456, 'left': 99.744, 'top': 120.3108873242187, 'right': 229.71771999999999, 'bottom': 111.37748268333473, 'coord_origin': 'BOTTOMLEFT'}",text_heuristic
e382c0c1-c761-5514-af55-7700fc001aa6,c11b9579-45d1-58de-af90-2c8b6bc73152,456,3753a283-92c9-5bb3-8b3b-730609a130bb,Informações do Monitoramento,Meta prevista para 2025,meta_prevista_para_2025,15.0,15,,"{'page_number': 456, 'left': 99.744, 'top': 108.79088732421872, 'right': 229.71771999999999, 'bottom': 99.85748268333475, 'coord_origin': 'BOTTOMLEFT'}",text_heuristic
ff05f99a-2f1c-5340-a8bb-5fb9ad5c967b,c11b9579-45d1-58de-af90-2c8b6bc73152,456,3753a283-92c9-5bb3-8b3b-730609a130bb,Informações do Monitoramento,Meta prevista para 2026,meta_prevista_para_2026,30.0,30,,"{'page_number': 456, 'left': 99.744, 'top': 97.3948873242187, 'right': 229.71771999999999, 'bottom': 88.46148268333474, 'coord_origin': 'BOTTOMLEFT'}",text_heuristic
12452693-9f0b-5254-80bc-536e16b0425d,c11b9579-45d1-58de-af90-2c8b6bc73152,456,3753a283-92c9-5bb3-8b3b-730609a130bb,Informações do Monitoramento,Meta prevista para 2027,meta_prevista_para_2027,30.0,30,,"{'page_number': 456, 'left': 99.744, 'top': 85.87488732421866, 'right': 229.71771999999999, 'bottom': 76.9414826833347, 'coord_origin': 'BOTTOMLEFT'}",text_heuristic
4fda7f44-6076-5f11-a92b-38556d25a9e7,c11b9579-45d1-58de-af90-2c8b6bc73152,457,fa4558fc-01c0-5016-b567-b25b17ee5855,Informações do Monitoramento,Ministério da Saúde,ministerio_da_saude,36000.0,36000,,"{'page_number': 457, 'left': 177.26, 'top': 273.34088732421867, 'right': 302.26543999999996, 'bottom': 264.4074826833347, 'coord_origin': 'BOTTOMLEFT'}",text_heuristic
6232d201-c56f-59b2-b8c1-5e4c32a4dea3,c11b9579-45d1-58de-af90-2c8b6bc73152,458,8687a12f-ac87-5124-b38e-3190804a5140,PROGRAMA: 5816 - PROMOÇÃO E PROTEÇÃO INTEGRAL DOS DIREITOS HUMANOS DE CRIANÇAS E ADOLESCENTES COM ABSOLUTA PRIORIDADE,Ministério dos Direitos Humanos e da Cidadania,ministerio_dos_direitos_humanos_e_da_cidadania,81000.0,81000,,"{'page_number': 458, 'left': 177.26, 'top': 531.7508873242188, 'right': 427.7614399999999, 'bottom': 522.8174826833347, 'coord_origin': 'BOTTOMLEFT'}",text_heuristic
6c3fbd79-4b4c-5e95-9e56-860d96a71fbb,c11b9579-45d1-58de-af90-2c8b6bc73152,459,61cb9857-573d-5cfa-8474-7b3455acea12,Informações do Monitoramento,Órgão Responsável: - Ministério dos Direitos Humanos e da Cidadania,orgao_responsavel_ministerio_dos_direitos_humanos_e_da_cidadania,81000.0,81000,,"{'page_number': 459, 'left': 77.28, 'top': 527.1908873242188, 'right': 427.7614399999999, 'bottom': 518.2574826833347, 'coord_origin': 'BOTTOMLEFT'}",text_heuristic
6e67ecc1-ed9e-5249-b682-e553691ca5bf,c11b9579-45d1-58de-af90-2c8b6bc73152,459,61cb9857-573d-5cfa-8474-7b3455acea12,Informações do Monitoramento,Meta prevista para,meta_prevista_para,2024.0,2024,,"{'page_number': 459, 'left': 92.304, 'top': 111.67088732421871, 'right': 211.0172399999999, 'bottom': 102.73748268333475, 'coord_origin': 'BOTTOMLEFT'}",text_heuristic
44b02bea-7395-5f28-b5af-64718d07e01b,c11b9579-45d1-58de-af90-2c8b6bc73152,459,61cb9857-573d-5cfa-8474-7b3455acea12,Informações do Monitoramento,Meta prevista para,meta_prevista_para,2025.0,2025,,"{'page_number': 459, 'left': 92.304, 'top': 100.2748873242187, 'right': 211.0172399999999, 'bottom': 91.34148268333473, 'coord_origin': 'BOTTOMLEFT'}",text_heuristic
b5dc49f4-10c5-5692-91c8-0e68cabf5351,c11b9579-45d1-58de-af90-2c8b6bc73152,459,61cb9857-573d-5cfa-8474-7b3455acea12,Informações do Monitoramento,Meta prevista para,meta_prevista_para,2026.0,2026,,"{'page_number': 459, 'left': 92.304, 'top': 88.75488732421871, 'right': 211.0172399999999, 'bottom': 79.8214826833347, 'coord_origin': 'BOTTOMLEFT'}",text_heuristic
dad9f54d-82dc-541b-a741-ed0541d89f3d,c11b9579-45d1-58de-af90-2c8b6bc73152,459,61cb9857-573d-5cfa-8474-7b3455acea12,Informações do Monitoramento,Meta prevista para,meta_prevista_para,2027.0,2027,,"{'page_number': 459, 'left': 92.304, 'top': 77.23488732421868, 'right': 211.0172399999999, 'bottom': 68.30148268333471, 'coord_origin': 'BOTTOMLEFT'}",text_heuristic
e7c070b0-0636-5183-b654-a5f4b8c94ac6,c11b9579-45d1-58de-af90-2c8b6bc73152,461,176093b0-9b1f-5b3e-b7fc-82f3496056bb,Informações do Monitoramento,Meta prevista para 2024,meta_prevista_para_2024,8.0,8,,"{'page_number': 461, 'left': 99.744, 'top': 531.7508873242188, 'right': 224.19776, 'bottom': 522.8174826833347, 'coord_origin': 'BOTTOMLEFT'}",text_heuristic
9fdbb2b4-88e0-586a-8769-8fb705fac7a4,c11b9579-45d1-58de-af90-2c8b6bc73152,461,176093b0-9b1f-5b3e-b7fc-82f3496056bb,Informações do Monitoramento,Meta prevista para 2025,meta_prevista_para_2025,20.0,20,,"{'page_number': 461, 'left': 99.744, 'top': 520.2308873242188, 'right': 229.71771999999999, 'bottom': 511.29748268333475, 'coord_origin': 'BOTTOMLEFT'}",text_heuristic
80434d35-618e-583e-b92f-9a0b89cf14e1,c11b9579-45d1-58de-af90-2c8b6bc73152,461,176093b0-9b1f-5b3e-b7fc-82f3496056bb,Informações do Monitoramento,Meta prevista para,meta_prevista_para,2026.0,2026,,"{'page_number': 461, 'left': 99.744, 'top': 508.7108873242187, 'right': 218.45723999999987, 'bottom': 499.7774826833347, 'coord_origin': 'BOTTOMLEFT'}",text_heuristic
8484f4e2-05ff-5376-9b1c-2755b8b28f49,c11b9579-45d1-58de-af90-2c8b6bc73152,461,176093b0-9b1f-5b3e-b7fc-82f3496056bb,Informações do Monitoramento,Meta prevista para,meta_prevista_para,2027.0,2027,,"{'page_number': 461, 'left': 99.744, 'top': 497.1908873242187, 'right': 218.45723999999987, 'bottom': 488.25748268333473, 'coord_origin': 'BOTTOMLEFT'}",text_heuristic
95894a3a-ed23-5fd0-a16f-35211d577caf,c11b9579-45d1-58de-af90-2c8b6bc73152,462,e13ac9c6-9aa2-51d9-a552-8d80c7ffd44d,Informações do Monitoramento,Órgão Responsável: - Ministério dos Direitos Humanos e da Cidadania,orgao_responsavel_ministerio_dos_direitos_humanos_e_da_cidadania,81000.0,81000,,"{'page_number': 462, 'left': 77.28, 'top': 495.03088732421867, 'right': 427.7614399999999, 'bottom': 486.0974826833347, 'coord_origin': 'BOTTOMLEFT'}",text_heuristic
cc78279b-be43-580a-9d3b-d0d77af973f4,c11b9579-45d1-58de-af90-2c8b6bc73152,462,e13ac9c6-9aa2-51d9-a552-8d80c7ffd44d,Informações do Monitoramento,Notas do usuário: Alteração efetuada conforme e-mail MDHC de 19 e 20/03/,notas_do_usuario_alteracao_efetuada_conforme_e_mail_mdhc_de_19_e_20_03,2025.0,2025.,,"{'page_number': 462, 'left': 77.28, 'top': 223.66088732421872, 'right': 447.81679999999994, 'bottom': 214.72748268333476, 'coord_origin': 'BOTTOMLEFT'}",text_heuristic
61e6b492-4315-594b-b805-64304573a126,c11b9579-45d1-58de-af90-2c8b6bc73152,462,e13ac9c6-9aa2-51d9-a552-8d80c7ffd44d,Informações do Monitoramento,Indicador: - Número de programas socioeducativos equipados,indicador_numero_de_programas_socioeducativos_equipados,9864.0,9864,,"{'page_number': 462, 'left': 88.56, 'top': 175.94600732421873, 'right': 475.90400000000034, 'bottom': 165.18286920267178, 'coord_origin': 'BOTTOMLEFT'}",text_heuristic
971899e3-d69a-5742-ba06-57eef1849014,c11b9579-45d1-58de-af90-2c8b6bc73152,462,e13ac9c6-9aa2-51d9-a552-8d80c7ffd44d,Informações do Monitoramento,Meta: 06I - Calcular número de programas socioeducativos equipados,meta_06i_calcular_numero_de_programas_socioeducativos_equipados,4.0,4,,"{'page_number': 462, 'left': 88.56, 'top': 157.55600732421868, 'right': 495.2960000000004, 'bottom': 146.79286920267174, 'coord_origin': 'BOTTOMLEFT'}",text_heuristic
74bbca84-d05b-5c57-a903-0cdabcb9f92b,c11b9579-45d1-58de-af90-2c8b6bc73152,462,e13ac9c6-9aa2-51d9-a552-8d80c7ffd44d,Informações do Monitoramento,Meta prevista para,meta_prevista_para,2024.0,2024,,"{'page_number': 462, 'left': 92.304, 'top': 107.23488732421868, 'right': 211.0172399999999, 'bottom': 98.30148268333471, 'coord_origin': 'BOTTOMLEFT'}",text_heuristic
7022e24b-f400-5dd9-b424-5511755d52d9,c11b9579-45d1-58de-af90-2c8b6bc73152,462,e13ac9c6-9aa2-51d9-a552-8d80c7ffd44d,Informações do Monitoramento,Meta prevista para,meta_prevista_para,2025.0,2025,,"{'page_number': 462, 'left': 92.304, 'top': 95.7148873242187, 'right': 211.0172399999999, 'bottom': 86.78148268333473, 'coord_origin': 'BOTTOMLEFT'}",text_heuristic
1b8d1e57-a9dd-53db-b3c9-9e752dd38721,c11b9579-45d1-58de-af90-2c8b6bc73152,462,e13ac9c6-9aa2-51d9-a552-8d80c7ffd44d,Informações do Monitoramento,Meta prevista para,meta_prevista_para,2026.0,2026,,"{'page_number': 462, 'left': 92.304, 'top': 84.19488732421871, 'right': 211.0172399999999, 'bottom': 75.26148268333475, 'coord_origin': 'BOTTOMLEFT'}",text_heuristic
877edd0f-f70f-5f29-a6d8-524c4ae4563e,c11b9579-45d1-58de-af90-2c8b6bc73152,462,e13ac9c6-9aa2-51d9-a552-8d80c7ffd44d,Informações do Monitoramento,Meta prevista para,meta_prevista_para,2027.0,2027,,"{'page_number': 462, 'left': 92.304, 'top': 72.67488732421873, 'right': 211.0172399999999, 'bottom': 63.741482683334766, 'coord_origin': 'BOTTOMLEFT'}",text_heuristic
8cb2c8b5-889e-5d97-94af-e6b9f8983fa0,c11b9579-45d1-58de-af90-2c8b6bc73152,464,ff905341-3c6e-5e90-bde3-d75c214a9442,Informações do Monitoramento,Indicador: - Número de programas socioeducativos equipados,indicador_numero_de_programas_socioeducativos_equipados,9865.0,9865,,"{'page_number': 464, 'left': 96.024, 'top': 403.3660073242187, 'right': 483.4220000000002, 'bottom': 392.60286920267174, 'coord_origin': 'BOTTOMLEFT'}",text_heuristic
4e6a2424-a48b-59cd-a4ef-f2c881a6f718,c11b9579-45d1-58de-af90-2c8b6bc73152,464,ff905341-3c6e-5e90-bde3-d75c214a9442,Informações do Monitoramento,Meta: JJ - Calcular Número de programas socioeducativos equipados,meta_jj_calcular_numero_de_programas_socioeducativos_equipados,6.0,06,,"{'page_number': 464, 'left': 96.024, 'top': 385.0060073242187, 'right': 507.41600000000034, 'bottom': 374.2428692026717, 'coord_origin': 'BOTTOMLEFT'}",text_heuristic
3912462c-dfd7-57e9-8003-23a6500cb269,c11b9579-45d1-58de-af90-2c8b6bc73152,464,ff905341-3c6e-5e90-bde3-d75c214a9442,Informações do Monitoramento,Meta prevista para,meta_prevista_para,2024.0,2024,,"{'page_number': 464, 'left': 99.744, 'top': 334.6808873242187, 'right': 218.45723999999987, 'bottom': 325.74748268333474, 'coord_origin': 'BOTTOMLEFT'}",text_heuristic
c6853bab-f114-5eaf-8a3b-18476dbc4878,c11b9579-45d1-58de-af90-2c8b6bc73152,464,ff905341-3c6e-5e90-bde3-d75c214a9442,Informações do Monitoramento,Meta prevista para 2025,meta_prevista_para_2025,21.0,21,,"{'page_number': 464, 'left': 99.744, 'top': 323.28088732421867, 'right': 229.71771999999999, 'bottom': 314.3474826833347, 'coord_origin': 'BOTTOMLEFT'}",text_heuristic
0b100511-7956-5f21-8e23-6b8a89618459,c11b9579-45d1-58de-af90-2c8b6bc73152,464,ff905341-3c6e-5e90-bde3-d75c214a9442,Informações do Monitoramento,Meta prevista para 2026,meta_prevista_para_2026,27.0,27,,"{'page_number': 464, 'left': 99.744, 'top': 311.7608873242187, 'right': 229.71771999999999, 'bottom': 302.8274826833347, 'coord_origin': 'BOTTOMLEFT'}",text_heuristic
ff97dca8-cfbb-5f2d-a91c-9fcda2876d80,c11b9579-45d1-58de-af90-2c8b6bc73152,464,ff905341-3c6e-5e90-bde3-d75c214a9442,Informações do Monitoramento,Meta prevista para,meta_prevista_para,2027.0,2027,,"{'page_number': 464, 'left': 99.744, 'top': 300.2408873242187, 'right': 218.45723999999987, 'bottom': 291.30748268333474, 'coord_origin': 'BOTTOMLEFT'}",text_heuristic
6c954344-13a0-532a-8805-c9198b114ebd,c11b9579-45d1-58de-af90-2c8b6bc73152,465,ef5bba03-d453-5db7-916d-0977b58e0550,Objetivo Específico: 0192 - Proteger crianças e adolescentes ameaçados de morte.,Objetivo Específico: - Proteger crianças e adolescentes ameaçados de morte.,objetivo_especifico_proteger_criancas_e_adolescentes_ameacados_de_morte,192.0,0192,,"{'page_number': 465, 'left': 73.56, 'top': 209.4260073242187, 'right': 546.2360000000006, 'bottom': 198.66286920267174, 'coord_origin': 'BOTTOMLEFT'}",text_heuristic
40073d3f-7307-57a0-9dcb-8874ab802ec0,c11b9579-45d1-58de-af90-2c8b6bc73152,465,ef5bba03-d453-5db7-916d-0977b58e0550,Objetivo Específico: 0192 - Proteger crianças e adolescentes ameaçados de morte.,Órgão Responsável: - Ministério dos Direitos Humanos e da Cidadania,orgao_responsavel_ministerio_dos_direitos_humanos_e_da_cidadania,81000.0,81000,,"{'page_number': 465, 'left': 77.28, 'top': 170.5008873242187, 'right': 427.7614399999999, 'bottom': 161.56748268333473, 'coord_origin': 'BOTTOMLEFT'}",text_heuristic
61cb0cda-56eb-592e-a091-b1820a40ff86,c11b9579-45d1-58de-af90-2c8b6bc73152,466,78660246-805b-5ec9-8855-d4dd694a3c46,Informações do Monitoramento,Notas do usuário: Alteração efetuada conforme e-mail MDHC de 20/03/,notas_do_usuario_alteracao_efetuada_conforme_e_mail_mdhc_de_20_03,2025.0,2025.,,"{'page_number': 466, 'left': 77.28, 'top': 444.7508873242187, 'right': 425.6259199999999, 'bottom': 435.81748268333473, 'coord_origin': 'BOTTOMLEFT'}",text_heuristic
187eb6c2-00ef-53ce-9ece-5f914a9cda95,c11b9579-45d1-58de-af90-2c8b6bc73152,466,78660246-805b-5ec9-8855-d4dd694a3c46,Informações do Monitoramento,Meta prevista para 2024,meta_prevista_para_2024,80.0,80,,"{'page_number': 466, 'left': 92.304, 'top': 300.6008873242187, 'right': 222.27772, 'bottom': 291.66748268333475, 'coord_origin': 'BOTTOMLEFT'}",text_heuristic
e4c5ea76-e319-5a85-8257-91ed9292d590,c11b9579-45d1-58de-af90-2c8b6bc73152,466,78660246-805b-5ec9-8855-d4dd694a3c46,Informações do Monitoramento,Meta prevista para,meta_prevista_para,2025.0,2025,,"{'page_number': 466, 'left': 92.304, 'top': 289.0808873242187, 'right': 211.0172399999999, 'bottom': 280.1474826833347, 'coord_origin': 'BOTTOMLEFT'}",text_heuristic
17160267-0de8-5721-91be-409f4f429c56,c11b9579-45d1-58de-af90-2c8b6bc73152,466,78660246-805b-5ec9-8855-d4dd694a3c46,Informações do Monitoramento,Meta prevista para,meta_prevista_para,2026.0,2026,,"{'page_number': 466, 'left': 92.304, 'top': 277.5408873242187, 'right': 211.0172399999999, 'bottom': 268.60748268333475, 'coord_origin': 'BOTTOMLEFT'}",text_heuristic
620e31b9-b57c-51e1-ba0f-4e0f8ca349ff,c11b9579-45d1-58de-af90-2c8b6bc73152,466,78660246-805b-5ec9-8855-d4dd694a3c46,Informações do Monitoramento,Meta prevista para,meta_prevista_para,2027.0,2027,,"{'page_number': 466, 'left': 92.304, 'top': 266.0208873242187, 'right': 211.0172399999999, 'bottom': 257.0874826833347, 'coord_origin': 'BOTTOMLEFT'}",text_heuristic
fb53c29b-e8fd-5ef8-a838-2ddf7135832a,c11b9579-45d1-58de-af90-2c8b6bc73152,467,5e1791e7-840e-59a8-aff0-20687dbfa325,Informações do Monitoramento,Meta prevista para 2024,meta_prevista_para_2024,80.0,80,,"{'page_number': 467, 'left': 99.744, 'top': 245.6208873242187, 'right': 229.71771999999999, 'bottom': 236.68748268333474, 'coord_origin': 'BOTTOMLEFT'}",text_heuristic
5a04de25-5073-5d4b-a532-93f0202c0c5a,c11b9579-45d1-58de-af90-2c8b6bc73152,467,5e1791e7-840e-59a8-aff0-20687dbfa325,Informações do Monitoramento,Meta prevista para 2025,meta_prevista_para_2025,90.0,90,,"{'page_number': 467, 'left': 99.744, 'top': 234.10088732421866, 'right': 229.71771999999999, 'bottom': 225.1674826833347, 'coord_origin': 'BOTTOMLEFT'}",text_heuristic
d49f8e6a-6ecb-5cad-b479-148a0e67b341,c11b9579-45d1-58de-af90-2c8b6bc73152,467,5e1791e7-840e-59a8-aff0-20687dbfa325,Informações do Monitoramento,Meta prevista para 2026,meta_prevista_para_2026,95.0,95,,"{'page_number': 467, 'left': 99.744, 'top': 222.58088732421868, 'right': 229.71771999999999, 'bottom': 213.64748268333472, 'coord_origin': 'BOTTOMLEFT'}",text_heuristic
896dbf10-88ed-5189-a1ac-3c099819dbba,c11b9579-45d1-58de-af90-2c8b6bc73152,467,5e1791e7-840e-59a8-aff0-20687dbfa325,Informações do Monitoramento,Meta prevista para,meta_prevista_para,2027.0,2027,,"{'page_number': 467, 'left': 99.744, 'top': 211.0608873242187, 'right': 218.45723999999987, 'bottom': 202.12748268333473, 'coord_origin': 'BOTTOMLEFT'}",text_heuristic
57ce1a3a-cef6-5b88-a247-b73d3fa250bd,c11b9579-45d1-58de-af90-2c8b6bc73152,469,3323cb8e-216d-5a44-9d98-bcb33af9e264,Informações do Monitoramento,Meta prevista para 2024,meta_prevista_para_2024,20.0,20,,"{'page_number': 469, 'left': 99.744, 'top': 531.7508873242188, 'right': 229.71771999999999, 'bottom': 522.8174826833347, 'coord_origin': 'BOTTOMLEFT'}",text_heuristic
5e6855a5-8944-5348-ab25-1db799d3226b,c11b9579-45d1-58de-af90-2c8b6bc73152,469,3323cb8e-216d-5a44-9d98-bcb33af9e264,Informações do Monitoramento,Meta prevista para 2025,meta_prevista_para_2025,40.0,40,,"{'page_number': 469, 'left': 99.744, 'top': 520.2308873242188, 'right': 229.71771999999999, 'bottom': 511.29748268333475, 'coord_origin': 'BOTTOMLEFT'}",text_heuristic
423339b6-323b-5ecf-bd09-681eab8bea7e,c11b9579-45d1-58de-af90-2c8b6bc73152,469,3323cb8e-216d-5a44-9d98-bcb33af9e264,Informações do Monitoramento,Meta prevista para,meta_prevista_para,2026.0,2026,,"{'page_number': 469, 'left': 99.744, 'top': 508.7108873242187, 'right': 218.45723999999987, 'bottom': 499.7774826833347, 'coord_origin': 'BOTTOMLEFT'}",text_heuristic
2c39f0ec-32d3-5d27-bdd8-b6bd181e2593,c11b9579-45d1-58de-af90-2c8b6bc73152,469,3323cb8e-216d-5a44-9d98-bcb33af9e264,Informações do Monitoramento,Meta prevista para,meta_prevista_para,2027.0,2027,,"{'page_number': 469, 'left': 99.744, 'top': 497.1908873242187, 'right': 218.45723999999987, 'bottom': 488.25748268333473, 'coord_origin': 'BOTTOMLEFT'}",text_heuristic
eaf33fb0-66d1-5636-923c-c48bf81a39cf,c11b9579-45d1-58de-af90-2c8b6bc73152,470,48a681a8-a2e1-5723-a603-86bde354c0b0,"Objetivo Específico: 0196 - Desenvolver ações intersetoriais para fortalecer a convivência familiar e comunitária e evitar o afastamento de crianças e adolescentes de suas famílias, principalmente na primeira infância, integrando os programas de promoção de direitos",Órgão Responsável: - Ministério dos Direitos Humanos e da Cidadania,orgao_responsavel_ministerio_dos_direitos_humanos_e_da_cidadania,81000.0,81000,,"{'page_number': 470, 'left': 77.28, 'top': 290.4008873242187, 'right': 427.7614399999999, 'bottom': 281.4674826833347, 'coord_origin': 'BOTTOMLEFT'}",text_heuristic
dac7229e-b93a-5928-a2bf-ad94f3ae700a,c11b9579-45d1-58de-af90-2c8b6bc73152,472,2ef04434-4c44-5d81-b0aa-59d236eb3b56,Informações do Monitoramento,Meta prevista para 2024,meta_prevista_para_2024,2.0,2,,"{'page_number': 472, 'left': 92.304, 'top': 531.7508873242188, 'right': 216.75776, 'bottom': 522.8174826833347, 'coord_origin': 'BOTTOMLEFT'}",text_heuristic
5b915b67-a256-5e40-9922-61dca43507d6,c11b9579-45d1-58de-af90-2c8b6bc73152,472,2ef04434-4c44-5d81-b0aa-59d236eb3b56,Informações do Monitoramento,Meta prevista para 2025,meta_prevista_para_2025,4.0,4,,"{'page_number': 472, 'left': 92.304, 'top': 520.2308873242188, 'right': 216.75776, 'bottom': 511.29748268333475, 'coord_origin': 'BOTTOMLEFT'}",text_heuristic
283d81f6-f4a7-5fea-9b14-971b8d4830e4,c11b9579-45d1-58de-af90-2c8b6bc73152,472,2ef04434-4c44-5d81-b0aa-59d236eb3b56,Informações do Monitoramento,Meta prevista para 2026,meta_prevista_para_2026,5.0,5,,"{'page_number': 472, 'left': 92.304, 'top': 508.7108873242187, 'right': 216.75776, 'bottom': 499.7774826833347, 'coord_origin': 'BOTTOMLEFT'}",text_heuristic
768115e9-13ed-5069-bd47-8d7d1c429b9f,c11b9579-45d1-58de-af90-2c8b6bc73152,472,2ef04434-4c44-5d81-b0aa-59d236eb3b56,Informações do Monitoramento,Meta prevista para,meta_prevista_para,2027.0,2027,,"{'page_number': 472, 'left': 92.304, 'top': 497.1908873242187, 'right': 211.0172399999999, 'bottom': 488.25748268333473, 'coord_origin': 'BOTTOMLEFT'}",text_heuristic
239b9ccd-3007-5ae9-a50e-96f2c36d8db7,c11b9579-45d1-58de-af90-2c8b6bc73152,473,ae9ec06a-ea23-5158-b092-f897935db929,Informações do Monitoramento,Meta prevista para 2024,meta_prevista_para_2024,1.0,1,,"{'page_number': 473, 'left': 99.744, 'top': 451.4708873242187, 'right': 224.19776, 'bottom': 442.53748268333476, 'coord_origin': 'BOTTOMLEFT'}",text_heuristic
2de148a9-29e7-509c-8315-39cd2634ed55,c11b9579-45d1-58de-af90-2c8b6bc73152,473,ae9ec06a-ea23-5158-b092-f897935db929,Informações do Monitoramento,Meta prevista para 2025,meta_prevista_para_2025,2.0,2,,"{'page_number': 473, 'left': 99.744, 'top': 440.0708873242187, 'right': 224.19776, 'bottom': 431.1374826833347, 'coord_origin': 'BOTTOMLEFT'}",text_heuristic
314100ef-c550-59b5-a79a-f8177c4c45d3,c11b9579-45d1-58de-af90-2c8b6bc73152,473,ae9ec06a-ea23-5158-b092-f897935db929,Informações do Monitoramento,Meta prevista para 2026,meta_prevista_para_2026,3.0,3,,"{'page_number': 473, 'left': 99.744, 'top': 428.5508873242187, 'right': 224.19776, 'bottom': 419.61748268333474, 'coord_origin': 'BOTTOMLEFT'}",text_heuristic
e3f1d549-ad7e-5b5a-ba88-9c97819bb7ce,c11b9579-45d1-58de-af90-2c8b6bc73152,473,ae9ec06a-ea23-5158-b092-f897935db929,Informações do Monitoramento,Meta prevista para 2027,meta_prevista_para_2027,4.0,4,,"{'page_number': 473, 'left': 99.744, 'top': 417.03088732421867, 'right': 224.19776, 'bottom': 408.0974826833347, 'coord_origin': 'BOTTOMLEFT'}",text_heuristic
deb443fd-26f1-528a-93c6-5ce25fc29ce4,c11b9579-45d1-58de-af90-2c8b6bc73152,474,dc52b128-442e-542a-8499-855274c40d6b,"PROGRAMA: 5837 - PROMOÇÃO DA CIDADANIA, DEFESA DE DIREITOS HUMANOS E REPARAÇÃO DE VIOLAÇÕES",Órgão Responsável: - Ministério dos Direitos Humanos e da Cidadania,orgao_responsavel_ministerio_dos_direitos_humanos_e_da_cidadania,81000.0,81000,,"{'page_number': 474, 'left': 77.28, 'top': 426.2708873242187, 'right': 427.7614399999999, 'bottom': 417.3374826833347, 'coord_origin': 'BOTTOMLEFT'}",text_heuristic
1dfa7ab5-a4a6-5f03-832a-937df2662c5a,c11b9579-45d1-58de-af90-2c8b6bc73152,474,dc52b128-442e-542a-8499-855274c40d6b,"PROGRAMA: 5837 - PROMOÇÃO DA CIDADANIA, DEFESA DE DIREITOS HUMANOS E REPARAÇÃO DE VIOLAÇÕES",Notas do usuário: Alteração efetuada conforme email MDHC de 27/03/,notas_do_usuario_alteracao_efetuada_conforme_email_mdhc_de_27_03,2025.0,2025.,,"{'page_number': 474, 'left': 77.28, 'top': 292.9208873242187, 'right': 422.27683999999965, 'bottom': 283.98748268333475, 'coord_origin': 'BOTTOMLEFT'}",text_heuristic
9f86f7d2-ae35-5532-83f4-bf882560a67e,c11b9579-45d1-58de-af90-2c8b6bc73152,474,dc52b128-442e-542a-8499-855274c40d6b,"PROGRAMA: 5837 - PROMOÇÃO DA CIDADANIA, DEFESA DE DIREITOS HUMANOS E REPARAÇÃO DE VIOLAÇÕES",Meta: 06U - Instalar unidades interligadas de cartório em hospitais,meta_06u_instalar_unidades_interligadas_de_cartorio_em_hospitais,6.0,6,,"{'page_number': 474, 'left': 88.56, 'top': 226.82600732421872, 'right': 473.80400000000037, 'bottom': 216.06286920267178, 'coord_origin': 'BOTTOMLEFT'}",text_heuristic
e72d1f30-c7ed-56bc-8305-d4638bd2443e,c11b9579-45d1-58de-af90-2c8b6bc73152,474,684d5e81-521e-5d15-bf72-b74639a8d3d5,Informações do Monitoramento,Meta prevista para,meta_prevista_para,2024.0,2024,,"{'page_number': 474, 'left': 92.304, 'top': 176.5008873242187, 'right': 211.0172399999999, 'bottom': 167.56748268333473, 'coord_origin': 'BOTTOMLEFT'}",text_heuristic
e83fc8d5-b6db-5e5a-b89b-ce78e740f376,c11b9579-45d1-58de-af90-2c8b6bc73152,474,684d5e81-521e-5d15-bf72-b74639a8d3d5,Informações do Monitoramento,Meta prevista para,meta_prevista_para,2025.0,2025,,"{'page_number': 474, 'left': 92.304, 'top': 164.98088732421866, 'right': 211.0172399999999, 'bottom': 156.0474826833347, 'coord_origin': 'BOTTOMLEFT'}",text_heuristic
caa6ddca-e456-576e-8aed-6b2b1e6a5219,c11b9579-45d1-58de-af90-2c8b6bc73152,474,684d5e81-521e-5d15-bf72-b74639a8d3d5,Informações do Monitoramento,Meta prevista para 2026,meta_prevista_para_2026,60.0,60,,"{'page_number': 474, 'left': 92.304, 'top': 153.4308873242187, 'right': 222.27772, 'bottom': 144.49748268333474, 'coord_origin': 'BOTTOMLEFT'}",text_heuristic
b1474a28-c4c8-5b4e-b6fb-38dc209ec48c,c11b9579-45d1-58de-af90-2c8b6bc73152,474,684d5e81-521e-5d15-bf72-b74639a8d3d5,Informações do Monitoramento,Meta prevista para,meta_prevista_para,2027.0,2027,,"{'page_number': 474, 'left': 92.304, 'top': 141.91088732421872, 'right': 211.0172399999999, 'bottom': 132.97748268333476, 'coord_origin': 'BOTTOMLEFT'}",text_heuristic
2df1b2a5-7e08-5287-81fe-529aaa7256ee,c11b9579-45d1-58de-af90-2c8b6bc73152,475,8c36c821-deed-5435-93af-1f74cfd33873,Informações do Monitoramento,Meta: VE - Instalar unidades interligadas de cartório instaladas em hospitais.,meta_ve_instalar_unidades_interligadas_de_cartorio_instaladas_em_hospitais,6.0,06,,"{'page_number': 475, 'left': 96.024, 'top': 246.50600732421867, 'right': 547.3040000000004, 'bottom': 235.74286920267173, 'coord_origin': 'BOTTOMLEFT'}",text_heuristic
6c1dd589-1093-5d33-adb5-45264e0ae5a5,c11b9579-45d1-58de-af90-2c8b6bc73152,475,8c36c821-deed-5435-93af-1f74cfd33873,Informações do Monitoramento,Meta prevista para 2024,meta_prevista_para_2024,2.0,2,,"{'page_number': 475, 'left': 99.744, 'top': 196.1808873242187, 'right': 224.19776, 'bottom': 187.24748268333474, 'coord_origin': 'BOTTOMLEFT'}",text_heuristic
400f82fc-66e4-5d9c-81d3-e01aff90b970,c11b9579-45d1-58de-af90-2c8b6bc73152,475,8c36c821-deed-5435-93af-1f74cfd33873,Informações do Monitoramento,Meta prevista para 2025,meta_prevista_para_2025,4.0,4,,"{'page_number': 475, 'left': 99.744, 'top': 184.66088732421872, 'right': 224.19776, 'bottom': 175.72748268333476, 'coord_origin': 'BOTTOMLEFT'}",text_heuristic
adb8f867-c518-568f-9bce-bde4017aa368,c11b9579-45d1-58de-af90-2c8b6bc73152,475,8c36c821-deed-5435-93af-1f74cfd33873,Informações do Monitoramento,Meta prevista para 2026,meta_prevista_para_2026,6.0,6,,"{'page_number': 475, 'left': 99.744, 'top': 173.14088732421868, 'right': 224.19776, 'bottom': 164.20748268333472, 'coord_origin': 'BOTTOMLEFT'}",text_heuristic
e08dd879-a503-52ed-bd96-d3ccda141c7b,c11b9579-45d1-58de-af90-2c8b6bc73152,475,8c36c821-deed-5435-93af-1f74cfd33873,Informações do Monitoramento,Meta prevista para 2027,meta_prevista_para_2027,8.0,8,,"{'page_number': 475, 'left': 99.744, 'top': 161.59088732421867, 'right': 224.19776, 'bottom': 152.6574826833347, 'coord_origin': 'BOTTOMLEFT'}",text_heuristic
8a457fb2-f9a6-517e-9184-005fd55174db,c11b9579-45d1-58de-af90-2c8b6bc73152,476,0db9a940-1383-5d91-8914-429a150973d8,Informações do Monitoramento,Meta prevista para 2024,meta_prevista_para_2024,11.0,11,,"{'page_number': 476, 'left': 99.744, 'top': 234.8208873242187, 'right': 229.71771999999999, 'bottom': 225.88748268333472, 'coord_origin': 'BOTTOMLEFT'}",text_heuristic
66c53f44-607b-54ba-aaf5-a581017e9325,c11b9579-45d1-58de-af90-2c8b6bc73152,476,0db9a940-1383-5d91-8914-429a150973d8,Informações do Monitoramento,Meta prevista para 2025,meta_prevista_para_2025,22.0,22,,"{'page_number': 476, 'left': 99.744, 'top': 223.3008873242187, 'right': 229.71771999999999, 'bottom': 214.36748268333474, 'coord_origin': 'BOTTOMLEFT'}",text_heuristic
672e3bdc-6939-56d2-aa03-9221342630a1,c11b9579-45d1-58de-af90-2c8b6bc73152,476,0db9a940-1383-5d91-8914-429a150973d8,Informações do Monitoramento,Meta prevista para 2026,meta_prevista_para_2026,34.0,34,,"{'page_number': 476, 'left': 99.744, 'top': 211.78088732421872, 'right': 229.71771999999999, 'bottom': 202.84748268333476, 'coord_origin': 'BOTTOMLEFT'}",text_heuristic
83c517d8-78e5-50c2-978a-1844e699bd47,c11b9579-45d1-58de-af90-2c8b6bc73152,476,0db9a940-1383-5d91-8914-429a150973d8,Informações do Monitoramento,Meta prevista para,meta_prevista_para,2027.0,2027,,"{'page_number': 476, 'left': 99.744, 'top': 200.2608873242187, 'right': 218.45723999999987, 'bottom': 191.32748268333472, 'coord_origin': 'BOTTOMLEFT'}",text_heuristic
a4b05ff6-a53f-5ecb-a734-d5ec8bd2b562,c11b9579-45d1-58de-af90-2c8b6bc73152,477,e6031646-4750-505a-b845-4fbfcd8e78d5,Regionalizações da Meta,Órgão Responsável: - Ministério dos Direitos Humanos e da Cidadania,orgao_responsavel_ministerio_dos_direitos_humanos_e_da_cidadania,81000.0,81000,,"{'page_number': 477, 'left': 77.28, 'top': 109.9908873242187, 'right': 427.7614399999999, 'bottom': 101.05748268333468, 'coord_origin': 'BOTTOMLEFT'}",text_heuristic
f9d03593-82a0-5a10-ab51-e0f21d2a0baa,c11b9579-45d1-58de-af90-2c8b6bc73152,479,c8b4a1cc-c177-519a-8d89-e1973c8e4ecf,Informações do Monitoramento,Meta prevista para,meta_prevista_para,2026.0,2026,,"{'page_number': 479, 'left': 92.304, 'top': 548.2108873242188, 'right': 211.0172399999999, 'bottom': 539.2774826833347, 'coord_origin': 'BOTTOMLEFT'}",text_heuristic
d451a906-4089-5684-83cb-12642c1b7e31,c11b9579-45d1-58de-af90-2c8b6bc73152,479,c8b4a1cc-c177-519a-8d89-e1973c8e4ecf,Informações do Monitoramento,Meta prevista para,meta_prevista_para,2027.0,2027,,"{'page_number': 479, 'left': 92.304, 'top': 536.6708873242187, 'right': 211.0172399999999, 'bottom': 527.7374826833346, 'coord_origin': 'BOTTOMLEFT'}",text_heuristic
dee649e6-e860-5ada-b8f3-f16ac762e069,c11b9579-45d1-58de-af90-2c8b6bc73152,479,c8b4a1cc-c177-519a-8d89-e1973c8e4ecf,Informações do Monitoramento,Quantidade alcançada,quantidade_alcancada,3.0,3,,"{'page_number': 479, 'left': 92.304, 'top': 472.4708873242187, 'right': 210.03776, 'bottom': 463.53748268333476, 'coord_origin': 'BOTTOMLEFT'}",text_heuristic
548271b4-89ed-513a-81ea-34f368704d27,c11b9579-45d1-58de-af90-2c8b6bc73152,479,c8b4a1cc-c177-519a-8d89-e1973c8e4ecf,Informações do Monitoramento,Meta prevista para 2024,meta_prevista_para_2024,80.0,80,,"{'page_number': 479, 'left': 99.744, 'top': 230.7408873242187, 'right': 229.71771999999999, 'bottom': 221.80748268333474, 'coord_origin': 'BOTTOMLEFT'}",text_heuristic
cd5d9651-3920-50f5-b2f7-8372a0b95e40,c11b9579-45d1-58de-af90-2c8b6bc73152,479,c8b4a1cc-c177-519a-8d89-e1973c8e4ecf,Informações do Monitoramento,Meta prevista para 2025,meta_prevista_para_2025,120.0,120,,"{'page_number': 479, 'left': 99.744, 'top': 219.22088732421867, 'right': 235.23767999999998, 'bottom': 210.2874826833347, 'coord_origin': 'BOTTOMLEFT'}",text_heuristic
17ffe83f-0e49-5eb4-bdcc-990a99a4abd6,c11b9579-45d1-58de-af90-2c8b6bc73152,479,c8b4a1cc-c177-519a-8d89-e1973c8e4ecf,Informações do Monitoramento,Meta prevista para 2026,meta_prevista_para_2026,180.0,180,,"{'page_number': 479, 'left': 99.744, 'top': 207.70088732421868, 'right': 235.23767999999998, 'bottom': 198.76748268333472, 'coord_origin': 'BOTTOMLEFT'}",text_heuristic
bc197b2f-ca49-5161-99e2-45f10208c747,c11b9579-45d1-58de-af90-2c8b6bc73152,479,c8b4a1cc-c177-519a-8d89-e1973c8e4ecf,Informações do Monitoramento,Meta prevista para 2027,meta_prevista_para_2027,270.0,270,,"{'page_number': 479, 'left': 99.744, 'top': 196.1808873242187, 'right': 235.23767999999998, 'bottom': 187.24748268333474, 'coord_origin': 'BOTTOMLEFT'}",text_heuristic
b2cb1716-345b-59fc-90a6-be1c61d72dd5,c11b9579-45d1-58de-af90-2c8b6bc73152,480,4b63f89e-58ba-5f7f-a6d4-4e934bdbb0c6,Objetivo Específico: 0467 - Aprimorar os canais de denúncia da Ouvidoria Nacional de Direitos Humanos,Órgão Responsável: - Ministério dos Direitos Humanos e da Cidadania,orgao_responsavel_ministerio_dos_direitos_humanos_e_da_cidadania,81000.0,81000,,"{'page_number': 480, 'left': 77.28, 'top': 334.9208873242187, 'right': 427.7614399999999, 'bottom': 325.98748268333475, 'coord_origin': 'BOTTOMLEFT'}",text_heuristic
c4e8397e-2771-51cb-aaee-53711f27d942,c11b9579-45d1-58de-af90-2c8b6bc73152,480,4b63f89e-58ba-5f7f-a6d4-4e934bdbb0c6,Objetivo Específico: 0467 - Aprimorar os canais de denúncia da Ouvidoria Nacional de Direitos Humanos,Indicador: 10985 - Índice de Satisfação dos usuários atendidos pelo Disque,indicador_10985_indice_de_satisfacao_dos_usuarios_atendidos_pelo_disque,100.0,100,,"{'page_number': 480, 'left': 88.56, 'top': 142.31600732421873, 'right': 541.9520000000005, 'bottom': 131.5528692026718, 'coord_origin': 'BOTTOMLEFT'}",text_heuristic
1a6c9ab9-b467-5538-baf2-eab8e17895aa,c11b9579-45d1-58de-af90-2c8b6bc73152,480,4b63f89e-58ba-5f7f-a6d4-4e934bdbb0c6,Objetivo Específico: 0467 - Aprimorar os canais de denúncia da Ouvidoria Nacional de Direitos Humanos,Meta prevista para 2024,meta_prevista_para_2024,4.6,"4,6",,"{'page_number': 480, 'left': 92.304, 'top': 73.63488732421865, 'right': 225.0288, 'bottom': 64.70148268333469, 'coord_origin': 'BOTTOMLEFT'}",text_heuristic
583f26b2-281c-5034-bc75-ee4578a8427f,c11b9579-45d1-58de-af90-2c8b6bc73152,480,4b63f89e-58ba-5f7f-a6d4-4e934bdbb0c6,Objetivo Específico: 0467 - Aprimorar os canais de denúncia da Ouvidoria Nacional de Direitos Humanos,Meta prevista para 2025,meta_prevista_para_2025,4.6,"4,6",,"{'page_number': 480, 'left': 92.304, 'top': 62.11488732421867, 'right': 225.0288, 'bottom': 53.18148268333471, 'coord_origin': 'BOTTOMLEFT'}",text_heuristic
f6ac21ed-37d8-5d3a-b3e9-842958e15775,c11b9579-45d1-58de-af90-2c8b6bc73152,481,45f5347f-b04d-503b-bce9-375fd80aec0f,Informações do Monitoramento,Meta prevista para 2026,meta_prevista_para_2026,4.6,"4,6",,"{'page_number': 481, 'left': 92.304, 'top': 548.2108873242188, 'right': 225.0288, 'bottom': 539.2774826833347, 'coord_origin': 'BOTTOMLEFT'}",text_heuristic
46aafbd1-5076-517a-9d18-3e3a5140097b,c11b9579-45d1-58de-af90-2c8b6bc73152,481,45f5347f-b04d-503b-bce9-375fd80aec0f,Informações do Monitoramento,Meta prevista para,meta_prevista_para,2027.0,2027,,"{'page_number': 481, 'left': 92.304, 'top': 536.6708873242187, 'right': 211.0172399999999, 'bottom': 527.7374826833346, 'coord_origin': 'BOTTOMLEFT'}",text_heuristic
d2e6ff76-1911-52a7-949a-3df8c329fe28,c11b9579-45d1-58de-af90-2c8b6bc73152,481,45f5347f-b04d-503b-bce9-375fd80aec0f,Informações do Monitoramento,Meta prevista para 2024,meta_prevista_para_2024,12.0,12,,"{'page_number': 481, 'left': 99.744, 'top': 246.8208873242187, 'right': 229.71771999999999, 'bottom': 237.88748268333472, 'coord_origin': 'BOTTOMLEFT'}",text_heuristic
470646db-579a-57c4-ade0-cca6f3d08f5e,c11b9579-45d1-58de-af90-2c8b6bc73152,481,45f5347f-b04d-503b-bce9-375fd80aec0f,Informações do Monitoramento,Meta prevista para 2025,meta_prevista_para_2025,24.0,24,,"{'page_number': 481, 'left': 99.744, 'top': 235.3008873242187, 'right': 229.71771999999999, 'bottom': 226.36748268333474, 'coord_origin': 'BOTTOMLEFT'}",text_heuristic
a633cfad-5dfa-5889-befd-7f0b19131a47,c11b9579-45d1-58de-af90-2c8b6bc73152,481,45f5347f-b04d-503b-bce9-375fd80aec0f,Informações do Monitoramento,Meta prevista para 2026,meta_prevista_para_2026,36.0,36,,"{'page_number': 481, 'left': 99.744, 'top': 223.90088732421873, 'right': 229.71771999999999, 'bottom': 214.96748268333477, 'coord_origin': 'BOTTOMLEFT'}",text_heuristic
12ea6631-2204-5f09-aec4-41b0cb6b69dc,c11b9579-45d1-58de-af90-2c8b6bc73152,481,45f5347f-b04d-503b-bce9-375fd80aec0f,Informações do Monitoramento,Meta prevista para 2027,meta_prevista_para_2027,48.0,48,,"{'page_number': 481, 'left': 99.744, 'top': 212.3808873242187, 'right': 229.71771999999999, 'bottom': 203.44748268333473, 'coord_origin': 'BOTTOMLEFT'}",text_heuristic
5f54a817-eabe-52bb-a149-913580722fa3,c11b9579-45d1-58de-af90-2c8b6bc73152,483,c15a9cee-c4a8-5ad0-abf0-e870fe2dc2e2,Informações do Monitoramento,Quantidade alcançada,quantidade_alcancada,0.0,0,,"{'page_number': 483, 'left': 99.744, 'top': 251.7408873242187, 'right': 217.47776, 'bottom': 242.80748268333474, 'coord_origin': 'BOTTOMLEFT'}",text_heuristic
94d40f3a-ea39-56ec-a22a-a771c5b01f61,c11b9579-45d1-58de-af90-2c8b6bc73152,484,9cb8d8b6-64bc-5b15-8477-72752cc8ae38,Informações do Monitoramento,Meta prevista para 2024,meta_prevista_para_2024,3.0,3,,"{'page_number': 484, 'left': 99.744, 'top': 515.6708873242187, 'right': 224.19776, 'bottom': 506.73748268333475, 'coord_origin': 'BOTTOMLEFT'}",text_heuristic
9bed0407-0f39-5102-accc-5ecdecea6adb,c11b9579-45d1-58de-af90-2c8b6bc73152,484,9cb8d8b6-64bc-5b15-8477-72752cc8ae38,Informações do Monitoramento,Meta prevista para 2025,meta_prevista_para_2025,5.0,5,,"{'page_number': 484, 'left': 99.744, 'top': 504.2708873242187, 'right': 224.19776, 'bottom': 495.3374826833347, 'coord_origin': 'BOTTOMLEFT'}",text_heuristic
74419648-f2b3-522d-a992-6222abea9fe1,c11b9579-45d1-58de-af90-2c8b6bc73152,484,9cb8d8b6-64bc-5b15-8477-72752cc8ae38,Informações do Monitoramento,Meta prevista para 2026,meta_prevista_para_2026,6.0,6,,"{'page_number': 484, 'left': 99.744, 'top': 492.7508873242187, 'right': 224.19776, 'bottom': 483.81748268333473, 'coord_origin': 'BOTTOMLEFT'}",text_heuristic
e371d4e2-6b3e-5860-b23d-854b73c270a8,c11b9579-45d1-58de-af90-2c8b6bc73152,484,9cb8d8b6-64bc-5b15-8477-72752cc8ae38,Informações do Monitoramento,Meta prevista para 2027,meta_prevista_para_2027,8.0,8,,"{'page_number': 484, 'left': 99.744, 'top': 481.2308873242187, 'right': 224.19776, 'bottom': 472.29748268333475, 'coord_origin': 'BOTTOMLEFT'}",text_heuristic
9bf38783-e3eb-5656-bff8-d2f60a3606fe,c11b9579-45d1-58de-af90-2c8b6bc73152,484,9cb8d8b6-64bc-5b15-8477-72752cc8ae38,Informações do Monitoramento,Quantidade alcançada,quantidade_alcancada,1.0,1,,"{'page_number': 484, 'left': 99.744, 'top': 416.9108873242187, 'right': 217.47776, 'bottom': 407.97748268333476, 'coord_origin': 'BOTTOMLEFT'}",text_heuristic
f37571c9-3e9f-554d-80fe-bbd3253ad9e8,c11b9579-45d1-58de-af90-2c8b6bc73152,485,08ee93db-e82a-5c4d-ae6a-63b3f86ab78b,Informações do Monitoramento,Órgão Responsável: - Ministério do Meio Ambiente e Mudança do Clima,orgao_responsavel_ministerio_do_meio_ambiente_e_mudanca_do_clima,44000.0,44000,,"{'page_number': 485, 'left': 77.28, 'top': 495.03088732421867, 'right': 434.4943999999999, 'bottom': 486.0974826833347, 'coord_origin': 'BOTTOMLEFT'}",text_heuristic
36b646d3-b4e9-5351-b876-acda15ca3e57,c11b9579-45d1-58de-af90-2c8b6bc73152,485,08ee93db-e82a-5c4d-ae6a-63b3f86ab78b,Informações do Monitoramento,Indicador: - Percentual do território terrestre e marinho protegido,indicador_percentual_do_territorio_terrestre_e_marinho_protegido,9444.0,9444,,"{'page_number': 485, 'left': 88.56, 'top': 279.38600732421867, 'right': 491.28800000000024, 'bottom': 268.6228692026717, 'coord_origin': 'BOTTOMLEFT'}",text_heuristic
16448a1d-64fb-5164-8e15-0572dd156052,c11b9579-45d1-58de-af90-2c8b6bc73152,485,81448935-3dff-5e7b-887f-4fedf4952681,Informações do Monitoramento,Meta prevista para 2024,meta_prevista_para_2024,22.0,22,,"{'page_number': 485, 'left': 92.304, 'top': 210.70088732421868, 'right': 222.27772, 'bottom': 201.76748268333472, 'coord_origin': 'BOTTOMLEFT'}",text_heuristic
bcc6fb41-989d-51ea-8f75-aa6a73975fec,c11b9579-45d1-58de-af90-2c8b6bc73152,485,81448935-3dff-5e7b-887f-4fedf4952681,Informações do Monitoramento,Meta prevista para,meta_prevista_para,2025.0,2025,,"{'page_number': 485, 'left': 92.304, 'top': 199.3008873242187, 'right': 211.0172399999999, 'bottom': 190.36748268333474, 'coord_origin': 'BOTTOMLEFT'}",text_heuristic
94953c29-b447-5667-8b1a-0485556077ca,c11b9579-45d1-58de-af90-2c8b6bc73152,485,81448935-3dff-5e7b-887f-4fedf4952681,Informações do Monitoramento,Meta prevista para,meta_prevista_para,2026.0,2026,,"{'page_number': 485, 'left': 92.304, 'top': 187.78088732421872, 'right': 211.0172399999999, 'bottom': 178.84748268333476, 'coord_origin': 'BOTTOMLEFT'}",text_heuristic
106df0a3-5671-5721-8156-20c28896e105,c11b9579-45d1-58de-af90-2c8b6bc73152,485,81448935-3dff-5e7b-887f-4fedf4952681,Informações do Monitoramento,Meta prevista para,meta_prevista_para,2027.0,2027,,"{'page_number': 485, 'left': 92.304, 'top': 176.2608873242187, 'right': 211.0172399999999, 'bottom': 167.32748268333472, 'coord_origin': 'BOTTOMLEFT'}",text_heuristic
ce77c812-6ac2-5ae4-9d6f-ec85d1f154fb,c11b9579-45d1-58de-af90-2c8b6bc73152,486,c01d75c7-3078-50b6-8d7f-9565e95d72c8,Informações do Monitoramento,Meta prevista para 2024,meta_prevista_para_2024,2.0,2,,"{'page_number': 486, 'left': 99.744, 'top': 357.6008873242187, 'right': 224.19776, 'bottom': 348.66748268333475, 'coord_origin': 'BOTTOMLEFT'}",text_heuristic
1a274aa4-eaed-5941-8103-1cead5350f72,c11b9579-45d1-58de-af90-2c8b6bc73152,486,c01d75c7-3078-50b6-8d7f-9565e95d72c8,Informações do Monitoramento,Meta prevista para 2025,meta_prevista_para_2025,2.0,2,,"{'page_number': 486, 'left': 99.744, 'top': 346.0808873242187, 'right': 224.19776, 'bottom': 337.1474826833347, 'coord_origin': 'BOTTOMLEFT'}",text_heuristic
55c4e6dc-e65e-51aa-8f4b-50e809d6c7c1,c11b9579-45d1-58de-af90-2c8b6bc73152,486,c01d75c7-3078-50b6-8d7f-9565e95d72c8,Informações do Monitoramento,Meta prevista para 2026,meta_prevista_para_2026,3.0,3,,"{'page_number': 486, 'left': 99.744, 'top': 334.6808873242187, 'right': 224.19776, 'bottom': 325.74748268333474, 'coord_origin': 'BOTTOMLEFT'}",text_heuristic
d6596c4a-8c4f-5457-b435-8d7081e9794d,c11b9579-45d1-58de-af90-2c8b6bc73152,486,c01d75c7-3078-50b6-8d7f-9565e95d72c8,Informações do Monitoramento,Meta prevista para 2027,meta_prevista_para_2027,3.0,3,,"{'page_number': 486, 'left': 99.744, 'top': 323.1608873242187, 'right': 224.19776, 'bottom': 314.22748268333476, 'coord_origin': 'BOTTOMLEFT'}",text_heuristic
6c77d84d-5e8d-5a2a-bc7e-bf4e23344704,c11b9579-45d1-58de-af90-2c8b6bc73152,486,c01d75c7-3078-50b6-8d7f-9565e95d72c8,Informações do Monitoramento,Quantidade alcançada,quantidade_alcancada,0.0,0,,"{'page_number': 486, 'left': 99.744, 'top': 258.8208873242187, 'right': 217.47776, 'bottom': 249.88748268333472, 'coord_origin': 'BOTTOMLEFT'}",text_heuristic
b5d2f0db-a02b-570b-b476-7a5daedbb7a1,c11b9579-45d1-58de-af90-2c8b6bc73152,486,c01d75c7-3078-50b6-8d7f-9565e95d72c8,Informações do Monitoramento,PPA 2024 Espelho do Monitoramento,ppa_2024_espelho_do_monitoramento,-2027.0,-2027,,"{'page_number': 486, 'left': 523.39, 'top': 87.98112732421873, 'right': 665.2098400000006, 'bottom': 64.51904025239548, 'coord_origin': 'BOTTOMLEFT'}",text_heuristic
e3c032d3-6717-5308-a3ee-78f1e86d8af5,c11b9579-45d1-58de-af90-2c8b6bc73152,497,f354038c-ccdf-5a08-a501-76cfa7b0b3a4,"PROGRAMA: 5111 - EDUCAÇÃO BÁSICA DEMOCRÁTICA, COM QUALIDADE E EQUIDADE","PROGRAMA: - EDUCAÇÃO BÁSICA DEMOCRÁTICA, COM QUALIDADE E EQUIDADE",programa_educacao_basica_democratica_com_qualidade_e_equidade,5111.0,5111,,"{'page_number': 497, 'left': 51.0, 'top': 391.1711273242187, 'right': 651.9042800000004, 'bottom': 378.57825572200875, 'coord_origin': 'BOTTOMLEFT'}",text_heuristic
628539ef-26ce-5f01-a82e-7cc81b244e38,c11b9579-45d1-58de-af90-2c8b6bc73152,497,f354038c-ccdf-5a08-a501-76cfa7b0b3a4,"PROGRAMA: 5111 - EDUCAÇÃO BÁSICA DEMOCRÁTICA, COM QUALIDADE E EQUIDADE",Órgão Responsável: - Ministério da Educação,orgao_responsavel_ministerio_da_educacao,26000.0,26000,,"{'page_number': 497, 'left': 77.28, 'top': 244.66088732421872, 'right': 317.8229599999999, 'bottom': 235.72748268333476, 'coord_origin': 'BOTTOMLEFT'}",text_heuristic
3d2213d9-4892-5f75-acb7-c1fc0ab96b08,c11b9579-45d1-58de-af90-2c8b6bc73152,498,098f6694-a870-5757-bbdb-bf330594c83a,Informações do Monitoramento,Meta prevista para,meta_prevista_para,2024.0,2024,,"{'page_number': 498, 'left': 92.304, 'top': 178.66088732421872, 'right': 211.0172399999999, 'bottom': 169.72748268333476, 'coord_origin': 'BOTTOMLEFT'}",text_heuristic
8249c496-7dd9-50b5-9b93-ddc45fc53f4e,c11b9579-45d1-58de-af90-2c8b6bc73152,498,098f6694-a870-5757-bbdb-bf330594c83a,Informações do Monitoramento,Meta prevista para,meta_prevista_para,2025.0,2025,,"{'page_number': 498, 'left': 92.304, 'top': 167.2608873242187, 'right': 211.0172399999999, 'bottom': 158.32748268333472, 'coord_origin': 'BOTTOMLEFT'}",text_heuristic
a6c55683-228c-54b2-8be8-4a3d9ef5a572,c11b9579-45d1-58de-af90-2c8b6bc73152,498,098f6694-a870-5757-bbdb-bf330594c83a,Informações do Monitoramento,Meta prevista para,meta_prevista_para,2026.0,2026,,"{'page_number': 498, 'left': 92.304, 'top': 155.71088732421867, 'right': 211.0172399999999, 'bottom': 146.7774826833347, 'coord_origin': 'BOTTOMLEFT'}",text_heuristic
4ad18016-517c-534d-84d6-24448e9f9207,c11b9579-45d1-58de-af90-2c8b6bc73152,498,098f6694-a870-5757-bbdb-bf330594c83a,Informações do Monitoramento,Meta prevista para,meta_prevista_para,2027.0,2027,,"{'page_number': 498, 'left': 92.304, 'top': 144.1908873242187, 'right': 211.0172399999999, 'bottom': 135.25748268333473, 'coord_origin': 'BOTTOMLEFT'}",text_heuristic
74179a1c-74a1-56b7-bf17-df806441db2e,c11b9579-45d1-58de-af90-2c8b6bc73152,499,eeab4f85-5ed1-5cbc-b685-d323b4f2c4ff,Informações do Monitoramento,Indicador: - Número de vagas ofertadas,indicador_numero_de_vagas_ofertadas,10608.0,10608,,"{'page_number': 499, 'left': 96.024, 'top': 256.4660073242187, 'right': 358.6880000000002, 'bottom': 245.70286920267176, 'coord_origin': 'BOTTOMLEFT'}",text_heuristic
87279a82-755a-5035-8e93-d5176cba4b24,c11b9579-45d1-58de-af90-2c8b6bc73152,499,eeab4f85-5ed1-5cbc-b685-d323b4f2c4ff,Informações do Monitoramento,Meta prevista para 2024,meta_prevista_para_2024,1150.0,1.150,,"{'page_number': 499, 'left': 99.744, 'top': 173.98088732421866, 'right': 243.62971999999996, 'bottom': 165.0474826833347, 'coord_origin': 'BOTTOMLEFT'}",text_heuristic
99ce6abd-438b-5998-9bf3-84672a571cfc,c11b9579-45d1-58de-af90-2c8b6bc73152,499,eeab4f85-5ed1-5cbc-b685-d323b4f2c4ff,Informações do Monitoramento,Meta prevista para 2025,meta_prevista_para_2025,1500.0,1.500,,"{'page_number': 499, 'left': 99.744, 'top': 162.58088732421868, 'right': 243.62971999999996, 'bottom': 153.64748268333472, 'coord_origin': 'BOTTOMLEFT'}",text_heuristic
5702125a-13e4-5ff1-b8b5-c6942325b09c,c11b9579-45d1-58de-af90-2c8b6bc73152,499,eeab4f85-5ed1-5cbc-b685-d323b4f2c4ff,Informações do Monitoramento,Meta prevista para 2026,meta_prevista_para_2026,1500.0,1.500,,"{'page_number': 499, 'left': 99.744, 'top': 151.03088732421872, 'right': 243.62971999999996, 'bottom': 142.09748268333476, 'coord_origin': 'BOTTOMLEFT'}",text_heuristic
18f29303-a228-5fcd-a963-e5eeaf9f0cd0,c11b9579-45d1-58de-af90-2c8b6bc73152,499,eeab4f85-5ed1-5cbc-b685-d323b4f2c4ff,Informações do Monitoramento,Meta prevista para,meta_prevista_para,2027.0,2027,,"{'page_number': 499, 'left': 99.744, 'top': 139.5108873242187, 'right': 218.45723999999987, 'bottom': 130.57748268333472, 'coord_origin': 'BOTTOMLEFT'}",text_heuristic
ae84eede-e128-5037-b0c1-aa745e90783b,c11b9579-45d1-58de-af90-2c8b6bc73152,500,af4ed32a-efc9-548b-a61d-71db1d66c64f,Regionalizações da Meta,Meta: QC - Apoiar escolas quilombolas por meio do PDDE Campo e/ou PDDE Água,meta_qc_apoiar_escolas_quilombolas_por_meio_do_pdde_campo_e_ou_pdde_agua,6.0,06,,"{'page_number': 500, 'left': 96.024, 'top': 152.63600732421867, 'right': 582.7520000000003, 'bottom': 141.87286920267172, 'coord_origin': 'BOTTOMLEFT'}",text_heuristic
a132d4ee-ad65-512f-bc6b-b28fa7cc6d88,c11b9579-45d1-58de-af90-2c8b6bc73152,500,af4ed32a-efc9-548b-a61d-71db1d66c64f,Regionalizações da Meta,Meta prevista para 2024,meta_prevista_para_2024,300.0,300,,"{'page_number': 500, 'left': 99.744, 'top': 102.31488732421872, 'right': 235.23767999999998, 'bottom': 93.3814826833347, 'coord_origin': 'BOTTOMLEFT'}",text_heuristic
6a932940-f3d6-5124-9ab6-a55b099c2214,c11b9579-45d1-58de-af90-2c8b6bc73152,500,af4ed32a-efc9-548b-a61d-71db1d66c64f,Regionalizações da Meta,Meta prevista para 2025,meta_prevista_para_2025,500.0,500,,"{'page_number': 500, 'left': 99.744, 'top': 90.79488732421868, 'right': 235.23767999999998, 'bottom': 81.86148268333477, 'coord_origin': 'BOTTOMLEFT'}",text_heuristic
76fa311c-85de-5d46-a992-0ad0029ceb3e,c11b9579-45d1-58de-af90-2c8b6bc73152,500,af4ed32a-efc9-548b-a61d-71db1d66c64f,Regionalizações da Meta,Meta prevista para 2026,meta_prevista_para_2026,600.0,600,,"{'page_number': 500, 'left': 99.744, 'top': 79.27488732421875, 'right': 235.23767999999998, 'bottom': 70.34148268333468, 'coord_origin': 'BOTTOMLEFT'}",text_heuristic
e80dae6e-77f6-5c47-8ddf-9d0880551b56,c11b9579-45d1-58de-af90-2c8b6bc73152,500,af4ed32a-efc9-548b-a61d-71db1d66c64f,Regionalizações da Meta,Meta prevista para 2027,meta_prevista_para_2027,600.0,600,,"{'page_number': 500, 'left': 99.744, 'top': 67.75488732421866, 'right': 235.23767999999998, 'bottom': 58.82148268333469, 'coord_origin': 'BOTTOMLEFT'}",text_heuristic
7c3c541f-729c-5695-bb1a-7c9db274e76e,c11b9579-45d1-58de-af90-2c8b6bc73152,501,8bd6efda-733a-5280-a09d-336cd260d7bd,Informações do Monitoramento,Órgão Responsável: - Ministério da Educação,orgao_responsavel_ministerio_da_educacao,26000.0,26000,,"{'page_number': 501, 'left': 77.28, 'top': 110.35088732421866, 'right': 317.8229599999999, 'bottom': 101.4174826833347, 'coord_origin': 'BOTTOMLEFT'}",text_heuristic
be79b961-0f65-5759-9425-cf7b949a6a2f,c11b9579-45d1-58de-af90-2c8b6bc73152,502,cf4a1fd9-2835-592e-8e1c-eefae29e50b0,Indicador: 10619 - Percentual de escolas conectadas à internet banda larga,Indicador: - Percentual de escolas conectadas à internet banda larga,indicador_percentual_de_escolas_conectadas_a_internet_banda_larga,10619.0,10619,,"{'page_number': 502, 'left': 88.56, 'top': 184.82600732421872, 'right': 517.2200000000005, 'bottom': 174.06286920267178, 'coord_origin': 'BOTTOMLEFT'}",text_heuristic
0830d5ab-f389-5c76-aa89-ed11c351fc4a,c11b9579-45d1-58de-af90-2c8b6bc73152,502,cf4a1fd9-2835-592e-8e1c-eefae29e50b0,Indicador: 10619 - Percentual de escolas conectadas à internet banda larga,Meta: IY - Aumentar o percentual de escolas conectadas à internet banda larga,meta_iy_aumentar_o_percentual_de_escolas_conectadas_a_internet_banda_larga,6.0,06,,"{'page_number': 502, 'left': 88.56, 'top': 166.5860073242187, 'right': 551.2640000000005, 'bottom': 155.82286920267177, 'coord_origin': 'BOTTOMLEFT'}",text_heuristic
4615bbca-7e75-5fa6-aa00-31aefc321680,c11b9579-45d1-58de-af90-2c8b6bc73152,502,cf4a1fd9-2835-592e-8e1c-eefae29e50b0,Indicador: 10619 - Percentual de escolas conectadas à internet banda larga,Meta prevista para,meta_prevista_para,2024.0,2024,,"{'page_number': 502, 'left': 92.304, 'top': 116.23088732421871, 'right': 211.0172399999999, 'bottom': 107.29748268333469, 'coord_origin': 'BOTTOMLEFT'}",text_heuristic
ebde729f-b7ea-5494-ae32-3b55f677ec24,c11b9579-45d1-58de-af90-2c8b6bc73152,502,cf4a1fd9-2835-592e-8e1c-eefae29e50b0,Indicador: 10619 - Percentual de escolas conectadas à internet banda larga,Meta prevista para,meta_prevista_para,2025.0,2025,,"{'page_number': 502, 'left': 92.304, 'top': 104.7148873242187, 'right': 211.0172399999999, 'bottom': 95.78148268333473, 'coord_origin': 'BOTTOMLEFT'}",text_heuristic
129ea6f3-4f3a-5273-9f6f-07606930bb40,c11b9579-45d1-58de-af90-2c8b6bc73152,502,cf4a1fd9-2835-592e-8e1c-eefae29e50b0,Indicador: 10619 - Percentual de escolas conectadas à internet banda larga,Meta prevista para,meta_prevista_para,2026.0,2026,,"{'page_number': 502, 'left': 92.304, 'top': 93.19488732421871, 'right': 211.0172399999999, 'bottom': 84.26148268333475, 'coord_origin': 'BOTTOMLEFT'}",text_heuristic
8ee46768-6a9c-5ce7-92fc-c0013c14ef27,c11b9579-45d1-58de-af90-2c8b6bc73152,502,cf4a1fd9-2835-592e-8e1c-eefae29e50b0,Indicador: 10619 - Percentual de escolas conectadas à internet banda larga,Meta prevista para,meta_prevista_para,2027.0,2027,,"{'page_number': 502, 'left': 92.304, 'top': 81.67488732421873, 'right': 211.0172399999999, 'bottom': 72.74148268333477, 'coord_origin': 'BOTTOMLEFT'}",text_heuristic
df4f506a-98df-5af3-954e-b303ae9bcbc2,c11b9579-45d1-58de-af90-2c8b6bc73152,503,0790ae0a-360b-50dd-b6a1-fddc76fc3c83,Entrega: 1479 - Monitoramento da qualidade da conexão de internet utilizada pelas escolas da educação básica,Indicador: - Número de escolas com o Medidor Educação Conectada instalado,indicador_numero_de_escolas_com_o_medidor_educacao_conectada_instalado,10629.0,10629,,"{'page_number': 503, 'left': 96.024, 'top': 194.4260073242187, 'right': 580.7480000000004, 'bottom': 183.66286920267174, 'coord_origin': 'BOTTOMLEFT'}",text_heuristic
06572a38-d1b8-5636-aa88-35634a2d08bd,c11b9579-45d1-58de-af90-2c8b6bc73152,503,0790ae0a-360b-50dd-b6a1-fddc76fc3c83,Entrega: 1479 - Monitoramento da qualidade da conexão de internet utilizada pelas escolas da educação básica,Meta prevista para,meta_prevista_para,2024.0,2024,,"{'page_number': 503, 'left': 99.744, 'top': 125.71088732421867, 'right': 218.45723999999987, 'bottom': 116.77748268333471, 'coord_origin': 'BOTTOMLEFT'}",text_heuristic
534a6db6-7e8f-5c1e-988f-0a4bff3ed553,c11b9579-45d1-58de-af90-2c8b6bc73152,503,0790ae0a-360b-50dd-b6a1-fddc76fc3c83,Entrega: 1479 - Monitoramento da qualidade da conexão de internet utilizada pelas escolas da educação básica,Meta prevista para,meta_prevista_para,2025.0,2025,,"{'page_number': 503, 'left': 99.744, 'top': 114.19088732421869, 'right': 218.45723999999987, 'bottom': 105.25748268333473, 'coord_origin': 'BOTTOMLEFT'}",text_heuristic
1dfd09d0-1468-519b-924b-f2ab94f4b7dc,c11b9579-45d1-58de-af90-2c8b6bc73152,503,0790ae0a-360b-50dd-b6a1-fddc76fc3c83,Entrega: 1479 - Monitoramento da qualidade da conexão de internet utilizada pelas escolas da educação básica,Meta prevista para,meta_prevista_para,2026.0,2026,,"{'page_number': 503, 'left': 99.744, 'top': 102.79488732421868, 'right': 218.45723999999987, 'bottom': 93.86148268333471, 'coord_origin': 'BOTTOMLEFT'}",text_heuristic
719eac6d-ee6c-5107-9653-6442b46505e0,c11b9579-45d1-58de-af90-2c8b6bc73152,503,0790ae0a-360b-50dd-b6a1-fddc76fc3c83,Entrega: 1479 - Monitoramento da qualidade da conexão de internet utilizada pelas escolas da educação básica,Meta prevista para,meta_prevista_para,2027.0,2027,,"{'page_number': 503, 'left': 99.744, 'top': 91.2748873242187, 'right': 218.45723999999987, 'bottom': 82.34148268333468, 'coord_origin': 'BOTTOMLEFT'}",text_heuristic
53a35366-1dd8-5c75-b25f-e67adbfe9513,c11b9579-45d1-58de-af90-2c8b6bc73152,505,a243b1db-315b-5abb-8be1-5ac396f09cbc,Informações do Monitoramento,Meta prevista para,meta_prevista_para,2024.0,2024,,"{'page_number': 505, 'left': 99.744, 'top': 434.4308873242187, 'right': 218.45723999999987, 'bottom': 425.49748268333474, 'coord_origin': 'BOTTOMLEFT'}",text_heuristic
06b83f04-2c35-53c3-8a0b-6c4d2effa215,c11b9579-45d1-58de-af90-2c8b6bc73152,505,a243b1db-315b-5abb-8be1-5ac396f09cbc,Informações do Monitoramento,Meta prevista para,meta_prevista_para,2025.0,2025,,"{'page_number': 505, 'left': 99.744, 'top': 422.9108873242187, 'right': 218.45723999999987, 'bottom': 413.97748268333476, 'coord_origin': 'BOTTOMLEFT'}",text_heuristic
9e1e6285-f063-50bd-939a-7702a7a6f603,c11b9579-45d1-58de-af90-2c8b6bc73152,505,a243b1db-315b-5abb-8be1-5ac396f09cbc,Informações do Monitoramento,Meta prevista para,meta_prevista_para,2026.0,2026,,"{'page_number': 505, 'left': 99.744, 'top': 411.3608873242187, 'right': 218.45723999999987, 'bottom': 402.42748268333474, 'coord_origin': 'BOTTOMLEFT'}",text_heuristic
684d8036-ccf2-563b-bf0b-2548bf231296,c11b9579-45d1-58de-af90-2c8b6bc73152,505,a243b1db-315b-5abb-8be1-5ac396f09cbc,Informações do Monitoramento,Meta prevista para,meta_prevista_para,2027.0,2027,,"{'page_number': 505, 'left': 99.744, 'top': 399.84088732421867, 'right': 218.45723999999987, 'bottom': 390.9074826833347, 'coord_origin': 'BOTTOMLEFT'}",text_heuristic
eae41fa4-df7a-5aac-bd72-43d57d696a2e,c11b9579-45d1-58de-af90-2c8b6bc73152,507,48ba41c4-823e-5f35-8b9b-64b6e1ab5366,Indicador: 10641 - Percentual de entes apoiados no PAR para infraestrutura em relação ao total de entes federados,Meta: JD - Apoiar os entes para infraestrutura escolar no âmbito do PAR,meta_jd_apoiar_os_entes_para_infraestrutura_escolar_no_ambito_do_par,6.0,06,,"{'page_number': 507, 'left': 88.56, 'top': 401.5660073242187, 'right': 515.1680000000003, 'bottom': 390.80286920267173, 'coord_origin': 'BOTTOMLEFT'}",text_heuristic
8971c932-65c0-5bbd-8b8a-42f4f6b7e525,c11b9579-45d1-58de-af90-2c8b6bc73152,507,48ba41c4-823e-5f35-8b9b-64b6e1ab5366,Indicador: 10641 - Percentual de entes apoiados no PAR para infraestrutura em relação ao total de entes federados,Meta prevista para,meta_prevista_para,2024.0,2024,,"{'page_number': 507, 'left': 92.304, 'top': 351.2408873242187, 'right': 211.0172399999999, 'bottom': 342.30748268333474, 'coord_origin': 'BOTTOMLEFT'}",text_heuristic
b937a964-86c3-50b4-ab87-3e1abf5e199b,c11b9579-45d1-58de-af90-2c8b6bc73152,507,48ba41c4-823e-5f35-8b9b-64b6e1ab5366,Indicador: 10641 - Percentual de entes apoiados no PAR para infraestrutura em relação ao total de entes federados,Meta prevista para,meta_prevista_para,2025.0,2025,,"{'page_number': 507, 'left': 92.304, 'top': 339.7208873242187, 'right': 211.0172399999999, 'bottom': 330.78748268333476, 'coord_origin': 'BOTTOMLEFT'}",text_heuristic
c888dc95-b010-5f07-bfaa-732b96ab111e,c11b9579-45d1-58de-af90-2c8b6bc73152,507,48ba41c4-823e-5f35-8b9b-64b6e1ab5366,Indicador: 10641 - Percentual de entes apoiados no PAR para infraestrutura em relação ao total de entes federados,Meta prevista para,meta_prevista_para,2026.0,2026,,"{'page_number': 507, 'left': 92.304, 'top': 328.2008873242187, 'right': 211.0172399999999, 'bottom': 319.2674826833347, 'coord_origin': 'BOTTOMLEFT'}",text_heuristic
4b66f0a1-cfb0-5c93-9256-7abeb5208d12,c11b9579-45d1-58de-af90-2c8b6bc73152,507,48ba41c4-823e-5f35-8b9b-64b6e1ab5366,Indicador: 10641 - Percentual de entes apoiados no PAR para infraestrutura em relação ao total de entes federados,Meta prevista para,meta_prevista_para,2027.0,2027,,"{'page_number': 507, 'left': 92.304, 'top': 316.6808873242187, 'right': 211.0172399999999, 'bottom': 307.74748268333474, 'coord_origin': 'BOTTOMLEFT'}",text_heuristic
0bccc11c-84d7-53f0-b9db-e1d16516dbcb,c11b9579-45d1-58de-af90-2c8b6bc73152,509,894dc727-3727-5da9-8ca2-969f10905885,Informações do Monitoramento,Meta: 06JH - Repactuar obras nos termos da MP nº 1.174/,meta_06jh_repactuar_obras_nos_termos_da_mp_n_1174,2023.0,2023.,,"{'page_number': 509, 'left': 96.024, 'top': 360.0460073242187, 'right': 453.0560000000004, 'bottom': 349.28286920267175, 'coord_origin': 'BOTTOMLEFT'}",text_heuristic
9077ee4a-c56a-513b-a0ba-80df20ec2cd7,c11b9579-45d1-58de-af90-2c8b6bc73152,509,894dc727-3727-5da9-8ca2-969f10905885,Informações do Monitoramento,Meta prevista para 2024,meta_prevista_para_2024,404.0,404,,"{'page_number': 509, 'left': 99.744, 'top': 309.7208873242187, 'right': 235.23767999999998, 'bottom': 300.78748268333476, 'coord_origin': 'BOTTOMLEFT'}",text_heuristic
53fe94b5-bdff-5348-9ad4-62290aab20a1,c11b9579-45d1-58de-af90-2c8b6bc73152,509,894dc727-3727-5da9-8ca2-969f10905885,Informações do Monitoramento,Meta prevista para 2025,meta_prevista_para_2025,442.0,442,,"{'page_number': 509, 'left': 99.744, 'top': 298.2008873242187, 'right': 235.23767999999998, 'bottom': 289.2674826833347, 'coord_origin': 'BOTTOMLEFT'}",text_heuristic
d82116f2-5fa6-5e43-9712-9457b0910100,c11b9579-45d1-58de-af90-2c8b6bc73152,509,894dc727-3727-5da9-8ca2-969f10905885,Informações do Monitoramento,Meta prevista para 2026,meta_prevista_para_2026,482.0,482,,"{'page_number': 509, 'left': 99.744, 'top': 286.6608873242187, 'right': 235.23767999999998, 'bottom': 277.72748268333476, 'coord_origin': 'BOTTOMLEFT'}",text_heuristic
9879ffc2-a1b4-5e56-8b83-df6ab43c67f2,c11b9579-45d1-58de-af90-2c8b6bc73152,509,894dc727-3727-5da9-8ca2-969f10905885,Informações do Monitoramento,Meta prevista para,meta_prevista_para,2027.0,2027,,"{'page_number': 509, 'left': 99.744, 'top': 275.1408873242187, 'right': 218.45723999999987, 'bottom': 266.2074826833347, 'coord_origin': 'BOTTOMLEFT'}",text_heuristic
43a655a2-80ca-5fe6-979b-4d7be133e761,c11b9579-45d1-58de-af90-2c8b6bc73152,511,f6e9f93f-36c1-5bc0-b57a-d0e64deedc98,Quantitativa::,Indicador: - Número de entes apoiados,indicador_numero_de_entes_apoiados,10711.0,10711,,"{'page_number': 511, 'left': 96.024, 'top': 153.5960073242187, 'right': 354.6440000000002, 'bottom': 142.83286920267176, 'coord_origin': 'BOTTOMLEFT'}",text_heuristic
b63588e6-0cdd-522e-9557-6f92c7f8c9c1,c11b9579-45d1-58de-af90-2c8b6bc73152,511,f6e9f93f-36c1-5bc0-b57a-d0e64deedc98,Quantitativa::,Meta prevista para 2024,meta_prevista_para_2024,310.0,310,,"{'page_number': 511, 'left': 99.744, 'top': 85.03488732421869, 'right': 235.23767999999998, 'bottom': 76.10148268333478, 'coord_origin': 'BOTTOMLEFT'}",text_heuristic
aec9c2d9-99c2-5378-8c70-5bc7149aa9fd,c11b9579-45d1-58de-af90-2c8b6bc73152,511,f6e9f93f-36c1-5bc0-b57a-d0e64deedc98,Quantitativa::,Meta prevista para 2025,meta_prevista_para_2025,352.0,352,,"{'page_number': 511, 'left': 99.744, 'top': 73.51488732421865, 'right': 235.23767999999998, 'bottom': 64.58148268333468, 'coord_origin': 'BOTTOMLEFT'}",text_heuristic
3a68b5b0-27b9-5fe5-a938-5d59a3cd40a5,c11b9579-45d1-58de-af90-2c8b6bc73152,513,3437524d-6b21-51a5-8c05-e2133f6f035d,Medida Institucional Normativa: 075F - F. Ações intersetoriais para o fortalecimento e o aprimoramento da alimentação escolar indígena e quilombola.,"Educação Básica Democrática, com qualidade e equidade",educacao_basica_democratica_com_qualidade_e_equidade,5111.0,5111,,"{'page_number': 513, 'left': 129.98, 'top': 263.7408873242187, 'right': 419.9208799999997, 'bottom': 254.80748268333474, 'coord_origin': 'BOTTOMLEFT'}",text_heuristic
a826a917-db27-5eb7-a5ca-3079c5780a86,c11b9579-45d1-58de-af90-2c8b6bc73152,513,3437524d-6b21-51a5-8c05-e2133f6f035d,Medida Institucional Normativa: 075F - F. Ações intersetoriais para o fortalecimento e o aprimoramento da alimentação escolar indígena e quilombola.,Ministério da Educação,ministerio_da_educacao,26000.0,26000,,"{'page_number': 513, 'left': 177.26, 'top': 252.22088732421867, 'right': 317.8229599999999, 'bottom': 243.2874826833347, 'coord_origin': 'BOTTOMLEFT'}",text_heuristic
0bba0a8a-dbd0-5d74-b33f-02ff038c5018,c11b9579-45d1-58de-af90-2c8b6bc73152,514,b088b2fb-a80a-5cae-825a-e1cd9c9738d9,"PROGRAMA: 5136 - GOVERNANÇA FUNDIÁRIA, REFORMA AGRÁRIA E REGULARIZAÇÃO DE TERRITÓRIOS QUILOMBOLAS E DE POVOS E COMUNIDADES TRADICIONAIS",Indicador: - Número de beneficiários atendidos,indicador_numero_de_beneficiarios_atendidos,9769.0,9769,,"{'page_number': 514, 'left': 88.56, 'top': 171.9860073242187, 'right': 387.3680000000002, 'bottom': 161.22286920267175, 'coord_origin': 'BOTTOMLEFT'}",text_heuristic
42bb8326-51af-5e24-b453-f5c1942c1af9,c11b9579-45d1-58de-af90-2c8b6bc73152,514,5b7456b5-1a40-5eae-8453-5e4bfcba36cf,Informações do Monitoramento,Meta prevista para,meta_prevista_para,2024.0,2024,,"{'page_number': 514, 'left': 92.304, 'top': 89.59488732421869, 'right': 211.0172399999999, 'bottom': 80.66148268333473, 'coord_origin': 'BOTTOMLEFT'}",text_heuristic
880461cb-a47b-5f2a-ac39-27de8812a4c8,c11b9579-45d1-58de-af90-2c8b6bc73152,514,5b7456b5-1a40-5eae-8453-5e4bfcba36cf,Informações do Monitoramento,Meta prevista para,meta_prevista_para,2025.0,2025,,"{'page_number': 514, 'left': 92.304, 'top': 78.07488732421871, 'right': 211.0172399999999, 'bottom': 69.14148268333474, 'coord_origin': 'BOTTOMLEFT'}",text_heuristic
46a1d053-0d37-5cc4-b794-ce1b7c2a4136,c11b9579-45d1-58de-af90-2c8b6bc73152,515,35d13fae-662e-5966-bf86-561ff39bfcb9,Informações do Monitoramento,Meta prevista para,meta_prevista_para,2026.0,2026,,"{'page_number': 515, 'left': 92.304, 'top': 548.2108873242188, 'right': 211.0172399999999, 'bottom': 539.2774826833347, 'coord_origin': 'BOTTOMLEFT'}",text_heuristic
50f00cf7-c059-5bb0-95e5-020f418454b0,c11b9579-45d1-58de-af90-2c8b6bc73152,515,35d13fae-662e-5966-bf86-561ff39bfcb9,Informações do Monitoramento,Meta prevista para,meta_prevista_para,2027.0,2027,,"{'page_number': 515, 'left': 92.304, 'top': 536.6708873242187, 'right': 211.0172399999999, 'bottom': 527.7374826833346, 'coord_origin': 'BOTTOMLEFT'}",text_heuristic
0a3ea8ef-6eba-56a8-a313-455b68b58a92,c11b9579-45d1-58de-af90-2c8b6bc73152,515,35d13fae-662e-5966-bf86-561ff39bfcb9,Informações do Monitoramento,Indicador: - Número de beneficiados formados,indicador_numero_de_beneficiados_formados,10582.0,10582,,"{'page_number': 515, 'left': 96.024, 'top': 72.1200073242187, 'right': 398.7800000000002, 'bottom': 61.35686920267176, 'coord_origin': 'BOTTOMLEFT'}",text_heuristic
a053c238-2697-5331-a2fd-78533ef0234d,c11b9579-45d1-58de-af90-2c8b6bc73152,516,e52dae0a-942e-53ef-b01d-055d400b88cf,"Meta: 0699 - Promover formação e capacitação profissional, mediante a oferta de cursos de nível médio e superior (graduação ou pós-graduação)",Meta prevista para 2024,meta_prevista_para_2024,2500.0,2.500,,"{'page_number': 516, 'left': 99.744, 'top': 483.6308873242187, 'right': 243.62971999999996, 'bottom': 474.6974826833347, 'coord_origin': 'BOTTOMLEFT'}",text_heuristic
46da1120-c70a-5a4d-a0ab-71811ea2b963,c11b9579-45d1-58de-af90-2c8b6bc73152,516,e52dae0a-942e-53ef-b01d-055d400b88cf,"Meta: 0699 - Promover formação e capacitação profissional, mediante a oferta de cursos de nível médio e superior (graduação ou pós-graduação)",Meta prevista para 2025,meta_prevista_para_2025,2500.0,2.500,,"{'page_number': 516, 'left': 99.744, 'top': 472.1108873242187, 'right': 243.62971999999996, 'bottom': 463.17748268333474, 'coord_origin': 'BOTTOMLEFT'}",text_heuristic
1480fdb3-e273-5e6f-9174-6dcea3e1e47f,c11b9579-45d1-58de-af90-2c8b6bc73152,516,e52dae0a-942e-53ef-b01d-055d400b88cf,"Meta: 0699 - Promover formação e capacitação profissional, mediante a oferta de cursos de nível médio e superior (graduação ou pós-graduação)",Meta prevista para 2026,meta_prevista_para_2026,2500.0,2.500,,"{'page_number': 516, 'left': 99.744, 'top': 460.59088732421867, 'right': 243.62971999999996, 'bottom': 451.6574826833347, 'coord_origin': 'BOTTOMLEFT'}",text_heuristic
1482434f-d123-5cee-b5cb-4f0b49b7b6f0,c11b9579-45d1-58de-af90-2c8b6bc73152,516,e52dae0a-942e-53ef-b01d-055d400b88cf,"Meta: 0699 - Promover formação e capacitação profissional, mediante a oferta de cursos de nível médio e superior (graduação ou pós-graduação)",Meta prevista para,meta_prevista_para,2027.0,2027,,"{'page_number': 516, 'left': 99.744, 'top': 449.0708873242187, 'right': 218.45723999999987, 'bottom': 440.1374826833347, 'coord_origin': 'BOTTOMLEFT'}",text_heuristic
fe490cd4-4315-520b-97b8-4af5db287285,c11b9579-45d1-58de-af90-2c8b6bc73152,517,08110360-98a0-5662-b1e2-8eaf1d0c59e1,Informações do Monitoramento,Indicador: - Número de beneficiários atendidos,indicador_numero_de_beneficiarios_atendidos,10589.0,10589,,"{'page_number': 517, 'left': 96.024, 'top': 453.9160073242187, 'right': 401.40800000000024, 'bottom': 443.15286920267175, 'coord_origin': 'BOTTOMLEFT'}",text_heuristic
503e6605-9950-5d6c-a089-4b4a764c69f6,c11b9579-45d1-58de-af90-2c8b6bc73152,517,08110360-98a0-5662-b1e2-8eaf1d0c59e1,Informações do Monitoramento,Meta prevista para 2024,meta_prevista_para_2024,1250.0,1.250,,"{'page_number': 517, 'left': 99.744, 'top': 371.4008873242187, 'right': 243.62971999999996, 'bottom': 362.4674826833347, 'coord_origin': 'BOTTOMLEFT'}",text_heuristic
e6808698-c933-53a0-a530-de1b8cccc021,c11b9579-45d1-58de-af90-2c8b6bc73152,517,08110360-98a0-5662-b1e2-8eaf1d0c59e1,Informações do Monitoramento,Meta prevista para 2025,meta_prevista_para_2025,1250.0,1.250,,"{'page_number': 517, 'left': 99.744, 'top': 359.8808873242187, 'right': 243.62971999999996, 'bottom': 350.9474826833347, 'coord_origin': 'BOTTOMLEFT'}",text_heuristic
40065f84-e915-5c5a-8cec-4a65612b4dd6,c11b9579-45d1-58de-af90-2c8b6bc73152,517,08110360-98a0-5662-b1e2-8eaf1d0c59e1,Informações do Monitoramento,Meta prevista para 2026,meta_prevista_para_2026,1250.0,1.250,,"{'page_number': 517, 'left': 99.744, 'top': 348.4808873242187, 'right': 243.62971999999996, 'bottom': 339.54748268333475, 'coord_origin': 'BOTTOMLEFT'}",text_heuristic
d715252f-a65d-534d-a4c7-78e0ec3ce6b3,c11b9579-45d1-58de-af90-2c8b6bc73152,517,08110360-98a0-5662-b1e2-8eaf1d0c59e1,Informações do Monitoramento,Meta prevista para,meta_prevista_para,2027.0,2027,,"{'page_number': 517, 'left': 99.744, 'top': 336.9608873242187, 'right': 218.45723999999987, 'bottom': 328.0274826833347, 'coord_origin': 'BOTTOMLEFT'}",text_heuristic
75f616a0-364e-56ee-b593-c58a61e7626c,c11b9579-45d1-58de-af90-2c8b6bc73152,517,08110360-98a0-5662-b1e2-8eaf1d0c59e1,Informações do Monitoramento,Quantidade alcançada,quantidade_alcancada,0.0,0,,"{'page_number': 517, 'left': 99.744, 'top': 272.6208873242187, 'right': 217.47776, 'bottom': 263.68748268333474, 'coord_origin': 'BOTTOMLEFT'}",text_heuristic
70557665-f9a8-5b1a-842b-af2e42866d86,c11b9579-45d1-58de-af90-2c8b6bc73152,518,1e4e8bc2-0d49-5299-b687-28980367a9ad,Informações do Monitoramento,Meta prevista para 2024,meta_prevista_para_2024,12500.0,12.500,,"{'page_number': 518, 'left': 99.744, 'top': 234.10088732421866, 'right': 249.15751999999995, 'bottom': 225.1674826833347, 'coord_origin': 'BOTTOMLEFT'}",text_heuristic
31b3be9c-6d0b-57ed-b4f9-4530bd3f8e69,c11b9579-45d1-58de-af90-2c8b6bc73152,518,1e4e8bc2-0d49-5299-b687-28980367a9ad,Informações do Monitoramento,Meta prevista para 2025,meta_prevista_para_2025,12500.0,12.500,,"{'page_number': 518, 'left': 99.744, 'top': 222.58088732421868, 'right': 249.15751999999995, 'bottom': 213.64748268333472, 'coord_origin': 'BOTTOMLEFT'}",text_heuristic
605dfd0a-6282-5fa4-b4e1-2c6852057348,c11b9579-45d1-58de-af90-2c8b6bc73152,518,1e4e8bc2-0d49-5299-b687-28980367a9ad,Informações do Monitoramento,Meta prevista para 2026,meta_prevista_para_2026,12500.0,12.500,,"{'page_number': 518, 'left': 99.744, 'top': 211.0608873242187, 'right': 249.15751999999995, 'bottom': 202.12748268333473, 'coord_origin': 'BOTTOMLEFT'}",text_heuristic
ad0da8b8-4ead-515c-99c5-4e26b8ee6fd9,c11b9579-45d1-58de-af90-2c8b6bc73152,518,1e4e8bc2-0d49-5299-b687-28980367a9ad,Informações do Monitoramento,Meta prevista para,meta_prevista_para,2027.0,2027,,"{'page_number': 518, 'left': 99.744, 'top': 199.54088732421872, 'right': 218.45723999999987, 'bottom': 190.60748268333475, 'coord_origin': 'BOTTOMLEFT'}",text_heuristic
8cc42598-96fe-50ee-a77f-db57c802f81b,c11b9579-45d1-58de-af90-2c8b6bc73152,520,a79810df-13ce-5a7a-a453-7f0620f69376,Órgão Responsável: 67000 - Ministério da Igualdade Racial,Órgão Responsável: - Ministério da Igualdade Racial,orgao_responsavel_ministerio_da_igualdade_racial,67000.0,67000,,"{'page_number': 520, 'left': 77.28, 'top': 543.1708873242187, 'right': 347.82247999999987, 'bottom': 534.2374826833346, 'coord_origin': 'BOTTOMLEFT'}",text_heuristic
69f36cca-771b-56fe-9029-13727b6714d8,c11b9579-45d1-58de-af90-2c8b6bc73152,520,6ba086c5-b954-5fa7-85eb-c8415732c507,Indicador: 9660 - Número de Mecanismos criados,Indicador: - Número de Mecanismos criados,indicador_numero_de_mecanismos_criados,9660.0,9660,,"{'page_number': 520, 'left': 88.56, 'top': 270.0260073242187, 'right': 371.43200000000024, 'bottom': 259.26286920267177, 'coord_origin': 'BOTTOMLEFT'}",text_heuristic
6f70de2f-8871-5fb4-9c5a-ced642e54997,c11b9579-45d1-58de-af90-2c8b6bc73152,520,6ba086c5-b954-5fa7-85eb-c8415732c507,Indicador: 9660 - Número de Mecanismos criados,Meta: T - Mecanismos criados,meta_t_mecanismos_criados,65.0,065,,"{'page_number': 520, 'left': 88.56, 'top': 251.6660073242187, 'right': 279.29600000000005, 'bottom': 240.90286920267175, 'coord_origin': 'BOTTOMLEFT'}",text_heuristic
de4857e6-3bd1-5cc7-b8a5-8fc6cf3162d2,c11b9579-45d1-58de-af90-2c8b6bc73152,520,6ba086c5-b954-5fa7-85eb-c8415732c507,Indicador: 9660 - Número de Mecanismos criados,Meta prevista para 2024,meta_prevista_para_2024,6.0,6,,"{'page_number': 520, 'left': 92.304, 'top': 201.34088732421867, 'right': 216.75776, 'bottom': 192.4074826833347, 'coord_origin': 'BOTTOMLEFT'}",text_heuristic
6c939c9d-8a57-59ba-9ef4-d2b4e104b41d,c11b9579-45d1-58de-af90-2c8b6bc73152,520,6ba086c5-b954-5fa7-85eb-c8415732c507,Indicador: 9660 - Número de Mecanismos criados,Meta prevista para 2025,meta_prevista_para_2025,6.0,6,,"{'page_number': 520, 'left': 92.304, 'top': 189.8208873242187, 'right': 216.75776, 'bottom': 180.88748268333472, 'coord_origin': 'BOTTOMLEFT'}",text_heuristic
202c216e-4ba8-5a70-a706-5846b5e67fe1,c11b9579-45d1-58de-af90-2c8b6bc73152,520,6ba086c5-b954-5fa7-85eb-c8415732c507,Indicador: 9660 - Número de Mecanismos criados,Meta prevista para 2026,meta_prevista_para_2026,6.0,6,,"{'page_number': 520, 'left': 92.304, 'top': 178.3008873242187, 'right': 216.75776, 'bottom': 169.36748268333474, 'coord_origin': 'BOTTOMLEFT'}",text_heuristic
c4860021-e3d5-57a9-8c90-58743f8331a2,c11b9579-45d1-58de-af90-2c8b6bc73152,520,6ba086c5-b954-5fa7-85eb-c8415732c507,Indicador: 9660 - Número de Mecanismos criados,Meta prevista para,meta_prevista_para,2027.0,2027,,"{'page_number': 520, 'left': 92.304, 'top': 166.78088732421872, 'right': 211.0172399999999, 'bottom': 157.84748268333476, 'coord_origin': 'BOTTOMLEFT'}",text_heuristic
52298a74-1f6e-53ea-95b9-3a513f3754a0,c11b9579-45d1-58de-af90-2c8b6bc73152,520,b04bfc9e-4bfe-586a-ac04-0b54481612f7,Informações do Monitoramento,Quantidade alcançada,quantidade_alcancada,4.0,4,,"{'page_number': 520, 'left': 92.304, 'top': 102.55488732421873, 'right': 210.03776, 'bottom': 93.6214826833347, 'coord_origin': 'BOTTOMLEFT'}",text_heuristic
22f33d13-78a5-5aea-be9b-ff6621afde48,c11b9579-45d1-58de-af90-2c8b6bc73152,521,68c15991-390f-5a2e-9df9-8baa797f7fac,Regionalizações da Meta,Indicador: - Número de formações realizadas,indicador_numero_de_formacoes_realizadas,9474.0,9474,,"{'page_number': 521, 'left': 96.024, 'top': 155.27600732421865, 'right': 382.7840000000003, 'bottom': 144.5128692026717, 'coord_origin': 'BOTTOMLEFT'}",text_heuristic
2c23742c-50f6-569f-9782-afe95cae877c,c11b9579-45d1-58de-af90-2c8b6bc73152,522,bb22a858-de2a-580f-bf39-7e0eed0befbb,Informações do Monitoramento,Indicador: - Número de premiações realizadas por biênio,indicador_numero_de_premiacoes_realizadas_por_bienio,11408.0,11408,,"{'page_number': 522, 'left': 96.024, 'top': 264.50600732421873, 'right': 456.8240000000004, 'bottom': 253.74286920267173, 'coord_origin': 'BOTTOMLEFT'}",text_heuristic
c2347d4e-7ccd-5f0f-8995-9970c856d9f5,c11b9579-45d1-58de-af90-2c8b6bc73152,522,bb22a858-de2a-580f-bf39-7e0eed0befbb,Informações do Monitoramento,Meta: V - Realizar premiações,meta_v_realizar_premiacoes,65.0,065,,"{'page_number': 522, 'left': 96.024, 'top': 246.14600732421866, 'right': 285.5000000000001, 'bottom': 235.3828692026717, 'coord_origin': 'BOTTOMLEFT'}",text_heuristic
2a179ae8-ece8-5658-8b82-88e053ff5852,c11b9579-45d1-58de-af90-2c8b6bc73152,523,fa7079bb-f4f9-5422-bf5b-f9f7ae48f1a5,Entrega: 2250 - Insumos para reparação a povos e comunidades de terreiro vítimas de racismo religioso,Indicador: - Insumos entregues,indicador_insumos_entregues,11614.0,11614,,"{'page_number': 523, 'left': 96.024, 'top': 439.63600732421867, 'right': 311.4560000000001, 'bottom': 428.8728692026717, 'coord_origin': 'BOTTOMLEFT'}",text_heuristic
e99dca3d-084a-5351-a02a-5f34fb0dfb05,c11b9579-45d1-58de-af90-2c8b6bc73152,523,fa7079bb-f4f9-5422-bf5b-f9f7ae48f1a5,Entrega: 2250 - Insumos para reparação a povos e comunidades de terreiro vítimas de racismo religioso,Meta prevista para 2024,meta_prevista_para_2024,3.0,3,,"{'page_number': 523, 'left': 99.744, 'top': 343.4408873242187, 'right': 224.19776, 'bottom': 334.50748268333473, 'coord_origin': 'BOTTOMLEFT'}",text_heuristic
bbb71919-db39-52fa-a9c8-ddeaccabd37d,c11b9579-45d1-58de-af90-2c8b6bc73152,523,fa7079bb-f4f9-5422-bf5b-f9f7ae48f1a5,Entrega: 2250 - Insumos para reparação a povos e comunidades de terreiro vítimas de racismo religioso,Meta prevista para 2025,meta_prevista_para_2025,3.0,3,,"{'page_number': 523, 'left': 99.744, 'top': 331.9208873242187, 'right': 224.19776, 'bottom': 322.98748268333475, 'coord_origin': 'BOTTOMLEFT'}",text_heuristic
b6e75a65-ecec-5871-b1f8-392e91548982,c11b9579-45d1-58de-af90-2c8b6bc73152,523,fa7079bb-f4f9-5422-bf5b-f9f7ae48f1a5,Entrega: 2250 - Insumos para reparação a povos e comunidades de terreiro vítimas de racismo religioso,Meta prevista para 2026,meta_prevista_para_2026,3.0,3,,"{'page_number': 523, 'left': 99.744, 'top': 320.4008873242187, 'right': 224.19776, 'bottom': 311.4674826833347, 'coord_origin': 'BOTTOMLEFT'}",text_heuristic
9a4cb178-98c7-50a3-830d-047db06336bb,c11b9579-45d1-58de-af90-2c8b6bc73152,523,fa7079bb-f4f9-5422-bf5b-f9f7ae48f1a5,Entrega: 2250 - Insumos para reparação a povos e comunidades de terreiro vítimas de racismo religioso,Meta prevista para 2027,meta_prevista_para_2027,3.0,3,,"{'page_number': 523, 'left': 99.744, 'top': 308.8808873242187, 'right': 224.19776, 'bottom': 299.9474826833347, 'coord_origin': 'BOTTOMLEFT'}",text_heuristic
04df759a-04b2-5360-ae6e-b741fa606e44,c11b9579-45d1-58de-af90-2c8b6bc73152,523,b77196af-5e9c-5fab-b2d9-d5ae997a613f,Informações do Monitoramento,Quantidade alcançada,quantidade_alcancada,2.0,2,,"{'page_number': 523, 'left': 99.744, 'top': 244.66088732421872, 'right': 217.47776, 'bottom': 235.72748268333476, 'coord_origin': 'BOTTOMLEFT'}",text_heuristic
3ade8e24-48ca-5b68-82cf-65ca521bc4f7,c11b9579-45d1-58de-af90-2c8b6bc73152,524,8eda9dff-ccc5-506f-9b74-acd0b128c3da,Informações do Monitoramento,Órgão Responsável: - Ministério da Igualdade Racial,orgao_responsavel_ministerio_da_igualdade_racial,67000.0,67000,,"{'page_number': 524, 'left': 77.28, 'top': 527.1908873242188, 'right': 347.82247999999987, 'bottom': 518.2574826833347, 'coord_origin': 'BOTTOMLEFT'}",text_heuristic
35925ed4-5dfc-5f7e-98d7-edfcd629e855,c11b9579-45d1-58de-af90-2c8b6bc73152,524,8eda9dff-ccc5-506f-9b74-acd0b128c3da,Informações do Monitoramento,Indicador: - Número de ações realizadas,indicador_numero_de_acoes_realizadas,9619.0,9619,,"{'page_number': 524, 'left': 88.56, 'top': 346.0060073242187, 'right': 348.70400000000024, 'bottom': 335.2428692026717, 'coord_origin': 'BOTTOMLEFT'}",text_heuristic
a3ffa123-42f7-5371-945e-f42be3eab7f0,c11b9579-45d1-58de-af90-2c8b6bc73152,524,8eda9dff-ccc5-506f-9b74-acd0b128c3da,Informações do Monitoramento,Meta: I - Ações realizadas,meta_i_acoes_realizadas,66.0,066,,"{'page_number': 524, 'left': 88.56, 'top': 327.6460073242187, 'right': 254.684, 'bottom': 316.88286920267177, 'coord_origin': 'BOTTOMLEFT'}",text_heuristic
65e285b4-50a1-5c2a-a802-8622e24c5a19,c11b9579-45d1-58de-af90-2c8b6bc73152,524,e78f8fb6-2b98-5ae9-8c54-c6637cee2cf2,Informações do Monitoramento,Meta prevista para,meta_prevista_para,2024.0,2024,,"{'page_number': 524, 'left': 92.304, 'top': 277.3008873242187, 'right': 211.0172399999999, 'bottom': 268.36748268333474, 'coord_origin': 'BOTTOMLEFT'}",text_heuristic
a5701eda-00f7-5484-a8d7-70eb8b2ab026,c11b9579-45d1-58de-af90-2c8b6bc73152,524,e78f8fb6-2b98-5ae9-8c54-c6637cee2cf2,Informações do Monitoramento,Meta prevista para 2025,meta_prevista_para_2025,4.0,4,,"{'page_number': 524, 'left': 92.304, 'top': 265.78088732421867, 'right': 216.75776, 'bottom': 256.8474826833347, 'coord_origin': 'BOTTOMLEFT'}",text_heuristic
23b4c8a0-a7cb-5f0b-9bcd-fd12d2a3c634,c11b9579-45d1-58de-af90-2c8b6bc73152,524,e78f8fb6-2b98-5ae9-8c54-c6637cee2cf2,Informações do Monitoramento,Meta prevista para,meta_prevista_para,2026.0,2026,,"{'page_number': 524, 'left': 92.304, 'top': 254.3808873242187, 'right': 211.0172399999999, 'bottom': 245.44748268333473, 'coord_origin': 'BOTTOMLEFT'}",text_heuristic
3383ee4d-a5d7-58e2-8a30-20348c524954,c11b9579-45d1-58de-af90-2c8b6bc73152,524,e78f8fb6-2b98-5ae9-8c54-c6637cee2cf2,Informações do Monitoramento,Meta prevista para,meta_prevista_para,2027.0,2027,,"{'page_number': 524, 'left': 92.304, 'top': 242.8608873242187, 'right': 211.0172399999999, 'bottom': 233.92748268333474, 'coord_origin': 'BOTTOMLEFT'}",text_heuristic
52592089-bbc2-52e8-887c-c6a3b719adae,c11b9579-45d1-58de-af90-2c8b6bc73152,524,8eda9dff-ccc5-506f-9b74-acd0b128c3da,Informações do Monitoramento,Quantidade alcançada,quantidade_alcancada,2.0,2,,"{'page_number': 524, 'left': 92.304, 'top': 178.54088732421872, 'right': 210.03776, 'bottom': 169.60748268333475, 'coord_origin': 'BOTTOMLEFT'}",text_heuristic
e24cf2d7-491a-5e72-987f-2e1900db144c,c11b9579-45d1-58de-af90-2c8b6bc73152,525,670b896a-fd2c-54ad-85ad-f8dda7d532c0,Quantitativa::,Indicador: - Oficinas realizadas,indicador_oficinas_realizadas,11412.0,11412,,"{'page_number': 525, 'left': 96.024, 'top': 213.38600732421867, 'right': 310.1000000000002, 'bottom': 202.62286920267172, 'coord_origin': 'BOTTOMLEFT'}",text_heuristic
885b96b5-455f-55ac-ad29-b0a54b6fe50c,c11b9579-45d1-58de-af90-2c8b6bc73152,525,670b896a-fd2c-54ad-85ad-f8dda7d532c0,Quantitativa::,Meta: J - Realizar oficinas de capacitação em tecnologias sociais,meta_j_realizar_oficinas_de_capacitacao_em_tecnologias_sociais,66.0,066,,"{'page_number': 525, 'left': 96.024, 'top': 195.02600732421865, 'right': 486.7280000000005, 'bottom': 184.2628692026717, 'coord_origin': 'BOTTOMLEFT'}",text_heuristic
37f3db6d-9cce-50d5-9e34-1e04bfa1bab3,c11b9579-45d1-58de-af90-2c8b6bc73152,525,670b896a-fd2c-54ad-85ad-f8dda7d532c0,Quantitativa::,Meta prevista para 2024,meta_prevista_para_2024,2.0,2,,"{'page_number': 525, 'left': 99.744, 'top': 144.6708873242187, 'right': 224.19776, 'bottom': 135.73748268333475, 'coord_origin': 'BOTTOMLEFT'}",text_heuristic
3d58ddda-9350-5830-92d6-73fee5aef12b,c11b9579-45d1-58de-af90-2c8b6bc73152,525,670b896a-fd2c-54ad-85ad-f8dda7d532c0,Quantitativa::,Meta prevista para 2025,meta_prevista_para_2025,2.0,2,,"{'page_number': 525, 'left': 99.744, 'top': 133.15088732421873, 'right': 224.19776, 'bottom': 124.21748268333471, 'coord_origin': 'BOTTOMLEFT'}",text_heuristic
8a94d940-0fd6-5a8d-a227-6462c4971a87,c11b9579-45d1-58de-af90-2c8b6bc73152,525,670b896a-fd2c-54ad-85ad-f8dda7d532c0,Quantitativa::,Meta prevista para 2026,meta_prevista_para_2026,2.0,2,,"{'page_number': 525, 'left': 99.744, 'top': 121.7508873242187, 'right': 224.19776, 'bottom': 112.81748268333473, 'coord_origin': 'BOTTOMLEFT'}",text_heuristic
16bd33b6-c989-5bd0-a50b-dbe50589d7ef,c11b9579-45d1-58de-af90-2c8b6bc73152,525,670b896a-fd2c-54ad-85ad-f8dda7d532c0,Quantitativa::,Meta prevista para 2027,meta_prevista_para_2027,2.0,2,,"{'page_number': 525, 'left': 99.744, 'top': 110.23088732421871, 'right': 224.19776, 'bottom': 101.29748268333469, 'coord_origin': 'BOTTOMLEFT'}",text_heuristic
ac538034-b9c3-5dd8-95cd-e8984225a2ea,c11b9579-45d1-58de-af90-2c8b6bc73152,526,4c943b55-6f53-54e8-ae4f-53ac097a2a48,Entrega: 2228 - Planos locais de Gestão Territorial e Ambiental Quilombola,Quantidade alcançada,quantidade_alcancada,2.0,2,,"{'page_number': 526, 'left': 99.744, 'top': 543.2908873242187, 'right': 217.47776, 'bottom': 534.3574826833346, 'coord_origin': 'BOTTOMLEFT'}",text_heuristic
21fd6f64-bbee-50da-9d80-0c4b4ef5d24b,c11b9579-45d1-58de-af90-2c8b6bc73152,526,4c943b55-6f53-54e8-ae4f-53ac097a2a48,Entrega: 2228 - Planos locais de Gestão Territorial e Ambiental Quilombola,Entrega: - Planos locais de Gestão Territorial e Ambiental Quilombola,entrega_planos_locais_de_gestao_territorial_e_ambiental_quilombola,2228.0,2228,,"{'page_number': 526, 'left': 88.56, 'top': 309.88600732421867, 'right': 515.9960000000003, 'bottom': 299.1228692026717, 'coord_origin': 'BOTTOMLEFT'}",text_heuristic
8391f656-16da-50e6-bab4-f7532debba10,c11b9579-45d1-58de-af90-2c8b6bc73152,526,4c943b55-6f53-54e8-ae4f-53ac097a2a48,Entrega: 2228 - Planos locais de Gestão Territorial e Ambiental Quilombola,Indicador: - Número de planos elaborados,indicador_numero_de_planos_elaborados,11556.0,11556,,"{'page_number': 526, 'left': 96.024, 'top': 260.6660073242187, 'right': 373.3640000000002, 'bottom': 249.90286920267175, 'coord_origin': 'BOTTOMLEFT'}",text_heuristic
01559e69-7d88-5f3a-bd17-661d43246ec3,c11b9579-45d1-58de-af90-2c8b6bc73152,526,4c943b55-6f53-54e8-ae4f-53ac097a2a48,Entrega: 2228 - Planos locais de Gestão Territorial e Ambiental Quilombola,Meta: 06I - Elaborar planos,meta_06i_elaborar_planos,3.0,3,,"{'page_number': 526, 'left': 96.024, 'top': 242.4260073242187, 'right': 255.428, 'bottom': 231.66286920267174, 'coord_origin': 'BOTTOMLEFT'}",text_heuristic
1f636a72-f6ac-5aff-a80f-6c4077d3ad5f,c11b9579-45d1-58de-af90-2c8b6bc73152,526,4c943b55-6f53-54e8-ae4f-53ac097a2a48,Entrega: 2228 - Planos locais de Gestão Territorial e Ambiental Quilombola,Meta prevista para 2024,meta_prevista_para_2024,2.0,2,,"{'page_number': 526, 'left': 99.744, 'top': 192.10088732421866, 'right': 224.19776, 'bottom': 183.1674826833347, 'coord_origin': 'BOTTOMLEFT'}",text_heuristic
ce96bb49-4118-5174-85b0-786ba5256e57,c11b9579-45d1-58de-af90-2c8b6bc73152,526,4c943b55-6f53-54e8-ae4f-53ac097a2a48,Entrega: 2228 - Planos locais de Gestão Territorial e Ambiental Quilombola,Meta prevista para 2025,meta_prevista_para_2025,2.0,2,,"{'page_number': 526, 'left': 99.744, 'top': 180.58088732421868, 'right': 224.19776, 'bottom': 171.64748268333472, 'coord_origin': 'BOTTOMLEFT'}",text_heuristic
7d9b91fe-a181-5b7f-a131-daaf1b70b29d,c11b9579-45d1-58de-af90-2c8b6bc73152,526,4c943b55-6f53-54e8-ae4f-53ac097a2a48,Entrega: 2228 - Planos locais de Gestão Territorial e Ambiental Quilombola,Meta prevista para 2026,meta_prevista_para_2026,2.0,2,,"{'page_number': 526, 'left': 99.744, 'top': 169.0608873242187, 'right': 224.19776, 'bottom': 160.12748268333473, 'coord_origin': 'BOTTOMLEFT'}",text_heuristic
9e14080a-4a1b-5221-bd8a-8338c7d117d9,c11b9579-45d1-58de-af90-2c8b6bc73152,526,4c943b55-6f53-54e8-ae4f-53ac097a2a48,Entrega: 2228 - Planos locais de Gestão Territorial e Ambiental Quilombola,Meta prevista para 2027,meta_prevista_para_2027,2.0,2,,"{'page_number': 526, 'left': 99.744, 'top': 157.5108873242187, 'right': 224.19776, 'bottom': 148.57748268333472, 'coord_origin': 'BOTTOMLEFT'}",text_heuristic
4b4b8c88-c577-5b10-b31a-5387a291117c,c11b9579-45d1-58de-af90-2c8b6bc73152,526,3741f0d0-4cf3-5508-a27c-379c562fbe5b,Informações do Monitoramento,Quantidade alcançada,quantidade_alcancada,2.0,2,,"{'page_number': 526, 'left': 99.744, 'top': 93.31488732421872, 'right': 217.47776, 'bottom': 84.3814826833347, 'coord_origin': 'BOTTOMLEFT'}",text_heuristic
7799ca63-1ef6-5b5d-81fc-882a113b0c52,c11b9579-45d1-58de-af90-2c8b6bc73152,527,34947779-3b24-5dc8-b032-420ef87c1871,Informações do Monitoramento,Ministério da Igualdade Racial,ministerio_da_igualdade_racial,67000.0,67000,,"{'page_number': 527, 'left': 177.26, 'top': 213.46088732421867, 'right': 347.82247999999987, 'bottom': 204.5274826833347, 'coord_origin': 'BOTTOMLEFT'}",text_heuristic
e229448e-c5c2-5fe4-8c26-2439ea293e11,c11b9579-45d1-58de-af90-2c8b6bc73152,528,90f49ebf-b379-54d4-a824-e87d3b47ab5c,Medida Institucional Normativa: 0659 - Indicar famílias e Comunidades Quilombolas e Ciganas que não têm acesso à energia para inclusão no Programa Energia Elétrica de universalização do acesso,Ministério da Igualdade Racial,ministerio_da_igualdade_racial,67000.0,67000,,"{'page_number': 528, 'left': 177.26, 'top': 483.6308873242187, 'right': 347.82247999999987, 'bottom': 474.6974826833347, 'coord_origin': 'BOTTOMLEFT'}",text_heuristic
09de0dba-72ea-5389-9485-8c098be85746,c11b9579-45d1-58de-af90-2c8b6bc73152,528,90f49ebf-b379-54d4-a824-e87d3b47ab5c,Medida Institucional Normativa: 0659 - Indicar famílias e Comunidades Quilombolas e Ciganas que não têm acesso à energia para inclusão no Programa Energia Elétrica de universalização do acesso,Ministério da Igualdade Racial,ministerio_da_igualdade_racial,67000.0,67000,,"{'page_number': 528, 'left': 177.26, 'top': 238.1808873242187, 'right': 347.82247999999987, 'bottom': 229.24748268333474, 'coord_origin': 'BOTTOMLEFT'}",text_heuristic
5abacb3b-a1ae-545b-821c-b6f0a07c9aea,c11b9579-45d1-58de-af90-2c8b6bc73152,529,0ddf3f4a-7bb5-5496-ba69-2d43243b9506,Informações do Monitoramento,Ministério da Igualdade Racial,ministerio_da_igualdade_racial,67000.0,67000,,"{'page_number': 529, 'left': 177.26, 'top': 515.6708873242187, 'right': 347.82247999999987, 'bottom': 506.73748268333475, 'coord_origin': 'BOTTOMLEFT'}",text_heuristic
bc7bd614-7471-5e2a-977b-fa5847c1a3ee,c11b9579-45d1-58de-af90-2c8b6bc73152,529,0ddf3f4a-7bb5-5496-ba69-2d43243b9506,Informações do Monitoramento,Ministério da Igualdade Racial,ministerio_da_igualdade_racial,67000.0,67000,,"{'page_number': 529, 'left': 177.26, 'top': 256.5408873242187, 'right': 347.82247999999987, 'bottom': 247.60748268333475, 'coord_origin': 'BOTTOMLEFT'}",text_heuristic
62d83683-41b0-54f9-bd3d-5e7c082a28e1,c11b9579-45d1-58de-af90-2c8b6bc73152,530,9f4bc5f0-8a08-5914-affb-2719c37aa5dc,Informações do Monitoramento,Ministério da Igualdade Racial,ministerio_da_igualdade_racial,67000.0,67000,,"{'page_number': 530, 'left': 177.26, 'top': 515.6708873242187, 'right': 347.82247999999987, 'bottom': 506.73748268333475, 'coord_origin': 'BOTTOMLEFT'}",text_heuristic
d10743ad-b814-50eb-b957-ed8bcba0330d,c11b9579-45d1-58de-af90-2c8b6bc73152,530,9f4bc5f0-8a08-5914-affb-2719c37aa5dc,Informações do Monitoramento,Ministério da Igualdade Racial,ministerio_da_igualdade_racial,67000.0,67000,,"{'page_number': 530, 'left': 177.26, 'top': 281.8608873242187, 'right': 347.82247999999987, 'bottom': 272.92748268333474, 'coord_origin': 'BOTTOMLEFT'}",text_heuristic
196f723a-7969-51c2-87e7-0f101b228f41,c11b9579-45d1-58de-af90-2c8b6bc73152,531,0c7b1eac-e436-53b2-a2ca-16ca2d22458e,Informações do Monitoramento,Ministério da Igualdade Racial,ministerio_da_igualdade_racial,67000.0,67000,,"{'page_number': 531, 'left': 177.26, 'top': 531.7508873242188, 'right': 347.82247999999987, 'bottom': 522.8174826833347, 'coord_origin': 'BOTTOMLEFT'}",text_heuristic
3b2c4721-d0d4-5fe7-8a8e-8b431c337c14,c11b9579-45d1-58de-af90-2c8b6bc73152,531,0c7b1eac-e436-53b2-a2ca-16ca2d22458e,Informações do Monitoramento,Ministério da Igualdade Racial,ministerio_da_igualdade_racial,67000.0,67000,,"{'page_number': 531, 'left': 177.26, 'top': 281.7408873242187, 'right': 347.82247999999987, 'bottom': 272.80748268333474, 'coord_origin': 'BOTTOMLEFT'}",text_heuristic
ee85b791-66f2-5da0-a25b-518f7d1d1dc3,c11b9579-45d1-58de-af90-2c8b6bc73152,532,92364511-10d3-559c-93cc-e27acfb48bb6,"AGENDA: IGUALDADE RACIAL: PROTEÇÃO E PROMOÇÃO DA CULTURA, HISTÓRIA, MEMÓRIA E SABERES ANCESTRAIS",PPA 2024 Espelho do Monitoramento,ppa_2024_espelho_do_monitoramento,-2027.0,-2027,,"{'page_number': 532, 'left': 523.39, 'top': 335.4671273242187, 'right': 665.2098400000006, 'bottom': 312.0050402523955, 'coord_origin': 'BOTTOMLEFT'}",text_heuristic
3aabf2e1-bfd7-531a-a62f-4fb8b37815db,c11b9579-45d1-58de-af90-2c8b6bc73152,532,e2b4c854-fe86-574f-b8ee-26a676da5ce5,PROGRAMA: 2301 - TRANSFORMAÇÃO DO ESTADO PARA A CIDADANIA E O DESENVOLVIMENTO,PROGRAMA: - TRANSFORMAÇÃO DO ESTADO PARA A CIDADANIA E O DESENVOLVIMENTO,programa_transformacao_do_estado_para_a_cidadania_e_o_desenvolvimento,2301.0,2301,,"{'page_number': 532, 'left': 51.0, 'top': 224.47112732421868, 'right': 716.8736800000001, 'bottom': 211.87825572200876, 'coord_origin': 'BOTTOMLEFT'}",text_heuristic
14ef0db4-567f-5de3-bf1e-2c959f4b15b2,c11b9579-45d1-58de-af90-2c8b6bc73152,533,0ce2c140-ca84-509f-91be-0a8d08e82137,Indicador: 10323 - Número de documentos disponibilizados à consulta pública,Indicador: - Número de documentos disponibilizados à consulta pública,indicador_numero_de_documentos_disponibilizados_a_consulta_publica,10323.0,10323,,"{'page_number': 533, 'left': 88.56, 'top': 81.36000732421871, 'right': 536.4920000000003, 'bottom': 70.59686920267177, 'coord_origin': 'BOTTOMLEFT'}",text_heuristic
29e258a4-1cea-5b57-8006-5117f8fa3818,c11b9579-45d1-58de-af90-2c8b6bc73152,534,960ad4f4-1203-555a-9d05-559869fa0759,Informações do Monitoramento,Meta prevista para 2024,meta_prevista_para_2024,250000.0,250.000,,"{'page_number': 534, 'left': 92.304, 'top': 515.6708873242187, 'right': 247.21543999999994, 'bottom': 506.73748268333475, 'coord_origin': 'BOTTOMLEFT'}",text_heuristic
1b766f51-80c1-545f-80f7-f07128cbe7b6,c11b9579-45d1-58de-af90-2c8b6bc73152,534,960ad4f4-1203-555a-9d05-559869fa0759,Informações do Monitoramento,Meta prevista para 2025,meta_prevista_para_2025,250000.0,250.000,,"{'page_number': 534, 'left': 92.304, 'top': 504.2708873242187, 'right': 247.21543999999994, 'bottom': 495.3374826833347, 'coord_origin': 'BOTTOMLEFT'}",text_heuristic
f5920269-6aa0-5100-a18c-0ea18e65a954,c11b9579-45d1-58de-af90-2c8b6bc73152,534,960ad4f4-1203-555a-9d05-559869fa0759,Informações do Monitoramento,Meta prevista para 2026,meta_prevista_para_2026,500000.0,500.000,,"{'page_number': 534, 'left': 92.304, 'top': 492.7508873242187, 'right': 247.21543999999994, 'bottom': 483.81748268333473, 'coord_origin': 'BOTTOMLEFT'}",text_heuristic
017bec61-e60e-57c1-8705-be7cb79d3e2d,c11b9579-45d1-58de-af90-2c8b6bc73152,534,960ad4f4-1203-555a-9d05-559869fa0759,Informações do Monitoramento,Meta prevista para,meta_prevista_para,2027.0,2027,,"{'page_number': 534, 'left': 92.304, 'top': 481.2308873242187, 'right': 211.0172399999999, 'bottom': 472.29748268333475, 'coord_origin': 'BOTTOMLEFT'}",text_heuristic
58390b85-f97d-5f24-88ff-63316b154b86,c11b9579-45d1-58de-af90-2c8b6bc73152,534,960ad4f4-1203-555a-9d05-559869fa0759,Informações do Monitoramento,Meta prevista para 2024,meta_prevista_para_2024,25.0,25,,"{'page_number': 534, 'left': 99.744, 'top': 91.99488732421867, 'right': 229.71771999999999, 'bottom': 83.0614826833347, 'coord_origin': 'BOTTOMLEFT'}",text_heuristic
26e305f1-4ec9-5617-bd71-debe0a5117fd,c11b9579-45d1-58de-af90-2c8b6bc73152,534,960ad4f4-1203-555a-9d05-559869fa0759,Informações do Monitoramento,Meta prevista para 2025,meta_prevista_para_2025,50.0,50,,"{'page_number': 534, 'left': 99.744, 'top': 80.47488732421868, 'right': 229.71771999999999, 'bottom': 71.54148268333472, 'coord_origin': 'BOTTOMLEFT'}",text_heuristic
f0d873a8-4265-5031-a9c5-b5a1c71bc470,c11b9579-45d1-58de-af90-2c8b6bc73152,535,6dcdde8c-8beb-511c-9ff9-b2a1f5f46343,Informações do Monitoramento,Meta prevista para,meta_prevista_para,2026.0,2026,,"{'page_number': 535, 'left': 99.744, 'top': 548.2108873242188, 'right': 218.45723999999987, 'bottom': 539.2774826833347, 'coord_origin': 'BOTTOMLEFT'}",text_heuristic
a2a28921-7036-51f6-8557-663fd10a6301,c11b9579-45d1-58de-af90-2c8b6bc73152,535,6dcdde8c-8beb-511c-9ff9-b2a1f5f46343,Informações do Monitoramento,Meta prevista para,meta_prevista_para,2027.0,2027,,"{'page_number': 535, 'left': 99.744, 'top': 536.6708873242187, 'right': 218.45723999999987, 'bottom': 527.7374826833346, 'coord_origin': 'BOTTOMLEFT'}",text_heuristic
4d4ab6af-3194-5a36-8978-893b5131d602,c11b9579-45d1-58de-af90-2c8b6bc73152,537,397f2526-1232-5831-b82f-8be1d37366f2,Informações do Monitoramento,"Indicador: - Prêmios concedidos, livros e artigos publicados pela FUNAG",indicador_premios_concedidos_livros_e_artigos_publicados_pela_funag,9630.0,9630,,"{'page_number': 537, 'left': 96.024, 'top': 391.3660073242187, 'right': 544.0640000000005, 'bottom': 380.60286920267174, 'coord_origin': 'BOTTOMLEFT'}",text_heuristic
5e8a5b7f-9f62-5d4b-9192-60d54ad3e3b1,c11b9579-45d1-58de-af90-2c8b6bc73152,537,397f2526-1232-5831-b82f-8be1d37366f2,Informações do Monitoramento,"Meta: - Prêmios concedidos, livros e artigos publicados pela FUNAG.",meta_premios_concedidos_livros_e_artigos_publicados_pela_funag,597.0,0597,,"{'page_number': 537, 'left': 96.024, 'top': 373.1260073242187, 'right': 520.7600000000003, 'bottom': 362.36286920267173, 'coord_origin': 'BOTTOMLEFT'}",text_heuristic
6379e754-b56a-55c3-bf05-cdd060d979b7,c11b9579-45d1-58de-af90-2c8b6bc73152,537,397f2526-1232-5831-b82f-8be1d37366f2,Informações do Monitoramento,Meta prevista para 2024,meta_prevista_para_2024,3.0,3,,"{'page_number': 537, 'left': 99.744, 'top': 322.6808873242187, 'right': 224.19776, 'bottom': 313.74748268333474, 'coord_origin': 'BOTTOMLEFT'}",text_heuristic
185b8415-988a-5cdc-bd46-a53e39740aa9,c11b9579-45d1-58de-af90-2c8b6bc73152,537,397f2526-1232-5831-b82f-8be1d37366f2,Informações do Monitoramento,Meta prevista para 2025,meta_prevista_para_2025,3.0,3,,"{'page_number': 537, 'left': 99.744, 'top': 311.28088732421867, 'right': 224.19776, 'bottom': 302.3474826833347, 'coord_origin': 'BOTTOMLEFT'}",text_heuristic
d8dcd214-23bd-50a1-b2eb-b12b7f91fe8e,c11b9579-45d1-58de-af90-2c8b6bc73152,537,397f2526-1232-5831-b82f-8be1d37366f2,Informações do Monitoramento,Meta prevista para 2026,meta_prevista_para_2026,3.0,3,,"{'page_number': 537, 'left': 99.744, 'top': 299.7608873242187, 'right': 224.19776, 'bottom': 290.8274826833347, 'coord_origin': 'BOTTOMLEFT'}",text_heuristic
027a2023-0aaf-58c1-9663-579b0a2eba6c,c11b9579-45d1-58de-af90-2c8b6bc73152,537,397f2526-1232-5831-b82f-8be1d37366f2,Informações do Monitoramento,Meta prevista para 2027,meta_prevista_para_2027,3.0,3,,"{'page_number': 537, 'left': 99.744, 'top': 288.2408873242187, 'right': 224.19776, 'bottom': 279.30748268333474, 'coord_origin': 'BOTTOMLEFT'}",text_heuristic
47ebd500-ceb2-5cd3-a805-14b85493c9e2,c11b9579-45d1-58de-af90-2c8b6bc73152,537,397f2526-1232-5831-b82f-8be1d37366f2,Informações do Monitoramento,Quantidade alcançada,quantidade_alcancada,4.0,4,,"{'page_number': 537, 'left': 99.744, 'top': 223.90088732421873, 'right': 217.47776, 'bottom': 214.96748268333477, 'coord_origin': 'BOTTOMLEFT'}",text_heuristic
cdc167a7-2c68-55b4-b006-39a28aacc1d6,c11b9579-45d1-58de-af90-2c8b6bc73152,538,929c9ee7-7b17-5794-abea-17b651a7c482,Medida Institucional Normativa: 0802 - Promoção da qualidade de vida no trabalho dos funcionários do Ministério das Relações Exteriores,Ministério das Relações Exteriores,ministerio_das_relacoes_exteriores,35000.0,35000,,"{'page_number': 538, 'left': 177.26, 'top': 483.6308873242187, 'right': 367.76240000000007, 'bottom': 474.6974826833347, 'coord_origin': 'BOTTOMLEFT'}",text_heuristic
bdc406d2-7f1a-5771-800c-005b65f75613,c11b9579-45d1-58de-af90-2c8b6bc73152,539,2f717b9e-1513-523c-a2b5-02a234ccba87,Medida Institucional Normativa: 07FA - Estabelecimento de um sistema de promoção à diversidade no corpo de funcionários do Ministério das Relações Exteriores.,Ministério das Relações Exteriores,ministerio_das_relacoes_exteriores,35000.0,35000,,"{'page_number': 539, 'left': 177.26, 'top': 452.7908873242187, 'right': 367.76240000000007, 'bottom': 443.85748268333475, 'coord_origin': 'BOTTOMLEFT'}",text_heuristic
e40b5ee2-706c-53fe-9820-80caa03f4caa,c11b9579-45d1-58de-af90-2c8b6bc73152,540,67e957a8-27d2-579d-95e4-e2f8fe7cbdc4,Medida Institucional Normativa: 0942 - Instituição de mecanismos de participação social na política externa Informações básicas,Ministério das Relações Exteriores,ministerio_das_relacoes_exteriores,35000.0,35000,,"{'page_number': 540, 'left': 177.26, 'top': 466.59088732421867, 'right': 367.76240000000007, 'bottom': 457.6574826833347, 'coord_origin': 'BOTTOMLEFT'}",text_heuristic
b60ebcaa-39a0-590d-9033-55cbd4478935,c11b9579-45d1-58de-af90-2c8b6bc73152,541,814618b5-71b5-5c22-80f3-51b9f35db496,Informações do Monitoramento,Ministério das Relações Exteriores,ministerio_das_relacoes_exteriores,35000.0,35000,,"{'page_number': 541, 'left': 177.26, 'top': 148.6308873242187, 'right': 367.76240000000007, 'bottom': 139.69748268333473, 'coord_origin': 'BOTTOMLEFT'}",text_heuristic
a5c55d7b-1afa-55ec-a480-8b688f6e8400,c11b9579-45d1-58de-af90-2c8b6bc73152,545,2700eb2a-2c90-5ed9-a4e9-630e97f35fd6,Medida Institucional Normativa: 07F9 - Estabelecimento de estratégia de gestão de riscos no Ministério das Relações Exteriores,Ministério das Relações Exteriores,ministerio_das_relacoes_exteriores,35000.0,35000,,"{'page_number': 545, 'left': 177.26, 'top': 309.7208873242187, 'right': 367.76240000000007, 'bottom': 300.78748268333476, 'coord_origin': 'BOTTOMLEFT'}",text_heuristic
7155d024-12c0-5928-9afb-88f7626ec658,c11b9579-45d1-58de-af90-2c8b6bc73152,546,6ed3a38c-fe46-5cee-9821-48b2148ec5ff,PROGRAMA: 5125 - DIREITO À CULTURA,PROGRAMA: - DIREITO À CULTURA,programa_direito_a_cultura,5125.0,5125,,"{'page_number': 546, 'left': 51.0, 'top': 547.4611273242188, 'right': 328.67540000000025, 'bottom': 534.8682557220087, 'coord_origin': 'BOTTOMLEFT'}",text_heuristic
283d387a-ab49-5268-ab32-b1a8a53e50cc,c11b9579-45d1-58de-af90-2c8b6bc73152,546,6ed3a38c-fe46-5cee-9821-48b2148ec5ff,PROGRAMA: 5125 - DIREITO À CULTURA,Órgão Responsável: - Ministério da Cultura,orgao_responsavel_ministerio_da_cultura,42000.0,42000,,"{'page_number': 546, 'left': 77.28, 'top': 428.5508873242187, 'right': 305.58212, 'bottom': 419.61748268333474, 'coord_origin': 'BOTTOMLEFT'}",text_heuristic
5c97c4f6-d36b-5be7-8a1a-f02f71a7bcbc,c11b9579-45d1-58de-af90-2c8b6bc73152,547,31d94bbc-ec68-5d39-be9a-11db2a72af21,Informações do Monitoramento,Indicador: - Número de visitantes a museus e ao patrimônio acautelado,indicador_numero_de_visitantes_a_museus_e_ao_patrimonio_acautelado,11433.0,11433,,"{'page_number': 547, 'left': 88.56, 'top': 454.3960073242187, 'right': 532.5320000000004, 'bottom': 443.63286920267177, 'coord_origin': 'BOTTOMLEFT'}",text_heuristic
7e78599a-a728-5e13-86a1-66b51fcd6405,c11b9579-45d1-58de-af90-2c8b6bc73152,547,31d94bbc-ec68-5d39-be9a-11db2a72af21,Informações do Monitoramento,Meta prevista para,meta_prevista_para,2024.0,2024,,"{'page_number': 547, 'left': 92.304, 'top': 385.6808873242187, 'right': 211.0172399999999, 'bottom': 376.74748268333474, 'coord_origin': 'BOTTOMLEFT'}",text_heuristic
ea83e48c-af75-58ee-8bce-4b84d2d19962,c11b9579-45d1-58de-af90-2c8b6bc73152,547,31d94bbc-ec68-5d39-be9a-11db2a72af21,Informações do Monitoramento,Meta prevista para 2025,meta_prevista_para_2025,600000.0,600.000,,"{'page_number': 547, 'left': 92.304, 'top': 374.1608873242187, 'right': 247.21543999999994, 'bottom': 365.22748268333476, 'coord_origin': 'BOTTOMLEFT'}",text_heuristic
6ee4d8a4-ae0a-5150-8324-81cd3fa7e1bc,c11b9579-45d1-58de-af90-2c8b6bc73152,547,31d94bbc-ec68-5d39-be9a-11db2a72af21,Informações do Monitoramento,Meta prevista para 2026,meta_prevista_para_2026,600000.0,600.000,,"{'page_number': 547, 'left': 92.304, 'top': 362.7608873242187, 'right': 247.21543999999994, 'bottom': 353.8274826833347, 'coord_origin': 'BOTTOMLEFT'}",text_heuristic
17744c35-ce67-5bd0-a169-da524c26bd65,c11b9579-45d1-58de-af90-2c8b6bc73152,547,31d94bbc-ec68-5d39-be9a-11db2a72af21,Informações do Monitoramento,Meta prevista para,meta_prevista_para,2027.0,2027,,"{'page_number': 547, 'left': 92.304, 'top': 351.2408873242187, 'right': 211.0172399999999, 'bottom': 342.30748268333474, 'coord_origin': 'BOTTOMLEFT'}",text_heuristic
cf255e2e-f294-595d-a2b5-a253ba82abd0,c11b9579-45d1-58de-af90-2c8b6bc73152,548,08818412-893e-5915-a718-58031e9d55d1,Informações do Monitoramento,Órgão Responsável: - Ministério da Cultura,orgao_responsavel_ministerio_da_cultura,42000.0,42000,,"{'page_number': 548, 'left': 77.28, 'top': 390.6008873242187, 'right': 305.58212, 'bottom': 381.66748268333475, 'coord_origin': 'BOTTOMLEFT'}",text_heuristic
17d8e862-235b-527c-9e56-c5c00ad8dd8b,c11b9579-45d1-58de-af90-2c8b6bc73152,549,ce89eb4b-f9eb-5060-82dd-1159d000c42b,Indicador: 11159 - Projetos Apoiados Meta: 06WG - Soma de projetos de promoção e preservação da diversidade cultural e artística,Meta prevista para 2024,meta_prevista_para_2024,6881.0,6.881,,"{'page_number': 549, 'left': 92.304, 'top': 144.1908873242187, 'right': 236.18971999999997, 'bottom': 135.25748268333473, 'coord_origin': 'BOTTOMLEFT'}",text_heuristic
ba959aeb-4ca4-5ab6-97cc-dc78456fd35f,c11b9579-45d1-58de-af90-2c8b6bc73152,549,ce89eb4b-f9eb-5060-82dd-1159d000c42b,Indicador: 11159 - Projetos Apoiados Meta: 06WG - Soma de projetos de promoção e preservação da diversidade cultural e artística,Meta prevista para 2025,meta_prevista_para_2025,6881.0,6.881,,"{'page_number': 549, 'left': 92.304, 'top': 132.6708873242187, 'right': 236.18971999999997, 'bottom': 123.73748268333475, 'coord_origin': 'BOTTOMLEFT'}",text_heuristic
a83b25d7-d355-528b-84cd-320100d58d0a,c11b9579-45d1-58de-af90-2c8b6bc73152,549,ce89eb4b-f9eb-5060-82dd-1159d000c42b,Indicador: 11159 - Projetos Apoiados Meta: 06WG - Soma de projetos de promoção e preservação da diversidade cultural e artística,Meta prevista para,meta_prevista_para,2026.0,2026,,"{'page_number': 549, 'left': 92.304, 'top': 121.15088732421873, 'right': 211.0172399999999, 'bottom': 112.21748268333471, 'coord_origin': 'BOTTOMLEFT'}",text_heuristic
46ade8d0-e173-50f3-9dc6-caf4f74eda3f,c11b9579-45d1-58de-af90-2c8b6bc73152,549,ce89eb4b-f9eb-5060-82dd-1159d000c42b,Indicador: 11159 - Projetos Apoiados Meta: 06WG - Soma de projetos de promoção e preservação da diversidade cultural e artística,Meta prevista para,meta_prevista_para,2027.0,2027,,"{'page_number': 549, 'left': 92.304, 'top': 109.63088732421869, 'right': 211.0172399999999, 'bottom': 100.69748268333473, 'coord_origin': 'BOTTOMLEFT'}",text_heuristic
674e36a2-afc1-5a5a-8cbf-4f2ec0663108,c11b9579-45d1-58de-af90-2c8b6bc73152,550,19ee4108-768f-514b-b68c-b6243e322907,Medida Institucional Normativa: 08DD - Criação e ampliação de instâncias de participação social.,Direito à Cultura,direito_a_cultura,5125.0,5125,,"{'page_number': 550, 'left': 129.98, 'top': 247.66088732421872, 'right': 233.35015999999993, 'bottom': 238.72748268333476, 'coord_origin': 'BOTTOMLEFT'}",text_heuristic
8aca0517-c6bf-54fc-9d75-1621c1ecadd8,c11b9579-45d1-58de-af90-2c8b6bc73152,550,19ee4108-768f-514b-b68c-b6243e322907,Medida Institucional Normativa: 08DD - Criação e ampliação de instâncias de participação social.,Ministério da Cultura,ministerio_da_cultura,42000.0,42000,,"{'page_number': 550, 'left': 177.26, 'top': 236.14088732421868, 'right': 305.58212, 'bottom': 227.20748268333472, 'coord_origin': 'BOTTOMLEFT'}",text_heuristic
9503d850-1a0c-535b-ae9e-9287ae0f003e,c11b9579-45d1-58de-af90-2c8b6bc73152,551,c0b47200-c0ad-5202-afc3-c8d4dad9d534,Informações do Monitoramento,Direito à Cultura,direito_a_cultura,5125.0,5125,,"{'page_number': 551, 'left': 129.98, 'top': 174.10088732421866, 'right': 233.35015999999993, 'bottom': 165.1674826833347, 'coord_origin': 'BOTTOMLEFT'}",text_heuristic
a5549eba-6c54-5a20-827c-980bac790496,c11b9579-45d1-58de-af90-2c8b6bc73152,551,c0b47200-c0ad-5202-afc3-c8d4dad9d534,Informações do Monitoramento,Ministério da Cultura,ministerio_da_cultura,42000.0,42000,,"{'page_number': 551, 'left': 177.26, 'top': 162.46088732421867, 'right': 305.58212, 'bottom': 153.5274826833347, 'coord_origin': 'BOTTOMLEFT'}",text_heuristic
1f5e2cb8-a787-557c-920a-01876d2423fe,c11b9579-45d1-58de-af90-2c8b6bc73152,552,d65358fc-6106-5944-8e65-596fd8a7ddce,Medida Institucional Normativa: 0919 - Formulação da Política Nacional das Artes,Medida Institucional Normativa: - Formulação da Política Nacional das Artes,medida_institucional_normativa_formulacao_da_politica_nacional_das_artes,919.0,0919,,"{'page_number': 552, 'left': 73.56, 'top': 488.8360073242187, 'right': 538.4180000000005, 'bottom': 478.07286920267177, 'coord_origin': 'BOTTOMLEFT'}",text_heuristic
ae031b02-abdb-5651-b4db-5b6d039ce349,c11b9579-45d1-58de-af90-2c8b6bc73152,552,d65358fc-6106-5944-8e65-596fd8a7ddce,Medida Institucional Normativa: 0919 - Formulação da Política Nacional das Artes,Direito à Cultura,direito_a_cultura,5125.0,5125,,"{'page_number': 552, 'left': 129.98, 'top': 450.1508873242187, 'right': 233.35015999999993, 'bottom': 441.2174826833347, 'coord_origin': 'BOTTOMLEFT'}",text_heuristic
8650125e-4a78-5fd5-94d7-240c27e10abf,c11b9579-45d1-58de-af90-2c8b6bc73152,552,d65358fc-6106-5944-8e65-596fd8a7ddce,Medida Institucional Normativa: 0919 - Formulação da Política Nacional das Artes,Ministério da Cultura,ministerio_da_cultura,42000.0,42000,,"{'page_number': 552, 'left': 177.26, 'top': 438.5108873242187, 'right': 305.58212, 'bottom': 429.5774826833347, 'coord_origin': 'BOTTOMLEFT'}",text_heuristic
809bfbaf-a830-53de-a609-d82797d22947,c11b9579-45d1-58de-af90-2c8b6bc73152,552,d65358fc-6106-5944-8e65-596fd8a7ddce,Medida Institucional Normativa: 0919 - Formulação da Política Nacional das Artes,Direito à Cultura,direito_a_cultura,5125.0,5125,,"{'page_number': 552, 'left': 129.98, 'top': 227.7408873242187, 'right': 233.40091999999996, 'bottom': 218.80748268333474, 'coord_origin': 'BOTTOMLEFT'}",text_heuristic
5ee0bae4-55ab-5134-bf09-7c90b3b294f8,c11b9579-45d1-58de-af90-2c8b6bc73152,552,d65358fc-6106-5944-8e65-596fd8a7ddce,Medida Institucional Normativa: 0919 - Formulação da Política Nacional das Artes,Ministério da Cultura,ministerio_da_cultura,42000.0,42000,,"{'page_number': 552, 'left': 177.26, 'top': 216.10088732421866, 'right': 305.58212, 'bottom': 207.1674826833347, 'coord_origin': 'BOTTOMLEFT'}",text_heuristic
e2f47e4f-121e-5391-a0ae-27f57424f8ea,c11b9579-45d1-58de-af90-2c8b6bc73152,553,88956c77-50c6-5c31-b58e-1850b297d6eb,Medida Institucional Normativa: 0950 - Decreto de Preservação de Acervos,Direito à Cultura,direito_a_cultura,5125.0,5125,,"{'page_number': 553, 'left': 129.98, 'top': 527.3108873242187, 'right': 233.35015999999993, 'bottom': 518.3774826833346, 'coord_origin': 'BOTTOMLEFT'}",text_heuristic
72efa5ec-7d37-5c94-ac20-52b29bbd74df,c11b9579-45d1-58de-af90-2c8b6bc73152,553,88956c77-50c6-5c31-b58e-1850b297d6eb,Medida Institucional Normativa: 0950 - Decreto de Preservação de Acervos,Ministério da Cultura,ministerio_da_cultura,42000.0,42000,,"{'page_number': 553, 'left': 177.26, 'top': 515.6708873242187, 'right': 305.58212, 'bottom': 506.73748268333475, 'coord_origin': 'BOTTOMLEFT'}",text_heuristic
83dbdfb8-818c-5ead-8176-9906e55d5d80,c11b9579-45d1-58de-af90-2c8b6bc73152,553,88956c77-50c6-5c31-b58e-1850b297d6eb,Medida Institucional Normativa: 0950 - Decreto de Preservação de Acervos,Direito à Cultura,direito_a_cultura,5125.0,5125,,"{'page_number': 553, 'left': 129.98, 'top': 247.4208873242187, 'right': 233.35015999999993, 'bottom': 238.48748268333475, 'coord_origin': 'BOTTOMLEFT'}",text_heuristic
9ac1b95b-5908-5b8a-b34a-eed4ef2b2207,c11b9579-45d1-58de-af90-2c8b6bc73152,553,88956c77-50c6-5c31-b58e-1850b297d6eb,Medida Institucional Normativa: 0950 - Decreto de Preservação de Acervos,Ministério da Cultura,ministerio_da_cultura,42000.0,42000,,"{'page_number': 553, 'left': 177.26, 'top': 235.78088732421872, 'right': 305.58212, 'bottom': 226.84748268333476, 'coord_origin': 'BOTTOMLEFT'}",text_heuristic
53c73ef3-7e26-5e07-88eb-7cf99e30a6bd,c11b9579-45d1-58de-af90-2c8b6bc73152,553,88956c77-50c6-5c31-b58e-1850b297d6eb,Medida Institucional Normativa: 0950 - Decreto de Preservação de Acervos,Medida Institucional Normativa: - Decreto de Preservação de Acervos,medida_institucional_normativa_decreto_de_preservacao_de_acervos,950.0,0950,,"{'page_number': 553, 'left': 73.56, 'top': 77.64000732421869, 'right': 500.39000000000044, 'bottom': 66.87686920267174, 'coord_origin': 'BOTTOMLEFT'}",text_heuristic
692aba29-0091-57ad-b0eb-509093c4c5b6,c11b9579-45d1-58de-af90-2c8b6bc73152,554,473fe300-7f99-5a01-8687-bed2f6bde741,Medida Institucional Normativa: 0895 - Descentralização e territorialização das políticas culturais visando ao fortalecimento do Sistema Nacional de Cultura (SNC).,Direito à Cultura,direito_a_cultura,5125.0,5125,,"{'page_number': 554, 'left': 129.98, 'top': 543.2908873242187, 'right': 233.35015999999993, 'bottom': 534.3574826833346, 'coord_origin': 'BOTTOMLEFT'}",text_heuristic
55f8f9f5-72e5-5d16-bdd0-f2907a67f699,c11b9579-45d1-58de-af90-2c8b6bc73152,554,473fe300-7f99-5a01-8687-bed2f6bde741,Medida Institucional Normativa: 0895 - Descentralização e territorialização das políticas culturais visando ao fortalecimento do Sistema Nacional de Cultura (SNC).,Ministério da Cultura,ministerio_da_cultura,42000.0,42000,,"{'page_number': 554, 'left': 177.26, 'top': 531.7508873242188, 'right': 305.58212, 'bottom': 522.8174826833347, 'coord_origin': 'BOTTOMLEFT'}",text_heuristic
b44277c2-2a90-5f3c-b9b1-593d2110d5a6,c11b9579-45d1-58de-af90-2c8b6bc73152,554,473fe300-7f99-5a01-8687-bed2f6bde741,Medida Institucional Normativa: 0895 - Descentralização e territorialização das políticas culturais visando ao fortalecimento do Sistema Nacional de Cultura (SNC).,Direito à Cultura,direito_a_cultura,5125.0,5125,,"{'page_number': 554, 'left': 129.98, 'top': 320.8808873242187, 'right': 233.35015999999993, 'bottom': 311.9474826833347, 'coord_origin': 'BOTTOMLEFT'}",text_heuristic
1b14b04c-31e1-5aed-8455-e6ad19d28fae,c11b9579-45d1-58de-af90-2c8b6bc73152,554,473fe300-7f99-5a01-8687-bed2f6bde741,Medida Institucional Normativa: 0895 - Descentralização e territorialização das políticas culturais visando ao fortalecimento do Sistema Nacional de Cultura (SNC).,Ministério da Cultura,ministerio_da_cultura,42000.0,42000,,"{'page_number': 554, 'left': 177.26, 'top': 309.3608873242187, 'right': 305.58212, 'bottom': 300.42748268333474, 'coord_origin': 'BOTTOMLEFT'}",text_heuristic
00862bea-c760-50ee-aee1-a80045cf25df,c11b9579-45d1-58de-af90-2c8b6bc73152,555,12d53275-fffa-5bb1-9e51-112a169cd04c,Medida Institucional Normativa: 08D7 - Projeto de Lei (PL) de melhoria da remuneração de artistas/titulares no ambiente digital.,Direito à Cultura,direito_a_cultura,5125.0,5125,,"{'page_number': 555, 'left': 129.98, 'top': 464.3108873242187, 'right': 233.35015999999993, 'bottom': 455.37748268333473, 'coord_origin': 'BOTTOMLEFT'}",text_heuristic
dd1fed89-26f8-5096-8e49-59b98fedea13,c11b9579-45d1-58de-af90-2c8b6bc73152,555,12d53275-fffa-5bb1-9e51-112a169cd04c,Medida Institucional Normativa: 08D7 - Projeto de Lei (PL) de melhoria da remuneração de artistas/titulares no ambiente digital.,Ministério da Cultura,ministerio_da_cultura,42000.0,42000,,"{'page_number': 555, 'left': 177.26, 'top': 452.7908873242187, 'right': 305.58212, 'bottom': 443.85748268333475, 'coord_origin': 'BOTTOMLEFT'}",text_heuristic
3ae5fa53-ba9d-55ea-9d7c-52201cf2415b,c11b9579-45d1-58de-af90-2c8b6bc73152,555,3ae4e2bc-dd6e-5469-8522-12d9e3a2e88e,Medida Institucional Normativa: 0951 - Marco Legal de Proteção aos Conhecimentos e às Expressões Culturais Tradicionais Informações básicas,Direito à Cultura,direito_a_cultura,5125.0,5125,,"{'page_number': 555, 'left': 129.98, 'top': 221.2608873242187, 'right': 233.35015999999993, 'bottom': 212.32748268333472, 'coord_origin': 'BOTTOMLEFT'}",text_heuristic
7457f55e-0f54-5cac-b4dc-715d15119632,c11b9579-45d1-58de-af90-2c8b6bc73152,555,3ae4e2bc-dd6e-5469-8522-12d9e3a2e88e,Medida Institucional Normativa: 0951 - Marco Legal de Proteção aos Conhecimentos e às Expressões Culturais Tradicionais Informações básicas,Ministério da Cultura,ministerio_da_cultura,42000.0,42000,,"{'page_number': 555, 'left': 177.26, 'top': 209.6208873242187, 'right': 305.58212, 'bottom': 200.68748268333474, 'coord_origin': 'BOTTOMLEFT'}",text_heuristic
539e089d-2b1c-5916-abdf-c7de87eb3be7,c11b9579-45d1-58de-af90-2c8b6bc73152,556,343e8543-5fa4-5608-8281-c4ee0b344481,Informações do Monitoramento,Direito à Cultura,direito_a_cultura,5125.0,5125,,"{'page_number': 556, 'left': 129.98, 'top': 321.2408873242187, 'right': 233.35015999999993, 'bottom': 312.30748268333474, 'coord_origin': 'BOTTOMLEFT'}",text_heuristic
fee208bc-bf3f-512e-ac94-8f0f206cd80e,c11b9579-45d1-58de-af90-2c8b6bc73152,556,343e8543-5fa4-5608-8281-c4ee0b344481,Informações do Monitoramento,Ministério da Cultura,ministerio_da_cultura,42000.0,42000,,"{'page_number': 556, 'left': 177.26, 'top': 309.7208873242187, 'right': 305.58212, 'bottom': 300.78748268333476, 'coord_origin': 'BOTTOMLEFT'}",text_heuristic
82a60a3c-93af-505b-bf59-c689d7382cb2,c11b9579-45d1-58de-af90-2c8b6bc73152,557,b16ca280-4e2d-515c-8cd5-677d67996f96,Medida Institucional Normativa: 08DE - Política Nacional para a Cultura Hip Hop.,Direito à Cultura,direito_a_cultura,5125.0,5125,,"{'page_number': 557, 'left': 129.98, 'top': 543.2908873242187, 'right': 233.35015999999993, 'bottom': 534.3574826833346, 'coord_origin': 'BOTTOMLEFT'}",text_heuristic
46d04544-93ec-5325-9558-0e7a84084346,c11b9579-45d1-58de-af90-2c8b6bc73152,557,b16ca280-4e2d-515c-8cd5-677d67996f96,Medida Institucional Normativa: 08DE - Política Nacional para a Cultura Hip Hop.,Ministério da Cultura,ministerio_da_cultura,42000.0,42000,,"{'page_number': 557, 'left': 177.26, 'top': 531.7508873242188, 'right': 305.58212, 'bottom': 522.8174826833347, 'coord_origin': 'BOTTOMLEFT'}",text_heuristic
aa3da960-de2c-5bdd-a87e-85e3db041ab5,c11b9579-45d1-58de-af90-2c8b6bc73152,557,b16ca280-4e2d-515c-8cd5-677d67996f96,Medida Institucional Normativa: 08DE - Política Nacional para a Cultura Hip Hop.,Medida Institucional Normativa: DE - Política Nacional para a Cultura Hip Hop.,medida_institucional_normativa_de_politica_nacional_para_a_cultura_hip_hop,8.0,08,,"{'page_number': 557, 'left': 73.56, 'top': 373.4860073242187, 'right': 531.6380000000004, 'bottom': 362.72286920267175, 'coord_origin': 'BOTTOMLEFT'}",text_heuristic
d3913584-0c4b-5fef-a1bc-248c1968b61e,c11b9579-45d1-58de-af90-2c8b6bc73152,557,b16ca280-4e2d-515c-8cd5-677d67996f96,Medida Institucional Normativa: 08DE - Política Nacional para a Cultura Hip Hop.,Direito à Cultura,direito_a_cultura,5125.0,5125,,"{'page_number': 557, 'left': 129.98, 'top': 334.6808873242187, 'right': 233.35015999999993, 'bottom': 325.74748268333474, 'coord_origin': 'BOTTOMLEFT'}",text_heuristic
1ffdb80b-9d38-518d-acde-7530690ef99a,c11b9579-45d1-58de-af90-2c8b6bc73152,557,b16ca280-4e2d-515c-8cd5-677d67996f96,Medida Institucional Normativa: 08DE - Política Nacional para a Cultura Hip Hop.,Ministério da Cultura,ministerio_da_cultura,42000.0,42000,,"{'page_number': 557, 'left': 177.26, 'top': 323.1608873242187, 'right': 305.58212, 'bottom': 314.22748268333476, 'coord_origin': 'BOTTOMLEFT'}",text_heuristic
bb3546a8-bc6d-5787-81f7-3d26b1cd8977,c11b9579-45d1-58de-af90-2c8b6bc73152,558,637bfddf-1989-52c9-92f4-ded494111fb0,Medida Institucional Normativa: 08DA - Reativação do Programa Nacional de Incentivo à Leitura (PROLER).,Direito à Cultura,direito_a_cultura,5125.0,5125,,"{'page_number': 558, 'left': 129.98, 'top': 543.2908873242187, 'right': 233.35015999999993, 'bottom': 534.3574826833346, 'coord_origin': 'BOTTOMLEFT'}",text_heuristic
6507889a-48ff-5f89-9cbd-c306be4c6fb5,c11b9579-45d1-58de-af90-2c8b6bc73152,558,637bfddf-1989-52c9-92f4-ded494111fb0,Medida Institucional Normativa: 08DA - Reativação do Programa Nacional de Incentivo à Leitura (PROLER).,Ministério da Cultura,ministerio_da_cultura,42000.0,42000,,"{'page_number': 558, 'left': 177.26, 'top': 531.7508873242188, 'right': 305.58212, 'bottom': 522.8174826833347, 'coord_origin': 'BOTTOMLEFT'}",text_heuristic
0b1f1607-2b08-5971-91bb-0f598a13975b,c11b9579-45d1-58de-af90-2c8b6bc73152,558,637bfddf-1989-52c9-92f4-ded494111fb0,Medida Institucional Normativa: 08DA - Reativação do Programa Nacional de Incentivo à Leitura (PROLER).,Direito à Cultura,direito_a_cultura,5125.0,5125,,"{'page_number': 558, 'left': 129.98, 'top': 277.1808873242187, 'right': 233.35015999999993, 'bottom': 268.24748268333474, 'coord_origin': 'BOTTOMLEFT'}",text_heuristic
e30ea9fd-93a1-5afc-8245-a6a3e7d7e5a9,c11b9579-45d1-58de-af90-2c8b6bc73152,558,637bfddf-1989-52c9-92f4-ded494111fb0,Medida Institucional Normativa: 08DA - Reativação do Programa Nacional de Incentivo à Leitura (PROLER).,Ministério da Cultura,ministerio_da_cultura,42000.0,42000,,"{'page_number': 558, 'left': 177.26, 'top': 265.6608873242187, 'right': 305.58212, 'bottom': 256.72748268333476, 'coord_origin': 'BOTTOMLEFT'}",text_heuristic
4e9a6f2f-1aa2-5751-be66-2fc96c7a23a6,c11b9579-45d1-58de-af90-2c8b6bc73152,559,79f034e0-99f3-5f7a-95fe-63a0dcad6112,Informações do Monitoramento,Direito à Cultura,direito_a_cultura,5125.0,5125,,"{'page_number': 559, 'left': 129.98, 'top': 543.2908873242187, 'right': 233.35015999999993, 'bottom': 534.3574826833346, 'coord_origin': 'BOTTOMLEFT'}",text_heuristic
f1dad8ef-4b73-54f5-8994-f02ac1c40dd0,c11b9579-45d1-58de-af90-2c8b6bc73152,559,79f034e0-99f3-5f7a-95fe-63a0dcad6112,Informações do Monitoramento,Ministério da Cultura,ministerio_da_cultura,42000.0,42000,,"{'page_number': 559, 'left': 177.26, 'top': 531.7508873242188, 'right': 305.58212, 'bottom': 522.8174826833347, 'coord_origin': 'BOTTOMLEFT'}",text_heuristic
15149c7a-268e-55ce-a473-51c137e3be7f,c11b9579-45d1-58de-af90-2c8b6bc73152,559,79f034e0-99f3-5f7a-95fe-63a0dcad6112,Informações do Monitoramento,Direito à Cultura,direito_a_cultura,5125.0,5125,,"{'page_number': 559, 'left': 129.98, 'top': 251.8608873242187, 'right': 233.35015999999993, 'bottom': 242.92748268333474, 'coord_origin': 'BOTTOMLEFT'}",text_heuristic
3aa09f8c-ab9d-53f1-b0eb-f18104c37318,c11b9579-45d1-58de-af90-2c8b6bc73152,559,79f034e0-99f3-5f7a-95fe-63a0dcad6112,Informações do Monitoramento,Ministério da Cultura,ministerio_da_cultura,42000.0,42000,,"{'page_number': 559, 'left': 177.26, 'top': 240.34088732421867, 'right': 305.58212, 'bottom': 231.4074826833347, 'coord_origin': 'BOTTOMLEFT'}",text_heuristic
2abea0e4-0608-5745-a9dd-c24dff094825,c11b9579-45d1-58de-af90-2c8b6bc73152,560,934555ae-e14a-5e6a-ac83-977d093c90ae,"PROGRAMA: 5135 - JUVENTUDE: DIREITOS, PARTICIPAÇÃO E BEM VIVER","PROGRAMA: - JUVENTUDE: DIREITOS, PARTICIPAÇÃO E BEM VIVER",programa_juventude_direitos_participacao_e_bem_viver,5135.0,5135,,"{'page_number': 560, 'left': 51.0, 'top': 465.24112732421867, 'right': 554.1718400000007, 'bottom': 452.64825572200874, 'coord_origin': 'BOTTOMLEFT'}",text_heuristic
4b855ee5-9198-59ff-82b1-c3a3d9fa5622,c11b9579-45d1-58de-af90-2c8b6bc73152,560,934555ae-e14a-5e6a-ac83-977d093c90ae,"PROGRAMA: 5135 - JUVENTUDE: DIREITOS, PARTICIPAÇÃO E BEM VIVER",Presidência da República,presidencia_da_republica,20000.0,20000,,"{'page_number': 560, 'left': 177.26, 'top': 346.3208873242187, 'right': 327.3048799999999, 'bottom': 337.3874826833347, 'coord_origin': 'BOTTOMLEFT'}",text_heuristic
2d62ecad-15d8-5f2a-8934-8344da63b673,c11b9579-45d1-58de-af90-2c8b6bc73152,560,b205c897-1154-5c95-b588-58d75eeab296,Informações do Monitoramento,Meta prevista para 2024,meta_prevista_para_2024,10.0,10,,"{'page_number': 560, 'left': 92.304, 'top': 114.91088732421872, 'right': 222.27772, 'bottom': 105.9774826833347, 'coord_origin': 'BOTTOMLEFT'}",text_heuristic
042ed9c6-d8a8-54fe-9d2a-0b2e57df4220,c11b9579-45d1-58de-af90-2c8b6bc73152,560,b205c897-1154-5c95-b588-58d75eeab296,Informações do Monitoramento,Meta prevista para 2025,meta_prevista_para_2025,30.0,30,,"{'page_number': 560, 'left': 92.304, 'top': 103.3948873242187, 'right': 222.27772, 'bottom': 94.46148268333474, 'coord_origin': 'BOTTOMLEFT'}",text_heuristic
69fc8496-6175-5b66-b8b3-1c5d02e7508c,c11b9579-45d1-58de-af90-2c8b6bc73152,560,b205c897-1154-5c95-b588-58d75eeab296,Informações do Monitoramento,Meta prevista para 2026,meta_prevista_para_2026,60.0,60,,"{'page_number': 560, 'left': 92.304, 'top': 91.87488732421866, 'right': 222.27772, 'bottom': 82.9414826833347, 'coord_origin': 'BOTTOMLEFT'}",text_heuristic
9dcb1da6-f6b9-5ade-b375-3a112d94a29a,c11b9579-45d1-58de-af90-2c8b6bc73152,560,b205c897-1154-5c95-b588-58d75eeab296,Informações do Monitoramento,Meta prevista para,meta_prevista_para,2027.0,2027,,"{'page_number': 560, 'left': 92.304, 'top': 80.35488732421868, 'right': 211.0172399999999, 'bottom': 71.42148268333472, 'coord_origin': 'BOTTOMLEFT'}",text_heuristic
fa2b6ae9-a6e6-57fe-a399-fffbfc590f09,c11b9579-45d1-58de-af90-2c8b6bc73152,561,b564f684-2112-54bb-8fe6-e7bb57eefe22,Indicador: 8880 - Quantidade de equipamentos implantados,Indicador: - Quantidade de equipamentos implantados,indicador_quantidade_de_equipamentos_implantados,8880.0,8880,,"{'page_number': 561, 'left': 96.024, 'top': 366.5260073242187, 'right': 436.8080000000002, 'bottom': 355.76286920267177, 'coord_origin': 'BOTTOMLEFT'}",text_heuristic
6b835c01-abf3-5882-8e83-2e4433a7b371,c11b9579-45d1-58de-af90-2c8b6bc73152,561,b564f684-2112-54bb-8fe6-e7bb57eefe22,Indicador: 8880 - Quantidade de equipamentos implantados,Meta prevista para 2024,meta_prevista_para_2024,2.0,2,,"{'page_number': 561, 'left': 99.744, 'top': 284.0208873242187, 'right': 224.19776, 'bottom': 275.0874826833347, 'coord_origin': 'BOTTOMLEFT'}",text_heuristic
6dd41642-4311-57a7-b9c9-b7c8203e61ae,c11b9579-45d1-58de-af90-2c8b6bc73152,561,b564f684-2112-54bb-8fe6-e7bb57eefe22,Indicador: 8880 - Quantidade de equipamentos implantados,Meta prevista para 2025,meta_prevista_para_2025,4.0,4,,"{'page_number': 561, 'left': 99.744, 'top': 272.5008873242187, 'right': 224.19776, 'bottom': 263.56748268333473, 'coord_origin': 'BOTTOMLEFT'}",text_heuristic
4a729e0d-3ab5-5d36-8584-20e41fe21ca1,c11b9579-45d1-58de-af90-2c8b6bc73152,561,b564f684-2112-54bb-8fe6-e7bb57eefe22,Indicador: 8880 - Quantidade de equipamentos implantados,Meta prevista para 2026,meta_prevista_para_2026,8.0,8,,"{'page_number': 561, 'left': 99.744, 'top': 261.1008873242187, 'right': 224.19776, 'bottom': 252.1674826833347, 'coord_origin': 'BOTTOMLEFT'}",text_heuristic
a6a2aaf0-4386-56da-b8eb-f4863b6e04a3,c11b9579-45d1-58de-af90-2c8b6bc73152,561,b564f684-2112-54bb-8fe6-e7bb57eefe22,Indicador: 8880 - Quantidade de equipamentos implantados,Meta prevista para,meta_prevista_para,2027.0,2027,,"{'page_number': 561, 'left': 99.744, 'top': 249.58088732421868, 'right': 218.45723999999987, 'bottom': 240.64748268333472, 'coord_origin': 'BOTTOMLEFT'}",text_heuristic
39751688-9e23-5d6f-9a82-fd85b756f6c8,c11b9579-45d1-58de-af90-2c8b6bc73152,561,7cedcd87-38e3-567e-8e11-be97d8aa0910,Informações do Monitoramento,Quantidade alcançada,quantidade_alcancada,0.0,0,,"{'page_number': 561, 'left': 99.744, 'top': 185.2608873242187, 'right': 217.47776, 'bottom': 176.32748268333472, 'coord_origin': 'BOTTOMLEFT'}",text_heuristic
c54edeb2-4eca-552d-b08e-f970b0d2e70f,c11b9579-45d1-58de-af90-2c8b6bc73152,562,ac1369cd-850c-59e9-9b62-95dc4c9081de,Medida Institucional Normativa: 04BB - Plano Nacional de Juventude,Medida Institucional Normativa: BB - Plano Nacional de Juventude,medida_institucional_normativa_bb_plano_nacional_de_juventude,4.0,04,,"{'page_number': 562, 'left': 73.56, 'top': 320.44600732421867, 'right': 466.2620000000002, 'bottom': 309.6828692026717, 'coord_origin': 'BOTTOMLEFT'}",text_heuristic
7a858a31-039d-59e2-9546-b5eb0185a0a5,c11b9579-45d1-58de-af90-2c8b6bc73152,562,ac1369cd-850c-59e9-9b62-95dc4c9081de,Medida Institucional Normativa: 04BB - Plano Nacional de Juventude,"Juventude: Direitos, Participação e Bem Viver",juventude_direitos_participacao_e_bem_viver,5135.0,5135,,"{'page_number': 562, 'left': 129.98, 'top': 281.6208873242187, 'right': 364.37395999999995, 'bottom': 272.68748268333474, 'coord_origin': 'BOTTOMLEFT'}",text_heuristic
c7813bfb-45ca-5864-8ae3-656e8e0c70d7,c11b9579-45d1-58de-af90-2c8b6bc73152,562,ac1369cd-850c-59e9-9b62-95dc4c9081de,Medida Institucional Normativa: 04BB - Plano Nacional de Juventude,Presidência da República,presidencia_da_republica,20000.0,20000,,"{'page_number': 562, 'left': 177.26, 'top': 270.1008873242187, 'right': 327.3048799999999, 'bottom': 261.16748268333475, 'coord_origin': 'BOTTOMLEFT'}",text_heuristic
c5b41b1f-cffa-55b3-ae18-b19c4cf09840,c11b9579-45d1-58de-af90-2c8b6bc73152,563,2dca771a-9f62-52a3-becf-9309fbeba173,Medida Institucional Normativa: 04C5 - Avaliação do projeto Estação Juventude,Medida Institucional Normativa: 04C - Avaliação do projeto Estação Juventude,medida_institucional_normativa_04c_avaliacao_do_projeto_estacao_juventude,5.0,5,,"{'page_number': 563, 'left': 73.56, 'top': 454.3960073242187, 'right': 528.3740000000004, 'bottom': 443.63286920267177, 'coord_origin': 'BOTTOMLEFT'}",text_heuristic
6a360bf4-5655-5297-9bde-68962ff7aeae,c11b9579-45d1-58de-af90-2c8b6bc73152,563,2dca771a-9f62-52a3-becf-9309fbeba173,Medida Institucional Normativa: 04C5 - Avaliação do projeto Estação Juventude,"Juventude: Direitos, Participação e Bem Viver",juventude_direitos_participacao_e_bem_viver,5135.0,5135,,"{'page_number': 563, 'left': 129.98, 'top': 415.59088732421867, 'right': 364.37395999999995, 'bottom': 406.6574826833347, 'coord_origin': 'BOTTOMLEFT'}",text_heuristic
d7212c38-0ed4-5e18-9e7f-8943cb2d6e48,c11b9579-45d1-58de-af90-2c8b6bc73152,563,2dca771a-9f62-52a3-becf-9309fbeba173,Medida Institucional Normativa: 04C5 - Avaliação do projeto Estação Juventude,Presidência da República,presidencia_da_republica,20000.0,20000,,"{'page_number': 563, 'left': 177.26, 'top': 404.0408873242187, 'right': 327.3048799999999, 'bottom': 395.10748268333475, 'coord_origin': 'BOTTOMLEFT'}",text_heuristic
54c5cbfb-0c7b-5cb0-9266-cd33dcb9df02,c11b9579-45d1-58de-af90-2c8b6bc73152,563,2dca771a-9f62-52a3-becf-9309fbeba173,Medida Institucional Normativa: 04C5 - Avaliação do projeto Estação Juventude,"Juventude: Direitos, Participação e Bem Viver",juventude_direitos_participacao_e_bem_viver,5135.0,5135,,"{'page_number': 563, 'left': 129.98, 'top': 91.99488732421867, 'right': 364.37395999999995, 'bottom': 83.0614826833347, 'coord_origin': 'BOTTOMLEFT'}",text_heuristic
a50cbe5f-b84d-5e1e-96e3-575f8a0c5836,c11b9579-45d1-58de-af90-2c8b6bc73152,563,2dca771a-9f62-52a3-becf-9309fbeba173,Medida Institucional Normativa: 04C5 - Avaliação do projeto Estação Juventude,Presidência da República,presidencia_da_republica,20000.0,20000,,"{'page_number': 563, 'left': 177.26, 'top': 80.47488732421868, 'right': 327.3048799999999, 'bottom': 71.54148268333472, 'coord_origin': 'BOTTOMLEFT'}",text_heuristic
7485defb-31fb-5f1a-ab80-3ee2b49a00f5,c11b9579-45d1-58de-af90-2c8b6bc73152,564,1d5820b6-88b7-5f41-8079-9fed6601b24c,Medida Institucional Normativa: 04C4 - Seminários Temáticos sobre Políticas Públicas de Juventude,"Juventude: Direitos, Participação e Bem Viver",juventude_direitos_participacao_e_bem_viver,5135.0,5135,,"{'page_number': 564, 'left': 129.98, 'top': 310.2008873242187, 'right': 364.37395999999995, 'bottom': 301.2674826833347, 'coord_origin': 'BOTTOMLEFT'}",text_heuristic
a65f518e-fb64-5d26-8906-765e6321fdcb,c11b9579-45d1-58de-af90-2c8b6bc73152,564,1d5820b6-88b7-5f41-8079-9fed6601b24c,Medida Institucional Normativa: 04C4 - Seminários Temáticos sobre Políticas Públicas de Juventude,Presidência da República,presidencia_da_republica,20000.0,20000,,"{'page_number': 564, 'left': 177.26, 'top': 298.6808873242187, 'right': 327.3048799999999, 'bottom': 289.74748268333474, 'coord_origin': 'BOTTOMLEFT'}",text_heuristic
33de5a2a-a291-5003-9074-f3a96db358a5,c11b9579-45d1-58de-af90-2c8b6bc73152,565,b20a8b93-9494-5de7-a547-ac62ed719f6a,"Medida Institucional Normativa: 04C2 - Priorizar e focalizar recortes de gênero, raça, etnia e território","Juventude: Direitos, Participação e Bem Viver",juventude_direitos_participacao_e_bem_viver,5135.0,5135,,"{'page_number': 565, 'left': 129.98, 'top': 543.2908873242187, 'right': 364.37395999999995, 'bottom': 534.3574826833346, 'coord_origin': 'BOTTOMLEFT'}",text_heuristic
9b061d68-e37a-563d-9f57-6a52cf44fe14,c11b9579-45d1-58de-af90-2c8b6bc73152,565,b20a8b93-9494-5de7-a547-ac62ed719f6a,"Medida Institucional Normativa: 04C2 - Priorizar e focalizar recortes de gênero, raça, etnia e território",Presidência da República,presidencia_da_republica,20000.0,20000,,"{'page_number': 565, 'left': 177.26, 'top': 531.7508873242188, 'right': 327.3048799999999, 'bottom': 522.8174826833347, 'coord_origin': 'BOTTOMLEFT'}",text_heuristic
58d13d10-f1e8-591b-9538-c6359d1779f4,c11b9579-45d1-58de-af90-2c8b6bc73152,565,b20a8b93-9494-5de7-a547-ac62ed719f6a,"Medida Institucional Normativa: 04C2 - Priorizar e focalizar recortes de gênero, raça, etnia e território","Juventude: Direitos, Participação e Bem Viver",juventude_direitos_participacao_e_bem_viver,5135.0,5135,,"{'page_number': 565, 'left': 129.98, 'top': 300.2408873242187, 'right': 364.37395999999995, 'bottom': 291.30748268333474, 'coord_origin': 'BOTTOMLEFT'}",text_heuristic
58886d5e-b363-57b8-b4a7-ada764f2770c,c11b9579-45d1-58de-af90-2c8b6bc73152,565,b20a8b93-9494-5de7-a547-ac62ed719f6a,"Medida Institucional Normativa: 04C2 - Priorizar e focalizar recortes de gênero, raça, etnia e território",Presidência da República,presidencia_da_republica,20000.0,20000,,"{'page_number': 565, 'left': 177.26, 'top': 288.6008873242187, 'right': 327.3048799999999, 'bottom': 279.66748268333475, 'coord_origin': 'BOTTOMLEFT'}",text_heuristic
fbed2ef7-5e4a-5f39-a762-4a41ff5c2ee8,c11b9579-45d1-58de-af90-2c8b6bc73152,566,b6ad671c-6445-56b5-8e19-f40eb0e75de4,Medida Institucional Normativa: 04C1 - Articulação Internacional das Políticas Públicas de Juventude.,"Juventude: Direitos, Participação e Bem Viver",juventude_direitos_participacao_e_bem_viver,5135.0,5135,,"{'page_number': 566, 'left': 129.98, 'top': 438.6308873242187, 'right': 364.37395999999995, 'bottom': 429.6974826833347, 'coord_origin': 'BOTTOMLEFT'}",text_heuristic
4710b761-d83b-5ddf-abe6-fbc282d08060,c11b9579-45d1-58de-af90-2c8b6bc73152,566,b6ad671c-6445-56b5-8e19-f40eb0e75de4,Medida Institucional Normativa: 04C1 - Articulação Internacional das Políticas Públicas de Juventude.,Presidência da República,presidencia_da_republica,20000.0,20000,,"{'page_number': 566, 'left': 177.26, 'top': 426.9908873242187, 'right': 327.3048799999999, 'bottom': 418.05748268333474, 'coord_origin': 'BOTTOMLEFT'}",text_heuristic
1f8e1006-2bf3-5b2d-8cb8-889bc01952fd,c11b9579-45d1-58de-af90-2c8b6bc73152,567,3f25edf7-3cf8-56b6-9626-a10dc3d5614e,Medida Institucional Normativa: 090A - Criação do Fundo Nacional de Juventude,"Juventude: Direitos, Participação e Bem Viver",juventude_direitos_participacao_e_bem_viver,5135.0,5135,,"{'page_number': 567, 'left': 129.98, 'top': 543.2908873242187, 'right': 364.37395999999995, 'bottom': 534.3574826833346, 'coord_origin': 'BOTTOMLEFT'}",text_heuristic
93fb8bb5-cff2-537c-bd6f-eafb5244c970,c11b9579-45d1-58de-af90-2c8b6bc73152,567,3f25edf7-3cf8-56b6-9626-a10dc3d5614e,Medida Institucional Normativa: 090A - Criação do Fundo Nacional de Juventude,Presidência da República,presidencia_da_republica,20000.0,20000,,"{'page_number': 567, 'left': 177.26, 'top': 531.7508873242188, 'right': 327.3048799999999, 'bottom': 522.8174826833347, 'coord_origin': 'BOTTOMLEFT'}",text_heuristic
6b93b5e1-1f7c-5135-b82a-6eaa2286f711,c11b9579-45d1-58de-af90-2c8b6bc73152,567,3f25edf7-3cf8-56b6-9626-a10dc3d5614e,Medida Institucional Normativa: 090A - Criação do Fundo Nacional de Juventude,Medida Institucional Normativa: A - Criação do Fundo Nacional de Juventude,medida_institucional_normativa_a_criacao_do_fundo_nacional_de_juventude,90.0,090,,"{'page_number': 567, 'left': 73.56, 'top': 339.0460073242187, 'right': 533.6660000000003, 'bottom': 328.28286920267175, 'coord_origin': 'BOTTOMLEFT'}",text_heuristic
2e61d1d4-04bc-5b5e-95ab-5d66a62b95c3,c11b9579-45d1-58de-af90-2c8b6bc73152,567,3f25edf7-3cf8-56b6-9626-a10dc3d5614e,Medida Institucional Normativa: 090A - Criação do Fundo Nacional de Juventude,"Juventude: Direitos, Participação e Bem Viver",juventude_direitos_participacao_e_bem_viver,5135.0,5135,,"{'page_number': 567, 'left': 129.98, 'top': 300.2408873242187, 'right': 364.37395999999995, 'bottom': 291.30748268333474, 'coord_origin': 'BOTTOMLEFT'}",text_heuristic
b021031f-90f8-571f-a909-60dc4ba05010,c11b9579-45d1-58de-af90-2c8b6bc73152,567,3f25edf7-3cf8-56b6-9626-a10dc3d5614e,Medida Institucional Normativa: 090A - Criação do Fundo Nacional de Juventude,Presidência da República,presidencia_da_republica,20000.0,20000,,"{'page_number': 567, 'left': 177.26, 'top': 288.6008873242187, 'right': 327.3048799999999, 'bottom': 279.66748268333475, 'coord_origin': 'BOTTOMLEFT'}",text_heuristic
a0545b9e-c196-5bfc-864a-0216aaa95761,c11b9579-45d1-58de-af90-2c8b6bc73152,567,0b91dcf4-a90e-52d9-9712-e9626091fa59,Medida Institucional Normativa: 04C3 - Conselho Nacional da Juventude (CONJUVE).,Medida Institucional Normativa: 04C - Conselho Nacional da Juventude (CONJUVE).,medida_institucional_normativa_04c_conselho_nacional_da_juventude_conjuve,3.0,3,,"{'page_number': 567, 'left': 73.56, 'top': 95.8800073242187, 'right': 558.8540000000002, 'bottom': 85.11686920267175, 'coord_origin': 'BOTTOMLEFT'}",text_heuristic
325a7c74-8c70-53df-9ad8-3a8347173ec7,c11b9579-45d1-58de-af90-2c8b6bc73152,568,2d8d760f-5e19-5385-9735-11b92b3e08a9,Informações do Monitoramento,"Juventude: Direitos, Participação e Bem Viver",juventude_direitos_participacao_e_bem_viver,5135.0,5135,,"{'page_number': 568, 'left': 129.98, 'top': 543.2908873242187, 'right': 364.37395999999995, 'bottom': 534.3574826833346, 'coord_origin': 'BOTTOMLEFT'}",text_heuristic
5036731a-9ac1-5cc0-ad04-7f7ec162e5bf,c11b9579-45d1-58de-af90-2c8b6bc73152,568,2d8d760f-5e19-5385-9735-11b92b3e08a9,Informações do Monitoramento,Presidência da República,presidencia_da_republica,20000.0,20000,,"{'page_number': 568, 'left': 177.26, 'top': 531.7508873242188, 'right': 327.3048799999999, 'bottom': 522.8174826833347, 'coord_origin': 'BOTTOMLEFT'}",text_heuristic
64cc1bf5-2241-5834-90eb-adc4b00f6eed,c11b9579-45d1-58de-af90-2c8b6bc73152,568,2d8d760f-5e19-5385-9735-11b92b3e08a9,Informações do Monitoramento,"Juventude: Direitos, Participação e Bem Viver",juventude_direitos_participacao_e_bem_viver,5135.0,5135,,"{'page_number': 568, 'left': 129.98, 'top': 309.3608873242187, 'right': 364.37395999999995, 'bottom': 300.42748268333474, 'coord_origin': 'BOTTOMLEFT'}",text_heuristic
7816531a-ceb1-50ce-b946-734539bb4d95,c11b9579-45d1-58de-af90-2c8b6bc73152,568,2d8d760f-5e19-5385-9735-11b92b3e08a9,Informações do Monitoramento,Presidência da República,presidencia_da_republica,20000.0,20000,,"{'page_number': 568, 'left': 177.26, 'top': 297.84088732421867, 'right': 327.3048799999999, 'bottom': 288.9074826833347, 'coord_origin': 'BOTTOMLEFT'}",text_heuristic
cf17e04d-4e0d-55ba-a6a0-7e3a87c6802d,c11b9579-45d1-58de-af90-2c8b6bc73152,569,2042a9dd-3c22-5d46-80b1-f3784902be35,Medida Institucional Normativa: 04C0 - Comitê Interministerial da Política Pública de Juventude - COIJUVE Informações básicas,"Juventude: Direitos, Participação e Bem Viver",juventude_direitos_participacao_e_bem_viver,5135.0,5135,,"{'page_number': 569, 'left': 129.98, 'top': 450.1508873242187, 'right': 364.37395999999995, 'bottom': 441.2174826833347, 'coord_origin': 'BOTTOMLEFT'}",text_heuristic
a92e0b65-92a6-5eb5-a870-50df80d1c773,c11b9579-45d1-58de-af90-2c8b6bc73152,569,2042a9dd-3c22-5d46-80b1-f3784902be35,Medida Institucional Normativa: 04C0 - Comitê Interministerial da Política Pública de Juventude - COIJUVE Informações básicas,Presidência da República,presidencia_da_republica,20000.0,20000,,"{'page_number': 569, 'left': 177.26, 'top': 438.5108873242187, 'right': 327.3048799999999, 'bottom': 429.5774826833347, 'coord_origin': 'BOTTOMLEFT'}",text_heuristic
6a23e89c-c974-5ec3-8424-762828a4a83b,c11b9579-45d1-58de-af90-2c8b6bc73152,569,debff2f1-17df-5f65-aec8-d3178317e1ef,Medida Institucional Normativa: 04BC - Implementar a Política Nacional de Juventude,"Juventude: Direitos, Participação e Bem Viver",juventude_direitos_participacao_e_bem_viver,5135.0,5135,,"{'page_number': 569, 'left': 129.98, 'top': 195.46088732421867, 'right': 364.37395999999995, 'bottom': 186.5274826833347, 'coord_origin': 'BOTTOMLEFT'}",text_heuristic
65380fcd-13b1-5ae1-bb18-84131729f1dc,c11b9579-45d1-58de-af90-2c8b6bc73152,569,debff2f1-17df-5f65-aec8-d3178317e1ef,Medida Institucional Normativa: 04BC - Implementar a Política Nacional de Juventude,Órgão Responsável: - Presidência da República,orgao_responsavel_presidencia_da_republica,20000.0,20000,,"{'page_number': 569, 'left': 77.28, 'top': 183.9408873242187, 'right': 327.3048799999999, 'bottom': 175.00748268333473, 'coord_origin': 'BOTTOMLEFT'}",text_heuristic
0f40cd97-e62e-5d65-99eb-6cae8c146526,c11b9579-45d1-58de-af90-2c8b6bc73152,570,015214ef-cd46-5eeb-af7d-48de5e721b72,Medida Institucional Normativa: 051E - Fomentar a criação de conselhos estaduais e municipais da juventude.,"Juventude: Direitos, Participação e Bem Viver",juventude_direitos_participacao_e_bem_viver,5135.0,5135,,"{'page_number': 570, 'left': 129.98, 'top': 358.0808873242187, 'right': 364.37395999999995, 'bottom': 349.1474826833347, 'coord_origin': 'BOTTOMLEFT'}",text_heuristic
3d8fbb4d-c270-5885-81a4-fe2a6e11fd16,c11b9579-45d1-58de-af90-2c8b6bc73152,570,015214ef-cd46-5eeb-af7d-48de5e721b72,Medida Institucional Normativa: 051E - Fomentar a criação de conselhos estaduais e municipais da juventude.,Presidência da República,presidencia_da_republica,20000.0,20000,,"{'page_number': 570, 'left': 177.26, 'top': 346.5608873242187, 'right': 327.3048799999999, 'bottom': 337.62748268333473, 'coord_origin': 'BOTTOMLEFT'}",text_heuristic
1c9b81ff-3263-5b14-a880-14fdc035be2d,c11b9579-45d1-58de-af90-2c8b6bc73152,570,015214ef-cd46-5eeb-af7d-48de5e721b72,Medida Institucional Normativa: 051E - Fomentar a criação de conselhos estaduais e municipais da juventude.,"Juventude: Direitos, Participação e Bem Viver",juventude_direitos_participacao_e_bem_viver,5135.0,5135,,"{'page_number': 570, 'left': 129.98, 'top': 91.99488732421867, 'right': 364.37395999999995, 'bottom': 83.0614826833347, 'coord_origin': 'BOTTOMLEFT'}",text_heuristic
fc710f59-23f2-5ee5-9ca0-96a4192707a0,c11b9579-45d1-58de-af90-2c8b6bc73152,570,015214ef-cd46-5eeb-af7d-48de5e721b72,Medida Institucional Normativa: 051E - Fomentar a criação de conselhos estaduais e municipais da juventude.,Presidência da República,presidencia_da_republica,20000.0,20000,,"{'page_number': 570, 'left': 177.26, 'top': 80.47488732421868, 'right': 327.3048799999999, 'bottom': 71.54148268333472, 'coord_origin': 'BOTTOMLEFT'}",text_heuristic
aaca42e9-ca45-5863-99a2-ebfbd3e7f074,c11b9579-45d1-58de-af90-2c8b6bc73152,571,56daa3f1-43b2-50de-aee4-d973a693c664,Informações do Monitoramento,"Juventude: Direitos, Participação e Bem Viver",juventude_direitos_participacao_e_bem_viver,5135.0,5135,,"{'page_number': 571, 'left': 129.98, 'top': 307.9208873242187, 'right': 364.37395999999995, 'bottom': 298.98748268333475, 'coord_origin': 'BOTTOMLEFT'}",text_heuristic
23845c27-e0dc-5dd5-9004-6c18eb0b5f2d,c11b9579-45d1-58de-af90-2c8b6bc73152,571,56daa3f1-43b2-50de-aee4-d973a693c664,Informações do Monitoramento,Presidência da República,presidencia_da_republica,20000.0,20000,,"{'page_number': 571, 'left': 177.26, 'top': 296.4008873242187, 'right': 327.3048799999999, 'bottom': 287.4674826833347, 'coord_origin': 'BOTTOMLEFT'}",text_heuristic
b14ce30a-61d1-57db-85e3-a82cbe51a503,c11b9579-45d1-58de-af90-2c8b6bc73152,572,500b3f54-cdea-59e4-b55d-ad45d9451143,Informações do Monitoramento,Quantitativa:: Sim Meta prevista para 2024: 39 Meta prevista para 2025,quantitativa_sim_meta_prevista_para_2024_39_meta_prevista_para_2025,41.0,41,,"{'page_number': 572, 'left': 92.304, 'top': 102.79488732421868, 'right': 222.27772, 'bottom': 70.8214826833347, 'coord_origin': 'BOTTOMLEFT'}",text_heuristic
302088bc-e0a6-5419-9d65-e58407facd0e,c11b9579-45d1-58de-af90-2c8b6bc73152,573,ed858ad5-8cad-52f5-b831-69c57c0d456e,Informações do Monitoramento,Meta prevista para,meta_prevista_para,2026.0,2026,,"{'page_number': 573, 'left': 92.304, 'top': 548.2108873242188, 'right': 211.0172399999999, 'bottom': 539.2774826833347, 'coord_origin': 'BOTTOMLEFT'}",text_heuristic
abe0ab95-31a8-53c8-9ec1-d9cf01db41c6,c11b9579-45d1-58de-af90-2c8b6bc73152,573,ed858ad5-8cad-52f5-b831-69c57c0d456e,Informações do Monitoramento,Meta prevista para,meta_prevista_para,2027.0,2027,,"{'page_number': 573, 'left': 92.304, 'top': 536.6708873242187, 'right': 211.0172399999999, 'bottom': 527.7374826833346, 'coord_origin': 'BOTTOMLEFT'}",text_heuristic
473c224d-b63d-5b71-bf74-10dcb3271e8a,c11b9579-45d1-58de-af90-2c8b6bc73152,575,a7ab4042-f97c-50d1-aac4-a9e159ec3b44,Meta: 0746 - Mulheres Formadas,Indicador: - Número de Formadas,indicador_numero_de_formadas,10700.0,10700,,"{'page_number': 575, 'left': 96.024, 'top': 547.7760073242187, 'right': 324.7640000000001, 'bottom': 537.0128692026717, 'coord_origin': 'BOTTOMLEFT'}",text_heuristic
8f24dd59-52cb-57f8-89fa-5ad6a2fdf87a,c11b9579-45d1-58de-af90-2c8b6bc73152,575,a7ab4042-f97c-50d1-aac4-a9e159ec3b44,Meta: 0746 - Mulheres Formadas,Meta: - Mulheres Formadas,meta_mulheres_formadas,746.0,0746,,"{'page_number': 575, 'left': 96.024, 'top': 529.5160073242187, 'right': 281.4560000000001, 'bottom': 518.7528692026717, 'coord_origin': 'BOTTOMLEFT'}",text_heuristic
476d865b-8fd7-5bcd-b96e-a206ebc21764,c11b9579-45d1-58de-af90-2c8b6bc73152,575,a7ab4042-f97c-50d1-aac4-a9e159ec3b44,Meta: 0746 - Mulheres Formadas,Meta prevista para,meta_prevista_para,2024.0,2024,,"{'page_number': 575, 'left': 99.744, 'top': 479.0708873242187, 'right': 218.45723999999987, 'bottom': 470.1374826833347, 'coord_origin': 'BOTTOMLEFT'}",text_heuristic
f95b0f5b-819c-5445-abfd-573c75fb9074,c11b9579-45d1-58de-af90-2c8b6bc73152,575,a7ab4042-f97c-50d1-aac4-a9e159ec3b44,Meta: 0746 - Mulheres Formadas,Meta prevista para,meta_prevista_para,2025.0,2025,,"{'page_number': 575, 'left': 99.744, 'top': 467.6708873242187, 'right': 218.45723999999987, 'bottom': 458.73748268333475, 'coord_origin': 'BOTTOMLEFT'}",text_heuristic
d69b9b22-36f8-5eeb-8a0b-85f37f49178b,c11b9579-45d1-58de-af90-2c8b6bc73152,575,a7ab4042-f97c-50d1-aac4-a9e159ec3b44,Meta: 0746 - Mulheres Formadas,Meta prevista para,meta_prevista_para,2026.0,2026,,"{'page_number': 575, 'left': 99.744, 'top': 456.1508873242187, 'right': 218.45723999999987, 'bottom': 447.2174826833347, 'coord_origin': 'BOTTOMLEFT'}",text_heuristic
643c77c2-404d-5963-806d-dc5274519be5,c11b9579-45d1-58de-af90-2c8b6bc73152,575,a7ab4042-f97c-50d1-aac4-a9e159ec3b44,Meta: 0746 - Mulheres Formadas,Meta prevista para,meta_prevista_para,2027.0,2027,,"{'page_number': 575, 'left': 99.744, 'top': 444.6308873242187, 'right': 218.45723999999987, 'bottom': 435.6974826833347, 'coord_origin': 'BOTTOMLEFT'}",text_heuristic
f95094a1-e58e-53cb-b9ee-e2541c0a3abf,c11b9579-45d1-58de-af90-2c8b6bc73152,579,d09c989a-f03c-5686-ad36-c34a57167ae3,Informações do Monitoramento,Ministério das Mulheres,ministerio_das_mulheres,65000.0,65000,,"{'page_number': 579, 'left': 192.26, 'top': 504.2708873242187, 'right': 334.43647999999996, 'bottom': 495.3374826833347, 'coord_origin': 'BOTTOMLEFT'}",text_heuristic
353e6295-605d-5bc1-9278-beee43df5fff,c11b9579-45d1-58de-af90-2c8b6bc73152,579,d09c989a-f03c-5686-ad36-c34a57167ae3,Informações do Monitoramento,Órgão Responsável: - Ministério das Mulheres,orgao_responsavel_ministerio_das_mulheres,65000.0,65000,,"{'page_number': 579, 'left': 92.304, 'top': 155.35088732421866, 'right': 334.43647999999996, 'bottom': 146.4174826833347, 'coord_origin': 'BOTTOMLEFT'}",text_heuristic
d7d566da-25e2-5867-a5cd-a5f4981dcbd0,c11b9579-45d1-58de-af90-2c8b6bc73152,581,d4f3fc54-c903-5278-a1b2-d19be244aaf5,Medida Institucional Normativa: 0954 - Ato normativo para ampliação da representação de mulheres nos espaços do poder legislativo.,Igualdade de Decisão e Poder para Mulheres,igualdade_de_decisao_e_poder_para_mulheres,5661.0,5661,,"{'page_number': 581, 'left': 129.98, 'top': 424.8308873242187, 'right': 362.23256, 'bottom': 415.8974826833347, 'coord_origin': 'BOTTOMLEFT'}",text_heuristic
d63af24f-ac0d-5483-b645-5bc7ec04fcca,c11b9579-45d1-58de-af90-2c8b6bc73152,581,d4f3fc54-c903-5278-a1b2-d19be244aaf5,Medida Institucional Normativa: 0954 - Ato normativo para ampliação da representação de mulheres nos espaços do poder legislativo.,Ministério das Mulheres,ministerio_das_mulheres,65000.0,65000,,"{'page_number': 581, 'left': 177.26, 'top': 413.1608873242187, 'right': 319.43647999999996, 'bottom': 404.22748268333476, 'coord_origin': 'BOTTOMLEFT'}",text_heuristic
42ab09f2-635f-5d3c-9eba-faacf607ab0e,c11b9579-45d1-58de-af90-2c8b6bc73152,582,e6295241-395f-5481-9549-8c526a5ba5c8,Informações do Monitoramento,Órgão Responsável: - Ministério da Igualdade Racial,orgao_responsavel_ministerio_da_igualdade_racial,67000.0,67000,,"{'page_number': 582, 'left': 77.28, 'top': 421.59088732421867, 'right': 347.82247999999987, 'bottom': 412.6574826833347, 'coord_origin': 'BOTTOMLEFT'}",text_heuristic
b8087b0c-9305-56ee-96c6-7685837d79c9,c11b9579-45d1-58de-af90-2c8b6bc73152,582,e6295241-395f-5481-9549-8c526a5ba5c8,Informações do Monitoramento,Indicador: - Número de campanhas realizadas,indicador_numero_de_campanhas_realizadas,9466.0,9466,,"{'page_number': 582, 'left': 96.024, 'top': 85.4400073242187, 'right': 388.1480000000003, 'bottom': 74.6768692026717, 'coord_origin': 'BOTTOMLEFT'}",text_heuristic
13794170-f3e9-59d2-a06d-73894cf3fba3,c11b9579-45d1-58de-af90-2c8b6bc73152,582,e6295241-395f-5481-9549-8c526a5ba5c8,Informações do Monitoramento,Meta: P - Campanha de sensibilização realizada,meta_p_campanha_de_sensibilizacao_realizada,57.0,057,,"{'page_number': 582, 'left': 96.024, 'top': 67.08000732421874, 'right': 387.4400000000003, 'bottom': 56.316869202671796, 'coord_origin': 'BOTTOMLEFT'}",text_heuristic
5261babd-f96a-53fd-96bb-7fef85601d12,c11b9579-45d1-58de-af90-2c8b6bc73152,583,02dfd581-c46b-5db2-9275-9e73b52e117a,Informações do Monitoramento,Quantidade alcançada,quantidade_alcancada,1.0,1,,"{'page_number': 583, 'left': 99.744, 'top': 416.9108873242187, 'right': 217.47776, 'bottom': 407.97748268333476, 'coord_origin': 'BOTTOMLEFT'}",text_heuristic
5eb582de-3d68-51e1-a1b0-c77361cd21fa,c11b9579-45d1-58de-af90-2c8b6bc73152,583,02dfd581-c46b-5db2-9275-9e73b52e117a,Informações do Monitoramento,Indicador: - Número de campanhas realizadas,indicador_numero_de_campanhas_realizadas,9469.0,9469,,"{'page_number': 583, 'left': 96.024, 'top': 190.94600732421873, 'right': 388.1480000000003, 'bottom': 180.18286920267178, 'coord_origin': 'BOTTOMLEFT'}",text_heuristic
8d1ef0ed-8d4f-5c08-8263-33553e673905,c11b9579-45d1-58de-af90-2c8b6bc73152,583,02dfd581-c46b-5db2-9275-9e73b52e117a,Informações do Monitoramento,Meta: Q - Campanhas de sensibilização realizadas,meta_q_campanhas_de_sensibilizacao_realizadas,57.0,057,,"{'page_number': 583, 'left': 96.024, 'top': 172.70600732421872, 'right': 402.0440000000003, 'bottom': 161.94286920267177, 'coord_origin': 'BOTTOMLEFT'}",text_heuristic
a85f9c11-5bcb-56f4-b0f9-445e48f8f482,c11b9579-45d1-58de-af90-2c8b6bc73152,584,65f1c94c-1880-5f58-85a2-fdee8ace6f54,Informações do Monitoramento,Indicador: - Número de prêmios concedidos,indicador_numero_de_premios_concedidos,11407.0,11407,,"{'page_number': 584, 'left': 96.024, 'top': 335.9260073242187, 'right': 384.0200000000002, 'bottom': 325.16286920267174, 'coord_origin': 'BOTTOMLEFT'}",text_heuristic
14105347-57cd-5c1f-935d-7b16364ed331,c11b9579-45d1-58de-af90-2c8b6bc73152,584,65f1c94c-1880-5f58-85a2-fdee8ace6f54,Informações do Monitoramento,Meta: U - Realizar premiações,meta_u_realizar_premiacoes,65.0,065,,"{'page_number': 584, 'left': 96.024, 'top': 317.5660073242187, 'right': 286.11200000000014, 'bottom': 306.80286920267173, 'coord_origin': 'BOTTOMLEFT'}",text_heuristic
c72da026-5cb9-5658-9e4e-7f834eded2d2,c11b9579-45d1-58de-af90-2c8b6bc73152,584,65f1c94c-1880-5f58-85a2-fdee8ace6f54,Informações do Monitoramento,Meta prevista para 2024,meta_prevista_para_2024,0.0,0,,"{'page_number': 584, 'left': 99.744, 'top': 267.2208873242187, 'right': 224.19776, 'bottom': 258.28748268333476, 'coord_origin': 'BOTTOMLEFT'}",text_heuristic
4d6b797b-7f47-527c-b6e5-c0272738ec45,c11b9579-45d1-58de-af90-2c8b6bc73152,584,65f1c94c-1880-5f58-85a2-fdee8ace6f54,Informações do Monitoramento,Meta prevista para 2025,meta_prevista_para_2025,1.0,1,,"{'page_number': 584, 'left': 99.744, 'top': 255.70088732421868, 'right': 224.19776, 'bottom': 246.76748268333472, 'coord_origin': 'BOTTOMLEFT'}",text_heuristic
4fbe60ee-5cd7-592f-997c-2d1b6179e998,c11b9579-45d1-58de-af90-2c8b6bc73152,584,65f1c94c-1880-5f58-85a2-fdee8ace6f54,Informações do Monitoramento,Meta prevista para 2026,meta_prevista_para_2026,0.0,0,,"{'page_number': 584, 'left': 99.744, 'top': 244.1808873242187, 'right': 224.19776, 'bottom': 235.24748268333474, 'coord_origin': 'BOTTOMLEFT'}",text_heuristic
b90f5b47-097f-5684-8bb7-e44ab4ff1e2f,c11b9579-45d1-58de-af90-2c8b6bc73152,584,65f1c94c-1880-5f58-85a2-fdee8ace6f54,Informações do Monitoramento,Meta prevista para 2027,meta_prevista_para_2027,1.0,1,,"{'page_number': 584, 'left': 99.744, 'top': 232.66088732421872, 'right': 224.19776, 'bottom': 223.72748268333476, 'coord_origin': 'BOTTOMLEFT'}",text_heuristic
172ef527-355c-5ca0-91db-b191a35e55db,c11b9579-45d1-58de-af90-2c8b6bc73152,584,f0eda569-16f7-5302-9022-5bb2c1137d96,Informações do Monitoramento,Quantidade alcançada,quantidade_alcancada,0.0,0,,"{'page_number': 584, 'left': 99.744, 'top': 168.46088732421867, 'right': 217.47776, 'bottom': 159.5274826833347, 'coord_origin': 'BOTTOMLEFT'}",text_heuristic
c06d4aaf-f055-587f-bccc-df4c71fe756a,c11b9579-45d1-58de-af90-2c8b6bc73152,584,f0eda569-16f7-5302-9022-5bb2c1137d96,Informações do Monitoramento,Não há meta prevista para,nao_ha_meta_prevista_para,2024.0,2024.,,"{'page_number': 584, 'left': 288.17, 'top': 145.39088732421868, 'right': 433.63579999999996, 'bottom': 136.45748268333472, 'coord_origin': 'BOTTOMLEFT'}",text_heuristic
e7ba2e6d-6eb9-54c1-99c7-d437af4318f5,c11b9579-45d1-58de-af90-2c8b6bc73152,585,6047669c-2462-55d6-bbfc-179a1d9465cf,Indicador: 11411 - Número de catálogos publicados,Indicador: - Número de catálogos publicados,indicador_numero_de_catalogos_publicados,11411.0,11411,,"{'page_number': 585, 'left': 96.024, 'top': 516.9160073242188, 'right': 390.1520000000002, 'bottom': 506.15286920267175, 'coord_origin': 'BOTTOMLEFT'}",text_heuristic
932d99fe-4fda-5422-826c-da83d9a059ca,c11b9579-45d1-58de-af90-2c8b6bc73152,585,6047669c-2462-55d6-bbfc-179a1d9465cf,Indicador: 11411 - Número de catálogos publicados,Não há meta prevista para,nao_ha_meta_prevista_para,2024.0,2024.,,"{'page_number': 585, 'left': 288.17, 'top': 312.6008873242187, 'right': 433.63579999999996, 'bottom': 303.66748268333475, 'coord_origin': 'BOTTOMLEFT'}",text_heuristic
fd1bd8e5-1fa1-5dd4-83a1-194a5527186a,c11b9579-45d1-58de-af90-2c8b6bc73152,585,6047669c-2462-55d6-bbfc-179a1d9465cf,Indicador: 11411 - Número de catálogos publicados,Ministério da Igualdade Racial,ministerio_da_igualdade_racial,67000.0,67000,,"{'page_number': 585, 'left': 177.26, 'top': 177.58088732421868, 'right': 347.82247999999987, 'bottom': 168.64748268333472, 'coord_origin': 'BOTTOMLEFT'}",text_heuristic
ce1ff71c-b3ee-5855-b59f-494baf7c15da,c11b9579-45d1-58de-af90-2c8b6bc73152,586,0044baf4-4260-500a-846f-3a1f9d9e7020,Informações do Monitoramento,Ministério da Igualdade Racial,ministerio_da_igualdade_racial,67000.0,67000,,"{'page_number': 586, 'left': 177.26, 'top': 387.9608873242187, 'right': 347.82247999999987, 'bottom': 379.0274826833347, 'coord_origin': 'BOTTOMLEFT'}",text_heuristic
ab048027-b814-5202-84d7-98392c23f232,c11b9579-45d1-58de-af90-2c8b6bc73152,586,0044baf4-4260-500a-846f-3a1f9d9e7020,Informações do Monitoramento,Órgão Responsável: - Ministério da Igualdade Racial,orgao_responsavel_ministerio_da_igualdade_racial,67000.0,67000,,"{'page_number': 586, 'left': 77.28, 'top': 154.03088732421872, 'right': 347.82247999999987, 'bottom': 145.09748268333476, 'coord_origin': 'BOTTOMLEFT'}",text_heuristic
347ea818-16f4-5f09-9cff-9eec90da4e5e,c11b9579-45d1-58de-af90-2c8b6bc73152,587,4c2f3ea7-e79d-57e2-af28-c2702a481c63,Informações do Monitoramento,Ministério da Igualdade Racial,ministerio_da_igualdade_racial,67000.0,67000,,"{'page_number': 587, 'left': 177.26, 'top': 401.7608873242187, 'right': 347.82247999999987, 'bottom': 392.8274826833347, 'coord_origin': 'BOTTOMLEFT'}",text_heuristic
b13650fa-fc89-5c5f-abfe-4de6a60868b3,c11b9579-45d1-58de-af90-2c8b6bc73152,587,4c2f3ea7-e79d-57e2-af28-c2702a481c63,Informações do Monitoramento,Ministério da Igualdade Racial,ministerio_da_igualdade_racial,67000.0,67000,,"{'page_number': 587, 'left': 177.26, 'top': 179.3808873242187, 'right': 347.82247999999987, 'bottom': 170.44748268333473, 'coord_origin': 'BOTTOMLEFT'}",text_heuristic
0b16134c-8e67-5e2b-8c2d-ae5f80cfd1a6,c11b9579-45d1-58de-af90-2c8b6bc73152,588,346757fb-0214-54bb-b6ab-b13933ffae6b,Informações do Monitoramento,Ministério da Igualdade Racial,ministerio_da_igualdade_racial,67000.0,67000,,"{'page_number': 588, 'left': 177.26, 'top': 452.7908873242187, 'right': 347.82247999999987, 'bottom': 443.85748268333475, 'coord_origin': 'BOTTOMLEFT'}",text_heuristic
0d59b60f-b489-5e1b-8e24-6782a50d9f64,c11b9579-45d1-58de-af90-2c8b6bc73152,588,346757fb-0214-54bb-b6ab-b13933ffae6b,Informações do Monitoramento,Ministério da Igualdade Racial,ministerio_da_igualdade_racial,67000.0,67000,,"{'page_number': 588, 'left': 177.26, 'top': 193.54088732421872, 'right': 347.82247999999987, 'bottom': 184.60748268333475, 'coord_origin': 'BOTTOMLEFT'}",text_heuristic
9d2e0f0e-f36f-519a-9824-9e7c2d66bbb4,c11b9579-45d1-58de-af90-2c8b6bc73152,589,9b5e0a35-66ca-5751-9d71-d4c3e989c59c,Informações do Monitoramento,Ministério da Igualdade Racial,ministerio_da_igualdade_racial,67000.0,67000,,"{'page_number': 589, 'left': 177.26, 'top': 452.7908873242187, 'right': 347.82247999999987, 'bottom': 443.85748268333475, 'coord_origin': 'BOTTOMLEFT'}",text_heuristic
0f107ffd-d9f9-5c4e-afd4-e90b194238f2,c11b9579-45d1-58de-af90-2c8b6bc73152,589,9b5e0a35-66ca-5751-9d71-d4c3e989c59c,Informações do Monitoramento,Ministério da Igualdade Racial,ministerio_da_igualdade_racial,67000.0,67000,,"{'page_number': 589, 'left': 177.26, 'top': 230.3808873242187, 'right': 347.82247999999987, 'bottom': 221.44748268333473, 'coord_origin': 'BOTTOMLEFT'}",text_heuristic
3e3fd0d5-3dc7-5585-b660-ae3af943c5ab,c11b9579-45d1-58de-af90-2c8b6bc73152,590,d1435eae-280f-51e3-a2d8-41618a81df53,Informações do Monitoramento,Ministério da Igualdade Racial,ministerio_da_igualdade_racial,67000.0,67000,,"{'page_number': 590, 'left': 177.26, 'top': 469.8308873242187, 'right': 347.82247999999987, 'bottom': 460.8974826833347, 'coord_origin': 'BOTTOMLEFT'}",text_heuristic
3c829f01-5f0c-5814-b75e-2fd0c9dc0ea7,c11b9579-45d1-58de-af90-2c8b6bc73152,590,d1435eae-280f-51e3-a2d8-41618a81df53,Informações do Monitoramento,Ministério da Igualdade Racial,ministerio_da_igualdade_racial,67000.0,67000,,"{'page_number': 590, 'left': 177.26, 'top': 247.4208873242187, 'right': 347.82247999999987, 'bottom': 238.48748268333475, 'coord_origin': 'BOTTOMLEFT'}",text_heuristic
8c6d8bd3-98f7-52b6-b127-c5f897af9217,c11b9579-45d1-58de-af90-2c8b6bc73152,591,188b3520-c82d-5fcf-81a9-ac8cc9abbf31,Medida Institucional Normativa: 065F - Criar instrumento jurídico-normativo que assegure a regularização/titulação fundiária para os Povos e Comunidades Tradicionais de Matriz Africana e de Terreiro e Povos Ciganos,Ministério da Igualdade Racial,ministerio_da_igualdade_racial,67000.0,67000,,"{'page_number': 591, 'left': 177.26, 'top': 483.6308873242187, 'right': 347.82247999999987, 'bottom': 474.6974826833347, 'coord_origin': 'BOTTOMLEFT'}",text_heuristic
a50e25c8-a93e-5215-8092-bdc68dc7b80f,c11b9579-45d1-58de-af90-2c8b6bc73152,591,188b3520-c82d-5fcf-81a9-ac8cc9abbf31,Medida Institucional Normativa: 065F - Criar instrumento jurídico-normativo que assegure a regularização/titulação fundiária para os Povos e Comunidades Tradicionais de Matriz Africana e de Terreiro e Povos Ciganos,Ministério da Igualdade Racial,ministerio_da_igualdade_racial,67000.0,67000,,"{'page_number': 591, 'left': 177.26, 'top': 224.5008873242187, 'right': 347.82247999999987, 'bottom': 215.56748268333473, 'coord_origin': 'BOTTOMLEFT'}",text_heuristic
e41ae8cc-be93-5970-9cef-324dcbf156e8,c11b9579-45d1-58de-af90-2c8b6bc73152,592,9f2ca29c-0c07-5c36-b73c-8534f2c9d7d7,Informações do Monitoramento,Ministério da Igualdade Racial,ministerio_da_igualdade_racial,67000.0,67000,,"{'page_number': 592, 'left': 177.26, 'top': 385.5608873242187, 'right': 347.82247999999987, 'bottom': 376.62748268333473, 'coord_origin': 'BOTTOMLEFT'}",text_heuristic
05fdc7a5-e948-5431-b260-bb6ced009b43,c11b9579-45d1-58de-af90-2c8b6bc73152,593,58cbcaa1-cb91-579c-82af-d256f3834d3e,Medida Institucional Normativa: 064E - Monitorar a regularização fundiária dos territórios quilombolas Informações básicas,Ministério da Igualdade Racial,ministerio_da_igualdade_racial,67000.0,67000,,"{'page_number': 593, 'left': 177.26, 'top': 410.5208873242187, 'right': 347.82247999999987, 'bottom': 401.5874826833347, 'coord_origin': 'BOTTOMLEFT'}",text_heuristic
ca636d44-0c01-5651-9d50-60f46db55ecc,c11b9579-45d1-58de-af90-2c8b6bc73152,593,58cbcaa1-cb91-579c-82af-d256f3834d3e,Medida Institucional Normativa: 064E - Monitorar a regularização fundiária dos territórios quilombolas Informações básicas,Ministério da Igualdade Racial,ministerio_da_igualdade_racial,67000.0,67000,,"{'page_number': 593, 'left': 177.26, 'top': 165.10088732421866, 'right': 347.82247999999987, 'bottom': 156.1674826833347, 'coord_origin': 'BOTTOMLEFT'}",text_heuristic
470ba30f-e8a5-53ce-a6bb-535b408cb94c,c11b9579-45d1-58de-af90-2c8b6bc73152,594,39e4c355-711e-5ff9-8bf2-a51e5d0e8a7d,Informações do Monitoramento,Ministério da Igualdade Racial,ministerio_da_igualdade_racial,67000.0,67000,,"{'page_number': 594, 'left': 177.26, 'top': 410.8808873242187, 'right': 347.82247999999987, 'bottom': 401.9474826833347, 'coord_origin': 'BOTTOMLEFT'}",text_heuristic
33f6a179-f752-5c8a-80df-3f9e4fe6b388,c11b9579-45d1-58de-af90-2c8b6bc73152,594,39e4c355-711e-5ff9-8bf2-a51e5d0e8a7d,Informações do Monitoramento,Ministério da Igualdade Racial,ministerio_da_igualdade_racial,67000.0,67000,,"{'page_number': 594, 'left': 177.26, 'top': 177.10088732421866, 'right': 347.82247999999987, 'bottom': 168.1674826833347, 'coord_origin': 'BOTTOMLEFT'}",text_heuristic
f86d4966-d8c0-561c-acdc-e970794901d3,c11b9579-45d1-58de-af90-2c8b6bc73152,595,2bf7ebf1-d2ad-56e8-9c0b-2dd3d764c1e4,"PROGRAMA: 5804 - PROMOÇÃO DA IGUALDADE ÉTNICO-RACIAL, COMBATE E SUPERAÇÃO DO RACISMO",Órgão Responsável: - Ministério da Igualdade Racial,orgao_responsavel_ministerio_da_igualdade_racial,67000.0,67000,,"{'page_number': 595, 'left': 77.28, 'top': 304.4408873242187, 'right': 347.82247999999987, 'bottom': 295.50748268333473, 'coord_origin': 'BOTTOMLEFT'}",text_heuristic
142ed6ff-c4f2-5e50-b093-84f7b6ed1178,c11b9579-45d1-58de-af90-2c8b6bc73152,596,fb790009-9d3a-56e7-a957-461dcc9fb5a1,Informações do Monitoramento,Ministério da Igualdade Racial,ministerio_da_igualdade_racial,67000.0,67000,,"{'page_number': 596, 'left': 192.26, 'top': 458.3108873242187, 'right': 362.82247999999987, 'bottom': 449.37748268333473, 'coord_origin': 'BOTTOMLEFT'}",text_heuristic
4df03457-e1d0-540e-ace1-901c0413430d,c11b9579-45d1-58de-af90-2c8b6bc73152,596,fb790009-9d3a-56e7-a957-461dcc9fb5a1,Informações do Monitoramento,Ministério da Igualdade Racial,ministerio_da_igualdade_racial,67000.0,67000,,"{'page_number': 596, 'left': 177.26, 'top': 210.58088732421868, 'right': 347.82247999999987, 'bottom': 201.64748268333472, 'coord_origin': 'BOTTOMLEFT'}",text_heuristic
c5582c64-b21a-53ad-a0de-420bb37a8734,c11b9579-45d1-58de-af90-2c8b6bc73152,597,6795b718-4b35-5935-a454-d75940c783db,Informações do Monitoramento,Meta: AH - Ações realizadas,meta_ah_acoes_realizadas,6.0,06,,"{'page_number': 597, 'left': 88.56, 'top': 515.7160073242187, 'right': 261.98, 'bottom': 504.95286920267176, 'coord_origin': 'BOTTOMLEFT'}",text_heuristic
cb08fe57-c26c-5e3f-9e87-7e7222876827,c11b9579-45d1-58de-af90-2c8b6bc73152,597,6795b718-4b35-5935-a454-d75940c783db,Informações do Monitoramento,Quantidade alcançada,quantidade_alcancada,1.0,1,,"{'page_number': 597, 'left': 92.304, 'top': 366.4808873242187, 'right': 210.03776, 'bottom': 357.54748268333475, 'coord_origin': 'BOTTOMLEFT'}",text_heuristic
b5778f93-9c55-5dc3-8709-8e4c611132d5,c11b9579-45d1-58de-af90-2c8b6bc73152,597,6795b718-4b35-5935-a454-d75940c783db,Informações do Monitoramento,Indicador: - Quantidade de projetos fomentados,indicador_quantidade_de_projetos_fomentados,11470.0,11470,,"{'page_number': 597, 'left': 96.024, 'top': 232.5860073242187, 'right': 406.70000000000016, 'bottom': 221.82286920267177, 'coord_origin': 'BOTTOMLEFT'}",text_heuristic
ad421f80-789c-581f-a79c-8df2f13ffa08,c11b9579-45d1-58de-af90-2c8b6bc73152,597,6795b718-4b35-5935-a454-d75940c783db,Informações do Monitoramento,Meta: AJ - Projetos fomentados,meta_aj_projetos_fomentados,6.0,06,,"{'page_number': 597, 'left': 96.024, 'top': 214.3460073242187, 'right': 289.37600000000003, 'bottom': 203.58286920267176, 'coord_origin': 'BOTTOMLEFT'}",text_heuristic
6e2784bd-5dbb-5c5c-8830-83a04dec6d7b,c11b9579-45d1-58de-af90-2c8b6bc73152,598,b20c04b3-7862-5c49-bcb5-58f912555510,Informações do Monitoramento,Ministério da Igualdade Racial,ministerio_da_igualdade_racial,67000.0,67000,,"{'page_number': 598, 'left': 192.26, 'top': 323.1608873242187, 'right': 362.82247999999987, 'bottom': 314.22748268333476, 'coord_origin': 'BOTTOMLEFT'}",text_heuristic
bf157e39-1dba-5266-a58a-4af72b134240,c11b9579-45d1-58de-af90-2c8b6bc73152,598,b20c04b3-7862-5c49-bcb5-58f912555510,Informações do Monitoramento,Órgão Responsável: - Ministério da Igualdade Racial,orgao_responsavel_ministerio_da_igualdade_racial,67000.0,67000,,"{'page_number': 598, 'left': 77.28, 'top': 112.15088732421873, 'right': 347.82247999999987, 'bottom': 103.21748268333471, 'coord_origin': 'BOTTOMLEFT'}",text_heuristic
a89fee73-3daa-521e-b740-055d8663bb0a,c11b9579-45d1-58de-af90-2c8b6bc73152,599,3f7fbf63-45a6-5168-80db-b7d359dcd054,Informações do Monitoramento,Meta prevista para 2024,meta_prevista_para_2024,2.0,2,,"{'page_number': 599, 'left': 92.304, 'top': 378.3608873242187, 'right': 216.75776, 'bottom': 369.42748268333474, 'coord_origin': 'BOTTOMLEFT'}",text_heuristic
013bea9b-3050-5f04-a18c-4c3d2d935c82,c11b9579-45d1-58de-af90-2c8b6bc73152,599,3f7fbf63-45a6-5168-80db-b7d359dcd054,Informações do Monitoramento,Meta prevista para 2025,meta_prevista_para_2025,2.0,2,,"{'page_number': 599, 'left': 92.304, 'top': 366.9608873242187, 'right': 216.75776, 'bottom': 358.0274826833347, 'coord_origin': 'BOTTOMLEFT'}",text_heuristic
cd42f98d-c4d1-560d-bb3d-2b3f71629815,c11b9579-45d1-58de-af90-2c8b6bc73152,599,3f7fbf63-45a6-5168-80db-b7d359dcd054,Informações do Monitoramento,Meta prevista para 2026,meta_prevista_para_2026,2.0,2,,"{'page_number': 599, 'left': 92.304, 'top': 355.4408873242187, 'right': 216.75776, 'bottom': 346.50748268333473, 'coord_origin': 'BOTTOMLEFT'}",text_heuristic
d0ad424f-2046-5bf3-a7a1-4468dee89d64,c11b9579-45d1-58de-af90-2c8b6bc73152,599,3f7fbf63-45a6-5168-80db-b7d359dcd054,Informações do Monitoramento,Meta prevista para 2027,meta_prevista_para_2027,2.0,2,,"{'page_number': 599, 'left': 92.304, 'top': 343.9208873242187, 'right': 216.75776, 'bottom': 334.98748268333475, 'coord_origin': 'BOTTOMLEFT'}",text_heuristic
382c297d-63d5-570e-b9d6-5f5a7619825d,c11b9579-45d1-58de-af90-2c8b6bc73152,599,3f7fbf63-45a6-5168-80db-b7d359dcd054,Informações do Monitoramento,Quantidade alcançada,quantidade_alcancada,2.0,2,,"{'page_number': 599, 'left': 92.304, 'top': 279.5808873242187, 'right': 210.03776, 'bottom': 270.6474826833347, 'coord_origin': 'BOTTOMLEFT'}",text_heuristic
be566e57-139d-5272-b1b5-cf910b64aa32,c11b9579-45d1-58de-af90-2c8b6bc73152,599,3f7fbf63-45a6-5168-80db-b7d359dcd054,Informações do Monitoramento,Indicador: - Quantidade de intercâmbios realizados,indicador_quantidade_de_intercambios_realizados,11604.0,11604,,"{'page_number': 599, 'left': 96.024, 'top': 134.1560073242187, 'right': 424.79600000000033, 'bottom': 123.39286920267176, 'coord_origin': 'BOTTOMLEFT'}",text_heuristic
d76fbb6e-6e28-57b6-9891-f048e0e104cf,c11b9579-45d1-58de-af90-2c8b6bc73152,599,3f7fbf63-45a6-5168-80db-b7d359dcd054,Informações do Monitoramento,Meta: LB - Realizar intercâmbios,meta_lb_realizar_intercambios,6.0,06,,"{'page_number': 599, 'left': 96.024, 'top': 115.9160073242187, 'right': 294.74000000000007, 'bottom': 105.15286920267175, 'coord_origin': 'BOTTOMLEFT'}",text_heuristic
af0ab6ba-a6fe-548b-870e-fd221c1e18bd,c11b9579-45d1-58de-af90-2c8b6bc73152,599,3f7fbf63-45a6-5168-80db-b7d359dcd054,Informações do Monitoramento,Meta prevista para 2024,meta_prevista_para_2024,4.0,4,,"{'page_number': 599, 'left': 99.744, 'top': 65.59488732421869, 'right': 224.19776, 'bottom': 56.661482683334725, 'coord_origin': 'BOTTOMLEFT'}",text_heuristic
692ba1e0-fe92-5119-a84c-4f92bdc2c463,c11b9579-45d1-58de-af90-2c8b6bc73152,600,16876faf-fef0-5493-be1b-87b0ccfcca01,Informações do Monitoramento,Meta prevista para 2025,meta_prevista_para_2025,4.0,4,,"{'page_number': 600, 'left': 99.744, 'top': 548.2108873242188, 'right': 224.19776, 'bottom': 539.2774826833347, 'coord_origin': 'BOTTOMLEFT'}",text_heuristic
9be674b6-1e4e-50fc-b7c1-525c947f4325,c11b9579-45d1-58de-af90-2c8b6bc73152,600,16876faf-fef0-5493-be1b-87b0ccfcca01,Informações do Monitoramento,Meta prevista para 2026,meta_prevista_para_2026,4.0,4,,"{'page_number': 600, 'left': 99.744, 'top': 536.6708873242187, 'right': 224.19776, 'bottom': 527.7374826833346, 'coord_origin': 'BOTTOMLEFT'}",text_heuristic
fab54540-2bfe-5ab0-9710-98f117ebb759,c11b9579-45d1-58de-af90-2c8b6bc73152,600,16876faf-fef0-5493-be1b-87b0ccfcca01,Informações do Monitoramento,Meta prevista para 2027,meta_prevista_para_2027,4.0,4,,"{'page_number': 600, 'left': 99.744, 'top': 525.1508873242187, 'right': 224.19776, 'bottom': 516.2174826833347, 'coord_origin': 'BOTTOMLEFT'}",text_heuristic
351d67ac-5015-52b4-876e-962953282529,c11b9579-45d1-58de-af90-2c8b6bc73152,600,16876faf-fef0-5493-be1b-87b0ccfcca01,Informações do Monitoramento,Quantidade alcançada,quantidade_alcancada,4.0,4,,"{'page_number': 600, 'left': 99.744, 'top': 460.9508873242187, 'right': 217.47776, 'bottom': 452.0174826833347, 'coord_origin': 'BOTTOMLEFT'}",text_heuristic
9e7b12db-7689-5722-a4a1-7515f6bcf5d8,c11b9579-45d1-58de-af90-2c8b6bc73152,600,90dcca0e-1183-5bcc-80a3-880395b17b90,"PROGRAMA: 5837 - PROMOÇÃO DA CIDADANIA, DEFESA DE DIREITOS HUMANOS E REPARAÇÃO DE VIOLAÇÕES",Órgão Responsável: - Ministério dos Direitos Humanos e da Cidadania,orgao_responsavel_ministerio_dos_direitos_humanos_e_da_cidadania,81000.0,81000,,"{'page_number': 600, 'left': 77.28, 'top': 194.14088732421868, 'right': 427.7614399999999, 'bottom': 185.20748268333472, 'coord_origin': 'BOTTOMLEFT'}",text_heuristic
60c4b3a9-8c84-5016-92b6-3c3a5c243cf0,c11b9579-45d1-58de-af90-2c8b6bc73152,601,9d736796-a17b-5649-aa53-d5a656501d94,Informações do Monitoramento,Notas do usuário: Alteração efetuada conforme email MDHC de 27/03/,notas_do_usuario_alteracao_efetuada_conforme_email_mdhc_de_27_03,2025.0,2025.,,"{'page_number': 601, 'left': 77.28, 'top': 410.1608873242187, 'right': 422.27683999999965, 'bottom': 401.22748268333476, 'coord_origin': 'BOTTOMLEFT'}",text_heuristic
3ebeaee4-0b35-5b81-b10c-61d1bfa26c21,c11b9579-45d1-58de-af90-2c8b6bc73152,601,9d736796-a17b-5649-aa53-d5a656501d94,Informações do Monitoramento,Meta prevista para,meta_prevista_para,2024.0,2024,,"{'page_number': 601, 'left': 92.304, 'top': 266.1408873242187, 'right': 211.0172399999999, 'bottom': 257.2074826833347, 'coord_origin': 'BOTTOMLEFT'}",text_heuristic
9ad1f967-7209-52b6-9700-d292e3b63a86,c11b9579-45d1-58de-af90-2c8b6bc73152,601,9d736796-a17b-5649-aa53-d5a656501d94,Informações do Monitoramento,Meta prevista para,meta_prevista_para,2025.0,2025,,"{'page_number': 601, 'left': 92.304, 'top': 254.6208873242187, 'right': 211.0172399999999, 'bottom': 245.68748268333474, 'coord_origin': 'BOTTOMLEFT'}",text_heuristic
537d96db-0c25-5b8e-99af-e9c5a019f000,c11b9579-45d1-58de-af90-2c8b6bc73152,601,9d736796-a17b-5649-aa53-d5a656501d94,Informações do Monitoramento,Meta prevista para,meta_prevista_para,2026.0,2026,,"{'page_number': 601, 'left': 92.304, 'top': 243.10088732421866, 'right': 211.0172399999999, 'bottom': 234.1674826833347, 'coord_origin': 'BOTTOMLEFT'}",text_heuristic
cb7f44b1-4496-5d20-8e08-39a57e2f6774,c11b9579-45d1-58de-af90-2c8b6bc73152,601,9d736796-a17b-5649-aa53-d5a656501d94,Informações do Monitoramento,Meta prevista para,meta_prevista_para,2027.0,2027,,"{'page_number': 601, 'left': 92.304, 'top': 231.58088732421868, 'right': 211.0172399999999, 'bottom': 222.64748268333472, 'coord_origin': 'BOTTOMLEFT'}",text_heuristic
161474e4-5062-5369-9517-f376991a60ca,c11b9579-45d1-58de-af90-2c8b6bc73152,602,918c1c4a-40c0-5064-983e-89788e3acf41,Informações do Monitoramento,Meta prevista para 2024,meta_prevista_para_2024,50.0,50,,"{'page_number': 602, 'left': 99.744, 'top': 220.66088732421872, 'right': 229.71771999999999, 'bottom': 211.72748268333476, 'coord_origin': 'BOTTOMLEFT'}",text_heuristic
16616e76-b291-567d-a12a-20a05a77d602,c11b9579-45d1-58de-af90-2c8b6bc73152,602,918c1c4a-40c0-5064-983e-89788e3acf41,Informações do Monitoramento,Meta prevista para 2025,meta_prevista_para_2025,100.0,100,,"{'page_number': 602, 'left': 99.744, 'top': 209.14088732421868, 'right': 235.23767999999998, 'bottom': 200.20748268333472, 'coord_origin': 'BOTTOMLEFT'}",text_heuristic
7bb28f4d-51da-5dab-8a09-2058f0a10079,c11b9579-45d1-58de-af90-2c8b6bc73152,602,918c1c4a-40c0-5064-983e-89788e3acf41,Informações do Monitoramento,Meta prevista para 2026,meta_prevista_para_2026,150.0,150,,"{'page_number': 602, 'left': 99.744, 'top': 197.6208873242187, 'right': 235.23767999999998, 'bottom': 188.68748268333474, 'coord_origin': 'BOTTOMLEFT'}",text_heuristic
66636ece-50a1-5173-adc5-a270a316627c,c11b9579-45d1-58de-af90-2c8b6bc73152,602,918c1c4a-40c0-5064-983e-89788e3acf41,Informações do Monitoramento,Meta prevista para,meta_prevista_para,2027.0,2027,,"{'page_number': 602, 'left': 99.744, 'top': 186.10088732421866, 'right': 218.45723999999987, 'bottom': 177.1674826833347, 'coord_origin': 'BOTTOMLEFT'}",text_heuristic
232e323a-db73-50aa-9199-c645819348f1,c11b9579-45d1-58de-af90-2c8b6bc73152,603,e1a72089-efc3-5e98-a2c2-8f4ed69191ed,Medida Institucional Normativa: 0581 - Lançar o III Plano Nacional para a Erradicação do Trabalho Escravo.,Ministério dos Direitos Humanos e da Cidadania,ministerio_dos_direitos_humanos_e_da_cidadania,81000.0,81000,,"{'page_number': 603, 'left': 177.26, 'top': 137.59088732421867, 'right': 427.7614399999999, 'bottom': 128.6574826833347, 'coord_origin': 'BOTTOMLEFT'}",text_heuristic
8b44b31c-26dd-5615-83ce-9eb68d3105f5,c11b9579-45d1-58de-af90-2c8b6bc73152,605,22e1f503-f670-5faa-a30c-b3c493f9f37b,Informações do Monitoramento,Órgão Responsável: - Ministério do Meio Ambiente e Mudança do Clima,orgao_responsavel_ministerio_do_meio_ambiente_e_mudanca_do_clima,44000.0,44000,,"{'page_number': 605, 'left': 77.28, 'top': 531.7508873242188, 'right': 434.4943999999999, 'bottom': 522.8174826833347, 'coord_origin': 'BOTTOMLEFT'}",text_heuristic
a2fa6f41-33b7-5895-83ed-f73d4168d627,c11b9579-45d1-58de-af90-2c8b6bc73152,605,22e1f503-f670-5faa-a30c-b3c493f9f37b,Informações do Monitoramento,Ministério dos Direitos Humanos e da Cidadania,ministerio_dos_direitos_humanos_e_da_cidadania,81000.0,81000,,"{'page_number': 605, 'left': 177.26, 'top': 295.5608873242187, 'right': 427.7614399999999, 'bottom': 286.62748268333473, 'coord_origin': 'BOTTOMLEFT'}",text_heuristic
dc393b10-c02b-5d77-aa70-671001975128,c11b9579-45d1-58de-af90-2c8b6bc73152,606,a5bf0f11-077c-5435-b447-4268f5ee2702,Medida Institucional Normativa: 07F4 - Institucionalizar a política para Direitos Humanos e Empresas.,Ministério dos Direitos Humanos e da Cidadania,ministerio_dos_direitos_humanos_e_da_cidadania,81000.0,81000,,"{'page_number': 606, 'left': 177.26, 'top': 438.5108873242187, 'right': 427.84999999999985, 'bottom': 429.5774826833347, 'coord_origin': 'BOTTOMLEFT'}",text_heuristic
fe3056e2-20c3-5c05-88f8-3e1302c50ba3,c11b9579-45d1-58de-af90-2c8b6bc73152,606,a5bf0f11-077c-5435-b447-4268f5ee2702,Medida Institucional Normativa: 07F4 - Institucionalizar a política para Direitos Humanos e Empresas.,Notas do usuário: Alteração efetuada conforme email MDHC de 27/03/,notas_do_usuario_alteracao_efetuada_conforme_email_mdhc_de_27_03,2025.0,2025.,,"{'page_number': 606, 'left': 77.28, 'top': 224.6208873242187, 'right': 422.27683999999965, 'bottom': 215.68748268333474, 'coord_origin': 'BOTTOMLEFT'}",text_heuristic
fb925e87-fccd-5aa0-a8a5-274ba01bb101,c11b9579-45d1-58de-af90-2c8b6bc73152,606,a5bf0f11-077c-5435-b447-4268f5ee2702,Medida Institucional Normativa: 07F4 - Institucionalizar a política para Direitos Humanos e Empresas.,Ministério dos Direitos Humanos e da Cidadania,ministerio_dos_direitos_humanos_e_da_cidadania,81000.0,81000,,"{'page_number': 606, 'left': 177.26, 'top': 112.63088732421869, 'right': 427.7614399999999, 'bottom': 103.69748268333473, 'coord_origin': 'BOTTOMLEFT'}",text_heuristic
365c25e1-32c2-561f-a428-fd4591ae124f,c11b9579-45d1-58de-af90-2c8b6bc73152,607,ddef9d62-a015-5a1c-882d-d6e130171751,Medida Institucional Normativa: 0913 - Implementar Monitoramento de Denúncias Registradas na Ouvidoria Nacional de Direitos Humanos/Disque 100,Ministério dos Direitos Humanos e da Cidadania,ministerio_dos_direitos_humanos_e_da_cidadania,81000.0,81000,,"{'page_number': 607, 'left': 177.26, 'top': 74.7148873242187, 'right': 427.7614399999999, 'bottom': 65.78148268333473, 'coord_origin': 'BOTTOMLEFT'}",text_heuristic
ce46d749-01d7-5e45-a86f-06fa9518351e,c11b9579-45d1-58de-af90-2c8b6bc73152,608,27c1d529-6938-5da3-83eb-4692a8798124,Informações do Monitoramento,Órgão Responsável: - Ministério dos Direitos Humanos e da Cidadania,orgao_responsavel_ministerio_dos_direitos_humanos_e_da_cidadania,81000.0,81000,,"{'page_number': 608, 'left': 77.28, 'top': 330.84088732421867, 'right': 427.7614399999999, 'bottom': 321.9074826833347, 'coord_origin': 'BOTTOMLEFT'}",text_heuristic
ea902711-738f-588b-9451-f5ab2a8166ae,c11b9579-45d1-58de-af90-2c8b6bc73152,610,53a1202d-4c08-522f-9e51-8fa658640aa1,Medida Institucional Normativa: 05B1 - Institucionalizar instância de participação social para educação e cultura em direitos humanos.,Ministério dos Direitos Humanos e da Cidadania,ministerio_dos_direitos_humanos_e_da_cidadania,81000.0,81000,,"{'page_number': 610, 'left': 177.26, 'top': 240.70088732421868, 'right': 427.7614399999999, 'bottom': 231.76748268333472, 'coord_origin': 'BOTTOMLEFT'}",text_heuristic
7feeb585-773c-539f-a5fc-b94888a49323,c11b9579-45d1-58de-af90-2c8b6bc73152,612,82f04280-3d09-5988-9d52-063420c3ea64,Medida Institucional Normativa: 05B0 - Rever o Plano Nacional de Educação em Direitos Humanos.,Ministério dos Direitos Humanos e da Cidadania,ministerio_dos_direitos_humanos_e_da_cidadania,81000.0,81000,,"{'page_number': 612, 'left': 177.26, 'top': 466.59088732421867, 'right': 427.7614399999999, 'bottom': 457.6574826833347, 'coord_origin': 'BOTTOMLEFT'}",text_heuristic
da42090e-3157-5cb6-92c4-f5853ca90579,c11b9579-45d1-58de-af90-2c8b6bc73152,612,82f04280-3d09-5988-9d52-063420c3ea64,Medida Institucional Normativa: 05B0 - Rever o Plano Nacional de Educação em Direitos Humanos.,Órgão Responsável: - Ministério dos Direitos Humanos e da Cidadania,orgao_responsavel_ministerio_dos_direitos_humanos_e_da_cidadania,81000.0,81000,,"{'page_number': 612, 'left': 77.28, 'top': 138.3108873242187, 'right': 427.7614399999999, 'bottom': 129.37748268333473, 'coord_origin': 'BOTTOMLEFT'}",text_heuristic
11ae75ed-ceab-5a45-ade6-7baa9dc163e4,c11b9579-45d1-58de-af90-2c8b6bc73152,613,f99713c3-622e-5296-8bef-6ce5da690e6e,Informações do Monitoramento,Ministério dos Direitos Humanos e da Cidadania,ministerio_dos_direitos_humanos_e_da_cidadania,81000.0,81000,,"{'page_number': 613, 'left': 177.26, 'top': 281.7408873242187, 'right': 427.7614399999999, 'bottom': 272.80748268333474, 'coord_origin': 'BOTTOMLEFT'}",text_heuristic
4923ccf0-8701-58fe-beb0-fc8364f047bb,c11b9579-45d1-58de-af90-2c8b6bc73152,614,90e0fd76-4627-5a23-9b97-5d40442cb501,Medida Institucional Normativa: 0582 - Estruturar a Política Nacional de Atenção às Vítimas,Ministério dos Direitos Humanos e da Cidadania,ministerio_dos_direitos_humanos_e_da_cidadania,81000.0,81000,,"{'page_number': 614, 'left': 177.26, 'top': 410.8808873242187, 'right': 427.7614399999999, 'bottom': 401.9474826833347, 'coord_origin': 'BOTTOMLEFT'}",text_heuristic
b6584569-f9ff-5745-a4e5-6ec2510f62ab,c11b9579-45d1-58de-af90-2c8b6bc73152,614,90e0fd76-4627-5a23-9b97-5d40442cb501,Medida Institucional Normativa: 0582 - Estruturar a Política Nacional de Atenção às Vítimas,Órgão Responsável: - Ministério dos Direitos Humanos e da Cidadania,orgao_responsavel_ministerio_dos_direitos_humanos_e_da_cidadania,81000.0,81000,,"{'page_number': 614, 'left': 77.28, 'top': 110.35088732421866, 'right': 427.7614399999999, 'bottom': 101.4174826833347, 'coord_origin': 'BOTTOMLEFT'}",text_heuristic
0e736b1a-3762-5679-ac76-71c0d95b4e39,c11b9579-45d1-58de-af90-2c8b6bc73152,616,46fe773e-f8cb-5342-a8de-a292fb94c297,Medida Institucional Normativa: 0593 - Criar protocolo de monitoramento sobre as denúncias recebidas no Disque 100Direitos Humanos.,Ministério dos Direitos Humanos e da Cidadania,ministerio_dos_direitos_humanos_e_da_cidadania,81000.0,81000,,"{'page_number': 616, 'left': 177.26, 'top': 321.2408873242187, 'right': 427.7614399999999, 'bottom': 312.30748268333474, 'coord_origin': 'BOTTOMLEFT'}",text_heuristic
36c10091-929a-5186-b6b2-aa30eb186611,c11b9579-45d1-58de-af90-2c8b6bc73152,616,46fe773e-f8cb-5342-a8de-a292fb94c297,Medida Institucional Normativa: 0593 - Criar protocolo de monitoramento sobre as denúncias recebidas no Disque 100Direitos Humanos.,Ministério dos Direitos Humanos e da Cidadania,ministerio_dos_direitos_humanos_e_da_cidadania,81000.0,81000,,"{'page_number': 616, 'left': 177.26, 'top': 75.79488732421873, 'right': 427.7614399999999, 'bottom': 66.86148268333477, 'coord_origin': 'BOTTOMLEFT'}",text_heuristic
c0395dc4-efe8-5429-852c-ada802234f28,c11b9579-45d1-58de-af90-2c8b6bc73152,617,dce4036f-99ec-577c-bb98-e48787cc9e7b,"Medida Institucional Normativa: 0587 - Implementar comitê nacional, com participação social, para abordar a promoção da liberdade religiosa.",Órgão Responsável: - Ministério dos Direitos Humanos e da Cidadania,orgao_responsavel_ministerio_dos_direitos_humanos_e_da_cidadania,81000.0,81000,,"{'page_number': 617, 'left': 77.28, 'top': 227.3808873242187, 'right': 427.7614399999999, 'bottom': 218.44748268333473, 'coord_origin': 'BOTTOMLEFT'}",text_heuristic
865c80f2-dc75-5e90-99d3-71d990b36c15,c11b9579-45d1-58de-af90-2c8b6bc73152,618,4b4d353a-ad96-512d-ac85-91a9ab0e5a60,Informações do Monitoramento,Ministério dos Direitos Humanos e da Cidadania,ministerio_dos_direitos_humanos_e_da_cidadania,81000.0,81000,,"{'page_number': 618, 'left': 177.26, 'top': 483.6308873242187, 'right': 427.93891999999994, 'bottom': 474.6974826833347, 'coord_origin': 'BOTTOMLEFT'}",text_heuristic
231c0f35-a5ce-520e-baf4-85618432a130,c11b9579-45d1-58de-af90-2c8b6bc73152,618,4b4d353a-ad96-512d-ac85-91a9ab0e5a60,Informações do Monitoramento,Ministério dos Direitos Humanos e da Cidadania,ministerio_dos_direitos_humanos_e_da_cidadania,81000.0,81000,,"{'page_number': 618, 'left': 177.26, 'top': 88.75488732421871, 'right': 427.7614399999999, 'bottom': 79.8214826833347, 'coord_origin': 'BOTTOMLEFT'}",text_heuristic
7c576997-8219-5532-bac2-b17687791025,c11b9579-45d1-58de-af90-2c8b6bc73152,619,cb4876f4-b62c-5d8c-93e4-38f6e2b5e0a0,AGENDA: IGUALDADE RACIAL: TITULAÇÃO DE TERRITÓRIOS QUILOMBOLAS,PPA 2024 Espelho do Monitoramento,ppa_2024_espelho_do_monitoramento,-2027.0,-2027,,"{'page_number': 619, 'left': 523.39, 'top': 253.4871273242187, 'right': 665.2098400000006, 'bottom': 230.02504025239546, 'coord_origin': 'BOTTOMLEFT'}",text_heuristic
eb402f91-b3e7-5696-9e07-014209c1f718,c11b9579-45d1-58de-af90-2c8b6bc73152,620,4041b4e0-0a9c-5e1b-9f88-2190009593d6,Informações do Monitoramento,Indicador: - Área titulada para comunidades quilombolas,indicador_area_titulada_para_comunidades_quilombolas,10144.0,10144,,"{'page_number': 620, 'left': 88.56, 'top': 408.0460073242187, 'right': 449.8640000000003, 'bottom': 397.28286920267175, 'coord_origin': 'BOTTOMLEFT'}",text_heuristic
30f49f67-a34f-59f8-a13c-7157e3f341ae,c11b9579-45d1-58de-af90-2c8b6bc73152,620,4041b4e0-0a9c-5e1b-9f88-2190009593d6,Informações do Monitoramento,Meta: 05E - Titular Territórios de Comunidades Quilombolas (hectares),meta_05e_titular_territorios_de_comunidades_quilombolas_hectares,7.0,7,,"{'page_number': 620, 'left': 88.56, 'top': 389.6860073242187, 'right': 498.74000000000035, 'bottom': 378.92286920267173, 'coord_origin': 'BOTTOMLEFT'}",text_heuristic
87bb495e-6097-50b0-9aba-642165b71e74,c11b9579-45d1-58de-af90-2c8b6bc73152,620,40bf6a54-5a42-5720-9fca-350889c7aee0,Informações do Monitoramento,Meta prevista para,meta_prevista_para,2024.0,2024,,"{'page_number': 620, 'left': 92.304, 'top': 339.3608873242187, 'right': 211.0172399999999, 'bottom': 330.42748268333474, 'coord_origin': 'BOTTOMLEFT'}",text_heuristic
7acfd6d6-1738-5086-8d6b-e53f9f6d3687,c11b9579-45d1-58de-af90-2c8b6bc73152,620,4041b4e0-0a9c-5e1b-9f88-2190009593d6,Informações do Monitoramento,Meta prevista para 2025,meta_prevista_para_2025,16000.0,16.000,,"{'page_number': 620, 'left': 92.304, 'top': 327.84088732421867, 'right': 241.71751999999995, 'bottom': 318.9074826833347, 'coord_origin': 'BOTTOMLEFT'}",text_heuristic
fee91ef8-5e30-5a73-82eb-944e618ca302,c11b9579-45d1-58de-af90-2c8b6bc73152,620,40bf6a54-5a42-5720-9fca-350889c7aee0,Informações do Monitoramento,Meta prevista para,meta_prevista_para,2026.0,2026,,"{'page_number': 620, 'left': 92.304, 'top': 316.3208873242187, 'right': 211.0172399999999, 'bottom': 307.3874826833347, 'coord_origin': 'BOTTOMLEFT'}",text_heuristic
460c5acc-9668-56f8-9204-162c16663438,c11b9579-45d1-58de-af90-2c8b6bc73152,620,40bf6a54-5a42-5720-9fca-350889c7aee0,Informações do Monitoramento,Meta prevista para,meta_prevista_para,2027.0,2027,,"{'page_number': 620, 'left': 92.304, 'top': 304.8008873242187, 'right': 211.0172399999999, 'bottom': 295.86748268333474, 'coord_origin': 'BOTTOMLEFT'}",text_heuristic
868fce55-1780-52cd-b66c-867b2973f986,c11b9579-45d1-58de-af90-2c8b6bc73152,621,1b1c5e39-b50b-5e1e-aae1-d2feb0becbde,Entrega: 1168 - Territórios quilombolas identificados e delimitados,Entrega: - Territórios quilombolas identificados e delimitados,entrega_territorios_quilombolas_identificados_e_delimitados,1168.0,1168,,"{'page_number': 621, 'left': 88.56, 'top': 380.44600732421867, 'right': 469.1720000000003, 'bottom': 369.6828692026717, 'coord_origin': 'BOTTOMLEFT'}",text_heuristic
3d2194bc-f4ac-5505-9467-a26eecec3cfc,c11b9579-45d1-58de-af90-2c8b6bc73152,621,1b1c5e39-b50b-5e1e-aae1-d2feb0becbde,Entrega: 1168 - Territórios quilombolas identificados e delimitados,Meta: EO - Realizar a identificação e delimitação dos territórios quilombolas,meta_eo_realizar_a_identificacao_e_delimitacao_dos_territorios_quilombolas,5.0,05,,"{'page_number': 621, 'left': 96.024, 'top': 313.0060073242187, 'right': 542.8460000000001, 'bottom': 302.2428692026717, 'coord_origin': 'BOTTOMLEFT'}",text_heuristic
7bfb89f5-93c2-5aad-b3ba-817b98ddeb5f,c11b9579-45d1-58de-af90-2c8b6bc73152,621,1b1c5e39-b50b-5e1e-aae1-d2feb0becbde,Entrega: 1168 - Territórios quilombolas identificados e delimitados,Meta prevista para 2024,meta_prevista_para_2024,10.0,10,,"{'page_number': 621, 'left': 99.744, 'top': 262.6608873242187, 'right': 229.71771999999999, 'bottom': 253.72748268333476, 'coord_origin': 'BOTTOMLEFT'}",text_heuristic
c037d1ae-7f8f-5672-935a-8b83f4e1d949,c11b9579-45d1-58de-af90-2c8b6bc73152,621,1b1c5e39-b50b-5e1e-aae1-d2feb0becbde,Entrega: 1168 - Territórios quilombolas identificados e delimitados,Meta prevista para 2025,meta_prevista_para_2025,40.0,40,,"{'page_number': 621, 'left': 99.744, 'top': 251.14088732421868, 'right': 229.71771999999999, 'bottom': 242.20748268333472, 'coord_origin': 'BOTTOMLEFT'}",text_heuristic
1379e8c1-1c1b-5468-9693-9cbab5816d3a,c11b9579-45d1-58de-af90-2c8b6bc73152,621,1b1c5e39-b50b-5e1e-aae1-d2feb0becbde,Entrega: 1168 - Territórios quilombolas identificados e delimitados,Meta prevista para 2026,meta_prevista_para_2026,70.0,70,,"{'page_number': 621, 'left': 99.744, 'top': 239.6208873242187, 'right': 229.71771999999999, 'bottom': 230.68748268333474, 'coord_origin': 'BOTTOMLEFT'}",text_heuristic
93615cb2-90cc-5089-9207-22197cce6ccf,c11b9579-45d1-58de-af90-2c8b6bc73152,621,1b1c5e39-b50b-5e1e-aae1-d2feb0becbde,Entrega: 1168 - Territórios quilombolas identificados e delimitados,Meta prevista para,meta_prevista_para,2027.0,2027,,"{'page_number': 621, 'left': 99.744, 'top': 228.10088732421866, 'right': 218.45723999999987, 'bottom': 219.1674826833347, 'coord_origin': 'BOTTOMLEFT'}",text_heuristic
272383cc-3efa-5caf-a306-1155c4418ccf,c11b9579-45d1-58de-af90-2c8b6bc73152,622,ef5a5d67-67b6-5eca-8389-12cebf6f69b7,Entrega: 1171 - Territórios quilombolas reconhecidos para regularização fundiária,Meta prevista para 2024,meta_prevista_para_2024,40.0,40,,"{'page_number': 622, 'left': 99.744, 'top': 151.15088732421873, 'right': 229.71771999999999, 'bottom': 142.21748268333477, 'coord_origin': 'BOTTOMLEFT'}",text_heuristic
b78efee8-b5e2-5737-8c89-47563a05e9b9,c11b9579-45d1-58de-af90-2c8b6bc73152,622,ef5a5d67-67b6-5eca-8389-12cebf6f69b7,Entrega: 1171 - Territórios quilombolas reconhecidos para regularização fundiária,Meta prevista para 2025,meta_prevista_para_2025,50.0,50,,"{'page_number': 622, 'left': 99.744, 'top': 139.6308873242187, 'right': 229.71771999999999, 'bottom': 130.69748268333473, 'coord_origin': 'BOTTOMLEFT'}",text_heuristic
914f8553-0336-5b2e-b377-5416c2438a61,c11b9579-45d1-58de-af90-2c8b6bc73152,622,ef5a5d67-67b6-5eca-8389-12cebf6f69b7,Entrega: 1171 - Territórios quilombolas reconhecidos para regularização fundiária,Meta prevista para 2026,meta_prevista_para_2026,50.0,50,,"{'page_number': 622, 'left': 99.744, 'top': 128.1108873242187, 'right': 229.71771999999999, 'bottom': 119.17748268333469, 'coord_origin': 'BOTTOMLEFT'}",text_heuristic
15668054-aae8-5207-92e6-6255fa6c47eb,c11b9579-45d1-58de-af90-2c8b6bc73152,622,ef5a5d67-67b6-5eca-8389-12cebf6f69b7,Entrega: 1171 - Territórios quilombolas reconhecidos para regularização fundiária,Meta prevista para 2027,meta_prevista_para_2027,60.0,60,,"{'page_number': 622, 'left': 99.744, 'top': 116.59088732421867, 'right': 229.71771999999999, 'bottom': 107.6574826833347, 'coord_origin': 'BOTTOMLEFT'}",text_heuristic
0b9af2c0-0b33-5845-9eec-3e544361cc91,c11b9579-45d1-58de-af90-2c8b6bc73152,624,9eb0bb75-8bed-5a80-b982-5c63500fe630,Informações do Monitoramento,Meta prevista para 2024,meta_prevista_para_2024,40.0,40,,"{'page_number': 624, 'left': 99.744, 'top': 515.6708873242187, 'right': 229.71771999999999, 'bottom': 506.73748268333475, 'coord_origin': 'BOTTOMLEFT'}",text_heuristic
f1f4e1a9-f58d-5a83-910a-a3404ad8b490,c11b9579-45d1-58de-af90-2c8b6bc73152,624,9eb0bb75-8bed-5a80-b982-5c63500fe630,Informações do Monitoramento,Meta prevista para 2025,meta_prevista_para_2025,50.0,50,,"{'page_number': 624, 'left': 99.744, 'top': 504.2708873242187, 'right': 229.71771999999999, 'bottom': 495.3374826833347, 'coord_origin': 'BOTTOMLEFT'}",text_heuristic
46e861c6-4f8b-5303-8be0-308cd4ab7d76,c11b9579-45d1-58de-af90-2c8b6bc73152,624,9eb0bb75-8bed-5a80-b982-5c63500fe630,Informações do Monitoramento,Meta prevista para 2026,meta_prevista_para_2026,50.0,50,,"{'page_number': 624, 'left': 99.744, 'top': 492.7508873242187, 'right': 229.71771999999999, 'bottom': 483.81748268333473, 'coord_origin': 'BOTTOMLEFT'}",text_heuristic
16807bc7-3430-50f3-af51-18110c3c0fa6,c11b9579-45d1-58de-af90-2c8b6bc73152,624,9eb0bb75-8bed-5a80-b982-5c63500fe630,Informações do Monitoramento,Meta prevista para,meta_prevista_para,2027.0,2027,,"{'page_number': 624, 'left': 99.744, 'top': 481.2308873242187, 'right': 218.45723999999987, 'bottom': 472.29748268333475, 'coord_origin': 'BOTTOMLEFT'}",text_heuristic
0657fe6d-4451-5640-ba38-d1bc34ffc245,c11b9579-45d1-58de-af90-2c8b6bc73152,625,aa288005-4551-50a1-8a16-92602a023f1b,Entrega: 1179 - Áreas tituladas para comunidades quilombolas,Entrega: - Áreas tituladas para comunidades quilombolas,entrega_areas_tituladas_para_comunidades_quilombolas,1179.0,1179,,"{'page_number': 625, 'left': 88.56, 'top': 516.9160073242188, 'right': 447.4400000000003, 'bottom': 506.15286920267175, 'coord_origin': 'BOTTOMLEFT'}",text_heuristic
55c6e010-b878-5ebb-a58a-76be3b7ff72f,c11b9579-45d1-58de-af90-2c8b6bc73152,625,aa288005-4551-50a1-8a16-92602a023f1b,Entrega: 1179 - Áreas tituladas para comunidades quilombolas,Indicador: - Número de hectares titulados,indicador_numero_de_hectares_titulados,10208.0,10208,,"{'page_number': 625, 'left': 96.024, 'top': 467.7160073242187, 'right': 370.1360000000002, 'bottom': 456.95286920267176, 'coord_origin': 'BOTTOMLEFT'}",text_heuristic
91bb284e-807b-51c1-8afa-b0c44afbbfb3,c11b9579-45d1-58de-af90-2c8b6bc73152,625,aa288005-4551-50a1-8a16-92602a023f1b,Entrega: 1179 - Áreas tituladas para comunidades quilombolas,Meta: EY - Realizar a titulação das áreas das comunidades quilombolas,meta_ey_realizar_a_titulacao_das_areas_das_comunidades_quilombolas,5.0,05,,"{'page_number': 625, 'left': 96.024, 'top': 449.3560073242187, 'right': 516.9580000000001, 'bottom': 438.59286920267175, 'coord_origin': 'BOTTOMLEFT'}",text_heuristic
db376b68-e229-5514-8984-fff184ddbcfa,c11b9579-45d1-58de-af90-2c8b6bc73152,625,aa288005-4551-50a1-8a16-92602a023f1b,Entrega: 1179 - Áreas tituladas para comunidades quilombolas,Meta prevista para 2024,meta_prevista_para_2024,12000.0,12.000,,"{'page_number': 625, 'left': 99.744, 'top': 399.0008873242187, 'right': 249.15751999999995, 'bottom': 390.06748268333473, 'coord_origin': 'BOTTOMLEFT'}",text_heuristic
cec58920-5f9e-5542-8192-9e10339ff2a6,c11b9579-45d1-58de-af90-2c8b6bc73152,625,aa288005-4551-50a1-8a16-92602a023f1b,Entrega: 1179 - Áreas tituladas para comunidades quilombolas,Meta prevista para 2025,meta_prevista_para_2025,16000.0,16.000,,"{'page_number': 625, 'left': 99.744, 'top': 387.4808873242187, 'right': 249.15751999999995, 'bottom': 378.54748268333475, 'coord_origin': 'BOTTOMLEFT'}",text_heuristic
f836b642-b0b8-515f-8809-81e92a05abf6,c11b9579-45d1-58de-af90-2c8b6bc73152,625,aa288005-4551-50a1-8a16-92602a023f1b,Entrega: 1179 - Áreas tituladas para comunidades quilombolas,Meta prevista para 2026,meta_prevista_para_2026,30000.0,30.000,,"{'page_number': 625, 'left': 99.744, 'top': 376.0808873242187, 'right': 249.15751999999995, 'bottom': 367.1474826833347, 'coord_origin': 'BOTTOMLEFT'}",text_heuristic
9e0eb413-84b7-5367-bc3f-7ef451043ad0,c11b9579-45d1-58de-af90-2c8b6bc73152,625,aa288005-4551-50a1-8a16-92602a023f1b,Entrega: 1179 - Áreas tituladas para comunidades quilombolas,Meta prevista para,meta_prevista_para,2027.0,2027,,"{'page_number': 625, 'left': 99.744, 'top': 364.5608873242187, 'right': 218.45723999999987, 'bottom': 355.62748268333473, 'coord_origin': 'BOTTOMLEFT'}",text_heuristic
2ccb67b1-7c41-5db4-9349-9baa8ab0d55b,c11b9579-45d1-58de-af90-2c8b6bc73152,628,2f544b74-5214-548c-b3bb-42abfb67a0ac,Informações do Monitoramento,Meta prevista para,meta_prevista_para,2024.0,2024,,"{'page_number': 628, 'left': 99.744, 'top': 515.6708873242187, 'right': 218.45723999999987, 'bottom': 506.73748268333475, 'coord_origin': 'BOTTOMLEFT'}",text_heuristic
af050803-31cd-5fb8-8ae4-2fe8a02961fe,c11b9579-45d1-58de-af90-2c8b6bc73152,628,2f544b74-5214-548c-b3bb-42abfb67a0ac,Informações do Monitoramento,Meta prevista para,meta_prevista_para,2025.0,2025,,"{'page_number': 628, 'left': 99.744, 'top': 504.2708873242187, 'right': 218.45723999999987, 'bottom': 495.3374826833347, 'coord_origin': 'BOTTOMLEFT'}",text_heuristic
79903c93-456d-5c36-b404-61dca39eb022,c11b9579-45d1-58de-af90-2c8b6bc73152,628,2f544b74-5214-548c-b3bb-42abfb67a0ac,Informações do Monitoramento,Meta prevista para,meta_prevista_para,2026.0,2026,,"{'page_number': 628, 'left': 99.744, 'top': 492.7508873242187, 'right': 218.45723999999987, 'bottom': 483.81748268333473, 'coord_origin': 'BOTTOMLEFT'}",text_heuristic
939dd731-636d-5a5e-9a9c-2cceb09f86f2,c11b9579-45d1-58de-af90-2c8b6bc73152,628,2f544b74-5214-548c-b3bb-42abfb67a0ac,Informações do Monitoramento,Meta prevista para,meta_prevista_para,2027.0,2027,,"{'page_number': 628, 'left': 99.744, 'top': 481.2308873242187, 'right': 218.45723999999987, 'bottom': 472.29748268333475, 'coord_origin': 'BOTTOMLEFT'}",text_heuristic
7a6c5c95-b992-558b-a375-5207db39f351,c11b9579-45d1-58de-af90-2c8b6bc73152,629,136d8c9b-026b-561c-b1b3-20983cc2e16b,Informações do Monitoramento,Meta prevista para,meta_prevista_para,2024.0,2024,,"{'page_number': 629, 'left': 99.744, 'top': 373.5608873242187, 'right': 218.45723999999987, 'bottom': 364.62748268333473, 'coord_origin': 'BOTTOMLEFT'}",text_heuristic
978fc1fe-ef87-532d-96fc-6a4afc9165e9,c11b9579-45d1-58de-af90-2c8b6bc73152,629,136d8c9b-026b-561c-b1b3-20983cc2e16b,Informações do Monitoramento,Meta prevista para,meta_prevista_para,2025.0,2025,,"{'page_number': 629, 'left': 99.744, 'top': 362.0408873242187, 'right': 218.45723999999987, 'bottom': 353.10748268333475, 'coord_origin': 'BOTTOMLEFT'}",text_heuristic
d4b50757-7ad9-54f5-8ac7-193664eac8e1,c11b9579-45d1-58de-af90-2c8b6bc73152,629,136d8c9b-026b-561c-b1b3-20983cc2e16b,Informações do Monitoramento,Meta prevista para,meta_prevista_para,2026.0,2026,,"{'page_number': 629, 'left': 99.744, 'top': 350.5208873242187, 'right': 218.45723999999987, 'bottom': 341.5874826833347, 'coord_origin': 'BOTTOMLEFT'}",text_heuristic
6c60d590-d1c0-5d9a-af0a-c7755b913a42,c11b9579-45d1-58de-af90-2c8b6bc73152,629,136d8c9b-026b-561c-b1b3-20983cc2e16b,Informações do Monitoramento,Meta prevista para,meta_prevista_para,2027.0,2027,,"{'page_number': 629, 'left': 99.744, 'top': 339.0008873242187, 'right': 218.45723999999987, 'bottom': 330.06748268333473, 'coord_origin': 'BOTTOMLEFT'}",text_heuristic
859b2b73-bd8b-5c92-a6f2-4f4a703e57e0,c11b9579-45d1-58de-af90-2c8b6bc73152,629,136d8c9b-026b-561c-b1b3-20983cc2e16b,Informações do Monitoramento,123% da meta planejada para,123_da_meta_planejada_para,2024.0,2024.,percent,"{'page_number': 629, 'left': 99.744, 'top': 240.10088732421866, 'right': 260.7872399999998, 'bottom': 231.1674826833347, 'coord_origin': 'BOTTOMLEFT'}",text_heuristic
dd805008-b54e-5929-9cf8-0c8fcb9159a5,c11b9579-45d1-58de-af90-2c8b6bc73152,630,4ef08b8c-5a64-5f1b-bc98-8f294ade5be5,"Entrega: 1201 - Produção de quilombolas, de indígenas e de povos e comunidades tradicionais registrada com selo de origem",Indicador: - Número de selos de origem emitidos,indicador_numero_de_selos_de_origem_emitidos,10237.0,10237,,"{'page_number': 630, 'left': 96.024, 'top': 366.88600732421867, 'right': 411.4880000000003, 'bottom': 356.1228692026717, 'coord_origin': 'BOTTOMLEFT'}",text_heuristic
c40a85e8-6630-5832-96c8-a493dc779979,c11b9579-45d1-58de-af90-2c8b6bc73152,630,4ef08b8c-5a64-5f1b-bc98-8f294ade5be5,"Entrega: 1201 - Produção de quilombolas, de indígenas e de povos e comunidades tradicionais registrada com selo de origem",Meta prevista para 2024,meta_prevista_para_2024,5.0,5,,"{'page_number': 630, 'left': 99.744, 'top': 284.3808873242187, 'right': 224.19776, 'bottom': 275.4474826833347, 'coord_origin': 'BOTTOMLEFT'}",text_heuristic
60c18ef4-936a-59a9-be94-728cce90889f,c11b9579-45d1-58de-af90-2c8b6bc73152,630,4ef08b8c-5a64-5f1b-bc98-8f294ade5be5,"Entrega: 1201 - Produção de quilombolas, de indígenas e de povos e comunidades tradicionais registrada com selo de origem",Meta prevista para 2025,meta_prevista_para_2025,10.0,10,,"{'page_number': 630, 'left': 99.744, 'top': 272.8608873242187, 'right': 229.71771999999999, 'bottom': 263.92748268333474, 'coord_origin': 'BOTTOMLEFT'}",text_heuristic
831f6a91-aa98-5fbf-8645-ddd98e17f76a,c11b9579-45d1-58de-af90-2c8b6bc73152,630,4ef08b8c-5a64-5f1b-bc98-8f294ade5be5,"Entrega: 1201 - Produção de quilombolas, de indígenas e de povos e comunidades tradicionais registrada com selo de origem",Meta prevista para 2026,meta_prevista_para_2026,15.0,15,,"{'page_number': 630, 'left': 99.744, 'top': 261.46088732421873, 'right': 229.71771999999999, 'bottom': 252.5274826833347, 'coord_origin': 'BOTTOMLEFT'}",text_heuristic
c3ff3030-e8bc-52db-a02f-cde307f02fa2,c11b9579-45d1-58de-af90-2c8b6bc73152,630,4ef08b8c-5a64-5f1b-bc98-8f294ade5be5,"Entrega: 1201 - Produção de quilombolas, de indígenas e de povos e comunidades tradicionais registrada com selo de origem",Meta prevista para 2027,meta_prevista_para_2027,20.0,20,,"{'page_number': 630, 'left': 99.744, 'top': 249.9408873242187, 'right': 229.71771999999999, 'bottom': 241.00748268333473, 'coord_origin': 'BOTTOMLEFT'}",text_heuristic
9fe50014-09dc-533e-8e0e-68985d8051ce,c11b9579-45d1-58de-af90-2c8b6bc73152,630,4ef08b8c-5a64-5f1b-bc98-8f294ade5be5,"Entrega: 1201 - Produção de quilombolas, de indígenas e de povos e comunidades tradicionais registrada com selo de origem","Foram emitidos 521 selos de origem étnica, superada a meta em mais de .",foram_emitidos_521_selos_de_origem_etnica_superada_a_meta_em_mais_de,10.0,10.000%,percent,"{'page_number': 630, 'left': 288.17, 'top': 162.58088732421868, 'right': 659.2696400000004, 'bottom': 153.64748268333472, 'coord_origin': 'BOTTOMLEFT'}",text_heuristic
9e151b08-24a3-5f2c-9bb6-edbcb0c09105,c11b9579-45d1-58de-af90-2c8b6bc73152,631,7e85a57b-64c2-5ea9-a714-ba37b4a0cbb9,Objetivo Específico: 0346 - Promover o acesso democratizado à terra,Objetivo Específico: - Promover o acesso democratizado à terra,objetivo_especifico_promover_o_acesso_democratizado_a_terra,346.0,0346,,"{'page_number': 631, 'left': 73.56, 'top': 211.4660073242187, 'right': 468.28400000000033, 'bottom': 200.70286920267176, 'coord_origin': 'BOTTOMLEFT'}",text_heuristic
501277a2-2e5a-533f-8b42-e49e512367f2,c11b9579-45d1-58de-af90-2c8b6bc73152,632,f7565653-4116-5d68-ba1a-6c241d77eabd,Entrega: 1512 - Famílias beneficiadas com documentos de regularização fundiária emitidos em áreas sob domínio dos estados,Meta prevista para,meta_prevista_para,2024.0,2024,,"{'page_number': 632, 'left': 99.744, 'top': 357.2408873242187, 'right': 218.45723999999987, 'bottom': 348.30748268333474, 'coord_origin': 'BOTTOMLEFT'}",text_heuristic
e2235e8f-64ce-5a92-ab9e-dd984d201596,c11b9579-45d1-58de-af90-2c8b6bc73152,632,f7565653-4116-5d68-ba1a-6c241d77eabd,Entrega: 1512 - Famílias beneficiadas com documentos de regularização fundiária emitidos em áreas sob domínio dos estados,Meta prevista para 2025,meta_prevista_para_2025,2000.0,2.000,,"{'page_number': 632, 'left': 99.744, 'top': 345.7208873242187, 'right': 243.62971999999996, 'bottom': 336.78748268333476, 'coord_origin': 'BOTTOMLEFT'}",text_heuristic
76803511-a85d-5116-bb31-c3936037cac6,c11b9579-45d1-58de-af90-2c8b6bc73152,632,f7565653-4116-5d68-ba1a-6c241d77eabd,Entrega: 1512 - Famílias beneficiadas com documentos de regularização fundiária emitidos em áreas sob domínio dos estados,Meta prevista para 2026,meta_prevista_para_2026,2000.0,2.000,,"{'page_number': 632, 'left': 99.744, 'top': 334.2008873242187, 'right': 243.62971999999996, 'bottom': 325.2674826833347, 'coord_origin': 'BOTTOMLEFT'}",text_heuristic
eaa377d8-2aaa-5396-94b5-50f4c95913d8,c11b9579-45d1-58de-af90-2c8b6bc73152,632,f7565653-4116-5d68-ba1a-6c241d77eabd,Entrega: 1512 - Famílias beneficiadas com documentos de regularização fundiária emitidos em áreas sob domínio dos estados,Meta prevista para 2027,meta_prevista_para_2027,2000.0,2.000,,"{'page_number': 632, 'left': 99.744, 'top': 322.6808873242187, 'right': 243.62971999999996, 'bottom': 313.74748268333474, 'coord_origin': 'BOTTOMLEFT'}",text_heuristic
4af32158-58a2-5615-9b78-d2abd2025eda,c11b9579-45d1-58de-af90-2c8b6bc73152,632,755fe552-51f8-56d3-82b9-a27bed4ada2c,Informações do Monitoramento,Quantidade alcançada,quantidade_alcancada,0.0,0,,"{'page_number': 632, 'left': 99.744, 'top': 258.46088732421873, 'right': 217.47776, 'bottom': 249.5274826833347, 'coord_origin': 'BOTTOMLEFT'}",text_heuristic
856953b7-8ce2-57fa-9ccf-b71a12c41498,c11b9579-45d1-58de-af90-2c8b6bc73152,633,bb39657c-a7b7-5267-ab16-b255f453f18d,Objetivo Específico: 0347 - Aprimorar o gerenciamento da malha fundiária,Objetivo Específico: - Aprimorar o gerenciamento da malha fundiária,objetivo_especifico_aprimorar_o_gerenciamento_da_malha_fundiaria,347.0,0347,,"{'page_number': 633, 'left': 73.56, 'top': 345.4060073242187, 'right': 496.3640000000003, 'bottom': 334.64286920267176, 'coord_origin': 'BOTTOMLEFT'}",text_heuristic
c23fc292-ad6c-5ae2-9d86-4fb9a4f7476a,c11b9579-45d1-58de-af90-2c8b6bc73152,634,63c24e12-fa34-5e3d-bb63-e6a2b9964129,Informações do Monitoramento,Indicador: - Terras com destinação definida (ha),indicador_terras_com_destinacao_definida_ha,10774.0,10774,,"{'page_number': 634, 'left': 96.024, 'top': 516.9160073242188, 'right': 406.82000000000016, 'bottom': 506.15286920267175, 'coord_origin': 'BOTTOMLEFT'}",text_heuristic
f1730e17-4197-55d7-bdb2-1ee7d116d23f,c11b9579-45d1-58de-af90-2c8b6bc73152,634,63c24e12-fa34-5e3d-bb63-e6a2b9964129,Informações do Monitoramento,Meta prevista para 2024,meta_prevista_para_2024,1000000.0,1.000.000,,"{'page_number': 634, 'left': 99.744, 'top': 434.4308873242187, 'right': 263.0616799999999, 'bottom': 425.49748268333474, 'coord_origin': 'BOTTOMLEFT'}",text_heuristic
046d0863-29bc-5bff-825e-3ff76090e912,c11b9579-45d1-58de-af90-2c8b6bc73152,634,63c24e12-fa34-5e3d-bb63-e6a2b9964129,Informações do Monitoramento,Meta prevista para 2025,meta_prevista_para_2025,1200000.0,1.200.000,,"{'page_number': 634, 'left': 99.744, 'top': 422.9108873242187, 'right': 263.0616799999999, 'bottom': 413.97748268333476, 'coord_origin': 'BOTTOMLEFT'}",text_heuristic
32c80160-5305-57ec-aa37-9ba8f6dfa00e,c11b9579-45d1-58de-af90-2c8b6bc73152,634,63c24e12-fa34-5e3d-bb63-e6a2b9964129,Informações do Monitoramento,Meta prevista para,meta_prevista_para,2026.0,2026,,"{'page_number': 634, 'left': 99.744, 'top': 411.3608873242187, 'right': 218.45723999999987, 'bottom': 402.42748268333474, 'coord_origin': 'BOTTOMLEFT'}",text_heuristic
624812d6-9610-5b67-bec9-1cea32301ba9,c11b9579-45d1-58de-af90-2c8b6bc73152,634,63c24e12-fa34-5e3d-bb63-e6a2b9964129,Informações do Monitoramento,Meta prevista para,meta_prevista_para,2027.0,2027,,"{'page_number': 634, 'left': 99.744, 'top': 399.84088732421867, 'right': 218.45723999999987, 'bottom': 390.9074826833347, 'coord_origin': 'BOTTOMLEFT'}",text_heuristic
eed97dd2-8316-5c2c-8147-856c814c7fdc,c11b9579-45d1-58de-af90-2c8b6bc73152,635,a857138a-0965-5063-af53-c71202166b92,"Medida Institucional Normativa: 0618 - Revisão do decreto 10.592/2020, que trata da Câmara Técnica de Destinação e Regularização Fundiária de Terras Públicas Federais Rurais",Publicados Decretos 11.688/2023 e 12.111/,publicados_decretos_11688_2023_e_12111,2024.0,2024,,"{'page_number': 635, 'left': 371.81, 'top': 207.46088732421867, 'right': 588.4997600000005, 'bottom': 198.5274826833347, 'coord_origin': 'BOTTOMLEFT'}",text_heuristic
038a1e5f-48ea-5b86-98b5-96b108716b58,c11b9579-45d1-58de-af90-2c8b6bc73152,637,9bb33e84-717e-5b89-b519-f2e2eda6428f,Informações do Monitoramento,Medida Institucional Normativa: FB - Plano Nacional de Reforma Agrária - PNRA,medida_institucional_normativa_fb_plano_nacional_de_reforma_agraria_pnra,5.0,05,,"{'page_number': 637, 'left': 73.56, 'top': 116.63600732421872, 'right': 543.8019999999999, 'bottom': 105.87286920267172, 'coord_origin': 'BOTTOMLEFT'}",text_heuristic
67753e35-46f0-5e06-aed4-df34cdbbe1b0,c11b9579-45d1-58de-af90-2c8b6bc73152,638,0b0b7ff5-e2cb-5ea8-bdb5-ea105fc2e3cd,Medida Institucional Normativa: 0619 - Criação do Programa Nacional de Regularização Fundiária,Ministério do Desenvolvimento Agrário e Agricultura Familiar,ministerio_do_desenvolvimento_agrario_e_agricultura_familiar,49000.0,49000,,"{'page_number': 638, 'left': 177.26, 'top': 297.84088732421867, 'right': 482.21276, 'bottom': 288.9074826833347, 'coord_origin': 'BOTTOMLEFT'}",text_heuristic
