record_id,document_id,page_number,source_kind,source_id,section_id,section_title,domain,grain,attributes,measures
ed852503-34c9-5f01-b81c-85d94d87c0fc,c11b9579-45d1-58de-af90-2c8b6bc73152,14,table,fd238ff4-1af2-51ef-b445-c3dd88a29c5d,6571d322-95e0-5d9c-8656-dc5592f927f0,Regionalizações da Meta,regionalizacoes_da_meta,table_row,"{'regiao': 'No Distrito Federal', 'meta_prevista_para_2024__raw': '10', 'meta_prevista_para_2025__raw': '10', 'meta_prevista_para_2026__raw': '10', 'meta_prevista_para_2027__raw': '10', 'quantidade_alcancada': 'Valor não disponível', 'data_de_referencia__raw': '31/12/2024', 'sinalizacao_de_necessidade_de_revisao_proximo_exercicio': 'Não', 'notas_do_usuario': 'Não há valores regionalizados, pois o sistema da Enap foi alterado apenas em 2024 para considerar o estado e município de sua lotação e não de residência.'}","{'meta_prevista_para_2024': 10.0, 'meta_prevista_para_2025': 10.0, 'meta_prevista_para_2026': 10.0, 'meta_prevista_para_2027': 10.0, 'data_de_referencia': 31122024.0}"
de3f5820-b5ed-57e0-90d1-ec3d0990e460,c11b9579-45d1-58de-af90-2c8b6bc73152,14,table,fd238ff4-1af2-51ef-b445-c3dd88a29c5d,6571d322-95e0-5d9c-8656-dc5592f927f0,Regionalizações da Meta,regionalizacoes_da_meta,table_row,"{'regiao': 'No Estado da Bahia', 'meta_prevista_para_2024__raw': '10', 'meta_prevista_para_2025__raw': '10', 'meta_prevista_para_2026__raw': '10', 'meta_prevista_para_2027__raw': '10', 'quantidade_alcancada': 'Valor não disponível', 'data_de_referencia__raw': '31/12/2024', 'sinalizacao_de_necessidade_de_revisao_proximo_exercicio': 'Não', 'notas_do_usuario': 'Não há valores regionalizados, pois o sistema da Enap foi alterado apenas em 2024 para considerar o estado e município de sua lotação e não de residência.'}","{'meta_prevista_para_2024': 10.0, 'meta_prevista_para_2025': 10.0, 'meta_prevista_para_2026': 10.0, 'meta_prevista_para_2027': 10.0, 'data_de_referencia': 31122024.0}"
18783b16-25b2-5a60-add5-37233966b0a7,c11b9579-45d1-58de-af90-2c8b6bc73152,14,table,fd238ff4-1af2-51ef-b445-c3dd88a29c5d,6571d322-95e0-5d9c-8656-dc5592f927f0,Regionalizações da Meta,regionalizacoes_da_meta,table_row,"{'regiao': 'No Estado da Paraíba', 'meta_prevista_para_2024__raw': '10', 'meta_prevista_para_2025__raw': '10', 'meta_prevista_para_2026__raw': '10', 'meta_prevista_para_2027__raw': '10', 'quantidade_alcancada': 'Valor não disponível', 'data_de_referencia__raw': '31/12/2024', 'sinalizacao_de_necessidade_de_revisao_proximo_exercicio': 'Não', 'notas_do_usuario': 'Não há valores regionalizados, pois o sistema da Enap foi alterado apenas em 2024 para considerar o estado e município de sua lotação e não de residência.'}","{'meta_prevista_para_2024': 10.0, 'meta_prevista_para_2025': 10.0, 'meta_prevista_para_2026': 10.0, 'meta_prevista_para_2027': 10.0, 'data_de_referencia': 31122024.0}"
12823601-1dae-5ed3-8211-af83431c2efe,c11b9579-45d1-58de-af90-2c8b6bc73152,14,table,fd238ff4-1af2-51ef-b445-c3dd88a29c5d,6571d322-95e0-5d9c-8656-dc5592f927f0,Regionalizações da Meta,regionalizacoes_da_meta,table_row,"{'regiao': 'No Estado de Alagoas', 'meta_prevista_para_2024__raw': '10', 'meta_prevista_para_2025__raw': '10', 'meta_prevista_para_2026__raw': '10', 'meta_prevista_para_2027__raw': '10', 'quantidade_alcancada': 'Valor não disponível', 'data_de_referencia__raw': '31/12/2024', 'sinalizacao_de_necessidade_de_revisao_proximo_exercicio': 'Não', 'notas_do_usuario': 'Não há valores regionalizados, pois o sistema da Enap foi alterado apenas em 2024 para considerar o estado e município de sua lotação e não de residência.'}","{'meta_prevista_para_2024': 10.0, 'meta_prevista_para_2025': 10.0, 'meta_prevista_para_2026': 10.0, 'meta_prevista_para_2027': 10.0, 'data_de_referencia': 31122024.0}"
62adbb82-7a9e-5818-a354-ce337fd70c66,c11b9579-45d1-58de-af90-2c8b6bc73152,14,table,fd238ff4-1af2-51ef-b445-c3dd88a29c5d,6571d322-95e0-5d9c-8656-dc5592f927f0,Regionalizações da Meta,regionalizacoes_da_meta,table_row,"{'regiao': 'No Estado de Goiás', 'meta_prevista_para_2024__raw': '10', 'meta_prevista_para_2025__raw': '10', 'meta_prevista_para_2026__raw': '10', 'meta_prevista_para_2027__raw': '10', 'quantidade_alcancada': 'Valor não disponível', 'data_de_referencia__raw': '31/12/2024', 'sinalizacao_de_necessidade_de_revisao_proximo_exercicio': 'Não', 'notas_do_usuario': 'Não há valores regionalizados, pois o sistema da Enap foi alterado apenas em 2024 para considerar o estado e município de sua lotação e não de residência.'}","{'meta_prevista_para_2024': 10.0, 'meta_prevista_para_2025': 10.0, 'meta_prevista_para_2026': 10.0, 'meta_prevista_para_2027': 10.0, 'data_de_referencia': 31122024.0}"
aa88be27-c576-535b-8174-9002dd2b46eb,c11b9579-45d1-58de-af90-2c8b6bc73152,14,table,fd238ff4-1af2-51ef-b445-c3dd88a29c5d,6571d322-95e0-5d9c-8656-dc5592f927f0,Regionalizações da Meta,regionalizacoes_da_meta,table_row,"{'regiao': 'No Estado de Mato Grosso', 'meta_prevista_para_2024__raw': '10', 'meta_prevista_para_2025__raw': '10', 'meta_prevista_para_2026__raw': '10', 'meta_prevista_para_2027__raw': '10', 'quantidade_alcancada': 'Valor não disponível', 'data_de_referencia__raw': '31/12/2024', 'sinalizacao_de_necessidade_de_revisao_proximo_exercicio': 'Não', 'notas_do_usuario': 'Não há valores regionalizados, pois o sistema da Enap foi alterado apenas em 2024 para considerar o estado e município de sua lotação e não de residência.'}","{'meta_prevista_para_2024': 10.0, 'meta_prevista_para_2025': 10.0, 'meta_prevista_para_2026': 10.0, 'meta_prevista_para_2027': 10.0, 'data_de_referencia': 31122024.0}"
4a335500-0d70-5850-80f5-eb2b98adf678,c11b9579-45d1-58de-af90-2c8b6bc73152,14,table,fd238ff4-1af2-51ef-b445-c3dd88a29c5d,6571d322-95e0-5d9c-8656-dc5592f927f0,Regionalizações da Meta,regionalizacoes_da_meta,table_row,"{'regiao': 'No Estado de Mato Grosso do Sul', 'meta_prevista_para_2024__raw': '10', 'meta_prevista_para_2025__raw': '10', 'meta_prevista_para_2026__raw': '10', 'meta_prevista_para_2027__raw': '10', 'quantidade_alcancada': 'Valor não disponível', 'data_de_referencia__raw': '31/12/2024', 'sinalizacao_de_necessidade_de_revisao_proximo_exercicio': 'Não', 'notas_do_usuario': 'Não há valores regionalizados, pois o sistema da Enap foi alterado apenas em 2024 para considerar o estado e município de sua lotação e não de residência.'}","{'meta_prevista_para_2024': 10.0, 'meta_prevista_para_2025': 10.0, 'meta_prevista_para_2026': 10.0, 'meta_prevista_para_2027': 10.0, 'data_de_referencia': 31122024.0}"
aee24b5b-406a-5016-b8f4-d0e0d0d2e4a2,c11b9579-45d1-58de-af90-2c8b6bc73152,14,table,fd238ff4-1af2-51ef-b445-c3dd88a29c5d,6571d322-95e0-5d9c-8656-dc5592f927f0,Regionalizações da Meta,regionalizacoes_da_meta,table_row,"{'regiao': 'No Estado de Minas Gerais', 'meta_prevista_para_2024__raw': '10', 'meta_prevista_para_2025__raw': '10', 'meta_prevista_para_2026__raw': '10', 'meta_prevista_para_2027__raw': '10', 'quantidade_alcancada': 'Valor não disponível', 'data_de_referencia__raw': '31/12/2024', 'sinalizacao_de_necessidade_de_revisao_proximo_exercicio': 'Não', 'notas_do_usuario': 'Não há valores regionalizados, pois o sistema da Enap foi alterado apenas em 2024 para considerar'}","{'meta_prevista_para_2024': 10.0, 'meta_prevista_para_2025': 10.0, 'meta_prevista_para_2026': 10.0, 'meta_prevista_para_2027': 10.0, 'data_de_referencia': 31122024.0}"
9227c09c-90c3-51a0-88e3-a14cbb878a77,c11b9579-45d1-58de-af90-2c8b6bc73152,15,table,9a8c5d78-6965-5c1c-97eb-7196eb7c7698,,,table,table_row,"{'column_1': 'No Estado de Pernambuco', 'column_2__raw': '10', 'column_3__raw': '10', 'column_4__raw': '10', 'column_5__raw': '10', 'column_6': 'Valor não disponível', 'column_7__raw': '31/12/2024', 'column_8': 'Não', 'o_estado_e_municipio_de_sua_lotacao_e_nao_de_residencia': 'Não informado'}","{'column_2': 10.0, 'column_3': 10.0, 'column_4': 10.0, 'column_5': 10.0, 'column_7': 31122024.0}"
12134051-3d57-5e2a-bef1-e767dc49d6e1,c11b9579-45d1-58de-af90-2c8b6bc73152,15,table,9a8c5d78-6965-5c1c-97eb-7196eb7c7698,,,table,table_row,"{'column_1': 'No Estado de Rondônia', 'column_2__raw': '10', 'column_3__raw': '10', 'column_4__raw': '10', 'column_5__raw': '10', 'column_6': 'Valor não disponível', 'column_7__raw': '31/12/2024', 'column_8': 'Não', 'o_estado_e_municipio_de_sua_lotacao_e_nao_de_residencia': 'Não há valores regionalizados, pois o sistema da Enap foi alterado apenas em 2024 para considerar o estado e município de sua lotação e não de residência.'}","{'column_2': 10.0, 'column_3': 10.0, 'column_4': 10.0, 'column_5': 10.0, 'column_7': 31122024.0}"
da67d43d-d2c9-5ddd-aa5c-1eaf0976cdeb,c11b9579-45d1-58de-af90-2c8b6bc73152,15,table,9a8c5d78-6965-5c1c-97eb-7196eb7c7698,,,table,table_row,"{'column_1': 'No Estado de Roraima', 'column_2__raw': '10', 'column_3__raw': '10', 'column_4__raw': '10', 'column_5__raw': '10', 'column_6': 'Valor não disponível', 'column_7__raw': '31/12/2024', 'column_8': 'Não', 'o_estado_e_municipio_de_sua_lotacao_e_nao_de_residencia': 'Não há valores regionalizados, pois o sistema da Enap foi alterado apenas em 2024 para considerar o estado e município de sua lotação e não de residência.'}","{'column_2': 10.0, 'column_3': 10.0, 'column_4': 10.0, 'column_5': 10.0, 'column_7': 31122024.0}"
3ebe8074-3104-5e51-9c32-6ea701e472e1,c11b9579-45d1-58de-af90-2c8b6bc73152,15,table,9a8c5d78-6965-5c1c-97eb-7196eb7c7698,,,table,table_row,"{'column_1': 'No Estado de Santa Catarina', 'column_2__raw': '10', 'column_3__raw': '10', 'column_4__raw': '10', 'column_5__raw': '10', 'column_6': 'Valor não disponível', 'column_7__raw': '31/12/2024', 'column_8': 'Não', 'o_estado_e_municipio_de_sua_lotacao_e_nao_de_residencia': 'Não há valores regionalizados, pois o sistema da Enap foi alterado apenas em 2024 para considerar o estado e município de sua lotação e não de residência.'}","{'column_2': 10.0, 'column_3': 10.0, 'column_4': 10.0, 'column_5': 10.0, 'column_7': 31122024.0}"
580f7ca3-59dd-55c6-b772-045b561cc211,c11b9579-45d1-58de-af90-2c8b6bc73152,15,table,9a8c5d78-6965-5c1c-97eb-7196eb7c7698,,,table,table_row,"{'column_1': 'No Estado de São Paulo', 'column_2__raw': '10', 'column_3__raw': '10', 'column_4__raw': '10', 'column_5__raw': '10', 'column_6': 'Valor não disponível', 'column_7__raw': '31/12/2024', 'column_8': 'Não', 'o_estado_e_municipio_de_sua_lotacao_e_nao_de_residencia': 'Não há valores regionalizados, pois o sistema da Enap foi alterado apenas em 2024 para considerar o estado e município de sua lotação e não de residência.'}","{'column_2': 10.0, 'column_3': 10.0, 'column_4': 10.0, 'column_5': 10.0, 'column_7': 31122024.0}"
0da7ffe3-091d-5cdf-8861-190f8f1478f4,c11b9579-45d1-58de-af90-2c8b6bc73152,15,table,9a8c5d78-6965-5c1c-97eb-7196eb7c7698,,,table,table_row,"{'column_1': 'No Estado de Sergipe', 'column_2__raw': '10', 'column_3__raw': '10', 'column_4__raw': '10', 'column_5__raw': '10', 'column_6': 'Valor não disponível', 'column_7__raw': '31/12/2024', 'column_8': 'Não', 'o_estado_e_municipio_de_sua_lotacao_e_nao_de_residencia': 'Não há valores regionalizados, pois o sistema da Enap foi alterado apenas em 2024 para considerar o estado e município de sua lotação e não de residência.'}","{'column_2': 10.0, 'column_3': 10.0, 'column_4': 10.0, 'column_5': 10.0, 'column_7': 31122024.0}"
4d483195-b533-5ba8-9187-cfc8c73b6c52,c11b9579-45d1-58de-af90-2c8b6bc73152,15,table,9a8c5d78-6965-5c1c-97eb-7196eb7c7698,,,table,table_row,"{'column_1': 'No Estado do Amapá', 'column_2__raw': '10', 'column_3__raw': '10', 'column_4__raw': '10', 'column_5__raw': '10', 'column_6': 'Valor não disponível', 'column_7__raw': '31/12/2024', 'column_8': 'Não', 'o_estado_e_municipio_de_sua_lotacao_e_nao_de_residencia': 'Não há valores regionalizados, pois o sistema da Enap foi alterado apenas em 2024 para considerar o estado e município de sua lotação e não de residência.'}","{'column_2': 10.0, 'column_3': 10.0, 'column_4': 10.0, 'column_5': 10.0, 'column_7': 31122024.0}"
8d030ced-cc04-5042-b1e5-a152d51c9ccb,c11b9579-45d1-58de-af90-2c8b6bc73152,15,table,9a8c5d78-6965-5c1c-97eb-7196eb7c7698,,,table,table_row,"{'column_1': 'No Estado do Amazonas', 'column_2__raw': '10', 'column_3__raw': '10', 'column_4__raw': '10', 'column_5__raw': '10', 'column_6': 'Valor não disponível', 'column_7__raw': '31/12/2024', 'column_8': 'Não', 'o_estado_e_municipio_de_sua_lotacao_e_nao_de_residencia': 'Não há valores regionalizados, pois o sistema da Enap foi alterado apenas em 2024 para considerar o estado e município de sua lotação e não de residência.'}","{'column_2': 10.0, 'column_3': 10.0, 'column_4': 10.0, 'column_5': 10.0, 'column_7': 31122024.0}"
91b2179c-be79-5abd-ae49-a47b5aa2a711,c11b9579-45d1-58de-af90-2c8b6bc73152,15,table,9a8c5d78-6965-5c1c-97eb-7196eb7c7698,,,table,table_row,"{'column_1': 'No Estado do Ceará', 'column_2__raw': '10', 'column_3__raw': '10', 'column_4__raw': '10', 'column_5__raw': '10', 'column_6': 'Valor não disponível', 'column_7__raw': '31/12/2024', 'column_8': 'Não', 'o_estado_e_municipio_de_sua_lotacao_e_nao_de_residencia': 'Não há valores regionalizados, pois o sistema da Enap foi alterado apenas em 2024 para considerar o estado e município de sua lotação e não de residência.'}","{'column_2': 10.0, 'column_3': 10.0, 'column_4': 10.0, 'column_5': 10.0, 'column_7': 31122024.0}"
042ff060-5100-5089-81f2-3c026bfc129a,c11b9579-45d1-58de-af90-2c8b6bc73152,15,table,9a8c5d78-6965-5c1c-97eb-7196eb7c7698,,,table,table_row,"{'column_1': 'No Estado do Espírito Santo', 'column_2__raw': '10', 'column_3__raw': '10', 'column_4__raw': '10', 'column_5__raw': '10', 'column_6': 'Valor não disponível', 'column_7__raw': '31/12/2024', 'column_8': 'Não', 'o_estado_e_municipio_de_sua_lotacao_e_nao_de_residencia': 'Não há valores regionalizados, pois o sistema da Enap foi alterado apenas em 2024 para considerar o estado e município de sua lotação e não de residência.'}","{'column_2': 10.0, 'column_3': 10.0, 'column_4': 10.0, 'column_5': 10.0, 'column_7': 31122024.0}"
a6ee6bf9-0ad9-5e27-ae42-68c3e094f32a,c11b9579-45d1-58de-af90-2c8b6bc73152,15,table,9a8c5d78-6965-5c1c-97eb-7196eb7c7698,,,table,table_row,"{'column_1': 'No Estado do', 'column_2__raw': '10', 'column_3__raw': '10', 'column_4__raw': '10', 'column_5__raw': '10', 'column_6': 'Valor não', 'column_7__raw': '31/12/2024', 'column_8': 'Não', 'o_estado_e_municipio_de_sua_lotacao_e_nao_de_residencia': 'Não há valores regionalizados, pois o sistema da'}","{'column_2': 10.0, 'column_3': 10.0, 'column_4': 10.0, 'column_5': 10.0, 'column_7': 31122024.0}"
2a157935-e412-5673-ae46-242eddd03d5d,c11b9579-45d1-58de-af90-2c8b6bc73152,16,table,af6a2662-8542-5bac-aaf8-0321bd468e34,f5c4fcba-758b-5a27-824e-633f2d8a0ec2,Desagregação da Meta,desagregacao_da_meta,table_row,"{'0': 'Maranhão', '1': '', '2': '', '3': '', '4': '', '5': 'disponível', '6': '', '7': '', '8': 'Enap foi alterado apenas em 2024 para considerar o estado e município de sua lotação e não de residência.'}",{}
26989dc5-824d-5413-8294-2eadc51c6039,c11b9579-45d1-58de-af90-2c8b6bc73152,16,table,af6a2662-8542-5bac-aaf8-0321bd468e34,f5c4fcba-758b-5a27-824e-633f2d8a0ec2,Desagregação da Meta,desagregacao_da_meta,table_row,"{'0': 'No Estado do Pará', '1__raw': '10', '2__raw': '10', '3__raw': '10', '4__raw': '10', '5': 'Valor não disponível', '6__raw': '31/12/2024', '7': 'Não', '8': 'Não há valores regionalizados, pois o sistema da Enap foi alterado apenas em 2024 para considerar o estado e município de sua lotação e não de residência.'}","{'1': 10.0, '2': 10.0, '3': 10.0, '4': 10.0, '6': 31122024.0}"
80a6d9dc-b631-59a9-be52-f664e9b34bbb,c11b9579-45d1-58de-af90-2c8b6bc73152,16,table,af6a2662-8542-5bac-aaf8-0321bd468e34,f5c4fcba-758b-5a27-824e-633f2d8a0ec2,Desagregação da Meta,desagregacao_da_meta,table_row,"{'0': 'No Estado do Paraná', '1__raw': '10', '2__raw': '10', '3__raw': '10', '4__raw': '10', '5': 'Valor não disponível', '6__raw': '31/12/2024', '7': 'Não', '8': 'Não há valores regionalizados, pois o sistema da Enap foi alterado apenas em 2024 para considerar o estado e município de sua lotação e não de residência.'}","{'1': 10.0, '2': 10.0, '3': 10.0, '4': 10.0, '6': 31122024.0}"
34846a47-6b35-5aec-990e-8486862b6fa2,c11b9579-45d1-58de-af90-2c8b6bc73152,16,table,af6a2662-8542-5bac-aaf8-0321bd468e34,f5c4fcba-758b-5a27-824e-633f2d8a0ec2,Desagregação da Meta,desagregacao_da_meta,table_row,"{'0': 'No Estado do Piauí', '1__raw': '10', '2__raw': '10', '3__raw': '10', '4__raw': '10', '5': 'Valor não disponível', '6__raw': '31/12/2024', '7': 'Não', '8': 'Não há valores regionalizados, pois o sistema da Enap foi alterado apenas em 2024 para considerar o estado e município de sua lotação e não de residência.'}","{'1': 10.0, '2': 10.0, '3': 10.0, '4': 10.0, '6': 31122024.0}"
49ddd066-0f29-5d06-b82e-90cb761981a6,c11b9579-45d1-58de-af90-2c8b6bc73152,16,table,af6a2662-8542-5bac-aaf8-0321bd468e34,f5c4fcba-758b-5a27-824e-633f2d8a0ec2,Desagregação da Meta,desagregacao_da_meta,table_row,"{'0': 'No Estado do Rio de Janeiro', '1__raw': '10', '2__raw': '10', '3__raw': '10', '4__raw': '10', '5': 'Valor não disponível', '6__raw': '31/12/2024', '7': 'Não', '8': 'Não há valores regionalizados, pois o sistema da Enap foi alterado apenas em 2024 para considerar o estado e município de sua lotação e não de residência.'}","{'1': 10.0, '2': 10.0, '3': 10.0, '4': 10.0, '6': 31122024.0}"
5e332c56-4f49-5e2d-8fa8-480b40392946,c11b9579-45d1-58de-af90-2c8b6bc73152,16,table,af6a2662-8542-5bac-aaf8-0321bd468e34,f5c4fcba-758b-5a27-824e-633f2d8a0ec2,Desagregação da Meta,desagregacao_da_meta,table_row,"{'0': 'No Estado do Rio Grande do Norte', '1__raw': '10', '2__raw': '10', '3__raw': '10', '4__raw': '10', '5': 'Valor não disponível', '6__raw': '31/12/2024', '7': 'Não', '8': 'Não há valores regionalizados, pois o sistema da Enap foi alterado apenas em 2024 para considerar o estado e município de sua lotação e não de residência.'}","{'1': 10.0, '2': 10.0, '3': 10.0, '4': 10.0, '6': 31122024.0}"
eb3cfc1f-14d7-56ea-bcb3-4f03e21c5f0e,c11b9579-45d1-58de-af90-2c8b6bc73152,16,table,af6a2662-8542-5bac-aaf8-0321bd468e34,f5c4fcba-758b-5a27-824e-633f2d8a0ec2,Desagregação da Meta,desagregacao_da_meta,table_row,"{'0': 'No Estado do Rio Grande do Sul', '1__raw': '10', '2__raw': '10', '3__raw': '10', '4__raw': '10', '5': 'Valor não disponível', '6__raw': '31/12/2024', '7': 'Não', '8': 'Não há valores regionalizados, pois o sistema da Enap foi alterado apenas em 2024 para considerar o estado e município de sua lotação e não de residência.'}","{'1': 10.0, '2': 10.0, '3': 10.0, '4': 10.0, '6': 31122024.0}"
04cba3e1-ce76-5183-961f-fa549ff19378,c11b9579-45d1-58de-af90-2c8b6bc73152,16,table,af6a2662-8542-5bac-aaf8-0321bd468e34,f5c4fcba-758b-5a27-824e-633f2d8a0ec2,Desagregação da Meta,desagregacao_da_meta,table_row,"{'0': 'No Estado do Tocantins', '1__raw': '10', '2__raw': '10', '3__raw': '10', '4__raw': '10', '5': 'Valor não disponível', '6__raw': '31/12/2024', '7': 'Não', '8': 'Não há valores regionalizados, pois o sistema da Enap foi alterado apenas em 2024 para considerar o estado e município de sua lotação e não de residência.'}","{'1': 10.0, '2': 10.0, '3': 10.0, '4': 10.0, '6': 31122024.0}"
24eb2f3e-527f-5182-a93b-d11bbd700121,c11b9579-45d1-58de-af90-2c8b6bc73152,16,table,4e0f4116-145f-5ddb-a700-81fe5eb281cd,f5c4fcba-758b-5a27-824e-633f2d8a0ec2,Desagregação da Meta,desagregacao_da_meta,table_row,"{'publico': 'Mulheres', 'meta_prevista_para_2024__raw': '5', 'meta_prevista_para_2025__raw': '5', 'meta_prevista_para_2026__raw': '5', 'meta_prevista_para_2027__raw': '5', 'quantidade_alcancada__raw': '5', 'data_de_referencia__raw': '31/12/2024', 'sinalizacao_de_necessidade_de_revisao_proximo_exercicio': 'Não', 'notas_do_usuario': 'Não informado'}","{'meta_prevista_para_2024': 5.0, 'meta_prevista_para_2025': 5.0, 'meta_prevista_para_2026': 5.0, 'meta_prevista_para_2027': 5.0, 'quantidade_alcancada': 5.0, 'data_de_referencia': 31122024.0}"
51cf49bb-d037-5fa2-9392-277d7bd508d5,c11b9579-45d1-58de-af90-2c8b6bc73152,16,table,4e0f4116-145f-5ddb-a700-81fe5eb281cd,f5c4fcba-758b-5a27-824e-633f2d8a0ec2,Desagregação da Meta,desagregacao_da_meta,table_row,"{'publico': 'População Negra', 'meta_prevista_para_2024__raw': '5', 'meta_prevista_para_2025__raw': '5', 'meta_prevista_para_2026__raw': '5', 'meta_prevista_para_2027__raw': '5', 'quantidade_alcancada__raw': '5', 'data_de_referencia__raw': '31/12/2024', 'sinalizacao_de_necessidade_de_revisao_proximo_exercicio': 'Não', 'notas_do_usuario': 'Não informado'}","{'meta_prevista_para_2024': 5.0, 'meta_prevista_para_2025': 5.0, 'meta_prevista_para_2026': 5.0, 'meta_prevista_para_2027': 5.0, 'quantidade_alcancada': 5.0, 'data_de_referencia': 31122024.0}"
2d86eff5-6564-552b-bc62-b6f179a02800,c11b9579-45d1-58de-af90-2c8b6bc73152,17,table,95c6af66-6c3f-591f-a1d5-a1e5aa7441ed,d080c5db-9922-5055-810b-a96111a6d5d7,Entrega: 2105 - Agente público certificado na Escola Virtual GOV-EV.G.,entrega_2105_agente_publico_certificado_na_escola_virtual_gov_evg,table_row,"{'regiao': 'No Distrito Federal', 'meta_prevista_para_2024__raw': '10', 'meta_prevista_para_2025__raw': '10', 'meta_prevista_para_2026__raw': '10', 'meta_prevista_para_2027__raw': '10', 'quantidade_alcancada__raw': '0,86', 'data_de_referencia__raw': '31/12/2024', 'sinalizacao_de_necessidade_de_revisao_proximo_exercicio': 'Não', 'notas_do_usuario': 'Não'}","{'meta_prevista_para_2024': 10.0, 'meta_prevista_para_2025': 10.0, 'meta_prevista_para_2026': 10.0, 'meta_prevista_para_2027': 10.0, 'quantidade_alcancada': 0.86, 'data_de_referencia': 31122024.0}"
a43c368c-a3ba-587a-97fb-e52e695a7d3a,c11b9579-45d1-58de-af90-2c8b6bc73152,18,table,1cef16c2-a915-59d1-8c7c-5de501664d65,,,table,table_row,"{'column_1': 'No Estado da Bahia', 'column_2__raw': '10', 'column_3__raw': '10', 'column_4__raw': '10', 'column_5__raw': '10', 'column_6__raw': '5,34', 'column_7__raw': '31/12/2024', 'column_8': 'Não', 'informado': 'Não informado'}","{'column_2': 10.0, 'column_3': 10.0, 'column_4': 10.0, 'column_5': 10.0, 'column_6': 5.34, 'column_7': 31122024.0}"
e84e80b0-301a-53ec-a83b-56044c4f72af,c11b9579-45d1-58de-af90-2c8b6bc73152,18,table,1cef16c2-a915-59d1-8c7c-5de501664d65,,,table,table_row,"{'column_1': 'No Estado da Paraíba', 'column_2__raw': '10', 'column_3__raw': '10', 'column_4__raw': '10', 'column_5__raw': '10', 'column_6__raw': '0,63', 'column_7__raw': '31/12/2024', 'column_8': 'Não', 'informado': 'Não informado'}","{'column_2': 10.0, 'column_3': 10.0, 'column_4': 10.0, 'column_5': 10.0, 'column_6': 0.63, 'column_7': 31122024.0}"
184fd291-d1b7-5963-a90f-c925f6291fc2,c11b9579-45d1-58de-af90-2c8b6bc73152,18,table,1cef16c2-a915-59d1-8c7c-5de501664d65,,,table,table_row,"{'column_1': 'No Estado de Alagoas', 'column_2__raw': '10', 'column_3__raw': '10', 'column_4__raw': '10', 'column_5__raw': '10', 'column_6__raw': '1,22', 'column_7__raw': '31/12/2024', 'column_8': 'Não', 'informado': 'Não informado'}","{'column_2': 10.0, 'column_3': 10.0, 'column_4': 10.0, 'column_5': 10.0, 'column_6': 1.22, 'column_7': 31122024.0}"
a4c25a52-cbc3-5d97-971c-e493c669dc66,c11b9579-45d1-58de-af90-2c8b6bc73152,18,table,1cef16c2-a915-59d1-8c7c-5de501664d65,,,table,table_row,"{'column_1': 'No Estado de Goiás', 'column_2__raw': '10', 'column_3__raw': '10', 'column_4__raw': '10', 'column_5__raw': '10', 'column_6__raw': '1,36', 'column_7__raw': '31/12/2024', 'column_8': 'Não', 'informado': 'Não informado'}","{'column_2': 10.0, 'column_3': 10.0, 'column_4': 10.0, 'column_5': 10.0, 'column_6': 1.36, 'column_7': 31122024.0}"
30f0cd16-a45e-5529-9aac-a32f99f2f8af,c11b9579-45d1-58de-af90-2c8b6bc73152,18,table,1cef16c2-a915-59d1-8c7c-5de501664d65,,,table,table_row,"{'column_1': 'No Estado de Mato Grosso', 'column_2__raw': '10', 'column_3__raw': '10', 'column_4__raw': '10', 'column_5__raw': '10', 'column_6__raw': '0,36', 'column_7__raw': '31/12/2024', 'column_8': 'Não', 'informado': 'Não informado'}","{'column_2': 10.0, 'column_3': 10.0, 'column_4': 10.0, 'column_5': 10.0, 'column_6': 0.36, 'column_7': 31122024.0}"
fdb56048-d42c-5f2a-b587-60ea4489e818,c11b9579-45d1-58de-af90-2c8b6bc73152,18,table,1cef16c2-a915-59d1-8c7c-5de501664d65,,,table,table_row,"{'column_1': 'No Estado de Mato Grosso do Sul', 'column_2__raw': '10', 'column_3__raw': '10', 'column_4__raw': '10', 'column_5__raw': '10', 'column_6__raw': '0,86', 'column_7__raw': '31/12/2024', 'column_8': 'Não', 'informado': 'Não informado'}","{'column_2': 10.0, 'column_3': 10.0, 'column_4': 10.0, 'column_5': 10.0, 'column_6': 0.86, 'column_7': 31122024.0}"
1a1f0b4e-0ae5-5fa8-b261-a5539a0a132f,c11b9579-45d1-58de-af90-2c8b6bc73152,18,table,1cef16c2-a915-59d1-8c7c-5de501664d65,,,table,table_row,"{'column_1': 'No Estado de Minas Gerais', 'column_2__raw': '10', 'column_3__raw': '10', 'column_4__raw': '10', 'column_5__raw': '10', 'column_6__raw': '3,91', 'column_7__raw': '31/12/2024', 'column_8': 'Não', 'informado': 'Não informado'}","{'column_2': 10.0, 'column_3': 10.0, 'column_4': 10.0, 'column_5': 10.0, 'column_6': 3.91, 'column_7': 31122024.0}"
9370b59d-0ed9-5564-b4ed-15f4d22d91c6,c11b9579-45d1-58de-af90-2c8b6bc73152,18,table,1cef16c2-a915-59d1-8c7c-5de501664d65,,,table,table_row,"{'column_1': 'No Estado de Pernambuco', 'column_2__raw': '10', 'column_3__raw': '10', 'column_4__raw': '10', 'column_5__raw': '10', 'column_6__raw': '1,25', 'column_7__raw': '31/12/2024', 'column_8': 'Não', 'informado': 'Não informado'}","{'column_2': 10.0, 'column_3': 10.0, 'column_4': 10.0, 'column_5': 10.0, 'column_6': 1.25, 'column_7': 31122024.0}"
45936c4f-f7b3-5218-8560-4c40f48043c0,c11b9579-45d1-58de-af90-2c8b6bc73152,18,table,1cef16c2-a915-59d1-8c7c-5de501664d65,,,table,table_row,"{'column_1': 'No Estado de Rondônia', 'column_2__raw': '10', 'column_3__raw': '10', 'column_4__raw': '10', 'column_5__raw': '10', 'column_6__raw': '0,92', 'column_7__raw': '31/12/2024', 'column_8': 'Não', 'informado': 'Não informado'}","{'column_2': 10.0, 'column_3': 10.0, 'column_4': 10.0, 'column_5': 10.0, 'column_6': 0.92, 'column_7': 31122024.0}"
046c77bf-0104-57c1-9f23-6fcbab2fe8ed,c11b9579-45d1-58de-af90-2c8b6bc73152,18,table,1cef16c2-a915-59d1-8c7c-5de501664d65,,,table,table_row,"{'column_1': 'No Estado de Roraima', 'column_2__raw': '10', 'column_3__raw': '10', 'column_4__raw': '10', 'column_5__raw': '10', 'column_6__raw': '-0,37', 'column_7__raw': '31/12/2024', 'column_8': 'Não', 'informado': 'Não informado'}","{'column_2': 10.0, 'column_3': 10.0, 'column_4': 10.0, 'column_5': 10.0, 'column_6': -0.37, 'column_7': 31122024.0}"
d9da4c9b-0346-5d2a-bd84-915e95c5ab36,c11b9579-45d1-58de-af90-2c8b6bc73152,18,table,1cef16c2-a915-59d1-8c7c-5de501664d65,,,table,table_row,"{'column_1': 'No Estado de Santa Catarina', 'column_2__raw': '10', 'column_3__raw': '10', 'column_4__raw': '10', 'column_5__raw': '10', 'column_6__raw': '0,6', 'column_7__raw': '31/12/2024', 'column_8': 'Não', 'informado': 'Não informado'}","{'column_2': 10.0, 'column_3': 10.0, 'column_4': 10.0, 'column_5': 10.0, 'column_6': 0.6, 'column_7': 31122024.0}"
7488d988-54a9-5a56-a9b7-3649ec3ac75c,c11b9579-45d1-58de-af90-2c8b6bc73152,18,table,1cef16c2-a915-59d1-8c7c-5de501664d65,,,table,table_row,"{'column_1': 'No Estado de São Paulo', 'column_2__raw': '10', 'column_3__raw': '10', 'column_4__raw': '10', 'column_5__raw': '10', 'column_6__raw': '3,77', 'column_7__raw': '31/12/2024', 'column_8': 'Não', 'informado': 'Não informado'}","{'column_2': 10.0, 'column_3': 10.0, 'column_4': 10.0, 'column_5': 10.0, 'column_6': 3.77, 'column_7': 31122024.0}"
21d996f0-b6c9-51b5-b638-cf04953c5f51,c11b9579-45d1-58de-af90-2c8b6bc73152,18,table,1cef16c2-a915-59d1-8c7c-5de501664d65,,,table,table_row,"{'column_1': 'No Estado de Sergipe', 'column_2__raw': '10', 'column_3__raw': '10', 'column_4__raw': '10', 'column_5__raw': '10', 'column_6__raw': '0,87', 'column_7__raw': '31/12/2024', 'column_8': 'Não', 'informado': 'Não informado'}","{'column_2': 10.0, 'column_3': 10.0, 'column_4': 10.0, 'column_5': 10.0, 'column_6': 0.87, 'column_7': 31122024.0}"
e23a461c-3867-5a66-962f-096220426073,c11b9579-45d1-58de-af90-2c8b6bc73152,18,table,1cef16c2-a915-59d1-8c7c-5de501664d65,,,table,table_row,"{'column_1': 'No Estado do Amapá', 'column_2__raw': '10', 'column_3__raw': '10', 'column_4__raw': '10', 'column_5__raw': '10', 'column_6__raw': '0,91', 'column_7__raw': '31/12/2024', 'column_8': 'Não', 'informado': 'Não informado'}","{'column_2': 10.0, 'column_3': 10.0, 'column_4': 10.0, 'column_5': 10.0, 'column_6': 0.91, 'column_7': 31122024.0}"
da31ba6b-7714-5eb7-b133-72e3d7fa253e,c11b9579-45d1-58de-af90-2c8b6bc73152,18,table,1cef16c2-a915-59d1-8c7c-5de501664d65,,,table,table_row,"{'column_1': 'No Estado do Amazonas', 'column_2__raw': '10', 'column_3__raw': '10', 'column_4__raw': '10', 'column_5__raw': '10', 'column_6__raw': '0,68', 'column_7__raw': '31/12/2024', 'column_8': 'Não', 'informado': 'Não informado'}","{'column_2': 10.0, 'column_3': 10.0, 'column_4': 10.0, 'column_5': 10.0, 'column_6': 0.68, 'column_7': 31122024.0}"
a2b6c301-a46b-53a2-9cc2-b3e595c9d6a1,c11b9579-45d1-58de-af90-2c8b6bc73152,18,table,1cef16c2-a915-59d1-8c7c-5de501664d65,,,table,table_row,"{'column_1': 'No Estado do Ceará', 'column_2__raw': '10', 'column_3__raw': '10', 'column_4__raw': '10', 'column_5__raw': '10', 'column_6__raw': '3,15', 'column_7__raw': '31/12/2024', 'column_8': 'Não', 'informado': 'Não informado'}","{'column_2': 10.0, 'column_3': 10.0, 'column_4': 10.0, 'column_5': 10.0, 'column_6': 3.15, 'column_7': 31122024.0}"
c5da9bec-5b11-5c05-9ae4-c93a37525c65,c11b9579-45d1-58de-af90-2c8b6bc73152,18,table,1cef16c2-a915-59d1-8c7c-5de501664d65,,,table,table_row,"{'column_1': 'No Estado do Espírito Santo', 'column_2__raw': '10', 'column_3__raw': '10', 'column_4__raw': '10', 'column_5__raw': '10', 'column_6__raw': '0,77', 'column_7__raw': '31/12/2024', 'column_8': 'Não', 'informado': 'Não informado'}","{'column_2': 10.0, 'column_3': 10.0, 'column_4': 10.0, 'column_5': 10.0, 'column_6': 0.77, 'column_7': 31122024.0}"
b5588647-6f6c-5609-8e59-e2a5ff5ed22a,c11b9579-45d1-58de-af90-2c8b6bc73152,18,table,1cef16c2-a915-59d1-8c7c-5de501664d65,,,table,table_row,"{'column_1': 'No Estado do Maranhão', 'column_2__raw': '10', 'column_3__raw': '10', 'column_4__raw': '10', 'column_5__raw': '10', 'column_6__raw': '0,59', 'column_7__raw': '31/12/2024', 'column_8': 'Não', 'informado': 'Não informado'}","{'column_2': 10.0, 'column_3': 10.0, 'column_4': 10.0, 'column_5': 10.0, 'column_6': 0.59, 'column_7': 31122024.0}"
e22bf98c-4b4d-5eb8-93c8-511adc6ab736,c11b9579-45d1-58de-af90-2c8b6bc73152,18,table,1cef16c2-a915-59d1-8c7c-5de501664d65,,,table,table_row,"{'column_1': 'No Estado do Pará', 'column_2__raw': '10', 'column_3__raw': '10', 'column_4__raw': '10', 'column_5__raw': '10', 'column_6__raw': '0,34', 'column_7__raw': '31/12/2024', 'column_8': 'Não', 'informado': 'Não informado'}","{'column_2': 10.0, 'column_3': 10.0, 'column_4': 10.0, 'column_5': 10.0, 'column_6': 0.34, 'column_7': 31122024.0}"
21cba5b6-edfd-5972-bf45-8267cd89cbfc,c11b9579-45d1-58de-af90-2c8b6bc73152,18,table,1cef16c2-a915-59d1-8c7c-5de501664d65,,,table,table_row,"{'column_1': 'No Estado do', 'column_2__raw': '10', 'column_3__raw': '10', 'column_4__raw': '10', 'column_5__raw': '10', 'column_6__raw': '1,45', 'column_7__raw': '31/12/2024', 'column_8': 'Não', 'informado': 'Não'}","{'column_2': 10.0, 'column_3': 10.0, 'column_4': 10.0, 'column_5': 10.0, 'column_6': 1.45, 'column_7': 31122024.0}"
6417ac5d-5b06-5114-aeea-882efc5aec4f,c11b9579-45d1-58de-af90-2c8b6bc73152,19,table,61275322-b75c-5bbf-a7dc-3a6b9d3a8145,,,table,table_row,"{'parana': 'No Estado do Piauí', 'column_2__raw': '10', 'column_3__raw': '10', 'column_4__raw': '10', 'column_5__raw': '10', 'column_6__raw': '0,32', 'column_7__raw': '31/12/2024', 'column_8': 'Não', 'informado': 'Não informado'}","{'column_2': 10.0, 'column_3': 10.0, 'column_4': 10.0, 'column_5': 10.0, 'column_6': 0.32, 'column_7': 31122024.0}"
982c4546-2476-5baa-b87d-785338e55697,c11b9579-45d1-58de-af90-2c8b6bc73152,19,table,61275322-b75c-5bbf-a7dc-3a6b9d3a8145,,,table,table_row,"{'parana': 'No Estado do Rio de Janeiro', 'column_2__raw': '10', 'column_3__raw': '10', 'column_4__raw': '10', 'column_5__raw': '10', 'column_6__raw': '3,64', 'column_7__raw': '31/12/2024', 'column_8': 'Não', 'informado': 'Não informado'}","{'column_2': 10.0, 'column_3': 10.0, 'column_4': 10.0, 'column_5': 10.0, 'column_6': 3.64, 'column_7': 31122024.0}"
72baef3f-f6be-569d-98dc-245c8f531af4,c11b9579-45d1-58de-af90-2c8b6bc73152,19,table,61275322-b75c-5bbf-a7dc-3a6b9d3a8145,,,table,table_row,"{'parana': 'No Estado do Rio Grande do Norte', 'column_2__raw': '10', 'column_3__raw': '10', 'column_4__raw': '10', 'column_5__raw': '10', 'column_6__raw': '1,06', 'column_7__raw': '31/12/2024', 'column_8': 'Não', 'informado': 'Não informado'}","{'column_2': 10.0, 'column_3': 10.0, 'column_4': 10.0, 'column_5': 10.0, 'column_6': 1.06, 'column_7': 31122024.0}"
67025486-9e77-50e1-99a3-d7d053794014,c11b9579-45d1-58de-af90-2c8b6bc73152,19,table,61275322-b75c-5bbf-a7dc-3a6b9d3a8145,,,table,table_row,"{'parana': 'No Estado do Rio Grande do Sul', 'column_2__raw': '10', 'column_3__raw': '10', 'column_4__raw': '10', 'column_5__raw': '10', 'column_6__raw': '1,8', 'column_7__raw': '31/12/2024', 'column_8': 'Não', 'informado': 'Não informado'}","{'column_2': 10.0, 'column_3': 10.0, 'column_4': 10.0, 'column_5': 10.0, 'column_6': 1.8, 'column_7': 31122024.0}"
3b5b4e81-3cbb-5040-a1eb-942d849fb3cf,c11b9579-45d1-58de-af90-2c8b6bc73152,19,table,61275322-b75c-5bbf-a7dc-3a6b9d3a8145,,,table,table_row,"{'parana': 'No Estado do Tocantins', 'column_2__raw': '10', 'column_3__raw': '10', 'column_4__raw': '10', 'column_5__raw': '10', 'column_6__raw': '0,27', 'column_7__raw': '31/12/2024', 'column_8': 'Não', 'informado': 'Não informado'}","{'column_2': 10.0, 'column_3': 10.0, 'column_4': 10.0, 'column_5': 10.0, 'column_6': 0.27, 'column_7': 31122024.0}"
a0389870-85c4-5fb9-aa94-696dc07f933e,c11b9579-45d1-58de-af90-2c8b6bc73152,19,table,61275322-b75c-5bbf-a7dc-3a6b9d3a8145,,,table,table_row,"{'parana': 'No Estado do Acre', 'column_2': '-', 'column_3': '-', 'column_4': '-', 'column_5': '-', 'column_6__raw': '0,2', 'column_7__raw': '31/12/2024', 'column_8': 'Não', 'informado': 'Não informado'}","{'column_6': 0.2, 'column_7': 31122024.0}"
ca67d718-1bb8-5b61-bbd9-36996fdf3dd9,c11b9579-45d1-58de-af90-2c8b6bc73152,19,table,699e508d-9b02-56de-8e05-c8d9fc06476f,,,table,table_row,"{'publico': 'Mulheres', 'meta_prevista_para_2024__raw': '5', 'meta_prevista_para_2025__raw': '5', 'meta_prevista_para_2026__raw': '5', 'meta_prevista_para_2027__raw': '5', 'quantidade_alcancada__raw': '0,2', 'data_de_referencia__raw': '31/12/2024', 'sinalizacao_de_necessidade_de_revisao_proximo_exercicio': 'Não', 'notas_do_usuario': 'Não informado'}","{'meta_prevista_para_2024': 5.0, 'meta_prevista_para_2025': 5.0, 'meta_prevista_para_2026': 5.0, 'meta_prevista_para_2027': 5.0, 'quantidade_alcancada': 0.2, 'data_de_referencia': 31122024.0}"
442cb43c-1d2a-5ff2-9b7c-2cc1d52462f8,c11b9579-45d1-58de-af90-2c8b6bc73152,19,table,699e508d-9b02-56de-8e05-c8d9fc06476f,,,table,table_row,"{'publico': 'População Negra', 'meta_prevista_para_2024__raw': '5', 'meta_prevista_para_2025__raw': '5', 'meta_prevista_para_2026__raw': '5', 'meta_prevista_para_2027__raw': '5', 'quantidade_alcancada__raw': '16,5', 'data_de_referencia__raw': '31/12/2024', 'sinalizacao_de_necessidade_de_revisao_proximo_exercicio': 'Não', 'notas_do_usuario': 'Não informado'}","{'meta_prevista_para_2024': 5.0, 'meta_prevista_para_2025': 5.0, 'meta_prevista_para_2026': 5.0, 'meta_prevista_para_2027': 5.0, 'quantidade_alcancada': 16.5, 'data_de_referencia': 31122024.0}"
d45cbe36-9878-5d84-905e-52b71dd4e9b9,c11b9579-45d1-58de-af90-2c8b6bc73152,27,table,6c1c5b24-b844-5d40-b970-9ccb9f8eff1c,307f2e91-9c47-5c5c-8ba0-c247928fa5b1,Regionalizações da Meta,regionalizacoes_da_meta,table_row,"{'regiao': 'No Distrito Federal', 'meta_prevista_para_2024': '-', 'meta_prevista_para_2025': '-', 'meta_prevista_para_2026': '-', 'meta_prevista_para_2027': '-', 'quantidade_alcancada__raw': '1', 'data_de_referencia__raw': '31/12/2024', 'sinalizacao_de_necessidade_de_revisao_proximo_exercicio': 'Não', 'notas_do_usuario': 'Foi implementado o Observatório do Mercado de Trabalho no Distrito Federal.'}","{'quantidade_alcancada': 1.0, 'data_de_referencia': 31122024.0}"
5bd55aef-260a-5ca6-9aac-f8a3e5ba0082,c11b9579-45d1-58de-af90-2c8b6bc73152,27,table,6c1c5b24-b844-5d40-b970-9ccb9f8eff1c,307f2e91-9c47-5c5c-8ba0-c247928fa5b1,Regionalizações da Meta,regionalizacoes_da_meta,table_row,"{'regiao': 'No Estado de Alagoas', 'meta_prevista_para_2024': '-', 'meta_prevista_para_2025': '-', 'meta_prevista_para_2026': '-', 'meta_prevista_para_2027': '-', 'quantidade_alcancada__raw': '1', 'data_de_referencia__raw': '31/12/2024', 'sinalizacao_de_necessidade_de_revisao_proximo_exercicio': 'Não', 'notas_do_usuario': 'Foi implementado o Observatório do Mercado de Trabalho no Município de Arapiraca.'}","{'quantidade_alcancada': 1.0, 'data_de_referencia': 31122024.0}"
0663e980-d718-52d7-819a-5272cd666683,c11b9579-45d1-58de-af90-2c8b6bc73152,27,table,6c1c5b24-b844-5d40-b970-9ccb9f8eff1c,307f2e91-9c47-5c5c-8ba0-c247928fa5b1,Regionalizações da Meta,regionalizacoes_da_meta,table_row,"{'regiao': 'No Estado de Mato Grosso', 'meta_prevista_para_2024': '-', 'meta_prevista_para_2025': '-', 'meta_prevista_para_2026': '-', 'meta_prevista_para_2027': '-', 'quantidade_alcancada__raw': '2', 'data_de_referencia__raw': '31/12/2024', 'sinalizacao_de_necessidade_de_revisao_proximo_exercicio': 'Não', 'notas_do_usuario': 'Foi implementado o Observatório do Mercado de Trabalho no Mato Grosso e em Campo Grande (Ajuste realizado conforme documento enviado pelo servidor do MTE Gustavo Mesquita à Seplan em 14/03/2025). Os ajustes foram realizados de acordo com as informações da Subsecretaria de Estudos e Estatísticas do Trabalho (SEET/MTE), conforme registrado no processo SEI 19955.200465/2025-74.'}","{'quantidade_alcancada': 2.0, 'data_de_referencia': 31122024.0}"
c127223e-3e67-53e8-9e65-9d774a2b222c,c11b9579-45d1-58de-af90-2c8b6bc73152,27,table,6c1c5b24-b844-5d40-b970-9ccb9f8eff1c,307f2e91-9c47-5c5c-8ba0-c247928fa5b1,Regionalizações da Meta,regionalizacoes_da_meta,table_row,"{'regiao': 'No Estado de Mato Grosso do Sul', 'meta_prevista_para_2024': '-', 'meta_prevista_para_2025': '-', 'meta_prevista_para_2026': '-', 'meta_prevista_para_2027': '-', 'quantidade_alcancada__raw': '1', 'data_de_referencia__raw': '31/12/2024', 'sinalizacao_de_necessidade_de_revisao_proximo_exercicio': 'Não', 'notas_do_usuario': 'Foi implementado o Observatório do Mercado de Trabalho no Matogrosso do Sul.'}","{'quantidade_alcancada': 1.0, 'data_de_referencia': 31122024.0}"
2be10d29-535c-5b41-826b-345014661e8c,c11b9579-45d1-58de-af90-2c8b6bc73152,27,table,6c1c5b24-b844-5d40-b970-9ccb9f8eff1c,307f2e91-9c47-5c5c-8ba0-c247928fa5b1,Regionalizações da Meta,regionalizacoes_da_meta,table_row,"{'regiao': 'No Estado de Minas Gerais', 'meta_prevista_para_2024': '-', 'meta_prevista_para_2025': '-', 'meta_prevista_para_2026': '-', 'meta_prevista_para_2027': '-', 'quantidade_alcancada__raw': '2', 'data_de_referencia__raw': '31/12/2024', 'sinalizacao_de_necessidade_de_revisao_proximo_exercicio': 'Não', 'notas_do_usuario': 'Foi implementado o Observatório do Mercado de Trabalho em Minas Gerais e Uberaba. (Ajuste realizado conforme documento enviado pelo servidor do MTE Gustavo Mesquita à Seplan em 14/03/2025.) Os ajustes foram realizados de acordo com as informações da Subsecretaria de Estudos e Estatísticas do Trabalho (SEET/MTE), conforme registrado no processo SEI 19955.200465/2025-74.'}","{'quantidade_alcancada': 2.0, 'data_de_referencia': 31122024.0}"
b0ac5cfd-2339-538b-8b5b-10d15a864629,c11b9579-45d1-58de-af90-2c8b6bc73152,27,table,6c1c5b24-b844-5d40-b970-9ccb9f8eff1c,307f2e91-9c47-5c5c-8ba0-c247928fa5b1,Regionalizações da Meta,regionalizacoes_da_meta,table_row,"{'regiao': 'No Estado de Pernambuco', 'meta_prevista_para_2024': '-', 'meta_prevista_para_2025': '-', 'meta_prevista_para_2026': '-', 'meta_prevista_para_2027': '-', 'quantidade_alcancada__raw': '1', 'data_de_referencia__raw': '31/12/2024', 'sinalizacao_de_necessidade_de_revisao_proximo_exercicio': 'Não', 'notas_do_usuario': 'Foi implementado o Observatório do Mercado de Trabalho em Pernambuco.'}","{'quantidade_alcancada': 1.0, 'data_de_referencia': 31122024.0}"
08034ffd-eb25-5d15-b0a8-68836e7be086,c11b9579-45d1-58de-af90-2c8b6bc73152,27,table,6c1c5b24-b844-5d40-b970-9ccb9f8eff1c,307f2e91-9c47-5c5c-8ba0-c247928fa5b1,Regionalizações da Meta,regionalizacoes_da_meta,table_row,"{'regiao': 'No Estado de Roraima', 'meta_prevista_para_2024': '-', 'meta_prevista_para_2025': '-', 'meta_prevista_para_2026': '-', 'meta_prevista_para_2027': '-', 'quantidade_alcancada__raw': '1', 'data_de_referencia__raw': '31/12/2024', 'sinalizacao_de_necessidade_de_revisao_proximo_exercicio': 'Não', 'notas_do_usuario': 'Foi implementado o Observatório do Mercado de Trabalho em Roraima.'}","{'quantidade_alcancada': 1.0, 'data_de_referencia': 31122024.0}"
36a6b5cd-56e6-5ab0-8457-c0d51413efc9,c11b9579-45d1-58de-af90-2c8b6bc73152,27,table,6c1c5b24-b844-5d40-b970-9ccb9f8eff1c,307f2e91-9c47-5c5c-8ba0-c247928fa5b1,Regionalizações da Meta,regionalizacoes_da_meta,table_row,"{'regiao': 'No Estado de São Paulo', 'meta_prevista_para_2024': '-', 'meta_prevista_para_2025': '-', 'meta_prevista_para_2026': '-', 'meta_prevista_para_2027': '-', 'quantidade_alcancada__raw': '2', 'data_de_referencia__raw': '31/12/2024', 'sinalizacao_de_necessidade_de_revisao_proximo_exercicio': 'Não', 'notas_do_usuario': 'Foi implementado o Observatório do Mercado de Trabalho em Campinas e Santo André.'}","{'quantidade_alcancada': 2.0, 'data_de_referencia': 31122024.0}"
7db1c4bf-9024-59b0-9f5e-cd24371a05ef,c11b9579-45d1-58de-af90-2c8b6bc73152,27,table,6c1c5b24-b844-5d40-b970-9ccb9f8eff1c,307f2e91-9c47-5c5c-8ba0-c247928fa5b1,Regionalizações da Meta,regionalizacoes_da_meta,table_row,"{'regiao': 'No Estado do Pará', 'meta_prevista_para_2024': '-', 'meta_prevista_para_2025': '-', 'meta_prevista_para_2026': '-', 'meta_prevista_para_2027': '-', 'quantidade_alcancada__raw': '1', 'data_de_referencia__raw': '30/12/2024', 'sinalizacao_de_necessidade_de_revisao_proximo_exercicio': 'Não', 'notas_do_usuario': 'Foi implementado o Observatório do Mercado de Trabalho no Pará.'}","{'quantidade_alcancada': 1.0, 'data_de_referencia': 30122024.0}"
0f1f50c9-df15-5c6b-ac73-31f015e7d15b,c11b9579-45d1-58de-af90-2c8b6bc73152,28,table,f66194a4-92db-5dbe-a179-781c54cba61f,395d16c5-aa25-5189-9ddb-e6ce1adf037e,"Entrega: 0932 - Construção de cenários e projeções de trabalho, emprego e renda, utilizando mecanismos de inteligência artificial",entrega_0932_construcao_de_cenarios_e_projecoes_de_trabalho_emprego_e_renda_utilizando_mecanismos_de_inteligencia_artificial,table_row,"{'no_estado_do_rio_de_janeiro': 'No Estado do Rio Grande do Norte', 'untitled': '-', 'untitled_2': '-', 'untitled_3': '-', 'untitled_4': '-', '2_31_12_2024__raw': '1 31/12/2024', 'nao': 'Não', 'foi_implementado_o_observatorio_do_mercado_de_trabalho_no_estado_do_rio_de_janeiro_e_na_capital': 'Foi implementado o Observatório do Mercado de Trabalho no Rio Grande do Norte.'}",{'2_31_12_2024': 131122024.0}
40c5dd79-6926-5517-aaa0-7005d2529773,c11b9579-45d1-58de-af90-2c8b6bc73152,28,table,f66194a4-92db-5dbe-a179-781c54cba61f,395d16c5-aa25-5189-9ddb-e6ce1adf037e,"Entrega: 0932 - Construção de cenários e projeções de trabalho, emprego e renda, utilizando mecanismos de inteligência artificial",entrega_0932_construcao_de_cenarios_e_projecoes_de_trabalho_emprego_e_renda_utilizando_mecanismos_de_inteligencia_artificial,table_row,"{'no_estado_do_rio_de_janeiro': 'No Estado do Rio Grande do Sul', 'untitled': '-', 'untitled_2': '-', 'untitled_3': '-', 'untitled_4': '-', '2_31_12_2024__raw': '1 31/12/2024', 'nao': 'Não', 'foi_implementado_o_observatorio_do_mercado_de_trabalho_no_estado_do_rio_de_janeiro_e_na_capital': 'Foi implementado o Observatório do Mercado de Trabalho no Rio Grande do Sul.'}",{'2_31_12_2024': 131122024.0}
926e5678-5757-56fd-975a-9baf2a77ef32,c11b9579-45d1-58de-af90-2c8b6bc73152,42,table,d59633bc-08cb-5c42-a10f-9516674f9f6c,65ef5426-ceda-5470-8048-6c0c7554b1e9,Informações do Monitoramento,informacoes_do_monitoramento,table_row,"{'regiao': 'No Distrito Federal', 'meta_prevista_para_2024': '-', 'meta_prevista_para_2025': '-', 'meta_prevista_para_2026': '-', 'meta_prevista_para_2027': '-', 'quantidade_alcancada__raw': '6', 'data_de_referencia__raw': '09/01/2025', 'sinalizacao_de_necessidade_de_revisao_proximo_exercicio': 'Não', 'notas_do_usuario': 'Não informado'}","{'quantidade_alcancada': 6.0, 'data_de_referencia': 9012025.0}"
8b61e265-ac92-5f7a-a33d-8e968816cabd,c11b9579-45d1-58de-af90-2c8b6bc73152,42,table,d59633bc-08cb-5c42-a10f-9516674f9f6c,65ef5426-ceda-5470-8048-6c0c7554b1e9,Informações do Monitoramento,informacoes_do_monitoramento,table_row,"{'regiao': 'No Estado da Bahia', 'meta_prevista_para_2024': '-', 'meta_prevista_para_2025': '-', 'meta_prevista_para_2026': '-', 'meta_prevista_para_2027': '-', 'quantidade_alcancada__raw': '8', 'data_de_referencia__raw': '09/01/2025', 'sinalizacao_de_necessidade_de_revisao_proximo_exercicio': 'Não', 'notas_do_usuario': 'Não informado'}","{'quantidade_alcancada': 8.0, 'data_de_referencia': 9012025.0}"
588a6884-e2c6-563c-8dff-a1df68df1a54,c11b9579-45d1-58de-af90-2c8b6bc73152,42,table,d59633bc-08cb-5c42-a10f-9516674f9f6c,65ef5426-ceda-5470-8048-6c0c7554b1e9,Informações do Monitoramento,informacoes_do_monitoramento,table_row,"{'regiao': 'No Estado de Alagoas', 'meta_prevista_para_2024': '-', 'meta_prevista_para_2025': '-', 'meta_prevista_para_2026': '-', 'meta_prevista_para_2027': '-', 'quantidade_alcancada__raw': '3', 'data_de_referencia__raw': '09/01/2025', 'sinalizacao_de_necessidade_de_revisao_proximo_exercicio': 'Não', 'notas_do_usuario': 'Não informado'}","{'quantidade_alcancada': 3.0, 'data_de_referencia': 9012025.0}"
e738117f-2121-5bbd-99e7-9112bea09550,c11b9579-45d1-58de-af90-2c8b6bc73152,42,table,d59633bc-08cb-5c42-a10f-9516674f9f6c,65ef5426-ceda-5470-8048-6c0c7554b1e9,Informações do Monitoramento,informacoes_do_monitoramento,table_row,"{'regiao': 'No Estado de Pernambuco', 'meta_prevista_para_2024': '-', 'meta_prevista_para_2025': '-', 'meta_prevista_para_2026': '-', 'meta_prevista_para_2027': '-', 'quantidade_alcancada__raw': '4', 'data_de_referencia__raw': '09/01/2025', 'sinalizacao_de_necessidade_de_revisao_proximo_exercicio': 'Não', 'notas_do_usuario': 'Não informado'}","{'quantidade_alcancada': 4.0, 'data_de_referencia': 9012025.0}"
d65835b7-e034-57b7-9cbe-3f74887eec4d,c11b9579-45d1-58de-af90-2c8b6bc73152,42,table,d59633bc-08cb-5c42-a10f-9516674f9f6c,65ef5426-ceda-5470-8048-6c0c7554b1e9,Informações do Monitoramento,informacoes_do_monitoramento,table_row,"{'regiao': 'No Estado de', 'meta_prevista_para_2024': '-', 'meta_prevista_para_2025': '-', 'meta_prevista_para_2026': '-', 'meta_prevista_para_2027': '-', 'quantidade_alcancada__raw': '1', 'data_de_referencia__raw': '09/01/2025', 'sinalizacao_de_necessidade_de_revisao_proximo_exercicio': 'Não', 'notas_do_usuario': 'Não'}","{'quantidade_alcancada': 1.0, 'data_de_referencia': 9012025.0}"
a38e1ac9-875c-57aa-a8ba-a76a2227701f,c11b9579-45d1-58de-af90-2c8b6bc73152,43,table,d82417a0-a161-5fae-b570-6f82b0c112e3,7a292cb6-1ab3-5bda-ac72-6ea42799f7ed,Quantitativa::,quantitativa,table_row,"{'rondonia': 'No Estado de Roraima', 'column_2': '-', 'column_3': '-', 'column_4': '-', 'column_5': '-', 'column_6__raw': '2', 'column_7__raw': '09/01/2025', 'column_8': 'Não', 'informado': 'Não informado'}","{'column_6': 2.0, 'column_7': 9012025.0}"
41098cc9-1585-51f4-9d5c-fe1f8f97e53e,c11b9579-45d1-58de-af90-2c8b6bc73152,43,table,d82417a0-a161-5fae-b570-6f82b0c112e3,7a292cb6-1ab3-5bda-ac72-6ea42799f7ed,Quantitativa::,quantitativa,table_row,"{'rondonia': 'No Estado de Sergipe', 'column_2': '-', 'column_3': '-', 'column_4': '-', 'column_5': '-', 'column_6__raw': '3', 'column_7__raw': '09/01/2025', 'column_8': 'Não', 'informado': 'Não informado'}","{'column_6': 3.0, 'column_7': 9012025.0}"
1177d1fc-e276-5fd4-bff9-b875a29bbc0f,c11b9579-45d1-58de-af90-2c8b6bc73152,43,table,d82417a0-a161-5fae-b570-6f82b0c112e3,7a292cb6-1ab3-5bda-ac72-6ea42799f7ed,Quantitativa::,quantitativa,table_row,"{'rondonia': 'No Estado do Ceará', 'column_2': '-', 'column_3': '-', 'column_4': '-', 'column_5': '-', 'column_6__raw': '8', 'column_7__raw': '09/01/2025', 'column_8': 'Não', 'informado': 'Não informado'}","{'column_6': 8.0, 'column_7': 9012025.0}"
dc6e3121-2aae-5b51-99e9-d96bc9f4a994,c11b9579-45d1-58de-af90-2c8b6bc73152,43,table,d82417a0-a161-5fae-b570-6f82b0c112e3,7a292cb6-1ab3-5bda-ac72-6ea42799f7ed,Quantitativa::,quantitativa,table_row,"{'rondonia': 'No Estado do Espírito Santo', 'column_2': '-', 'column_3': '-', 'column_4': '-', 'column_5': '-', 'column_6__raw': '3', 'column_7__raw': '09/01/2025', 'column_8': 'Não', 'informado': 'Não informado'}","{'column_6': 3.0, 'column_7': 9012025.0}"
05f90288-9ca0-5b2c-94e8-f8ce3bbe77b5,c11b9579-45d1-58de-af90-2c8b6bc73152,43,table,d82417a0-a161-5fae-b570-6f82b0c112e3,7a292cb6-1ab3-5bda-ac72-6ea42799f7ed,Quantitativa::,quantitativa,table_row,"{'rondonia': 'No Estado do Pará', 'column_2': '-', 'column_3': '-', 'column_4': '-', 'column_5': '-', 'column_6__raw': '1', 'column_7__raw': '09/01/2025', 'column_8': 'Não', 'informado': 'Não informado'}","{'column_6': 1.0, 'column_7': 9012025.0}"
0cd9a455-3b19-51d3-980f-f093200ab165,c11b9579-45d1-58de-af90-2c8b6bc73152,43,table,d82417a0-a161-5fae-b570-6f82b0c112e3,7a292cb6-1ab3-5bda-ac72-6ea42799f7ed,Quantitativa::,quantitativa,table_row,"{'rondonia': 'No Estado do Piauí', 'column_2': '-', 'column_3': '-', 'column_4': '-', 'column_5': '-', 'column_6__raw': '2', 'column_7__raw': '09/01/2025', 'column_8': 'Não', 'informado': 'Não informado'}","{'column_6': 2.0, 'column_7': 9012025.0}"
b68b1be2-c558-5928-8759-148770a87bf9,c11b9579-45d1-58de-af90-2c8b6bc73152,43,table,d82417a0-a161-5fae-b570-6f82b0c112e3,7a292cb6-1ab3-5bda-ac72-6ea42799f7ed,Quantitativa::,quantitativa,table_row,"{'rondonia': 'No Estado do Rio de Janeiro', 'column_2': '-', 'column_3': '-', 'column_4': '-', 'column_5': '-', 'column_6__raw': '1', 'column_7__raw': '09/01/2025', 'column_8': 'Não', 'informado': 'Não informado'}","{'column_6': 1.0, 'column_7': 9012025.0}"
f4372370-c84c-5670-86e7-48cb737f16c0,c11b9579-45d1-58de-af90-2c8b6bc73152,43,table,d82417a0-a161-5fae-b570-6f82b0c112e3,7a292cb6-1ab3-5bda-ac72-6ea42799f7ed,Quantitativa::,quantitativa,table_row,"{'rondonia': 'No Estado do Rio Grande do Norte', 'column_2': '-', 'column_3': '-', 'column_4': '-', 'column_5': '-', 'column_6__raw': '9', 'column_7__raw': '09/01/2025', 'column_8': 'Não', 'informado': 'Não informado'}","{'column_6': 9.0, 'column_7': 9012025.0}"
70fef959-02c0-54f5-ab9c-8dc57e3f8ea0,c11b9579-45d1-58de-af90-2c8b6bc73152,43,table,d82417a0-a161-5fae-b570-6f82b0c112e3,7a292cb6-1ab3-5bda-ac72-6ea42799f7ed,Quantitativa::,quantitativa,table_row,"{'rondonia': 'No Estado do Rio Grande do Sul', 'column_2': '-', 'column_3': '-', 'column_4': '-', 'column_5': '-', 'column_6__raw': '3', 'column_7__raw': '09/01/2025', 'column_8': 'Não', 'informado': 'Não informado'}","{'column_6': 3.0, 'column_7': 9012025.0}"
62dcd490-8792-51e3-bd33-ce6b181a3392,c11b9579-45d1-58de-af90-2c8b6bc73152,44,table,4a3f638e-7d95-55d5-9304-84118d3f1022,8f2aa3ea-f791-5272-b272-00f5b44df45b,Quantidade alcançada: 11,quantidade_alcancada_11,table_row,"{'regiao': 'No Distrito Federal', 'meta_prevista_para_2024': '-', 'meta_prevista_para_2025': '-', 'meta_prevista_para_2026': '-', 'meta_prevista_para_2027': '-', 'quantidade_alcancada__raw': '1', 'data_de_referencia__raw': '09/01/2025', 'sinalizacao_de_necessidade_de_revisao_proximo_exercicio': 'Não', 'notas_do_usuario': 'Não informado'}","{'quantidade_alcancada': 1.0, 'data_de_referencia': 9012025.0}"
29e116e7-7095-5752-8723-ebcb2fa6f7b5,c11b9579-45d1-58de-af90-2c8b6bc73152,44,table,4a3f638e-7d95-55d5-9304-84118d3f1022,8f2aa3ea-f791-5272-b272-00f5b44df45b,Quantidade alcançada: 11,quantidade_alcancada_11,table_row,"{'regiao': 'No Estado da Bahia', 'meta_prevista_para_2024': '-', 'meta_prevista_para_2025': '-', 'meta_prevista_para_2026': '-', 'meta_prevista_para_2027': '-', 'quantidade_alcancada__raw': '2', 'data_de_referencia__raw': '09/01/2025', 'sinalizacao_de_necessidade_de_revisao_proximo_exercicio': 'Não', 'notas_do_usuario': 'Não informado'}","{'quantidade_alcancada': 2.0, 'data_de_referencia': 9012025.0}"
f0a58f53-9b39-56a9-b748-57c2d0d75848,c11b9579-45d1-58de-af90-2c8b6bc73152,44,table,4a3f638e-7d95-55d5-9304-84118d3f1022,8f2aa3ea-f791-5272-b272-00f5b44df45b,Quantidade alcançada: 11,quantidade_alcancada_11,table_row,"{'regiao': 'No Estado de Alagoas', 'meta_prevista_para_2024': '-', 'meta_prevista_para_2025': '-', 'meta_prevista_para_2026': '-', 'meta_prevista_para_2027': '-', 'quantidade_alcancada__raw': '1', 'data_de_referencia__raw': '09/01/2025', 'sinalizacao_de_necessidade_de_revisao_proximo_exercicio': 'Não', 'notas_do_usuario': 'Não informado'}","{'quantidade_alcancada': 1.0, 'data_de_referencia': 9012025.0}"
5bc5ffc6-f3c3-5018-809f-203c1d655352,c11b9579-45d1-58de-af90-2c8b6bc73152,44,table,4a3f638e-7d95-55d5-9304-84118d3f1022,8f2aa3ea-f791-5272-b272-00f5b44df45b,Quantidade alcançada: 11,quantidade_alcancada_11,table_row,"{'regiao': 'No Estado de Pernambuco', 'meta_prevista_para_2024': '-', 'meta_prevista_para_2025': '-', 'meta_prevista_para_2026': '-', 'meta_prevista_para_2027': '-', 'quantidade_alcancada__raw': '1', 'data_de_referencia__raw': '09/01/2025', 'sinalizacao_de_necessidade_de_revisao_proximo_exercicio': 'Não', 'notas_do_usuario': 'Não informado'}","{'quantidade_alcancada': 1.0, 'data_de_referencia': 9012025.0}"
a4779243-1e04-5501-ba46-cacabe5b0c0a,c11b9579-45d1-58de-af90-2c8b6bc73152,44,table,4a3f638e-7d95-55d5-9304-84118d3f1022,8f2aa3ea-f791-5272-b272-00f5b44df45b,Quantidade alcançada: 11,quantidade_alcancada_11,table_row,"{'regiao': 'No Estado de Sergipe', 'meta_prevista_para_2024': '-', 'meta_prevista_para_2025': '-', 'meta_prevista_para_2026': '-', 'meta_prevista_para_2027': '-', 'quantidade_alcancada__raw': '1', 'data_de_referencia__raw': '09/01/2025', 'sinalizacao_de_necessidade_de_revisao_proximo_exercicio': 'Não', 'notas_do_usuario': 'Não informado'}","{'quantidade_alcancada': 1.0, 'data_de_referencia': 9012025.0}"
17375efd-cce9-5c28-8bca-8f302e9f187c,c11b9579-45d1-58de-af90-2c8b6bc73152,44,table,4a3f638e-7d95-55d5-9304-84118d3f1022,8f2aa3ea-f791-5272-b272-00f5b44df45b,Quantidade alcançada: 11,quantidade_alcancada_11,table_row,"{'regiao': 'No Estado do Ceará', 'meta_prevista_para_2024': '-', 'meta_prevista_para_2025': '-', 'meta_prevista_para_2026': '-', 'meta_prevista_para_2027': '-', 'quantidade_alcancada__raw': '2', 'data_de_referencia__raw': '09/01/2025', 'sinalizacao_de_necessidade_de_revisao_proximo_exercicio': 'Não', 'notas_do_usuario': 'Não informado'}","{'quantidade_alcancada': 2.0, 'data_de_referencia': 9012025.0}"
8a5e1400-ba75-507f-a52f-e33162bce455,c11b9579-45d1-58de-af90-2c8b6bc73152,44,table,4a3f638e-7d95-55d5-9304-84118d3f1022,8f2aa3ea-f791-5272-b272-00f5b44df45b,Quantidade alcançada: 11,quantidade_alcancada_11,table_row,"{'regiao': 'No Estado do Espírito Santo', 'meta_prevista_para_2024': '-', 'meta_prevista_para_2025': '-', 'meta_prevista_para_2026': '-', 'meta_prevista_para_2027': '-', 'quantidade_alcancada__raw': '1', 'data_de_referencia__raw': '09/01/2025', 'sinalizacao_de_necessidade_de_revisao_proximo_exercicio': 'Não', 'notas_do_usuario': 'Não informado'}","{'quantidade_alcancada': 1.0, 'data_de_referencia': 9012025.0}"
e2e0d256-ecbc-5073-8b12-1900c499aa06,c11b9579-45d1-58de-af90-2c8b6bc73152,44,table,4a3f638e-7d95-55d5-9304-84118d3f1022,8f2aa3ea-f791-5272-b272-00f5b44df45b,Quantidade alcançada: 11,quantidade_alcancada_11,table_row,"{'regiao': 'No Estado do Rio', 'meta_prevista_para_2024': '-', 'meta_prevista_para_2025': '-', 'meta_prevista_para_2026': '-', 'meta_prevista_para_2027': '-', 'quantidade_alcancada__raw': '1', 'data_de_referencia__raw': '09/01/2025', 'sinalizacao_de_necessidade_de_revisao_proximo_exercicio': 'Não', 'notas_do_usuario': 'Não'}","{'quantidade_alcancada': 1.0, 'data_de_referencia': 9012025.0}"
3adf0af8-acc5-539e-a0e0-8b4f5968c838,c11b9579-45d1-58de-af90-2c8b6bc73152,45,table,9aa7d70a-c27a-5771-8432-51d2260702ef,135b7579-c184-531f-bdef-bf5a318a3318,Informações do Monitoramento,informacoes_do_monitoramento,table_row,"{'0': 'Grande do Norte', '1': '', '2': '', '3': '', '4': '', '5': '', '6': 'informado'}",{}
1df9d295-faba-54d1-8b53-49343a4f528d,c11b9579-45d1-58de-af90-2c8b6bc73152,45,table,9aa7d70a-c27a-5771-8432-51d2260702ef,135b7579-c184-531f-bdef-bf5a318a3318,Informações do Monitoramento,informacoes_do_monitoramento,table_row,"{'0': 'No Estado do Rio Grande do Sul', '1': '-', '2': '-', '3': '-', '4__raw': '09/01/2025', '5': 'Não', '6': 'Não informado'}",{'4': 9012025.0}
789c3702-9e59-5ea9-a1d0-ed7c8f49a53c,c11b9579-45d1-58de-af90-2c8b6bc73152,45,table,a70401bf-13d1-507e-af6a-67f3c6997ba3,135b7579-c184-531f-bdef-bf5a318a3318,Informações do Monitoramento,informacoes_do_monitoramento,table_row,{'0': 'Quantitativa:: Sim Meta prevista para 2024: 8 Meta prevista para 2025: 8 Meta prevista para 2026: 12 Meta prevista para 2027: 12'},{}
7ab9e0c0-5087-5f1b-9316-fe04432e87b4,c11b9579-45d1-58de-af90-2c8b6bc73152,45,table,eb404fe7-1a84-57eb-ac7e-7ff0a834b96c,135b7579-c184-531f-bdef-bf5a318a3318,Informações do Monitoramento,informacoes_do_monitoramento,table_row,"{'0': 'Quantidade alcançada: 15 Data de Referência: 09/01/2025 Análise geral da realização temáticas vinculadas ao país. Dentre essas estratégias, interseccional e'}",{}
a2ba4ca3-a24f-58ed-9db4-de0d327c5a99,c11b9579-45d1-58de-af90-2c8b6bc73152,45,table,eb404fe7-1a84-57eb-ac7e-7ff0a834b96c,135b7579-c184-531f-bdef-bf5a318a3318,Informações do Monitoramento,informacoes_do_monitoramento,table_row,"{'0': 'da Entrega: Do total previsto de 8 estratégias de comunicação em saúde para enfrentamento das desigualdades das programa, a SGTES celebrou projetos que representaram 15 estratégias de comunicação, em execução em todas as regiões do cita-se a realização de campanhas educativas focadas na promoção e proteção da saúde das trabalhadoras na interprofissional; produção de conteúdos inclusivas de comunicação como podcasts, videocasts, abordando temáticas como, iniquidades, identidade e violência de gênero, saúde mental, sexual e reprodutiva; produção de e-books e boletins informativos em saúde sobre boas práticas para a saúde física, mental e profissional; elaboração de campanhas de informação e material de divulgação sobre equidade de gênero, identidade de gênero, raça, etnia, sexualidade e etarismo na saúde; estratégias de comunicação com abordagem de questões de desigualdades na saúde com foco na da equidade de gênero, identidade de gênero, raça etnia, sexualidade, etarismo, capacitismo de forma sensível e eficaz. A partir da celebração dos de fomento, novos produtos foram incluídos: produção de documentário sobre a realidade das trabalhadoras da saúde, podcasts, website sobre o Observatório da Violência de Gênero, sofridas pelas trabalhadoras da enfermagem, campanhas sobre violência de gênero, desenvolvimento de materiais educativos, entre outras. Tais estratégias relacionam-se com as Agendas Transversais de Mulheres e Igualdade Racial, contemplando propostas de e divulgação de conteúdos voltados para promoção da igualdade étnico-racial, combate ao racismo, combate ao assédio e à violência no âmbito do trabalho no SUS e igualdade de decisão e poder para as Mulheres.'}",{}
19856f0f-386f-5e80-a5c6-9b30d035d411,c11b9579-45d1-58de-af90-2c8b6bc73152,45,table,eb404fe7-1a84-57eb-ac7e-7ff0a834b96c,135b7579-c184-531f-bdef-bf5a318a3318,Informações do Monitoramento,informacoes_do_monitoramento,table_row,{'0': 'perspectiva promoção termos criação'},{}
463ff870-9412-5246-81c7-6c93776b551e,c11b9579-45d1-58de-af90-2c8b6bc73152,45,table,eb404fe7-1a84-57eb-ac7e-7ff0a834b96c,135b7579-c184-531f-bdef-bf5a318a3318,Informações do Monitoramento,informacoes_do_monitoramento,table_row,{'0': 'Sinalização de necessidade de revisão - próximo exercício: Sim'},{}
724dcc27-b6ac-5113-99d0-504817514749,c11b9579-45d1-58de-af90-2c8b6bc73152,46,table,ca66bdef-2a4e-57fe-9e83-64e10d58fd53,9298365c-312e-51af-bb99-b9188cd98f67,Regionalizações da Meta,regionalizacoes_da_meta,table_row,"{'regiao': 'No Distrito Federal', 'meta_prevista_para_2024': '-', 'meta_prevista_para_2025': '-', 'meta_prevista_para_2026': '-', 'meta_prevista_para_2027': '-', 'quantidade_alcancada__raw': '1', 'data_de_referencia__raw': '09/01/2025', 'sinalizacao_de_necessidade_de_revisao_proximo_exercicio': 'Não', 'notas_do_usuario': 'Não informado'}","{'quantidade_alcancada': 1.0, 'data_de_referencia': 9012025.0}"
550a3e05-d7bd-5a0c-bf51-8cba36f9ffc6,c11b9579-45d1-58de-af90-2c8b6bc73152,46,table,ca66bdef-2a4e-57fe-9e83-64e10d58fd53,9298365c-312e-51af-bb99-b9188cd98f67,Regionalizações da Meta,regionalizacoes_da_meta,table_row,"{'regiao': 'No Estado da Bahia', 'meta_prevista_para_2024': '-', 'meta_prevista_para_2025': '-', 'meta_prevista_para_2026': '-', 'meta_prevista_para_2027': '-', 'quantidade_alcancada__raw': '1', 'data_de_referencia__raw': '09/01/2025', 'sinalizacao_de_necessidade_de_revisao_proximo_exercicio': 'Não', 'notas_do_usuario': 'Não informado'}","{'quantidade_alcancada': 1.0, 'data_de_referencia': 9012025.0}"
222938ed-8474-578a-8b35-53092c1fb79d,c11b9579-45d1-58de-af90-2c8b6bc73152,46,table,ca66bdef-2a4e-57fe-9e83-64e10d58fd53,9298365c-312e-51af-bb99-b9188cd98f67,Regionalizações da Meta,regionalizacoes_da_meta,table_row,"{'regiao': 'No Estado de Alagoas', 'meta_prevista_para_2024': '-', 'meta_prevista_para_2025': '-', 'meta_prevista_para_2026': '-', 'meta_prevista_para_2027': '-', 'quantidade_alcancada__raw': '1', 'data_de_referencia__raw': '09/01/2025', 'sinalizacao_de_necessidade_de_revisao_proximo_exercicio': 'Não', 'notas_do_usuario': 'Não informado'}","{'quantidade_alcancada': 1.0, 'data_de_referencia': 9012025.0}"
4105f9ba-be02-53ee-b1ab-622666aa39fd,c11b9579-45d1-58de-af90-2c8b6bc73152,46,table,ca66bdef-2a4e-57fe-9e83-64e10d58fd53,9298365c-312e-51af-bb99-b9188cd98f67,Regionalizações da Meta,regionalizacoes_da_meta,table_row,"{'regiao': 'No Estado de Pernambuco', 'meta_prevista_para_2024': '-', 'meta_prevista_para_2025': '-', 'meta_prevista_para_2026': '-', 'meta_prevista_para_2027': '-', 'quantidade_alcancada__raw': '1', 'data_de_referencia__raw': '09/01/2025', 'sinalizacao_de_necessidade_de_revisao_proximo_exercicio': 'Não', 'notas_do_usuario': 'Não informado'}","{'quantidade_alcancada': 1.0, 'data_de_referencia': 9012025.0}"
8d2ebada-96eb-5467-bf61-fb1626b8d541,c11b9579-45d1-58de-af90-2c8b6bc73152,46,table,ca66bdef-2a4e-57fe-9e83-64e10d58fd53,9298365c-312e-51af-bb99-b9188cd98f67,Regionalizações da Meta,regionalizacoes_da_meta,table_row,"{'regiao': 'No Estado de Roraima', 'meta_prevista_para_2024': '-', 'meta_prevista_para_2025': '-', 'meta_prevista_para_2026': '-', 'meta_prevista_para_2027': '-', 'quantidade_alcancada__raw': '1', 'data_de_referencia__raw': '09/01/2025', 'sinalizacao_de_necessidade_de_revisao_proximo_exercicio': 'Não', 'notas_do_usuario': 'Não informado'}","{'quantidade_alcancada': 1.0, 'data_de_referencia': 9012025.0}"
98dedee9-9b5b-5214-bd39-0f30713bab30,c11b9579-45d1-58de-af90-2c8b6bc73152,46,table,ca66bdef-2a4e-57fe-9e83-64e10d58fd53,9298365c-312e-51af-bb99-b9188cd98f67,Regionalizações da Meta,regionalizacoes_da_meta,table_row,"{'regiao': 'No Estado de Sergipe', 'meta_prevista_para_2024': '-', 'meta_prevista_para_2025': '-', 'meta_prevista_para_2026': '-', 'meta_prevista_para_2027': '-', 'quantidade_alcancada__raw': '1', 'data_de_referencia__raw': '09/01/2025', 'sinalizacao_de_necessidade_de_revisao_proximo_exercicio': 'Não', 'notas_do_usuario': 'Não informado'}","{'quantidade_alcancada': 1.0, 'data_de_referencia': 9012025.0}"
fc70c424-7356-5e99-bea7-9bc05749450f,c11b9579-45d1-58de-af90-2c8b6bc73152,46,table,ca66bdef-2a4e-57fe-9e83-64e10d58fd53,9298365c-312e-51af-bb99-b9188cd98f67,Regionalizações da Meta,regionalizacoes_da_meta,table_row,"{'regiao': 'No Estado do Ceará', 'meta_prevista_para_2024': '-', 'meta_prevista_para_2025': '-', 'meta_prevista_para_2026': '-', 'meta_prevista_para_2027': '-', 'quantidade_alcancada__raw': '2', 'data_de_referencia__raw': '09/01/2025', 'sinalizacao_de_necessidade_de_revisao_proximo_exercicio': 'Não', 'notas_do_usuario': 'Não informado'}","{'quantidade_alcancada': 2.0, 'data_de_referencia': 9012025.0}"
298d8140-e158-5e6f-bf9c-b59508e381ff,c11b9579-45d1-58de-af90-2c8b6bc73152,46,table,ca66bdef-2a4e-57fe-9e83-64e10d58fd53,9298365c-312e-51af-bb99-b9188cd98f67,Regionalizações da Meta,regionalizacoes_da_meta,table_row,"{'regiao': 'No Estado do Espírito Santo', 'meta_prevista_para_2024': '-', 'meta_prevista_para_2025': '-', 'meta_prevista_para_2026': '-', 'meta_prevista_para_2027': '-', 'quantidade_alcancada__raw': '1', 'data_de_referencia__raw': '09/01/2025', 'sinalizacao_de_necessidade_de_revisao_proximo_exercicio': 'Não', 'notas_do_usuario': 'Não informado'}","{'quantidade_alcancada': 1.0, 'data_de_referencia': 9012025.0}"
81324fea-94db-531d-adca-e53b5ac39209,c11b9579-45d1-58de-af90-2c8b6bc73152,46,table,ca66bdef-2a4e-57fe-9e83-64e10d58fd53,9298365c-312e-51af-bb99-b9188cd98f67,Regionalizações da Meta,regionalizacoes_da_meta,table_row,"{'regiao': 'No Estado do Piauí', 'meta_prevista_para_2024': '-', 'meta_prevista_para_2025': '-', 'meta_prevista_para_2026': '-', 'meta_prevista_para_2027': '-', 'quantidade_alcancada__raw': '1', 'data_de_referencia__raw': '09/01/2025', 'sinalizacao_de_necessidade_de_revisao_proximo_exercicio': 'Não', 'notas_do_usuario': 'Não informado'}","{'quantidade_alcancada': 1.0, 'data_de_referencia': 9012025.0}"
8d24cf66-08f3-5599-a957-05db2d045396,c11b9579-45d1-58de-af90-2c8b6bc73152,46,table,ca66bdef-2a4e-57fe-9e83-64e10d58fd53,9298365c-312e-51af-bb99-b9188cd98f67,Regionalizações da Meta,regionalizacoes_da_meta,table_row,"{'regiao': 'No Estado do Rio de Janeiro', 'meta_prevista_para_2024': '-', 'meta_prevista_para_2025': '-', 'meta_prevista_para_2026': '-', 'meta_prevista_para_2027': '-', 'quantidade_alcancada__raw': '1', 'data_de_referencia__raw': '09/01/2025', 'sinalizacao_de_necessidade_de_revisao_proximo_exercicio': 'Não', 'notas_do_usuario': 'Não informado'}","{'quantidade_alcancada': 1.0, 'data_de_referencia': 9012025.0}"
c4706363-06da-5a45-88b7-79ae91de895a,c11b9579-45d1-58de-af90-2c8b6bc73152,46,table,ca66bdef-2a4e-57fe-9e83-64e10d58fd53,9298365c-312e-51af-bb99-b9188cd98f67,Regionalizações da Meta,regionalizacoes_da_meta,table_row,"{'regiao': 'No Estado do Rio Grande do Norte', 'meta_prevista_para_2024': '-', 'meta_prevista_para_2025': '-', 'meta_prevista_para_2026': '-', 'meta_prevista_para_2027': '-', 'quantidade_alcancada__raw': '3', 'data_de_referencia__raw': '09/01/2025', 'sinalizacao_de_necessidade_de_revisao_proximo_exercicio': 'Não', 'notas_do_usuario': 'Não informado'}","{'quantidade_alcancada': 3.0, 'data_de_referencia': 9012025.0}"
81d94749-6fee-5554-b372-c5fc2b5b033a,c11b9579-45d1-58de-af90-2c8b6bc73152,46,table,ca66bdef-2a4e-57fe-9e83-64e10d58fd53,9298365c-312e-51af-bb99-b9188cd98f67,Regionalizações da Meta,regionalizacoes_da_meta,table_row,"{'regiao': 'No Estado do Rio Grande do Sul', 'meta_prevista_para_2024': '-', 'meta_prevista_para_2025': '-', 'meta_prevista_para_2026': '-', 'meta_prevista_para_2027': '-', 'quantidade_alcancada__raw': '1', 'data_de_referencia__raw': '09/01/2025', 'sinalizacao_de_necessidade_de_revisao_proximo_exercicio': 'Não', 'notas_do_usuario': 'Não informado'}","{'quantidade_alcancada': 1.0, 'data_de_referencia': 9012025.0}"
d56a1791-036e-5933-a495-dd8436422636,c11b9579-45d1-58de-af90-2c8b6bc73152,47,table,981995dd-51ba-5d11-9fa3-c2f935ca395a,b2f9ab58-42ed-5a4d-9062-b0ad406751b2,Informações do Monitoramento,informacoes_do_monitoramento,table_row,"{'regiao': 'No Distrito Federal', 'meta_prevista_para_2024': '-', 'meta_prevista_para_2025': '-', 'meta_prevista_para_2026': '-', 'meta_prevista_para_2027': '-', 'quantidade_alcancada__raw': '2', 'data_de_referencia__raw': '09/01/2025', 'sinalizacao_de_necessidade_de_revisao_proximo_exercicio': 'Não', 'notas_do_usuario': 'Não informado'}","{'quantidade_alcancada': 2.0, 'data_de_referencia': 9012025.0}"
aba73549-92b7-51d9-91ff-be527b0a50b9,c11b9579-45d1-58de-af90-2c8b6bc73152,47,table,981995dd-51ba-5d11-9fa3-c2f935ca395a,b2f9ab58-42ed-5a4d-9062-b0ad406751b2,Informações do Monitoramento,informacoes_do_monitoramento,table_row,"{'regiao': 'No Estado da Bahia', 'meta_prevista_para_2024': '-', 'meta_prevista_para_2025': '-', 'meta_prevista_para_2026': '-', 'meta_prevista_para_2027': '-', 'quantidade_alcancada__raw': '4', 'data_de_referencia__raw': '09/01/2025', 'sinalizacao_de_necessidade_de_revisao_proximo_exercicio': 'Não', 'notas_do_usuario': 'Não informado'}","{'quantidade_alcancada': 4.0, 'data_de_referencia': 9012025.0}"
f8119ab7-bfb0-5a4a-a73f-8c4d05e249e8,c11b9579-45d1-58de-af90-2c8b6bc73152,47,table,981995dd-51ba-5d11-9fa3-c2f935ca395a,b2f9ab58-42ed-5a4d-9062-b0ad406751b2,Informações do Monitoramento,informacoes_do_monitoramento,table_row,"{'regiao': 'No Estado de', 'meta_prevista_para_2024': '-', 'meta_prevista_para_2025': '-', 'meta_prevista_para_2026': '-', 'meta_prevista_para_2027': '-', 'quantidade_alcancada__raw': '1', 'data_de_referencia__raw': '09/01/2025', 'sinalizacao_de_necessidade_de_revisao_proximo_exercicio': 'Não', 'notas_do_usuario': 'Não'}","{'quantidade_alcancada': 1.0, 'data_de_referencia': 9012025.0}"
3f11b5d9-721d-5e69-ac6e-30feec1948b4,c11b9579-45d1-58de-af90-2c8b6bc73152,48,table,c386ccb2-2c45-5155-a32e-ea3ba845c5e6,0dcc2f6f-5456-5738-aff5-2a5fdbaa5f21,"Entrega: 1268 - Mobilizadoras/es de equidade de gênero, raça, etnia e valorização das trabalbalhadoras do SUS nas 27 UFs formados",entrega_1268_mobilizadoras_es_de_equidade_de_genero_raca_etnia_e_valorizacao_das_trabalbalhadoras_do_sus_nas_27_ufs_formados,table_row,"{'alagoas': 'No Estado de Pernambuco', 'column_2': '-', 'column_3': '-', 'column_4': '-', 'column_5': '-', 'column_6__raw': '1', 'column_7__raw': '09/01/2025', 'column_8': 'Não', 'informado': 'Não informado'}","{'column_6': 1.0, 'column_7': 9012025.0}"
f975dc98-5345-597a-bf14-cc43c4f22646,c11b9579-45d1-58de-af90-2c8b6bc73152,48,table,c386ccb2-2c45-5155-a32e-ea3ba845c5e6,0dcc2f6f-5456-5738-aff5-2a5fdbaa5f21,"Entrega: 1268 - Mobilizadoras/es de equidade de gênero, raça, etnia e valorização das trabalbalhadoras do SUS nas 27 UFs formados",entrega_1268_mobilizadoras_es_de_equidade_de_genero_raca_etnia_e_valorizacao_das_trabalbalhadoras_do_sus_nas_27_ufs_formados,table_row,"{'alagoas': 'No Estado de Rondônia', 'column_2': '-', 'column_3': '-', 'column_4': '-', 'column_5': '-', 'column_6__raw': '1', 'column_7__raw': '09/01/2025', 'column_8': 'Não', 'informado': 'Não informado'}","{'column_6': 1.0, 'column_7': 9012025.0}"
8bfeeb9f-9cd5-5375-9866-7cd180b8be89,c11b9579-45d1-58de-af90-2c8b6bc73152,48,table,c386ccb2-2c45-5155-a32e-ea3ba845c5e6,0dcc2f6f-5456-5738-aff5-2a5fdbaa5f21,"Entrega: 1268 - Mobilizadoras/es de equidade de gênero, raça, etnia e valorização das trabalbalhadoras do SUS nas 27 UFs formados",entrega_1268_mobilizadoras_es_de_equidade_de_genero_raca_etnia_e_valorizacao_das_trabalbalhadoras_do_sus_nas_27_ufs_formados,table_row,"{'alagoas': 'No Estado de Roraima', 'column_2': '-', 'column_3': '-', 'column_4': '-', 'column_5': '-', 'column_6__raw': '1', 'column_7__raw': '09/01/2025', 'column_8': 'Não', 'informado': 'Não informado'}","{'column_6': 1.0, 'column_7': 9012025.0}"
be789041-51b5-5adb-b08b-05ee277d1da1,c11b9579-45d1-58de-af90-2c8b6bc73152,48,table,c386ccb2-2c45-5155-a32e-ea3ba845c5e6,0dcc2f6f-5456-5738-aff5-2a5fdbaa5f21,"Entrega: 1268 - Mobilizadoras/es de equidade de gênero, raça, etnia e valorização das trabalbalhadoras do SUS nas 27 UFs formados",entrega_1268_mobilizadoras_es_de_equidade_de_genero_raca_etnia_e_valorizacao_das_trabalbalhadoras_do_sus_nas_27_ufs_formados,table_row,"{'alagoas': 'No Estado de Sergipe', 'column_2': '-', 'column_3': '-', 'column_4': '-', 'column_5': '-', 'column_6__raw': '1', 'column_7__raw': '09/01/2025', 'column_8': 'Não', 'informado': 'Não informado'}","{'column_6': 1.0, 'column_7': 9012025.0}"
cc0bbd6c-b725-5b45-aa79-b8945a5973c2,c11b9579-45d1-58de-af90-2c8b6bc73152,48,table,c386ccb2-2c45-5155-a32e-ea3ba845c5e6,0dcc2f6f-5456-5738-aff5-2a5fdbaa5f21,"Entrega: 1268 - Mobilizadoras/es de equidade de gênero, raça, etnia e valorização das trabalbalhadoras do SUS nas 27 UFs formados",entrega_1268_mobilizadoras_es_de_equidade_de_genero_raca_etnia_e_valorizacao_das_trabalbalhadoras_do_sus_nas_27_ufs_formados,table_row,"{'alagoas': 'No Estado do Ceará', 'column_2': '-', 'column_3': '-', 'column_4': '-', 'column_5': '-', 'column_6__raw': '2', 'column_7__raw': '09/01/2025', 'column_8': 'Não', 'informado': 'Não informado'}","{'column_6': 2.0, 'column_7': 9012025.0}"
8345e487-2810-55b7-b8b1-102ead1f7e7f,c11b9579-45d1-58de-af90-2c8b6bc73152,48,table,c386ccb2-2c45-5155-a32e-ea3ba845c5e6,0dcc2f6f-5456-5738-aff5-2a5fdbaa5f21,"Entrega: 1268 - Mobilizadoras/es de equidade de gênero, raça, etnia e valorização das trabalbalhadoras do SUS nas 27 UFs formados",entrega_1268_mobilizadoras_es_de_equidade_de_genero_raca_etnia_e_valorizacao_das_trabalbalhadoras_do_sus_nas_27_ufs_formados,table_row,"{'alagoas': 'No Estado do Espírito Santo', 'column_2': '-', 'column_3': '-', 'column_4': '-', 'column_5': '-', 'column_6__raw': '1', 'column_7__raw': '09/01/2025', 'column_8': 'Não', 'informado': 'Não informado'}","{'column_6': 1.0, 'column_7': 9012025.0}"
e3ebab6a-35e0-5d95-accb-02b5365a0bb1,c11b9579-45d1-58de-af90-2c8b6bc73152,48,table,c386ccb2-2c45-5155-a32e-ea3ba845c5e6,0dcc2f6f-5456-5738-aff5-2a5fdbaa5f21,"Entrega: 1268 - Mobilizadoras/es de equidade de gênero, raça, etnia e valorização das trabalbalhadoras do SUS nas 27 UFs formados",entrega_1268_mobilizadoras_es_de_equidade_de_genero_raca_etnia_e_valorizacao_das_trabalbalhadoras_do_sus_nas_27_ufs_formados,table_row,"{'alagoas': 'No Estado do Pará', 'column_2': '-', 'column_3': '-', 'column_4': '-', 'column_5': '-', 'column_6__raw': '1', 'column_7__raw': '09/01/2025', 'column_8': 'Não', 'informado': 'Não informado'}","{'column_6': 1.0, 'column_7': 9012025.0}"
0eb107ab-5911-57c5-9771-9cfd12ccce63,c11b9579-45d1-58de-af90-2c8b6bc73152,48,table,c386ccb2-2c45-5155-a32e-ea3ba845c5e6,0dcc2f6f-5456-5738-aff5-2a5fdbaa5f21,"Entrega: 1268 - Mobilizadoras/es de equidade de gênero, raça, etnia e valorização das trabalbalhadoras do SUS nas 27 UFs formados",entrega_1268_mobilizadoras_es_de_equidade_de_genero_raca_etnia_e_valorizacao_das_trabalbalhadoras_do_sus_nas_27_ufs_formados,table_row,"{'alagoas': 'No Estado do Rio Grande do Norte', 'column_2': '-', 'column_3': '-', 'column_4': '-', 'column_5': '-', 'column_6__raw': '3', 'column_7__raw': '09/01/2025', 'column_8': 'Não', 'informado': 'Não informado'}","{'column_6': 3.0, 'column_7': 9012025.0}"
c9ab7622-1e83-542f-a89c-c2fca22e25d7,c11b9579-45d1-58de-af90-2c8b6bc73152,48,table,c386ccb2-2c45-5155-a32e-ea3ba845c5e6,0dcc2f6f-5456-5738-aff5-2a5fdbaa5f21,"Entrega: 1268 - Mobilizadoras/es de equidade de gênero, raça, etnia e valorização das trabalbalhadoras do SUS nas 27 UFs formados",entrega_1268_mobilizadoras_es_de_equidade_de_genero_raca_etnia_e_valorizacao_das_trabalbalhadoras_do_sus_nas_27_ufs_formados,table_row,"{'alagoas': 'No Estado do Rio Grande do Sul', 'column_2': '-', 'column_3': '-', 'column_4': '-', 'column_5': '-', 'column_6__raw': '1', 'column_7__raw': '09/01/2025', 'column_8': 'Não', 'informado': 'Não informado'}","{'column_6': 1.0, 'column_7': 9012025.0}"
4fae7ce2-15f6-5050-8d7e-e8491b0b35fe,c11b9579-45d1-58de-af90-2c8b6bc73152,53,table,58f056b0-2ef0-59d5-9644-f67708aeb420,23701d4d-15be-5998-a5a5-aeb4c9fcd27f,Entrega: 1673 - Cobertura das notificações de violência interpessoal e autoprovocada aumentada,entrega_1673_cobertura_das_notificacoes_de_violencia_interpessoal_e_autoprovocada_aumentada,table_row,"{'regiao': 'No Estado da Bahia', 'meta_prevista_para_2024': '-', 'meta_prevista_para_2025': '-', 'meta_prevista_para_2026': '-', 'meta_prevista_para_2027': '-', 'quantidade_alcancada__raw': '82,3', 'data_de_referencia__raw': '31/12/2024', 'sinalizacao_de_necessidade_de_revisao_proximo_exercicio': 'Não', 'notas_do_usuario': 'Não informado'}","{'quantidade_alcancada': 82.3, 'data_de_referencia': 31122024.0}"
10aa9b9e-63de-5bca-b6b5-2acee9b3776e,c11b9579-45d1-58de-af90-2c8b6bc73152,53,table,58f056b0-2ef0-59d5-9644-f67708aeb420,23701d4d-15be-5998-a5a5-aeb4c9fcd27f,Entrega: 1673 - Cobertura das notificações de violência interpessoal e autoprovocada aumentada,entrega_1673_cobertura_das_notificacoes_de_violencia_interpessoal_e_autoprovocada_aumentada,table_row,"{'regiao': 'No Estado da Paraíba', 'meta_prevista_para_2024': '-', 'meta_prevista_para_2025': '-', 'meta_prevista_para_2026': '-', 'meta_prevista_para_2027': '-', 'quantidade_alcancada__raw': '64,1', 'data_de_referencia__raw': '31/12/2024', 'sinalizacao_de_necessidade_de_revisao_proximo_exercicio': 'Não', 'notas_do_usuario': 'Não informado'}","{'quantidade_alcancada': 64.1, 'data_de_referencia': 31122024.0}"
edb587b0-7186-5a97-b4af-03a4bd6d0402,c11b9579-45d1-58de-af90-2c8b6bc73152,53,table,58f056b0-2ef0-59d5-9644-f67708aeb420,23701d4d-15be-5998-a5a5-aeb4c9fcd27f,Entrega: 1673 - Cobertura das notificações de violência interpessoal e autoprovocada aumentada,entrega_1673_cobertura_das_notificacoes_de_violencia_interpessoal_e_autoprovocada_aumentada,table_row,"{'regiao': 'No Estado de', 'meta_prevista_para_2024': '-', 'meta_prevista_para_2025': '-', 'meta_prevista_para_2026': '-', 'meta_prevista_para_2027': '-', 'quantidade_alcancada__raw': '90,2', 'data_de_referencia__raw': '31/12/2024', 'sinalizacao_de_necessidade_de_revisao_proximo_exercicio': 'Não', 'notas_do_usuario': 'Não'}","{'quantidade_alcancada': 90.2, 'data_de_referencia': 31122024.0}"
6379045d-ffc0-5343-a602-25ae1468839a,c11b9579-45d1-58de-af90-2c8b6bc73152,54,table,6d4909e9-ebbc-571f-8940-25d9dc3e3958,,,table,table_row,"{'alagoas': 'No Estado de Minas Gerais', 'column_2': '-', 'column_3': '-', 'column_4': '-', 'column_5': '-', 'column_6__raw': '91,1', 'column_7__raw': '31/12/2024', 'column_8': 'Não', 'informado': 'Não informado'}","{'column_6': 91.1, 'column_7': 31122024.0}"
874597c5-b3d6-534b-8efd-75c59384617f,c11b9579-45d1-58de-af90-2c8b6bc73152,54,table,6d4909e9-ebbc-571f-8940-25d9dc3e3958,,,table,table_row,"{'alagoas': 'No Estado de Pernambuco', 'column_2': '-', 'column_3': '-', 'column_4': '-', 'column_5': '-', 'column_6__raw': '92,4', 'column_7__raw': '31/12/2024', 'column_8': 'Não', 'informado': 'Não informado'}","{'column_6': 92.4, 'column_7': 31122024.0}"
879c0900-be99-542e-898e-19db1914d81a,c11b9579-45d1-58de-af90-2c8b6bc73152,54,table,6d4909e9-ebbc-571f-8940-25d9dc3e3958,,,table,table_row,"{'alagoas': 'No Estado de Rondônia', 'column_2': '-', 'column_3': '-', 'column_4': '-', 'column_5': '-', 'column_6__raw': '94,2', 'column_7__raw': '31/12/2024', 'column_8': 'Não', 'informado': 'Não informado'}","{'column_6': 94.2, 'column_7': 31122024.0}"
1e6ebfe9-7f65-5859-aa3a-b366a49a7f28,c11b9579-45d1-58de-af90-2c8b6bc73152,54,table,6d4909e9-ebbc-571f-8940-25d9dc3e3958,,,table,table_row,"{'alagoas': 'No Estado de Roraima', 'column_2': '-', 'column_3': '-', 'column_4': '-', 'column_5': '-', 'column_6__raw': '100', 'column_7__raw': '31/12/2024', 'column_8': 'Não', 'informado': 'Não informado'}","{'column_6': 100.0, 'column_7': 31122024.0}"
9cb86a2c-1c85-5a84-a64f-7f563b2d3377,c11b9579-45d1-58de-af90-2c8b6bc73152,54,table,6d4909e9-ebbc-571f-8940-25d9dc3e3958,,,table,table_row,"{'alagoas': 'No Estado de São Paulo', 'column_2': '-', 'column_3': '-', 'column_4': '-', 'column_5': '-', 'column_6__raw': '87,3', 'column_7__raw': '31/12/2024', 'column_8': 'Não', 'informado': 'Não informado'}","{'column_6': 87.3, 'column_7': 31122024.0}"
c5ae47f0-2794-5de4-9eaf-226dcce876e2,c11b9579-45d1-58de-af90-2c8b6bc73152,54,table,6d4909e9-ebbc-571f-8940-25d9dc3e3958,,,table,table_row,"{'alagoas': 'No Estado de Sergipe', 'column_2': '-', 'column_3': '-', 'column_4': '-', 'column_5': '-', 'column_6__raw': '64', 'column_7__raw': '31/12/2024', 'column_8': 'Não', 'informado': 'Não informado'}","{'column_6': 64.0, 'column_7': 31122024.0}"
56934210-02b3-575b-afc8-5ea0a09e6fbd,c11b9579-45d1-58de-af90-2c8b6bc73152,54,table,6d4909e9-ebbc-571f-8940-25d9dc3e3958,,,table,table_row,"{'alagoas': 'No Estado do Acre', 'column_2': '-', 'column_3': '-', 'column_4': '-', 'column_5': '-', 'column_6__raw': '100', 'column_7__raw': '31/12/2024', 'column_8': 'Não', 'informado': 'Não informado'}","{'column_6': 100.0, 'column_7': 31122024.0}"
deeb6adc-3f03-5aa8-b32c-3b8e7cc74280,c11b9579-45d1-58de-af90-2c8b6bc73152,54,table,6d4909e9-ebbc-571f-8940-25d9dc3e3958,,,table,table_row,"{'alagoas': 'No Estado do Amapá', 'column_2': '-', 'column_3': '-', 'column_4': '-', 'column_5': '-', 'column_6__raw': '81,3', 'column_7__raw': '31/12/2024', 'column_8': 'Não', 'informado': 'Não informado'}","{'column_6': 81.3, 'column_7': 31122024.0}"
99cef5c2-f3b0-56f8-a649-05823f1975fd,c11b9579-45d1-58de-af90-2c8b6bc73152,54,table,6d4909e9-ebbc-571f-8940-25d9dc3e3958,,,table,table_row,"{'alagoas': 'No Estado do Amazonas', 'column_2': '-', 'column_3': '-', 'column_4': '-', 'column_5': '-', 'column_6__raw': '100', 'column_7__raw': '31/12/2024', 'column_8': 'Não', 'informado': 'Não informado'}","{'column_6': 100.0, 'column_7': 31122024.0}"
c3aede7a-704a-51ea-a800-f9fcf3048de4,c11b9579-45d1-58de-af90-2c8b6bc73152,54,table,6d4909e9-ebbc-571f-8940-25d9dc3e3958,,,table,table_row,"{'alagoas': 'No Estado do Ceará', 'column_2': '-', 'column_3': '-', 'column_4': '-', 'column_5': '-', 'column_6__raw': '97,8', 'column_7__raw': '31/12/2024', 'column_8': 'Não', 'informado': 'Não informado'}","{'column_6': 97.8, 'column_7': 31122024.0}"
d8fe9b24-6390-5578-8cdf-e40907806043,c11b9579-45d1-58de-af90-2c8b6bc73152,54,table,6d4909e9-ebbc-571f-8940-25d9dc3e3958,,,table,table_row,"{'alagoas': 'No Estado do Espírito Santo', 'column_2': '-', 'column_3': '-', 'column_4': '-', 'column_5': '-', 'column_6__raw': '98,7', 'column_7__raw': '31/12/2024', 'column_8': 'Não', 'informado': 'Não informado'}","{'column_6': 98.7, 'column_7': 31122024.0}"
8bf0edef-bf67-5d0b-bc5d-5d9365c42294,c11b9579-45d1-58de-af90-2c8b6bc73152,54,table,6d4909e9-ebbc-571f-8940-25d9dc3e3958,,,table,table_row,"{'alagoas': 'No Estado do Maranhão', 'column_2': '-', 'column_3': '-', 'column_4': '-', 'column_5': '-', 'column_6__raw': '76,5', 'column_7__raw': '31/12/2024', 'column_8': 'Não', 'informado': 'Não informado'}","{'column_6': 76.5, 'column_7': 31122024.0}"
fbf10eb2-60d5-5102-8261-32a1e6559354,c11b9579-45d1-58de-af90-2c8b6bc73152,54,table,6d4909e9-ebbc-571f-8940-25d9dc3e3958,,,table,table_row,"{'alagoas': 'No Estado do Pará', 'column_2': '-', 'column_3': '-', 'column_4': '-', 'column_5': '-', 'column_6__raw': '91', 'column_7__raw': '31/12/2024', 'column_8': 'Não', 'informado': 'Não informado'}","{'column_6': 91.0, 'column_7': 31122024.0}"
03217ee9-1a44-5aaa-a7b8-b3189c408ced,c11b9579-45d1-58de-af90-2c8b6bc73152,54,table,6d4909e9-ebbc-571f-8940-25d9dc3e3958,,,table,table_row,"{'alagoas': 'No Estado do Piauí', 'column_2': '-', 'column_3': '-', 'column_4': '-', 'column_5': '-', 'column_6__raw': '45,5', 'column_7__raw': '31/12/2024', 'column_8': 'Não', 'informado': 'Não informado'}","{'column_6': 45.5, 'column_7': 31122024.0}"
999570c2-93c4-52dc-a15f-62722a868836,c11b9579-45d1-58de-af90-2c8b6bc73152,54,table,6d4909e9-ebbc-571f-8940-25d9dc3e3958,,,table,table_row,"{'alagoas': 'No Estado do Rio de Janeiro', 'column_2': '-', 'column_3': '-', 'column_4': '-', 'column_5': '-', 'column_6__raw': '91,3', 'column_7__raw': '31/12/2024', 'column_8': 'Não', 'informado': 'Não informado'}","{'column_6': 91.3, 'column_7': 31122024.0}"
cb6b7083-a8aa-56cf-8746-13c63201e64a,c11b9579-45d1-58de-af90-2c8b6bc73152,54,table,6d4909e9-ebbc-571f-8940-25d9dc3e3958,,,table,table_row,"{'alagoas': 'No Estado do Rio Grande do Norte', 'column_2': '-', 'column_3': '-', 'column_4': '-', 'column_5': '-', 'column_6__raw': '68,9', 'column_7__raw': '31/12/2024', 'column_8': 'Não', 'informado': 'Não informado'}","{'column_6': 68.9, 'column_7': 31122024.0}"
54976f0f-feee-558c-8268-0b8a8e91a917,c11b9579-45d1-58de-af90-2c8b6bc73152,54,table,6d4909e9-ebbc-571f-8940-25d9dc3e3958,,,table,table_row,"{'alagoas': 'No Estado do Tocantins', 'column_2': '-', 'column_3': '-', 'column_4': '-', 'column_5': '-', 'column_6__raw': '85,6', 'column_7__raw': '31/12/2024', 'column_8': 'Não', 'informado': 'Não informado'}","{'column_6': 85.6, 'column_7': 31122024.0}"
631b0549-0b2f-52f0-b845-cf5166b31330,c11b9579-45d1-58de-af90-2c8b6bc73152,58,table,08d326aa-c4c5-5993-aeb8-e7c3b12d774d,6f987003-4c7b-5cc4-981b-86dad6d3e001,Objetivo Específico: 0002 - Prover às políticas públicas dados e informações atualizadas das famílias de baixa renda residentes no Brasil,objetivo_especifico_0002_prover_as_politicas_publicas_dados_e_informacoes_atualizadas_das_familias_de_baixa_renda_residentes_no_brasil,table_row,"{'regiao': 'Região Centro-', 'meta_prevista_para_2024__raw': '84', 'meta_prevista_para_2025__raw': '84,5', 'meta_prevista_para_2026__raw': '85', 'meta_prevista_para_2027__raw': '86', 'quantidade_alcancada__raw': '86,76', 'data_de_referencia__raw': '31/12/2024', 'sinalizacao_de_necessidade_de_revisao_proximo_exercicio': 'Não', 'notas_do_usuario': 'Não'}","{'meta_prevista_para_2024': 84.0, 'meta_prevista_para_2025': 84.5, 'meta_prevista_para_2026': 85.0, 'meta_prevista_para_2027': 86.0, 'quantidade_alcancada': 86.76, 'data_de_referencia': 31122024.0}"
30e6aa4b-a874-554c-9d5a-4827b16019e7,c11b9579-45d1-58de-af90-2c8b6bc73152,59,table,bb9f15ce-c953-5518-addf-8b2003bdb221,b4e6484b-de1a-5d8e-baee-20a9e774ee52,Informações do Monitoramento,informacoes_do_monitoramento,table_row,"{'oesteregiao_nordeste': 'Região Norte', '8545__raw': '85', '856__raw': '85,3', '8575__raw': '85,6', '86__raw': '86', '9023__raw': '88,05', '31_12_2024__raw': '31/12/2024', 'nao': 'Não', 'informadonao_informado': 'Não informado'}","{'8545': 85.0, '856': 85.3, '8575': 85.6, '86': 86.0, '9023': 88.05, '31_12_2024': 31122024.0}"
2585f1d5-0f77-527c-97c6-acf2028a3eb6,c11b9579-45d1-58de-af90-2c8b6bc73152,59,table,bb9f15ce-c953-5518-addf-8b2003bdb221,b4e6484b-de1a-5d8e-baee-20a9e774ee52,Informações do Monitoramento,informacoes_do_monitoramento,table_row,"{'oesteregiao_nordeste': 'Região Sudeste', '8545__raw': '81', '856__raw': '83', '8575__raw': '85', '86__raw': '86', '9023__raw': '85,07', '31_12_2024__raw': '31/12/2024', 'nao': 'Não', 'informadonao_informado': 'Não informado'}","{'8545': 81.0, '856': 83.0, '8575': 85.0, '86': 86.0, '9023': 85.07, '31_12_2024': 31122024.0}"
5613c055-b009-5a74-9afe-3429e317187d,c11b9579-45d1-58de-af90-2c8b6bc73152,59,table,bb9f15ce-c953-5518-addf-8b2003bdb221,b4e6484b-de1a-5d8e-baee-20a9e774ee52,Informações do Monitoramento,informacoes_do_monitoramento,table_row,"{'oesteregiao_nordeste': 'Região Sul', '8545__raw': '81', '856__raw': '83', '8575__raw': '85', '86__raw': '86', '9023__raw': '83,64', '31_12_2024__raw': '31/12/2024', 'nao': 'Não', 'informadonao_informado': 'Não informado'}","{'8545': 81.0, '856': 83.0, '8575': 85.0, '86': 86.0, '9023': 83.64, '31_12_2024': 31122024.0}"
02d6e57d-d1c9-5764-886b-c16af21d6227,c11b9579-45d1-58de-af90-2c8b6bc73152,66,table,e924a3c3-4ef0-5d7c-a3c6-2cb04ba6a19f,31ff9da1-1571-5cfb-b216-00ebada98974,Informações do Monitoramento,informacoes_do_monitoramento,table_row,"{'regiao': 'Região Centro- Oeste', 'meta_prevista_para_2024__raw': '50', 'meta_prevista_para_2025__raw': '75', 'meta_prevista_para_2026__raw': '85', 'meta_prevista_para_2027__raw': '95', 'quantidade_alcancada__raw': '94,0043', 'data_de_referencia__raw': '30/06/2024', 'sinalizacao_de_necessidade_de_revisao_proximo_exercicio': 'Não', 'notas_do_usuario': 'Não informado'}","{'meta_prevista_para_2024': 50.0, 'meta_prevista_para_2025': 75.0, 'meta_prevista_para_2026': 85.0, 'meta_prevista_para_2027': 95.0, 'quantidade_alcancada': 940043.0, 'data_de_referencia': 30062024.0}"
09bdc9fe-08a1-5824-a13f-dc6ba3c1d167,c11b9579-45d1-58de-af90-2c8b6bc73152,67,table,86084642-bf29-547d-ae30-b3248399d0b0,f1ed8127-f4bf-5b95-b1b8-9929b909a992,Entrega: 0747 - Municípios com preenchimento do Prontuário Eletrônico do SUAS,entrega_0747_municipios_com_preenchimento_do_prontuario_eletronico_do_suas,table_row,"{'regiao_nordeste': 'Região Norte', '52__raw': '51', '78__raw': '75', '89__raw': '86', '97__raw': '95', '982163__raw': '99,1111', '30_06_2024__raw': '30/06/2024', 'nao': 'Não', 'nao_informado': 'Não informado'}","{'52': 51.0, '78': 75.0, '89': 86.0, '97': 95.0, '982163': 991111.0, '30_06_2024': 30062024.0}"
cd8eaee6-2e4b-5785-81b6-be604fa99578,c11b9579-45d1-58de-af90-2c8b6bc73152,67,table,86084642-bf29-547d-ae30-b3248399d0b0,f1ed8127-f4bf-5b95-b1b8-9929b909a992,Entrega: 0747 - Municípios com preenchimento do Prontuário Eletrônico do SUAS,entrega_0747_municipios_com_preenchimento_do_prontuario_eletronico_do_suas,table_row,"{'regiao_nordeste': 'Região Sudeste', '52__raw': '48', '78__raw': '73', '89__raw': '83', '97__raw': '93', '982163__raw': '93,3453', '30_06_2024__raw': '30/06/2024', 'nao': 'Não', 'nao_informado': 'Não informado'}","{'52': 48.0, '78': 73.0, '89': 83.0, '97': 93.0, '982163': 933453.0, '30_06_2024': 30062024.0}"
18f09180-9599-5361-9462-aeaa2995affd,c11b9579-45d1-58de-af90-2c8b6bc73152,67,table,86084642-bf29-547d-ae30-b3248399d0b0,f1ed8127-f4bf-5b95-b1b8-9929b909a992,Entrega: 0747 - Municípios com preenchimento do Prontuário Eletrônico do SUAS,entrega_0747_municipios_com_preenchimento_do_prontuario_eletronico_do_suas,table_row,"{'regiao_nordeste': 'Região Sul', '52__raw': '48', '78__raw': '73', '89__raw': '83', '97__raw': '93', '982163__raw': '90,848', '30_06_2024__raw': '30/06/2024', 'nao': 'Não', 'nao_informado': 'Não informado'}","{'52': 48.0, '78': 73.0, '89': 83.0, '97': 93.0, '982163': 90848.0, '30_06_2024': 30062024.0}"
8debb21c-8161-5d9f-9757-c3d9d3d80223,c11b9579-45d1-58de-af90-2c8b6bc73152,67,table,fdce2eea-40ce-58b9-8bf5-a5f8476342c9,f1ed8127-f4bf-5b95-b1b8-9929b909a992,Entrega: 0747 - Municípios com preenchimento do Prontuário Eletrônico do SUAS,entrega_0747_municipios_com_preenchimento_do_prontuario_eletronico_do_suas,table_row,"{'regiao': 'Região Centro- Oeste', 'meta_prevista_para_2024__raw': '53', 'meta_prevista_para_2025__raw': '61', 'meta_prevista_para_2026__raw': '69', 'meta_prevista_para_2027__raw': '77', 'quantidade_alcancada__raw': '38,1156', 'data_de_referencia__raw': '31/12/2024', 'sinalizacao_de_necessidade_de_revisao_proximo_exercicio': 'Não', 'notas_do_usuario': 'Não informado'}","{'meta_prevista_para_2024': 53.0, 'meta_prevista_para_2025': 61.0, 'meta_prevista_para_2026': 69.0, 'meta_prevista_para_2027': 77.0, 'quantidade_alcancada': 381156.0, 'data_de_referencia': 31122024.0}"
4eeb355a-783e-51d3-81b9-b28b2ad04b16,c11b9579-45d1-58de-af90-2c8b6bc73152,67,table,fdce2eea-40ce-58b9-8bf5-a5f8476342c9,f1ed8127-f4bf-5b95-b1b8-9929b909a992,Entrega: 0747 - Municípios com preenchimento do Prontuário Eletrônico do SUAS,entrega_0747_municipios_com_preenchimento_do_prontuario_eletronico_do_suas,table_row,"{'regiao': 'Região', 'meta_prevista_para_2024__raw': '57', 'meta_prevista_para_2025__raw': '65', 'meta_prevista_para_2026__raw': '73', 'meta_prevista_para_2027__raw': '82', 'quantidade_alcancada__raw': '45,4292', 'data_de_referencia__raw': '31/12/2024', 'sinalizacao_de_necessidade_de_revisao_proximo_exercicio': 'Não', 'notas_do_usuario': 'Não'}","{'meta_prevista_para_2024': 57.0, 'meta_prevista_para_2025': 65.0, 'meta_prevista_para_2026': 73.0, 'meta_prevista_para_2027': 82.0, 'quantidade_alcancada': 454292.0, 'data_de_referencia': 31122024.0}"
764f4af6-bbb1-596f-b037-84dd569db2d9,c11b9579-45d1-58de-af90-2c8b6bc73152,68,table,d0a03a76-7f9c-5937-95a8-0cb4da744724,e4221309-eb95-5440-a7fd-93454999dfc3,Informações do Monitoramento,informacoes_do_monitoramento,table_row,"{'nordeste': 'Região Norte', 'column_2__raw': '63', 'column_3__raw': '69', 'column_4__raw': '75', 'column_5__raw': '82', 'column_6__raw': '54', 'column_7__raw': '31/12/2024', 'column_8': 'Não', 'informado': 'Não informado'}","{'column_2': 63.0, 'column_3': 69.0, 'column_4': 75.0, 'column_5': 82.0, 'column_6': 54.0, 'column_7': 31122024.0}"
2cbf69ec-2885-5739-94f5-810f4d1c9644,c11b9579-45d1-58de-af90-2c8b6bc73152,68,table,d0a03a76-7f9c-5937-95a8-0cb4da744724,e4221309-eb95-5440-a7fd-93454999dfc3,Informações do Monitoramento,informacoes_do_monitoramento,table_row,"{'nordeste': 'Região Sudeste', 'column_2__raw': '30', 'column_3__raw': '40', 'column_4__raw': '50', 'column_5__raw': '60', 'column_6__raw': '18,9448', 'column_7__raw': '31/12/2024', 'column_8': 'Não', 'informado': 'Não informado'}","{'column_2': 30.0, 'column_3': 40.0, 'column_4': 50.0, 'column_5': 60.0, 'column_6': 189448.0, 'column_7': 31122024.0}"
45d0c807-601c-5d6e-84b2-77f6d7e69b85,c11b9579-45d1-58de-af90-2c8b6bc73152,68,table,d0a03a76-7f9c-5937-95a8-0cb4da744724,e4221309-eb95-5440-a7fd-93454999dfc3,Informações do Monitoramento,informacoes_do_monitoramento,table_row,"{'nordeste': 'Região Sul', 'column_2__raw': '31', 'column_3__raw': '41', 'column_4__raw': '50', 'column_5__raw': '59', 'column_6__raw': '17,5483', 'column_7__raw': '31/12/2024', 'column_8': 'Não', 'informado': 'Não informado'}","{'column_2': 31.0, 'column_3': 41.0, 'column_4': 50.0, 'column_5': 59.0, 'column_6': 175483.0, 'column_7': 31122024.0}"
8a1c99dd-19c7-51c3-91ca-241c96476e19,c11b9579-45d1-58de-af90-2c8b6bc73152,69,table,4dc43389-e6ad-576e-9035-850817c3e04a,e0d0707f-bdd7-58ff-aee3-2fee5f6ea1df,Medida Institucional Normativa: 05A2 - Publicar nova regulamentação sobre o serviço de proteção do SUAS em situações de calamidades públicas e emergências,medida_institucional_normativa_05a2_publicar_nova_regulamentacao_sobre_o_servico_de_protecao_do_suas_em_situacoes_de_calamidades_publicas_e_emergencias,table_row,"{'regiao': 'Região Centro- Oeste', 'meta_prevista_para_2024__raw': '83', 'meta_prevista_para_2025__raw': '129', 'meta_prevista_para_2026__raw': '175', 'meta_prevista_para_2027__raw': '221', 'quantidade_alcancada__raw': '57', 'data_de_referencia__raw': '30/07/2024', 'sinalizacao_de_necessidade_de_revisao_proximo_exercicio': 'Não', 'notas_do_usuario': 'Não informado'}","{'meta_prevista_para_2024': 83.0, 'meta_prevista_para_2025': 129.0, 'meta_prevista_para_2026': 175.0, 'meta_prevista_para_2027': 221.0, 'quantidade_alcancada': 57.0, 'data_de_referencia': 30072024.0}"
37976b67-e36b-5002-a9c7-dc081674555c,c11b9579-45d1-58de-af90-2c8b6bc73152,69,table,4dc43389-e6ad-576e-9035-850817c3e04a,e0d0707f-bdd7-58ff-aee3-2fee5f6ea1df,Medida Institucional Normativa: 05A2 - Publicar nova regulamentação sobre o serviço de proteção do SUAS em situações de calamidades públicas e emergências,medida_institucional_normativa_05a2_publicar_nova_regulamentacao_sobre_o_servico_de_protecao_do_suas_em_situacoes_de_calamidades_publicas_e_emergencias,table_row,"{'regiao': 'Região Nordeste', 'meta_prevista_para_2024__raw': '240', 'meta_prevista_para_2025__raw': '373', 'meta_prevista_para_2026__raw': '506', 'meta_prevista_para_2027__raw': '639', 'quantidade_alcancada__raw': '217', 'data_de_referencia__raw': '30/07/2024', 'sinalizacao_de_necessidade_de_revisao_proximo_exercicio': 'Não', 'notas_do_usuario': 'Não informado'}","{'meta_prevista_para_2024': 240.0, 'meta_prevista_para_2025': 373.0, 'meta_prevista_para_2026': 506.0, 'meta_prevista_para_2027': 639.0, 'quantidade_alcancada': 217.0, 'data_de_referencia': 30072024.0}"
d7a332da-ddb1-5e2b-a2f6-47f29572da34,c11b9579-45d1-58de-af90-2c8b6bc73152,69,table,4dc43389-e6ad-576e-9035-850817c3e04a,e0d0707f-bdd7-58ff-aee3-2fee5f6ea1df,Medida Institucional Normativa: 05A2 - Publicar nova regulamentação sobre o serviço de proteção do SUAS em situações de calamidades públicas e emergências,medida_institucional_normativa_05a2_publicar_nova_regulamentacao_sobre_o_servico_de_protecao_do_suas_em_situacoes_de_calamidades_publicas_e_emergencias,table_row,"{'regiao': 'Região Norte', 'meta_prevista_para_2024__raw': '105', 'meta_prevista_para_2025__raw': '164', 'meta_prevista_para_2026__raw': '222', 'meta_prevista_para_2027__raw': '281', 'quantidade_alcancada__raw': '56', 'data_de_referencia__raw': '30/07/2024', 'sinalizacao_de_necessidade_de_revisao_proximo_exercicio': 'Não', 'notas_do_usuario': 'Não informado'}","{'meta_prevista_para_2024': 105.0, 'meta_prevista_para_2025': 164.0, 'meta_prevista_para_2026': 222.0, 'meta_prevista_para_2027': 281.0, 'quantidade_alcancada': 56.0, 'data_de_referencia': 30072024.0}"
4ced0d29-7006-5900-8aab-61b7f5511de2,c11b9579-45d1-58de-af90-2c8b6bc73152,69,table,4dc43389-e6ad-576e-9035-850817c3e04a,e0d0707f-bdd7-58ff-aee3-2fee5f6ea1df,Medida Institucional Normativa: 05A2 - Publicar nova regulamentação sobre o serviço de proteção do SUAS em situações de calamidades públicas e emergências,medida_institucional_normativa_05a2_publicar_nova_regulamentacao_sobre_o_servico_de_protecao_do_suas_em_situacoes_de_calamidades_publicas_e_emergencias,table_row,"{'regiao': 'Região Sudeste', 'meta_prevista_para_2024__raw': '186', 'meta_prevista_para_2025__raw': '289', 'meta_prevista_para_2026__raw': '393', 'meta_prevista_para_2027__raw': '496', 'quantidade_alcancada__raw': '152', 'data_de_referencia__raw': '30/07/2024', 'sinalizacao_de_necessidade_de_revisao_proximo_exercicio': 'Não', 'notas_do_usuario': 'Não informado'}","{'meta_prevista_para_2024': 186.0, 'meta_prevista_para_2025': 289.0, 'meta_prevista_para_2026': 393.0, 'meta_prevista_para_2027': 496.0, 'quantidade_alcancada': 152.0, 'data_de_referencia': 30072024.0}"
ae113a1c-d35f-5f48-9693-b8e1ac16678b,c11b9579-45d1-58de-af90-2c8b6bc73152,69,table,4dc43389-e6ad-576e-9035-850817c3e04a,e0d0707f-bdd7-58ff-aee3-2fee5f6ea1df,Medida Institucional Normativa: 05A2 - Publicar nova regulamentação sobre o serviço de proteção do SUAS em situações de calamidades públicas e emergências,medida_institucional_normativa_05a2_publicar_nova_regulamentacao_sobre_o_servico_de_protecao_do_suas_em_situacoes_de_calamidades_publicas_e_emergencias,table_row,"{'regiao': 'Região Sul', 'meta_prevista_para_2024__raw': '222', 'meta_prevista_para_2025__raw': '345', 'meta_prevista_para_2026__raw': '468', 'meta_prevista_para_2027__raw': '591', 'quantidade_alcancada__raw': '158', 'data_de_referencia__raw': '30/07/2024', 'sinalizacao_de_necessidade_de_revisao_proximo_exercicio': 'Não', 'notas_do_usuario': 'Não informado'}","{'meta_prevista_para_2024': 222.0, 'meta_prevista_para_2025': 345.0, 'meta_prevista_para_2026': 468.0, 'meta_prevista_para_2027': 591.0, 'quantidade_alcancada': 158.0, 'data_de_referencia': 30072024.0}"
8ee62e1e-aecb-5372-8d8d-4fab94a98125,c11b9579-45d1-58de-af90-2c8b6bc73152,82,table,20f2374f-e297-55db-9758-7374a47e6522,6e7a31fe-c12e-5393-8d90-cc5aef62ea11,Objetivo Específico: 0057 - Fortalecer a capacidade institucional e de gestão das políticas públicas para Mulheres.,objetivo_especifico_0057_fortalecer_a_capacidade_institucional_e_de_gestao_das_politicas_publicas_para_mulheres,table_row,{'0': 'Órgão Responsável: 65000 - Ministério das Mulheres'},{}
8d555a20-5f1e-5502-b34d-f6be77de6e74,c11b9579-45d1-58de-af90-2c8b6bc73152,84,table,950417e3-fce6-5ed3-aa90-262e629c8b87,df064020-a578-5fbd-bd3c-10f9c7929af7,Regionalizações da Meta,regionalizacoes_da_meta,table_row,"{'regiao': 'Região Centro- Oeste', 'meta_prevista_para_2024__raw': '73', 'meta_prevista_para_2025__raw': '146', 'meta_prevista_para_2026__raw': '219', 'meta_prevista_para_2027__raw': '292', 'quantidade_alcancada': 'Valor não disponível', 'data_de_referencia__raw': '31/12/2024', 'sinalizacao_de_necessidade_de_revisao_proximo_exercicio': 'Não', 'notas_do_usuario': ""Atualmente, a Coordenação-Geral de Secretarias de Políticas para as Mulheres - CGSPM/SENATP/MMulheres monitora as SPM's municipais e estaduais a partir de dados informados pelas SPM's estaduais. Esse dado se mostra muitas vezes impreciso, não colhido com rigor ou não verificável, não sendo possível, portanto, sua regionalização de forma precisa. Tendo em vista esse quadro de ausência de dados com validação científica, foi celebrado um TED com a UnB e a UFBA, que está em processo de entrega do produto, para que seja de melhor compreensão os arranjos institucionais e as diversas variações político-administrativas existentes nos 5.570 municípios. A partir dessa pesquisa, espera- se que seja possível um monitoramento mais efetivo das SPM's, bem como da regionalização dos dados.""}","{'meta_prevista_para_2024': 73.0, 'meta_prevista_para_2025': 146.0, 'meta_prevista_para_2026': 219.0, 'meta_prevista_para_2027': 292.0, 'data_de_referencia': 31122024.0}"
7a66f271-90d3-5c58-911d-57f9ecaadc1b,c11b9579-45d1-58de-af90-2c8b6bc73152,84,table,950417e3-fce6-5ed3-aa90-262e629c8b87,df064020-a578-5fbd-bd3c-10f9c7929af7,Regionalizações da Meta,regionalizacoes_da_meta,table_row,"{'regiao': 'Região Nordeste', 'meta_prevista_para_2024__raw': '167', 'meta_prevista_para_2025__raw': '334', 'meta_prevista_para_2026__raw': '501', 'meta_prevista_para_2027__raw': '668', 'quantidade_alcancada': 'Valor não disponível', 'data_de_referencia__raw': '31/12/2024', 'sinalizacao_de_necessidade_de_revisao_proximo_exercicio': 'Não', 'notas_do_usuario': ""Atualmente, a Coordenação-Geral de Secretarias de Políticas para as Mulheres - CGSPM/SENATP/MMulheres monitora as SPM's""}","{'meta_prevista_para_2024': 167.0, 'meta_prevista_para_2025': 334.0, 'meta_prevista_para_2026': 501.0, 'meta_prevista_para_2027': 668.0, 'data_de_referencia': 31122024.0}"
39632cbd-1758-56ed-ba79-b1d29e693b5d,c11b9579-45d1-58de-af90-2c8b6bc73152,85,table,974e8b31-1a6b-5929-8f27-2ce8a0dc4f00,,,table,table_row,"{'regiao_norte': 'Região Sudeste', '130__raw': '74', '260__raw': '148', '390__raw': '238', '520__raw': '296', 'valor_nao_disponivel': 'Valor não disponível', '31_12_2024__raw': '31/12/2024', 'nao': 'Não', 'municipais_e_estaduais_a_partir_de_dados_informados_pelas_spms_estaduais_esse_dado_se_mostra_muitas_vezes_impreciso_nao_colhido_com_rigor_ou_nao_verificavel_nao_sendo_possivel_portanto_sua_regionalizacao_de_forma_precisa_tendo_em_vista_esse_quadro_de_ausencia_de_dados_com_validacao_cientifica_foi_celebrado_um_ted_com_a_unb_e_a_ufba_que_esta_em_processo_de_entrega_do_produto_para_que_seja_de_melhor_compreensao_os_arranjos_institucionais_e_as_diversas_variacoes_politico_administrativas_existentes_nos_5570_municipios_a_partir_dessa_pesquisa_espera_se_que_seja_possivel_um_monitoramento_mais_efetivo_das_spms_bem_como_da_regionalizacao_dos_dadosatualmente_a_coordenacao_geral_de_secretarias_de_politicas_para_as_mulheres_cgspm_senatp_mmulheres_monitora_as_spms_municipais_e_estaduais_a_partir_de_dados_informados_pelas_spms_estaduais_esse_dado_se_mostra_muitas_vezes_impreciso_nao_colhido_com_rigor_ou_nao_verificavel_nao_sendo_possivel_portanto_sua_regionalizacao_de_forma_precisa_tendo_em_vista_esse_quadro_de_ausencia_de_dados_com_validacao_cientifica_foi_celebrado_um_ted_com_a_unb_e_a_ufba_que_esta_em_processo_de_entrega_do_produto_para_que_seja_de_melhor_compreensao_os_arranjos_institucionais_e_as_diversas_variacoes_politico_administrativas_existentes_nos_5570_municipios_a_partir_dessa_pesquisa_espera_se_que_seja_possivel_um_monitoramento_mais_efetivo_das_spms_bem_como_da_regionalizacao_dos_dados': ""Atualmente, a Coordenação-Geral de Secretarias de Políticas para as Mulheres - CGSPM/SENATP/MMulheres monitora as SPM's municipais e estaduais a partir de dados informados pelas SPM's estaduais. Esse dado se mostra muitas vezes impreciso, não colhido com rigor ou não verificável, não sendo possível, portanto, sua regionalização de forma precisa. Tendo em vista esse quadro de ausência de dados com validação científica, foi celebrado um TED com a UnB e a UFBA, que está em processo de entrega do produto, para que seja de melhor compreensão os arranjos institucionais e as diversas variações político-administrativas existentes nos 5.570 municípios. A partir dessa pesquisa, espera-""}","{'130': 74.0, '260': 148.0, '390': 238.0, '520': 296.0, '31_12_2024': 31122024.0}"
6b23dcd1-157e-5dc9-9c8a-55603f76ca84,c11b9579-45d1-58de-af90-2c8b6bc73152,86,table,4e3aabd8-9d8e-5f14-8e02-80ab93ca79d0,de46c530-0c00-5e7a-b6fa-ce19473e6e17,"PROGRAMA: 5802 - POLÍTICAS PARA QUILOMBOLAS, COMUNIDADES TRADICIONAIS DE MATRIZ AFRICANA, POVOS DE TERREIROS E POVOS CIGANOS",programa_5802_politicas_para_quilombolas_comunidades_tradicionais_de_matriz_africana_povos_de_terreiros_e_povos_ciganos,table_row,"{'publico': 'População Negra', 'meta_prevista_para_2024__raw': '100', 'meta_prevista_para_2025__raw': '210', 'meta_prevista_para_2026__raw': '325', 'meta_prevista_para_2027__raw': '625', 'quantidade_alcancada': 'Valor não disponível', 'data_de_referencia__raw': '31/12/2024', 'sinalizacao_de_necessidade_de_revisao_proximo_exercicio': 'Não', 'notas_do_usuario': 'Não há dados sistematizados por raça.'}","{'meta_prevista_para_2024': 100.0, 'meta_prevista_para_2025': 210.0, 'meta_prevista_para_2026': 325.0, 'meta_prevista_para_2027': 625.0, 'data_de_referencia': 31122024.0}"
b085560d-0431-5352-9983-cd84634c192d,c11b9579-45d1-58de-af90-2c8b6bc73152,100,table,d220a3e1-116d-537f-9c12-7d071d29b76c,c1e9fcfb-9dbc-54f3-a8ca-b681dcc646e5,Entrega: 0412 - Produtos e equipamentos de infraestruturas,entrega_0412_produtos_e_equipamentos_de_infraestruturas,table_row,"{'regiao': 'Região Centro- Oeste', 'meta_prevista_para_2024__raw': '5,26', 'meta_prevista_para_2025__raw': '5,26', 'meta_prevista_para_2026__raw': '5,26', 'meta_prevista_para_2027__raw': '5,26', 'quantidade_alcancada__raw': '3', 'data_de_referencia__raw': '31/12/2024', 'sinalizacao_de_necessidade_de_revisao_proximo_exercicio': 'Não', 'notas_do_usuario': 'Não informado'}","{'meta_prevista_para_2024': 5.26, 'meta_prevista_para_2025': 5.26, 'meta_prevista_para_2026': 5.26, 'meta_prevista_para_2027': 5.26, 'quantidade_alcancada': 3.0, 'data_de_referencia': 31122024.0}"
cfd58731-1350-5e02-8908-91f23016f9ff,c11b9579-45d1-58de-af90-2c8b6bc73152,100,table,d220a3e1-116d-537f-9c12-7d071d29b76c,c1e9fcfb-9dbc-54f3-a8ca-b681dcc646e5,Entrega: 0412 - Produtos e equipamentos de infraestruturas,entrega_0412_produtos_e_equipamentos_de_infraestruturas,table_row,"{'regiao': 'Região Nordeste', 'meta_prevista_para_2024__raw': '22,81', 'meta_prevista_para_2025__raw': '22,81', 'meta_prevista_para_2026__raw': '22,81', 'meta_prevista_para_2027__raw': '22,81', 'quantidade_alcancada__raw': '23', 'data_de_referencia__raw': '31/12/2024', 'sinalizacao_de_necessidade_de_revisao_proximo_exercicio': 'Não', 'notas_do_usuario': 'Não informado'}","{'meta_prevista_para_2024': 22.81, 'meta_prevista_para_2025': 22.81, 'meta_prevista_para_2026': 22.81, 'meta_prevista_para_2027': 22.81, 'quantidade_alcancada': 23.0, 'data_de_referencia': 31122024.0}"
301e9559-2b38-5179-bfa5-09a521caa59a,c11b9579-45d1-58de-af90-2c8b6bc73152,100,table,d220a3e1-116d-537f-9c12-7d071d29b76c,c1e9fcfb-9dbc-54f3-a8ca-b681dcc646e5,Entrega: 0412 - Produtos e equipamentos de infraestruturas,entrega_0412_produtos_e_equipamentos_de_infraestruturas,table_row,"{'regiao': 'Região Norte', 'meta_prevista_para_2024__raw': '6,14', 'meta_prevista_para_2025__raw': '6,14', 'meta_prevista_para_2026__raw': '6,14', 'meta_prevista_para_2027__raw': '6,14', 'quantidade_alcancada__raw': '6', 'data_de_referencia__raw': '31/12/2024', 'sinalizacao_de_necessidade_de_revisao_proximo_exercicio': 'Não', 'notas_do_usuario': 'Não informado'}","{'meta_prevista_para_2024': 6.14, 'meta_prevista_para_2025': 6.14, 'meta_prevista_para_2026': 6.14, 'meta_prevista_para_2027': 6.14, 'quantidade_alcancada': 6.0, 'data_de_referencia': 31122024.0}"
7e53845a-d069-5d05-a80c-71c779cc16ca,c11b9579-45d1-58de-af90-2c8b6bc73152,100,table,d220a3e1-116d-537f-9c12-7d071d29b76c,c1e9fcfb-9dbc-54f3-a8ca-b681dcc646e5,Entrega: 0412 - Produtos e equipamentos de infraestruturas,entrega_0412_produtos_e_equipamentos_de_infraestruturas,table_row,"{'regiao': 'Região Sudeste', 'meta_prevista_para_2024__raw': '36,55', 'meta_prevista_para_2025__raw': '36,55', 'meta_prevista_para_2026__raw': '36,55', 'meta_prevista_para_2027__raw': '36,55', 'quantidade_alcancada__raw': '15', 'data_de_referencia__raw': '31/12/2024', 'sinalizacao_de_necessidade_de_revisao_proximo_exercicio': 'Não', 'notas_do_usuario': 'Não informado'}","{'meta_prevista_para_2024': 36.55, 'meta_prevista_para_2025': 36.55, 'meta_prevista_para_2026': 36.55, 'meta_prevista_para_2027': 36.55, 'quantidade_alcancada': 15.0, 'data_de_referencia': 31122024.0}"
15eb908c-950d-573a-8d5a-88c0cc3fefca,c11b9579-45d1-58de-af90-2c8b6bc73152,100,table,d220a3e1-116d-537f-9c12-7d071d29b76c,c1e9fcfb-9dbc-54f3-a8ca-b681dcc646e5,Entrega: 0412 - Produtos e equipamentos de infraestruturas,entrega_0412_produtos_e_equipamentos_de_infraestruturas,table_row,"{'regiao': 'Região Sul', 'meta_prevista_para_2024__raw': '29,24', 'meta_prevista_para_2025__raw': '29,24', 'meta_prevista_para_2026__raw': '29,24', 'meta_prevista_para_2027__raw': '29,24', 'quantidade_alcancada__raw': '11', 'data_de_referencia__raw': '31/12/2024', 'sinalizacao_de_necessidade_de_revisao_proximo_exercicio': 'Não', 'notas_do_usuario': 'Não informado'}","{'meta_prevista_para_2024': 29.24, 'meta_prevista_para_2025': 29.24, 'meta_prevista_para_2026': 29.24, 'meta_prevista_para_2027': 29.24, 'quantidade_alcancada': 11.0, 'data_de_referencia': 31122024.0}"
dd0f4760-f0b6-5ab0-8553-1c21940e432f,c11b9579-45d1-58de-af90-2c8b6bc73152,101,table,5c6e52d5-c316-5b17-9113-dedde22d30dd,c053b7a1-3539-5853-ba76-772732546edb,Informações do Monitoramento,informacoes_do_monitoramento,table_row,"{'regiao': 'Região Centro- Oeste', 'meta_prevista_para_2024__raw': '5,26', 'meta_prevista_para_2025__raw': '5,26', 'meta_prevista_para_2026__raw': '5,26', 'meta_prevista_para_2027__raw': '5,26', 'quantidade_alcancada__raw': '10', 'data_de_referencia__raw': '31/12/2024', 'sinalizacao_de_necessidade_de_revisao_proximo_exercicio': 'Não', 'notas_do_usuario': 'Não informado'}","{'meta_prevista_para_2024': 5.26, 'meta_prevista_para_2025': 5.26, 'meta_prevista_para_2026': 5.26, 'meta_prevista_para_2027': 5.26, 'quantidade_alcancada': 10.0, 'data_de_referencia': 31122024.0}"
e6608810-6fad-5ed7-a910-a3cbec34c20a,c11b9579-45d1-58de-af90-2c8b6bc73152,101,table,5c6e52d5-c316-5b17-9113-dedde22d30dd,c053b7a1-3539-5853-ba76-772732546edb,Informações do Monitoramento,informacoes_do_monitoramento,table_row,"{'regiao': 'Região Nordeste', 'meta_prevista_para_2024__raw': '22,81', 'meta_prevista_para_2025__raw': '22,81', 'meta_prevista_para_2026__raw': '22,81', 'meta_prevista_para_2027__raw': '22,81', 'quantidade_alcancada__raw': '45', 'data_de_referencia__raw': '31/12/2024', 'sinalizacao_de_necessidade_de_revisao_proximo_exercicio': 'Não', 'notas_do_usuario': 'Não informado'}","{'meta_prevista_para_2024': 22.81, 'meta_prevista_para_2025': 22.81, 'meta_prevista_para_2026': 22.81, 'meta_prevista_para_2027': 22.81, 'quantidade_alcancada': 45.0, 'data_de_referencia': 31122024.0}"
e9dc9e2b-1a7f-5bce-8863-e735c984a41a,c11b9579-45d1-58de-af90-2c8b6bc73152,101,table,5c6e52d5-c316-5b17-9113-dedde22d30dd,c053b7a1-3539-5853-ba76-772732546edb,Informações do Monitoramento,informacoes_do_monitoramento,table_row,"{'regiao': 'Região Norte', 'meta_prevista_para_2024__raw': '29,24', 'meta_prevista_para_2025__raw': '29,24', 'meta_prevista_para_2026__raw': '29,24', 'meta_prevista_para_2027__raw': '29,24', 'quantidade_alcancada__raw': '4', 'data_de_referencia__raw': '31/12/2024', 'sinalizacao_de_necessidade_de_revisao_proximo_exercicio': 'Não', 'notas_do_usuario': 'Não informado'}","{'meta_prevista_para_2024': 29.24, 'meta_prevista_para_2025': 29.24, 'meta_prevista_para_2026': 29.24, 'meta_prevista_para_2027': 29.24, 'quantidade_alcancada': 4.0, 'data_de_referencia': 31122024.0}"
d968f013-dfd9-539f-9595-3d7d151ba79f,c11b9579-45d1-58de-af90-2c8b6bc73152,101,table,5c6e52d5-c316-5b17-9113-dedde22d30dd,c053b7a1-3539-5853-ba76-772732546edb,Informações do Monitoramento,informacoes_do_monitoramento,table_row,"{'regiao': 'Região Sudeste', 'meta_prevista_para_2024__raw': '36,55', 'meta_prevista_para_2025__raw': '36,55', 'meta_prevista_para_2026__raw': '36,55', 'meta_prevista_para_2027__raw': '36,55', 'quantidade_alcancada__raw': '30', 'data_de_referencia__raw': '31/12/2024', 'sinalizacao_de_necessidade_de_revisao_proximo_exercicio': 'Não', 'notas_do_usuario': 'Não informado'}","{'meta_prevista_para_2024': 36.55, 'meta_prevista_para_2025': 36.55, 'meta_prevista_para_2026': 36.55, 'meta_prevista_para_2027': 36.55, 'quantidade_alcancada': 30.0, 'data_de_referencia': 31122024.0}"
490fa187-643c-526e-88fe-9b48bb9bbaf8,c11b9579-45d1-58de-af90-2c8b6bc73152,101,table,5c6e52d5-c316-5b17-9113-dedde22d30dd,c053b7a1-3539-5853-ba76-772732546edb,Informações do Monitoramento,informacoes_do_monitoramento,table_row,"{'regiao': 'Região Sul', 'meta_prevista_para_2024__raw': '6,14', 'meta_prevista_para_2025__raw': '6,14', 'meta_prevista_para_2026__raw': '6,14', 'meta_prevista_para_2027__raw': '6,14', 'quantidade_alcancada__raw': '11', 'data_de_referencia__raw': '31/12/2024', 'sinalizacao_de_necessidade_de_revisao_proximo_exercicio': 'Não', 'notas_do_usuario': 'Não informado'}","{'meta_prevista_para_2024': 6.14, 'meta_prevista_para_2025': 6.14, 'meta_prevista_para_2026': 6.14, 'meta_prevista_para_2027': 6.14, 'quantidade_alcancada': 11.0, 'data_de_referencia': 31122024.0}"
45d28ed7-a213-55a9-b6e4-5e9f7bbf2e46,c11b9579-45d1-58de-af90-2c8b6bc73152,102,table,76feebff-0937-5f54-81d7-95be1e8cbe47,028abce8-ac8c-5f3e-b25c-6e3e1ea6d7f2,Informações do Monitoramento,informacoes_do_monitoramento,table_row,"{'regiao': 'Região Centro- Oeste', 'meta_prevista_para_2024': '-', 'meta_prevista_para_2025': '-', 'meta_prevista_para_2026': '-', 'meta_prevista_para_2027': '-', 'quantidade_alcancada__raw': '60', 'data_de_referencia__raw': '31/12/2024', 'sinalizacao_de_necessidade_de_revisao_proximo_exercicio': 'Não', 'notas_do_usuario': 'Não informado'}","{'quantidade_alcancada': 60.0, 'data_de_referencia': 31122024.0}"
d39d9d0c-34af-559f-9bb6-90ff4042b2ab,c11b9579-45d1-58de-af90-2c8b6bc73152,102,table,76feebff-0937-5f54-81d7-95be1e8cbe47,028abce8-ac8c-5f3e-b25c-6e3e1ea6d7f2,Informações do Monitoramento,informacoes_do_monitoramento,table_row,"{'regiao': 'Região Nordeste', 'meta_prevista_para_2024': '-', 'meta_prevista_para_2025': '-', 'meta_prevista_para_2026': '-', 'meta_prevista_para_2027': '-', 'quantidade_alcancada__raw': '60', 'data_de_referencia__raw': '31/12/2024', 'sinalizacao_de_necessidade_de_revisao_proximo_exercicio': 'Não', 'notas_do_usuario': 'Não informado'}","{'quantidade_alcancada': 60.0, 'data_de_referencia': 31122024.0}"
b77d10fc-3d3a-5487-91c0-697094adbf20,c11b9579-45d1-58de-af90-2c8b6bc73152,102,table,76feebff-0937-5f54-81d7-95be1e8cbe47,028abce8-ac8c-5f3e-b25c-6e3e1ea6d7f2,Informações do Monitoramento,informacoes_do_monitoramento,table_row,"{'regiao': 'Região Norte', 'meta_prevista_para_2024': '-', 'meta_prevista_para_2025': '-', 'meta_prevista_para_2026': '-', 'meta_prevista_para_2027': '-', 'quantidade_alcancada__raw': '60', 'data_de_referencia__raw': '31/12/2024', 'sinalizacao_de_necessidade_de_revisao_proximo_exercicio': 'Não', 'notas_do_usuario': 'Não informado'}","{'quantidade_alcancada': 60.0, 'data_de_referencia': 31122024.0}"
f931be3a-42aa-5ebf-a23b-b1a772b1657a,c11b9579-45d1-58de-af90-2c8b6bc73152,102,table,76feebff-0937-5f54-81d7-95be1e8cbe47,028abce8-ac8c-5f3e-b25c-6e3e1ea6d7f2,Informações do Monitoramento,informacoes_do_monitoramento,table_row,"{'regiao': 'Região Sudeste', 'meta_prevista_para_2024': '-', 'meta_prevista_para_2025': '-', 'meta_prevista_para_2026': '-', 'meta_prevista_para_2027': '-', 'quantidade_alcancada__raw': '60', 'data_de_referencia__raw': '31/12/2024', 'sinalizacao_de_necessidade_de_revisao_proximo_exercicio': 'Não', 'notas_do_usuario': 'Não informado'}","{'quantidade_alcancada': 60.0, 'data_de_referencia': 31122024.0}"
4f449043-80b9-543d-9f93-3632a16bce34,c11b9579-45d1-58de-af90-2c8b6bc73152,102,table,76feebff-0937-5f54-81d7-95be1e8cbe47,028abce8-ac8c-5f3e-b25c-6e3e1ea6d7f2,Informações do Monitoramento,informacoes_do_monitoramento,table_row,"{'regiao': 'Região Sul', 'meta_prevista_para_2024': '-', 'meta_prevista_para_2025': '-', 'meta_prevista_para_2026': '-', 'meta_prevista_para_2027': '-', 'quantidade_alcancada__raw': '60', 'data_de_referencia__raw': '31/12/2024', 'sinalizacao_de_necessidade_de_revisao_proximo_exercicio': 'Não', 'notas_do_usuario': 'Não informado'}","{'quantidade_alcancada': 60.0, 'data_de_referencia': 31122024.0}"
fe9c4c6f-4970-5af7-9178-314296fce555,c11b9579-45d1-58de-af90-2c8b6bc73152,127,table,66166e91-d9f1-5d90-bb3e-38171fa179b5,eafcecc9-5867-5a35-9f52-9d1b6835581d,Informações do Monitoramento,informacoes_do_monitoramento,table_row,"{'regiao': 'Bioma Amazônia', 'meta_prevista_para_2024__raw': '8', 'meta_prevista_para_2025__raw': '15', 'meta_prevista_para_2026__raw': '20', 'meta_prevista_para_2027__raw': '30', 'quantidade_alcancada__raw': '13', 'data_de_referencia__raw': '31/12/2024', 'sinalizacao_de_necessidade_de_revisao_proximo_exercicio': 'Não', 'notas_do_usuario': 'Não informado'}","{'meta_prevista_para_2024': 8.0, 'meta_prevista_para_2025': 15.0, 'meta_prevista_para_2026': 20.0, 'meta_prevista_para_2027': 30.0, 'quantidade_alcancada': 13.0, 'data_de_referencia': 31122024.0}"
c5e25518-4935-5780-923b-ebf12c51953c,c11b9579-45d1-58de-af90-2c8b6bc73152,127,table,66166e91-d9f1-5d90-bb3e-38171fa179b5,eafcecc9-5867-5a35-9f52-9d1b6835581d,Informações do Monitoramento,informacoes_do_monitoramento,table_row,"{'regiao': 'Bioma Caatinga', 'meta_prevista_para_2024__raw': '2', 'meta_prevista_para_2025__raw': '3', 'meta_prevista_para_2026__raw': '6', 'meta_prevista_para_2027__raw': '6', 'quantidade_alcancada__raw': '4', 'data_de_referencia__raw': '31/12/2024', 'sinalizacao_de_necessidade_de_revisao_proximo_exercicio': 'Não', 'notas_do_usuario': 'Não informado'}","{'meta_prevista_para_2024': 2.0, 'meta_prevista_para_2025': 3.0, 'meta_prevista_para_2026': 6.0, 'meta_prevista_para_2027': 6.0, 'quantidade_alcancada': 4.0, 'data_de_referencia': 31122024.0}"
e41dd15d-f7cb-54ed-aba0-2d065269393e,c11b9579-45d1-58de-af90-2c8b6bc73152,127,table,66166e91-d9f1-5d90-bb3e-38171fa179b5,eafcecc9-5867-5a35-9f52-9d1b6835581d,Informações do Monitoramento,informacoes_do_monitoramento,table_row,"{'regiao': 'Bioma Cerrado', 'meta_prevista_para_2024__raw': '0', 'meta_prevista_para_2025__raw': '2', 'meta_prevista_para_2026__raw': '4', 'meta_prevista_para_2027__raw': '4', 'quantidade_alcancada__raw': '0', 'data_de_referencia__raw': '31/12/2024', 'sinalizacao_de_necessidade_de_revisao_proximo_exercicio': 'Não', 'notas_do_usuario': 'Não informado'}","{'meta_prevista_para_2024': 0.0, 'meta_prevista_para_2025': 2.0, 'meta_prevista_para_2026': 4.0, 'meta_prevista_para_2027': 4.0, 'quantidade_alcancada': 0.0, 'data_de_referencia': 31122024.0}"
231f7c31-db40-5db0-a0cc-536dd9a392f6,c11b9579-45d1-58de-af90-2c8b6bc73152,134,table,0b207f22-e22c-5796-acfd-10454dd50f71,f606bfbf-38f4-5023-960a-7b2a0a067a83,Informações do Monitoramento,informacoes_do_monitoramento,table_row,"{'regiao': 'Bioma Caatinga', 'meta_prevista_para_2024__raw': '28.000.000', 'meta_prevista_para_2025__raw': '28.000.000', 'meta_prevista_para_2026__raw': '28.000.000', 'meta_prevista_para_2027__raw': '28.000.000', 'quantidade_alcancada': 'Não informado', 'data_de_referencia': 'Não informado', 'sinalizacao_de_necessidade_de_revisao_proximo_exercicio': 'Não informado', 'notas_do_usuario': 'Não informado'}","{'meta_prevista_para_2024': 28000000.0, 'meta_prevista_para_2025': 28000000.0, 'meta_prevista_para_2026': 28000000.0, 'meta_prevista_para_2027': 28000000.0}"
5e577ff3-b1ad-568c-b03e-60abd589f8e4,c11b9579-45d1-58de-af90-2c8b6bc73152,134,table,0b207f22-e22c-5796-acfd-10454dd50f71,f606bfbf-38f4-5023-960a-7b2a0a067a83,Informações do Monitoramento,informacoes_do_monitoramento,table_row,"{'regiao': 'Bioma Cerrado', 'meta_prevista_para_2024__raw': '2.000.000', 'meta_prevista_para_2025__raw': '24.500.000', 'meta_prevista_para_2026__raw': '24.500.000', 'meta_prevista_para_2027__raw': '25.000.000', 'quantidade_alcancada': 'Não informado', 'data_de_referencia': 'Não informado', 'sinalizacao_de_necessidade_de_revisao_proximo_exercicio': 'Não informado', 'notas_do_usuario': 'Não informado'}","{'meta_prevista_para_2024': 2000000.0, 'meta_prevista_para_2025': 24500000.0, 'meta_prevista_para_2026': 24500000.0, 'meta_prevista_para_2027': 25000000.0}"
56891b7a-c8ce-5118-a783-e1b2af3c1d10,c11b9579-45d1-58de-af90-2c8b6bc73152,134,table,0b207f22-e22c-5796-acfd-10454dd50f71,f606bfbf-38f4-5023-960a-7b2a0a067a83,Informações do Monitoramento,informacoes_do_monitoramento,table_row,"{'regiao': 'Bioma Mata Atlântica', 'meta_prevista_para_2024__raw': '0', 'meta_prevista_para_2025__raw': '4.500.000', 'meta_prevista_para_2026__raw': '14.500.000', 'meta_prevista_para_2027__raw': '14.500.000', 'quantidade_alcancada': 'Não informado', 'data_de_referencia': 'Não informado', 'sinalizacao_de_necessidade_de_revisao_proximo_exercicio': 'Não informado', 'notas_do_usuario': 'Não informado'}","{'meta_prevista_para_2024': 0.0, 'meta_prevista_para_2025': 4500000.0, 'meta_prevista_para_2026': 14500000.0, 'meta_prevista_para_2027': 14500000.0}"
e94470b8-942a-579a-ab5c-695fecbd7164,c11b9579-45d1-58de-af90-2c8b6bc73152,134,table,0b207f22-e22c-5796-acfd-10454dd50f71,f606bfbf-38f4-5023-960a-7b2a0a067a83,Informações do Monitoramento,informacoes_do_monitoramento,table_row,"{'regiao': 'Bioma Pampa', 'meta_prevista_para_2024__raw': '0', 'meta_prevista_para_2025__raw': '0', 'meta_prevista_para_2026__raw': '0', 'meta_prevista_para_2027__raw': '7.500.000', 'quantidade_alcancada': 'Não informado', 'data_de_referencia': 'Não informado', 'sinalizacao_de_necessidade_de_revisao_proximo_exercicio': 'Não informado', 'notas_do_usuario': 'Não informado'}","{'meta_prevista_para_2024': 0.0, 'meta_prevista_para_2025': 0.0, 'meta_prevista_para_2026': 0.0, 'meta_prevista_para_2027': 7500000.0}"
37cbdf5f-28e2-58c5-b763-c8f5566fb965,c11b9579-45d1-58de-af90-2c8b6bc73152,135,table,34377216-f126-5c56-814c-49cd1d700a11,38833547-03f5-535a-ac63-673bf46dc556,Informações do Monitoramento,informacoes_do_monitoramento,table_row,"{'regiao': 'Bioma Caatinga', 'meta_prevista_para_2024__raw': '0', 'meta_prevista_para_2025__raw': '10', 'meta_prevista_para_2026__raw': '10', 'meta_prevista_para_2027': '-', 'quantidade_alcancada': 'Valor não disponível', 'data_de_referencia__raw': '31/12/2024', 'sinalizacao_de_necessidade_de_revisao_proximo_exercicio': 'Sim', 'notas_do_usuario': 'Como houve mudança na estratégia de disponibilização dos dados, antes por meio de relatórios e agora por meio de conjuntos de dados e painéis, seria importante rever a meta de acordo com a estratégia atual e pensar numa forma harmonizada de contabilizar o passivo já publicado de acordo com a estratégia antiga. Além disso, será necessário incluir regionalização para os biomas Amazônia e Cerrado. REGIONALIZAÇÃO DA META: Esses valores não podem ser somados, pois se tratam das mesmas 19 publicações (16 conjuntos de dados + 3 painéis interativos) com dados nacionais, que podem ser filtrados por bioma ou estado. Desde o 1º monitoramento havíamos informado que por conta da mudança na forma de disponibilizar os dados, a regionalização deste indicador não fazia mais sentido, assim como a forma de contabilizar as informações, sendo necessária a revisão da meta também.'}","{'meta_prevista_para_2024': 0.0, 'meta_prevista_para_2025': 10.0, 'meta_prevista_para_2026': 10.0, 'data_de_referencia': 31122024.0}"
eae73cfd-68c4-5cad-8009-8f68d578829d,c11b9579-45d1-58de-af90-2c8b6bc73152,135,table,34377216-f126-5c56-814c-49cd1d700a11,38833547-03f5-535a-ac63-673bf46dc556,Informações do Monitoramento,informacoes_do_monitoramento,table_row,"{'regiao': 'Bioma Mata', 'meta_prevista_para_2024__raw': '0', 'meta_prevista_para_2025__raw': '0', 'meta_prevista_para_2026__raw': '10', 'meta_prevista_para_2027': '-', 'quantidade_alcancada': 'Valor não disponível', 'data_de_referencia__raw': '31/12/2024', 'sinalizacao_de_necessidade_de_revisao_proximo_exercicio': 'Sim', 'notas_do_usuario': 'Como houve mudança na estratégia de disponibilização dos dados, antes por meio de relatórios e agora por meio de'}","{'meta_prevista_para_2024': 0.0, 'meta_prevista_para_2025': 0.0, 'meta_prevista_para_2026': 10.0, 'data_de_referencia': 31122024.0}"
ae2e8829-8b76-5a1c-a42a-be1ec59a0f11,c11b9579-45d1-58de-af90-2c8b6bc73152,136,table,f185ebe8-0114-5754-bded-a091a003832c,,,table,table_row,"{'0': 'Atlântica', '1': '', '2': '', '3': '', '4': '', '5': '', '6': '', '7': '', '8': 'conjuntos de dados e painéis, seria importante rever a meta de acordo com a estratégia atual e pensar numa forma harmonizada de contabilizar o passivo já publicado de acordo com a estratégia antiga. Além disso, será necessário incluir regionalização para os biomas Amazônia e Cerrado. REGIONALIZAÇÃO DA META: Esses valores não podem ser somados, pois se tratam das mesmas 19 publicações (16 conjuntos de dados + 3 painéis interativos) com dados nacionais, que podem ser filtrados por bioma ou estado. Desde o 1º monitoramento havíamos informado que por conta da mudança na forma de disponibilizar os dados, a regionalização deste indicador não fazia mais sentido, assim como a forma de contabilizar as informações, sendo necessária a revisão da meta também.'}",{}
e3b9d3d3-b0d4-5ae5-afb3-5fa44ef912ab,c11b9579-45d1-58de-af90-2c8b6bc73152,136,table,f185ebe8-0114-5754-bded-a091a003832c,,,table,table_row,"{'0': 'Bioma Pampa', '1__raw': '10', '2__raw': '10', '3__raw': '10', '4': '-', '5': 'Valor não disponível', '6__raw': '31/12/2024', '7': 'Sim', '8': 'Como houve mudança na estratégia de disponibilização dos dados, antes por meio de relatórios e agora por meio de conjuntos de dados e painéis, seria importante rever a meta de acordo com a estratégia atual e pensar numa forma harmonizada de contabilizar o passivo já publicado de acordo com a estratégia antiga. Além disso, será necessário incluir regionalização para os biomas Amazônia e Cerrado. REGIONALIZAÇÃO DA META: Esses valores não podem ser somados, pois se tratam das mesmas 19 publicações (16 conjuntos de dados + 3 painéis interativos) com dados nacionais, que podem ser filtrados por bioma ou estado. Desde o 1º monitoramento havíamos informado que por conta da mudança na forma de disponibilizar os dados, a regionalização deste indicador não fazia mais sentido, assim como a forma de contabilizar as informações, sendo necessária a revisão da meta também.'}","{'1': 10.0, '2': 10.0, '3': 10.0, '6': 31122024.0}"
78583975-0154-5b5f-91cd-b3ffdab00709,c11b9579-45d1-58de-af90-2c8b6bc73152,136,table,f185ebe8-0114-5754-bded-a091a003832c,,,table,table_row,"{'0': 'Bioma Pantanal', '1__raw': '0', '2__raw': '0', '3__raw': '0', '4': '-', '5': 'Valor não disponível', '6__raw': '31/12/2024', '7': 'Sim', '8': 'Como houve mudança na estratégia de disponibilização dos dados, antes por meio de relatórios e agora por meio de conjuntos de dados e painéis, seria importante rever a meta de acordo com a estratégia atual e pensar numa forma harmonizada de contabilizar o passivo já publicado de acordo com a estratégia antiga. Além disso, será necessário incluir regionalização para os biomas Amazônia e Cerrado. REGIONALIZAÇÃO DA META: Esses valores não podem ser somados, pois se tratam das mesmas 19 publicações (16 conjuntos de dados + 3 painéis interativos) com dados nacionais, que podem ser filtrados por bioma ou estado. Desde o 1º monitoramento havíamos informado que por conta da mudança na forma de disponibilizar os dados,'}","{'1': 0.0, '2': 0.0, '3': 0.0, '6': 31122024.0}"
c8046368-e6a6-553c-93d2-1d6a143d8751,c11b9579-45d1-58de-af90-2c8b6bc73152,137,table,8c4db882-fa30-51fd-bcca-d069e1deedde,af40e4f1-fa30-5522-b463-b529e2d56425,Informações do Monitoramento,informacoes_do_monitoramento,table_row,"{'0': 'a regionalização deste indicador não fazia mais sentido, assim como a forma de contabilizar as informações, sendo necessária a revisão da meta também.'}",{}
7e9ac2fc-966b-5bff-b2c8-c5244398508c,c11b9579-45d1-58de-af90-2c8b6bc73152,137,table,859f508d-b13e-5d8f-9741-12a6249a6ac7,af40e4f1-fa30-5522-b463-b529e2d56425,Informações do Monitoramento,informacoes_do_monitoramento,table_row,{'0': 'Quantitativa:: Sim Meta prevista para 2024: 20 Meta prevista para 2025: 35 Meta prevista para 2026: 55 Meta prevista para 2027: 75'},{}
5e797dd3-d4f2-5a95-a95e-0681a273395c,c11b9579-45d1-58de-af90-2c8b6bc73152,137,table,cb3b0934-c9c3-58e7-b555-fd9910babe1f,af40e4f1-fa30-5522-b463-b529e2d56425,Informações do Monitoramento,informacoes_do_monitoramento,table_row,{'0': 'Quantidade alcançada: 29'},{}
b1b4bc65-e101-54d4-923e-e1679e6a1ecb,c11b9579-45d1-58de-af90-2c8b6bc73152,137,table,cb3b0934-c9c3-58e7-b555-fd9910babe1f,af40e4f1-fa30-5522-b463-b529e2d56425,Informações do Monitoramento,informacoes_do_monitoramento,table_row,{'0': 'Data de Referência: 31/12/2024'},{}
4b552e4a-c435-53f7-a08b-2b124832e4f7,c11b9579-45d1-58de-af90-2c8b6bc73152,137,table,cb3b0934-c9c3-58e7-b555-fd9910babe1f,af40e4f1-fa30-5522-b463-b529e2d56425,Informações do Monitoramento,informacoes_do_monitoramento,table_row,"{'0': 'Análise geral da realização da Entrega: Os resultados alcançados com o levantamento de informações de famílias em RESEX, Flona e RDS, viabilizados a partir de Termo de Execução Descentralizada - TED firmado entre ICMBio e Ministério do Meio Ambiente e Mudança do Clima-MMA, foram suficientes'}",{}
9d37e496-2071-52de-8e49-ffde68e1ff8a,c11b9579-45d1-58de-af90-2c8b6bc73152,137,table,cb3b0934-c9c3-58e7-b555-fd9910babe1f,af40e4f1-fa30-5522-b463-b529e2d56425,Informações do Monitoramento,informacoes_do_monitoramento,table_row,"{'0': 'para o alcance da meta em 2024. Resultados mais expressivos poderiam ter sido alcançados, mas o cenário de estiagem intensa na Amazônia teve impactos relevantes, gerando complicações logísticas adicionais para a condução de ações de campo.'}",{}
7bc36635-831b-5d8e-98e9-96a89c752d02,c11b9579-45d1-58de-af90-2c8b6bc73152,137,table,cb3b0934-c9c3-58e7-b555-fd9910babe1f,af40e4f1-fa30-5522-b463-b529e2d56425,Informações do Monitoramento,informacoes_do_monitoramento,table_row,"{'0': 'Justificativa para não regionalização do resultado: A entrega é nacional, considerando as diversas unidades de conservação.'}",{}
aee56151-d992-5f6f-aef5-d1f14e47146d,c11b9579-45d1-58de-af90-2c8b6bc73152,137,table,cb3b0934-c9c3-58e7-b555-fd9910babe1f,af40e4f1-fa30-5522-b463-b529e2d56425,Informações do Monitoramento,informacoes_do_monitoramento,table_row,{'0': 'Sinalização de necessidade de revisão - próximo exercício: Não'},{}
e3247b02-1948-5f40-85dc-dfa9407bb514,c11b9579-45d1-58de-af90-2c8b6bc73152,151,table,5d6ff61f-c563-547b-884e-dc3c74469213,9816b163-6bb9-5df6-b298-66cf133a9579,Informações do Monitoramento,informacoes_do_monitoramento,table_row,"{'regiao': 'Região Centro- Oeste', 'meta_prevista_para_2024__raw': '600', 'meta_prevista_para_2025__raw': '1.200', 'meta_prevista_para_2026__raw': '1.800', 'meta_prevista_para_2027__raw': '2.400', 'quantidade_alcancada': 'Valor não disponível', 'data_de_referencia__raw': '31/12/2024', 'sinalizacao_de_necessidade_de_revisao_proximo_exercicio': 'Sim', 'notas_do_usuario': 'Não informado'}","{'meta_prevista_para_2024': 600.0, 'meta_prevista_para_2025': 1200.0, 'meta_prevista_para_2026': 1800.0, 'meta_prevista_para_2027': 2400.0, 'data_de_referencia': 31122024.0}"
079b5bf7-f013-5453-a96a-c8b19150b58f,c11b9579-45d1-58de-af90-2c8b6bc73152,151,table,5d6ff61f-c563-547b-884e-dc3c74469213,9816b163-6bb9-5df6-b298-66cf133a9579,Informações do Monitoramento,informacoes_do_monitoramento,table_row,"{'regiao': 'Região Nordeste', 'meta_prevista_para_2024__raw': '200', 'meta_prevista_para_2025__raw': '400', 'meta_prevista_para_2026__raw': '600', 'meta_prevista_para_2027__raw': '800', 'quantidade_alcancada': 'Valor não disponível', 'data_de_referencia__raw': '31/12/2024', 'sinalizacao_de_necessidade_de_revisao_proximo_exercicio': 'Sim', 'notas_do_usuario': 'Não informado'}","{'meta_prevista_para_2024': 200.0, 'meta_prevista_para_2025': 400.0, 'meta_prevista_para_2026': 600.0, 'meta_prevista_para_2027': 800.0, 'data_de_referencia': 31122024.0}"
a5836c6a-b612-56c8-9c56-8e7a4246739f,c11b9579-45d1-58de-af90-2c8b6bc73152,151,table,5d6ff61f-c563-547b-884e-dc3c74469213,9816b163-6bb9-5df6-b298-66cf133a9579,Informações do Monitoramento,informacoes_do_monitoramento,table_row,"{'regiao': 'Região Norte', 'meta_prevista_para_2024__raw': '800', 'meta_prevista_para_2025__raw': '1.600', 'meta_prevista_para_2026__raw': '2.400', 'meta_prevista_para_2027__raw': '3.200', 'quantidade_alcancada': 'Valor não disponível', 'data_de_referencia__raw': '31/12/2024', 'sinalizacao_de_necessidade_de_revisao_proximo_exercicio': 'Sim', 'notas_do_usuario': 'Não informado'}","{'meta_prevista_para_2024': 800.0, 'meta_prevista_para_2025': 1600.0, 'meta_prevista_para_2026': 2400.0, 'meta_prevista_para_2027': 3200.0, 'data_de_referencia': 31122024.0}"
15394b20-c2d5-5c9d-9093-43caf46d00a1,c11b9579-45d1-58de-af90-2c8b6bc73152,151,table,5d6ff61f-c563-547b-884e-dc3c74469213,9816b163-6bb9-5df6-b298-66cf133a9579,Informações do Monitoramento,informacoes_do_monitoramento,table_row,"{'regiao': 'Região Sudeste', 'meta_prevista_para_2024__raw': '200', 'meta_prevista_para_2025__raw': '400', 'meta_prevista_para_2026__raw': '600', 'meta_prevista_para_2027__raw': '800', 'quantidade_alcancada': 'Valor não', 'data_de_referencia__raw': '31/12/2024', 'sinalizacao_de_necessidade_de_revisao_proximo_exercicio': 'Sim', 'notas_do_usuario': 'Não'}","{'meta_prevista_para_2024': 200.0, 'meta_prevista_para_2025': 400.0, 'meta_prevista_para_2026': 600.0, 'meta_prevista_para_2027': 800.0, 'data_de_referencia': 31122024.0}"
642eb6f4-0f99-5aad-a256-83bfe13b46db,c11b9579-45d1-58de-af90-2c8b6bc73152,152,table,042f1574-95b0-5f4f-bf25-41681843e52e,6c229e4c-9bb9-5de2-8e0f-b3a5e745952b,Informações do Monitoramento,informacoes_do_monitoramento,table_row,"{'column_1': 'Região Sul', 'column_2__raw': '200', 'column_3__raw': '400', 'column_4__raw': '600', 'column_5__raw': '800', 'disponivel': 'Valor não disponível', 'column_7__raw': '31/12/2024', 'column_8': 'Sim', 'informado': 'Não informado'}","{'column_2': 200.0, 'column_3': 400.0, 'column_4': 600.0, 'column_5': 800.0, 'column_7': 31122024.0}"
cafce004-4c82-5f2d-b56a-783b007f91d6,c11b9579-45d1-58de-af90-2c8b6bc73152,152,table,3348987a-2167-5988-8d35-34c93618c1f3,6c229e4c-9bb9-5de2-8e0f-b3a5e745952b,Informações do Monitoramento,informacoes_do_monitoramento,table_row,"{'publico': 'Jovem', 'meta_prevista_para_2024__raw': '600', 'meta_prevista_para_2025__raw': '1.200', 'meta_prevista_para_2026__raw': '1.800', 'meta_prevista_para_2027__raw': '2.400', 'quantidade_alcancada': 'Valor não disponível', 'data_de_referencia__raw': '31/12/2024', 'sinalizacao_de_necessidade_de_revisao_proximo_exercicio': 'Sim', 'notas_do_usuario': 'Não informado'}","{'meta_prevista_para_2024': 600.0, 'meta_prevista_para_2025': 1200.0, 'meta_prevista_para_2026': 1800.0, 'meta_prevista_para_2027': 2400.0, 'data_de_referencia': 31122024.0}"
008f0aba-1a7e-583a-931c-a1ab03ad8517,c11b9579-45d1-58de-af90-2c8b6bc73152,152,table,3348987a-2167-5988-8d35-34c93618c1f3,6c229e4c-9bb9-5de2-8e0f-b3a5e745952b,Informações do Monitoramento,informacoes_do_monitoramento,table_row,"{'publico': 'Mulheres', 'meta_prevista_para_2024__raw': '1.000', 'meta_prevista_para_2025__raw': '2.000', 'meta_prevista_para_2026__raw': '3.000', 'meta_prevista_para_2027__raw': '4.000', 'quantidade_alcancada': 'Valor não disponível', 'data_de_referencia__raw': '31/12/2024', 'sinalizacao_de_necessidade_de_revisao_proximo_exercicio': 'Sim', 'notas_do_usuario': 'Não informado'}","{'meta_prevista_para_2024': 1000.0, 'meta_prevista_para_2025': 2000.0, 'meta_prevista_para_2026': 3000.0, 'meta_prevista_para_2027': 4000.0, 'data_de_referencia': 31122024.0}"
d70c60c0-cb1f-5f9b-9d29-955ba57b2799,c11b9579-45d1-58de-af90-2c8b6bc73152,153,table,12e9f344-9927-555e-af99-a3aa6edfe6a1,eb045f9e-8bf3-51e6-87e5-565aabebd773,Regionalizações da Meta,regionalizacoes_da_meta,table_row,"{'regiao': 'Região Centro- Oeste', 'meta_prevista_para_2024__raw': '600', 'meta_prevista_para_2025__raw': '1.200', 'meta_prevista_para_2026__raw': '1.800', 'meta_prevista_para_2027__raw': '2.400', 'quantidade_alcancada': 'Valor não disponível', 'data_de_referencia__raw': '31/12/2024', 'sinalizacao_de_necessidade_de_revisao_proximo_exercicio': 'Sim', 'notas_do_usuario': 'Não informado'}","{'meta_prevista_para_2024': 600.0, 'meta_prevista_para_2025': 1200.0, 'meta_prevista_para_2026': 1800.0, 'meta_prevista_para_2027': 2400.0, 'data_de_referencia': 31122024.0}"
c5f5468e-68e8-5ec7-9150-48682fe16dfe,c11b9579-45d1-58de-af90-2c8b6bc73152,153,table,12e9f344-9927-555e-af99-a3aa6edfe6a1,eb045f9e-8bf3-51e6-87e5-565aabebd773,Regionalizações da Meta,regionalizacoes_da_meta,table_row,"{'regiao': 'Região Nordeste', 'meta_prevista_para_2024__raw': '200', 'meta_prevista_para_2025__raw': '400', 'meta_prevista_para_2026__raw': '600', 'meta_prevista_para_2027__raw': '800', 'quantidade_alcancada': 'Valor não disponível', 'data_de_referencia__raw': '31/12/2024', 'sinalizacao_de_necessidade_de_revisao_proximo_exercicio': 'Sim', 'notas_do_usuario': 'Não informado'}","{'meta_prevista_para_2024': 200.0, 'meta_prevista_para_2025': 400.0, 'meta_prevista_para_2026': 600.0, 'meta_prevista_para_2027': 800.0, 'data_de_referencia': 31122024.0}"
dc2e0c10-b8cc-5f20-89ec-593cf7d2bd57,c11b9579-45d1-58de-af90-2c8b6bc73152,153,table,12e9f344-9927-555e-af99-a3aa6edfe6a1,eb045f9e-8bf3-51e6-87e5-565aabebd773,Regionalizações da Meta,regionalizacoes_da_meta,table_row,"{'regiao': 'Região Norte', 'meta_prevista_para_2024__raw': '800', 'meta_prevista_para_2025__raw': '1.600', 'meta_prevista_para_2026__raw': '2.400', 'meta_prevista_para_2027__raw': '3.200', 'quantidade_alcancada': 'Valor não disponível', 'data_de_referencia__raw': '31/12/2024', 'sinalizacao_de_necessidade_de_revisao_proximo_exercicio': 'Sim', 'notas_do_usuario': 'Não informado'}","{'meta_prevista_para_2024': 800.0, 'meta_prevista_para_2025': 1600.0, 'meta_prevista_para_2026': 2400.0, 'meta_prevista_para_2027': 3200.0, 'data_de_referencia': 31122024.0}"
37b2d715-5787-5659-9cd5-99cc7440572c,c11b9579-45d1-58de-af90-2c8b6bc73152,153,table,12e9f344-9927-555e-af99-a3aa6edfe6a1,eb045f9e-8bf3-51e6-87e5-565aabebd773,Regionalizações da Meta,regionalizacoes_da_meta,table_row,"{'regiao': 'Região Sudeste', 'meta_prevista_para_2024__raw': '200', 'meta_prevista_para_2025__raw': '400', 'meta_prevista_para_2026__raw': '600', 'meta_prevista_para_2027__raw': '800', 'quantidade_alcancada': 'Valor não disponível', 'data_de_referencia__raw': '31/12/2024', 'sinalizacao_de_necessidade_de_revisao_proximo_exercicio': 'Sim', 'notas_do_usuario': 'Não informado'}","{'meta_prevista_para_2024': 200.0, 'meta_prevista_para_2025': 400.0, 'meta_prevista_para_2026': 600.0, 'meta_prevista_para_2027': 800.0, 'data_de_referencia': 31122024.0}"
feff2eba-e85e-57d7-8bba-84e9cf198b54,c11b9579-45d1-58de-af90-2c8b6bc73152,153,table,12e9f344-9927-555e-af99-a3aa6edfe6a1,eb045f9e-8bf3-51e6-87e5-565aabebd773,Regionalizações da Meta,regionalizacoes_da_meta,table_row,"{'regiao': 'Região Sul', 'meta_prevista_para_2024__raw': '200', 'meta_prevista_para_2025__raw': '400', 'meta_prevista_para_2026__raw': '600', 'meta_prevista_para_2027__raw': '800', 'quantidade_alcancada': 'Valor não disponível', 'data_de_referencia__raw': '31/12/2024', 'sinalizacao_de_necessidade_de_revisao_proximo_exercicio': 'Sim', 'notas_do_usuario': 'Não informado'}","{'meta_prevista_para_2024': 200.0, 'meta_prevista_para_2025': 400.0, 'meta_prevista_para_2026': 600.0, 'meta_prevista_para_2027': 800.0, 'data_de_referencia': 31122024.0}"
4164295c-fb16-5442-a9fe-296546177ceb,c11b9579-45d1-58de-af90-2c8b6bc73152,153,table,f4a768cf-e1e5-56d2-b9c5-5f7680aad5d1,eb045f9e-8bf3-51e6-87e5-565aabebd773,Regionalizações da Meta,regionalizacoes_da_meta,table_row,"{'publico': 'Jovem', 'meta_prevista_para_2024__raw': '600', 'meta_prevista_para_2025__raw': '1.200', 'meta_prevista_para_2026__raw': '1.800', 'meta_prevista_para_2027': '', 'quantidade_alcancada': 'Valor não disponível', 'data_de_referencia__raw': '31/12/2024', 'sinalizacao_de_necessidade_de_revisao_proximo_exercicio': 'Sim', 'notas_do_usuario': 'Não informado'}","{'meta_prevista_para_2024': 600.0, 'meta_prevista_para_2025': 1200.0, 'meta_prevista_para_2026': 1800.0, 'data_de_referencia': 31122024.0}"
4694ff33-f295-5f3b-86a4-981b94a3f9e0,c11b9579-45d1-58de-af90-2c8b6bc73152,153,table,f4a768cf-e1e5-56d2-b9c5-5f7680aad5d1,eb045f9e-8bf3-51e6-87e5-565aabebd773,Regionalizações da Meta,regionalizacoes_da_meta,table_row,"{'publico': 'Mulheres', 'meta_prevista_para_2024__raw': '1.000', 'meta_prevista_para_2025__raw': '2.000', 'meta_prevista_para_2026__raw': '3.000', 'meta_prevista_para_2027': '', 'quantidade_alcancada': 'Valor não disponível', 'data_de_referencia__raw': '31/12/2024', 'sinalizacao_de_necessidade_de_revisao_proximo_exercicio': 'Sim', 'notas_do_usuario': 'Não informado'}","{'meta_prevista_para_2024': 1000.0, 'meta_prevista_para_2025': 2000.0, 'meta_prevista_para_2026': 3000.0, 'data_de_referencia': 31122024.0}"
1e1eb136-bd01-5f0b-80ba-c0e7675ddeb4,c11b9579-45d1-58de-af90-2c8b6bc73152,154,table,37ef3d8d-2809-5fa0-8134-1733e9cadc72,eb5a9341-5b29-5a83-8891-b9621a42767b,Informações do Monitoramento,informacoes_do_monitoramento,table_row,"{'regiao': 'Região Centro- Oeste', 'meta_prevista_para_2024__raw': '600', 'meta_prevista_para_2025__raw': '1.200', 'meta_prevista_para_2026__raw': '1.800', 'meta_prevista_para_2027__raw': '2.400', 'quantidade_alcancada': 'Valor não disponível', 'data_de_referencia__raw': '31/12/2024', 'sinalizacao_de_necessidade_de_revisao_proximo_exercicio': 'Sim', 'notas_do_usuario': 'Não informado'}","{'meta_prevista_para_2024': 600.0, 'meta_prevista_para_2025': 1200.0, 'meta_prevista_para_2026': 1800.0, 'meta_prevista_para_2027': 2400.0, 'data_de_referencia': 31122024.0}"
f7407a21-75f4-5c6b-8450-9fe2da409240,c11b9579-45d1-58de-af90-2c8b6bc73152,154,table,37ef3d8d-2809-5fa0-8134-1733e9cadc72,eb5a9341-5b29-5a83-8891-b9621a42767b,Informações do Monitoramento,informacoes_do_monitoramento,table_row,"{'regiao': 'Região Nordeste', 'meta_prevista_para_2024__raw': '200', 'meta_prevista_para_2025__raw': '400', 'meta_prevista_para_2026__raw': '600', 'meta_prevista_para_2027__raw': '800', 'quantidade_alcancada': 'Valor não disponível', 'data_de_referencia__raw': '31/12/2024', 'sinalizacao_de_necessidade_de_revisao_proximo_exercicio': 'Sim', 'notas_do_usuario': 'Não informado'}","{'meta_prevista_para_2024': 200.0, 'meta_prevista_para_2025': 400.0, 'meta_prevista_para_2026': 600.0, 'meta_prevista_para_2027': 800.0, 'data_de_referencia': 31122024.0}"
6243ca04-ba13-5e56-b183-121c34ea1101,c11b9579-45d1-58de-af90-2c8b6bc73152,154,table,37ef3d8d-2809-5fa0-8134-1733e9cadc72,eb5a9341-5b29-5a83-8891-b9621a42767b,Informações do Monitoramento,informacoes_do_monitoramento,table_row,"{'regiao': 'Região Norte', 'meta_prevista_para_2024__raw': '800', 'meta_prevista_para_2025__raw': '1.600', 'meta_prevista_para_2026__raw': '2.400', 'meta_prevista_para_2027__raw': '3.200', 'quantidade_alcancada': 'Valor não disponível', 'data_de_referencia__raw': '31/12/2024', 'sinalizacao_de_necessidade_de_revisao_proximo_exercicio': 'Sim', 'notas_do_usuario': 'Não informado'}","{'meta_prevista_para_2024': 800.0, 'meta_prevista_para_2025': 1600.0, 'meta_prevista_para_2026': 2400.0, 'meta_prevista_para_2027': 3200.0, 'data_de_referencia': 31122024.0}"
8691b2b4-b2a3-59f9-823f-c36100f7e874,c11b9579-45d1-58de-af90-2c8b6bc73152,154,table,37ef3d8d-2809-5fa0-8134-1733e9cadc72,eb5a9341-5b29-5a83-8891-b9621a42767b,Informações do Monitoramento,informacoes_do_monitoramento,table_row,"{'regiao': 'Região Sudeste', 'meta_prevista_para_2024__raw': '200', 'meta_prevista_para_2025__raw': '400', 'meta_prevista_para_2026__raw': '600', 'meta_prevista_para_2027__raw': '800', 'quantidade_alcancada': 'Valor não disponível', 'data_de_referencia__raw': '31/12/2024', 'sinalizacao_de_necessidade_de_revisao_proximo_exercicio': 'Sim', 'notas_do_usuario': 'Não informado'}","{'meta_prevista_para_2024': 200.0, 'meta_prevista_para_2025': 400.0, 'meta_prevista_para_2026': 600.0, 'meta_prevista_para_2027': 800.0, 'data_de_referencia': 31122024.0}"
6bf617ca-9400-5966-ae3d-0d1fce2dec8c,c11b9579-45d1-58de-af90-2c8b6bc73152,154,table,37ef3d8d-2809-5fa0-8134-1733e9cadc72,eb5a9341-5b29-5a83-8891-b9621a42767b,Informações do Monitoramento,informacoes_do_monitoramento,table_row,"{'regiao': 'Região Sul', 'meta_prevista_para_2024__raw': '200', 'meta_prevista_para_2025__raw': '400', 'meta_prevista_para_2026__raw': '600', 'meta_prevista_para_2027__raw': '800', 'quantidade_alcancada': 'Valor não disponível', 'data_de_referencia__raw': '31/12/2024', 'sinalizacao_de_necessidade_de_revisao_proximo_exercicio': 'Sim', 'notas_do_usuario': 'Não informado'}","{'meta_prevista_para_2024': 200.0, 'meta_prevista_para_2025': 400.0, 'meta_prevista_para_2026': 600.0, 'meta_prevista_para_2027': 800.0, 'data_de_referencia': 31122024.0}"
59dc0f9c-94e7-51cf-a571-40b5e0893397,c11b9579-45d1-58de-af90-2c8b6bc73152,155,table,47ea7a09-5a43-50ef-bb7c-8950e2437f76,0fb880cd-c9fe-5137-84e8-32cfa603e5d4,Entrega: 2165 - Comunidades atendidas com iniciativas de turismo de base comunitária.,entrega_2165_comunidades_atendidas_com_iniciativas_de_turismo_de_base_comunitaria,table_row,"{'publico': 'Jovem', 'meta_prevista_para_2024__raw': '600', 'meta_prevista_para_2025__raw': '1.200', 'meta_prevista_para_2026__raw': '1.800', 'meta_prevista_para_2027': '', 'quantidade_alcancada': 'Valor não disponível', 'data_de_referencia__raw': '31/12/2024', 'sinalizacao_de_necessidade_de_revisao_proximo_exercicio': 'Sim', 'notas_do_usuario': 'Não informado'}","{'meta_prevista_para_2024': 600.0, 'meta_prevista_para_2025': 1200.0, 'meta_prevista_para_2026': 1800.0, 'data_de_referencia': 31122024.0}"
fc0d7d5e-7446-5cde-9463-2e5b1942065b,c11b9579-45d1-58de-af90-2c8b6bc73152,155,table,47ea7a09-5a43-50ef-bb7c-8950e2437f76,0fb880cd-c9fe-5137-84e8-32cfa603e5d4,Entrega: 2165 - Comunidades atendidas com iniciativas de turismo de base comunitária.,entrega_2165_comunidades_atendidas_com_iniciativas_de_turismo_de_base_comunitaria,table_row,"{'publico': 'Mulheres', 'meta_prevista_para_2024__raw': '1.000', 'meta_prevista_para_2025__raw': '2.000', 'meta_prevista_para_2026__raw': '3.000', 'meta_prevista_para_2027': '', 'quantidade_alcancada': 'Valor não disponível', 'data_de_referencia__raw': '31/12/2024', 'sinalizacao_de_necessidade_de_revisao_proximo_exercicio': 'Sim', 'notas_do_usuario': 'Não informado'}","{'meta_prevista_para_2024': 1000.0, 'meta_prevista_para_2025': 2000.0, 'meta_prevista_para_2026': 3000.0, 'data_de_referencia': 31122024.0}"
e39cf4be-78bf-538b-92e4-159a616bef14,c11b9579-45d1-58de-af90-2c8b6bc73152,155,table,3a83aef7-e66c-5c87-9cc2-1a0a7245d41a,0fb880cd-c9fe-5137-84e8-32cfa603e5d4,Entrega: 2165 - Comunidades atendidas com iniciativas de turismo de base comunitária.,entrega_2165_comunidades_atendidas_com_iniciativas_de_turismo_de_base_comunitaria,table_row,"{'regiao': 'Região', 'meta_prevista_para_2024__raw': '20', 'meta_prevista_para_2025__raw': '40', 'meta_prevista_para_2026__raw': '60', 'meta_prevista_para_2027__raw': '80', 'quantidade_alcancada': 'Valor não', 'data_de_referencia__raw': '31/12/2024', 'sinalizacao_de_necessidade_de_revisao_proximo_exercicio': 'Sim', 'notas_do_usuario': 'Não'}","{'meta_prevista_para_2024': 20.0, 'meta_prevista_para_2025': 40.0, 'meta_prevista_para_2026': 60.0, 'meta_prevista_para_2027': 80.0, 'data_de_referencia': 31122024.0}"
05f376c6-c033-58a0-9327-a3f96b0db67c,c11b9579-45d1-58de-af90-2c8b6bc73152,156,table,5928f349-ee97-5925-a0ff-864972af900a,28c2faa2-dfc8-5406-b431-d75cf89a2832,PROGRAMA: 1191 - AGRICULTURA FAMILIAR E AGROECOLOGIA,programa_1191_agricultura_familiar_e_agroecologia,table_row,"{'0': 'Norte', '1': 'disponível', '2': 'informado'}",{}
41ef607c-7300-5961-88c7-c6e507105272,c11b9579-45d1-58de-af90-2c8b6bc73152,157,table,f5ece64d-218e-5a8c-bd7e-71eefd2e395b,1c76ba5a-1a8a-5500-bc53-2d81b7dee640,Informações do Monitoramento,informacoes_do_monitoramento,table_row,"{'regiao': 'Região Centro- Oeste', 'meta_prevista_para_2024__raw': '3.107', 'meta_prevista_para_2025__raw': '3.837', 'meta_prevista_para_2026__raw': '4.495', 'meta_prevista_para_2027__raw': '4.928', 'quantidade_alcancada__raw': '332', 'data_de_referencia__raw': '01/01/2025', 'sinalizacao_de_necessidade_de_revisao_proximo_exercicio': 'Não', 'notas_do_usuario': 'Não informado'}","{'meta_prevista_para_2024': 3107.0, 'meta_prevista_para_2025': 3837.0, 'meta_prevista_para_2026': 4495.0, 'meta_prevista_para_2027': 4928.0, 'quantidade_alcancada': 332.0, 'data_de_referencia': 1012025.0}"
5858f51e-8945-5ef9-8a13-0d9742fab88c,c11b9579-45d1-58de-af90-2c8b6bc73152,157,table,f5ece64d-218e-5a8c-bd7e-71eefd2e395b,1c76ba5a-1a8a-5500-bc53-2d81b7dee640,Informações do Monitoramento,informacoes_do_monitoramento,table_row,"{'regiao': 'Região Nordeste', 'meta_prevista_para_2024__raw': '4.315', 'meta_prevista_para_2025__raw': '5.328', 'meta_prevista_para_2026__raw': '6.244', 'meta_prevista_para_2027__raw': '6.843', 'quantidade_alcancada__raw': '7.011', 'data_de_referencia__raw': '01/01/2025', 'sinalizacao_de_necessidade_de_revisao_proximo_exercicio': 'Não', 'notas_do_usuario': 'Não informado'}","{'meta_prevista_para_2024': 4315.0, 'meta_prevista_para_2025': 5328.0, 'meta_prevista_para_2026': 6244.0, 'meta_prevista_para_2027': 6843.0, 'quantidade_alcancada': 7011.0, 'data_de_referencia': 1012025.0}"
9c4927c4-2aba-5208-8fae-8ccda086307d,c11b9579-45d1-58de-af90-2c8b6bc73152,157,table,f5ece64d-218e-5a8c-bd7e-71eefd2e395b,1c76ba5a-1a8a-5500-bc53-2d81b7dee640,Informações do Monitoramento,informacoes_do_monitoramento,table_row,"{'regiao': 'Região Norte', 'meta_prevista_para_2024__raw': '4.315', 'meta_prevista_para_2025__raw': '5.328', 'meta_prevista_para_2026__raw': '6.244', 'meta_prevista_para_2027__raw': '6.843', 'quantidade_alcancada__raw': '6.841', 'data_de_referencia__raw': '01/01/2025', 'sinalizacao_de_necessidade_de_revisao_proximo_exercicio': 'Não', 'notas_do_usuario': 'Não informado'}","{'meta_prevista_para_2024': 4315.0, 'meta_prevista_para_2025': 5328.0, 'meta_prevista_para_2026': 6244.0, 'meta_prevista_para_2027': 6843.0, 'quantidade_alcancada': 6841.0, 'data_de_referencia': 1012025.0}"
c2ed6753-ba32-5e35-8c0b-2b0b0e624618,c11b9579-45d1-58de-af90-2c8b6bc73152,157,table,f5ece64d-218e-5a8c-bd7e-71eefd2e395b,1c76ba5a-1a8a-5500-bc53-2d81b7dee640,Informações do Monitoramento,informacoes_do_monitoramento,table_row,"{'regiao': 'Região Sudeste', 'meta_prevista_para_2024__raw': '2.763', 'meta_prevista_para_2025__raw': '3.411', 'meta_prevista_para_2026__raw': '3.997', 'meta_prevista_para_2027__raw': '4.379', 'quantidade_alcancada__raw': '3.248', 'data_de_referencia__raw': '01/01/2025', 'sinalizacao_de_necessidade_de_revisao_proximo_exercicio': 'Não', 'notas_do_usuario': 'Não informado'}","{'meta_prevista_para_2024': 2763.0, 'meta_prevista_para_2025': 3411.0, 'meta_prevista_para_2026': 3997.0, 'meta_prevista_para_2027': 4379.0, 'quantidade_alcancada': 3248.0, 'data_de_referencia': 1012025.0}"
1dab66ab-0187-5fb9-8ec8-3af839dccdf4,c11b9579-45d1-58de-af90-2c8b6bc73152,157,table,f5ece64d-218e-5a8c-bd7e-71eefd2e395b,1c76ba5a-1a8a-5500-bc53-2d81b7dee640,Informações do Monitoramento,informacoes_do_monitoramento,table_row,"{'regiao': 'Região Sul', 'meta_prevista_para_2024__raw': '2.763', 'meta_prevista_para_2025__raw': '3.411', 'meta_prevista_para_2026__raw': '3.997', 'meta_prevista_para_2027__raw': '4.379', 'quantidade_alcancada__raw': '0', 'data_de_referencia__raw': '01/01/2025', 'sinalizacao_de_necessidade_de_revisao_proximo_exercicio': 'Não', 'notas_do_usuario': 'Não informado'}","{'meta_prevista_para_2024': 2763.0, 'meta_prevista_para_2025': 3411.0, 'meta_prevista_para_2026': 3997.0, 'meta_prevista_para_2027': 4379.0, 'quantidade_alcancada': 0.0, 'data_de_referencia': 1012025.0}"
52e63c1f-1611-5343-b53d-2166f6106733,c11b9579-45d1-58de-af90-2c8b6bc73152,157,table,9959e45f-1cfe-5e61-a16b-34f73731486f,1c76ba5a-1a8a-5500-bc53-2d81b7dee640,Informações do Monitoramento,informacoes_do_monitoramento,table_row,"{'publico': 'Mulheres', 'meta_prevista_para_2024__raw': '6.905', 'meta_prevista_para_2025__raw': '8.526', 'meta_prevista_para_2026__raw': '9.990', 'meta_prevista_para_2027__raw': '10.948', 'quantidade_alcancada__raw': '12.060', 'data_de_referencia__raw': '01/01/2025', 'sinalizacao_de_necessidade_de_revisao_proximo_exercicio': 'Não', 'notas_do_usuario': 'Não informado'}","{'meta_prevista_para_2024': 6905.0, 'meta_prevista_para_2025': 8526.0, 'meta_prevista_para_2026': 9990.0, 'meta_prevista_para_2027': 10948.0, 'quantidade_alcancada': 12060.0, 'data_de_referencia': 1012025.0}"
78d5f277-aefb-5eec-8577-bcccb475112b,c11b9579-45d1-58de-af90-2c8b6bc73152,157,table,9959e45f-1cfe-5e61-a16b-34f73731486f,1c76ba5a-1a8a-5500-bc53-2d81b7dee640,Informações do Monitoramento,informacoes_do_monitoramento,table_row,"{'publico': 'Povos e Comunidades Tradicionais', 'meta_prevista_para_2024__raw': '12.084', 'meta_prevista_para_2025__raw': '14.920', 'meta_prevista_para_2026__raw': '17.483', 'meta_prevista_para_2027__raw': '19.160', 'quantidade_alcancada__raw': '5.606', 'data_de_referencia__raw': '01/01/2025', 'sinalizacao_de_necessidade_de_revisao_proximo_exercicio': 'Não', 'notas_do_usuario': 'Não informado'}","{'meta_prevista_para_2024': 12084.0, 'meta_prevista_para_2025': 14920.0, 'meta_prevista_para_2026': 17483.0, 'meta_prevista_para_2027': 19160.0, 'quantidade_alcancada': 5606.0, 'data_de_referencia': 1012025.0}"
ccb7cf31-8b07-583b-8fe9-2fc38d301b39,c11b9579-45d1-58de-af90-2c8b6bc73152,158,table,584d0b04-6f4a-5b20-a2a3-6be287ac542a,edba415a-3e2e-571d-9dee-e5294d1238f4,Informações do Monitoramento,informacoes_do_monitoramento,table_row,"{'regiao': 'Região Centro- Oeste', 'meta_prevista_para_2024__raw': '220', 'meta_prevista_para_2025__raw': '264', 'meta_prevista_para_2026__raw': '316', 'meta_prevista_para_2027__raw': '380', 'quantidade_alcancada__raw': '0', 'data_de_referencia__raw': '01/01/2025', 'sinalizacao_de_necessidade_de_revisao_proximo_exercicio': 'Sim', 'notas_do_usuario': 'SEPLAN - informação atualizada pela área setorial - alterou para Sim o campo Sinalização de necessidade de revisão - próximo exercício'}","{'meta_prevista_para_2024': 220.0, 'meta_prevista_para_2025': 264.0, 'meta_prevista_para_2026': 316.0, 'meta_prevista_para_2027': 380.0, 'quantidade_alcancada': 0.0, 'data_de_referencia': 1012025.0}"
a7dedcea-600e-5aef-8a04-01ac31930426,c11b9579-45d1-58de-af90-2c8b6bc73152,158,table,584d0b04-6f4a-5b20-a2a3-6be287ac542a,edba415a-3e2e-571d-9dee-e5294d1238f4,Informações do Monitoramento,informacoes_do_monitoramento,table_row,"{'regiao': 'Região Nordeste', 'meta_prevista_para_2024__raw': '220', 'meta_prevista_para_2025__raw': '265', 'meta_prevista_para_2026__raw': '311', 'meta_prevista_para_2027__raw': '381', 'quantidade_alcancada__raw': '0', 'data_de_referencia__raw': '01/01/2025', 'sinalizacao_de_necessidade_de_revisao_proximo_exercicio': 'Sim', 'notas_do_usuario': 'SEPLAN - informação atualizada pela área setorial - alterou para Sim o campo Sinalização de necessidade de revisão - próximo exercício'}","{'meta_prevista_para_2024': 220.0, 'meta_prevista_para_2025': 265.0, 'meta_prevista_para_2026': 311.0, 'meta_prevista_para_2027': 381.0, 'quantidade_alcancada': 0.0, 'data_de_referencia': 1012025.0}"
22c8d5bd-9beb-55ad-af20-5f7f3805012b,c11b9579-45d1-58de-af90-2c8b6bc73152,158,table,584d0b04-6f4a-5b20-a2a3-6be287ac542a,edba415a-3e2e-571d-9dee-e5294d1238f4,Informações do Monitoramento,informacoes_do_monitoramento,table_row,"{'regiao': 'Região Norte', 'meta_prevista_para_2024__raw': '880', 'meta_prevista_para_2025__raw': '1.056', 'meta_prevista_para_2026__raw': '1.267', 'meta_prevista_para_2027__raw': '1.521', 'quantidade_alcancada__raw': '4.679', 'data_de_referencia__raw': '01/01/2025', 'sinalizacao_de_necessidade_de_revisao_proximo_exercicio': 'Sim', 'notas_do_usuario': 'SEPLAN - informação atualizada pela área setorial - alterou para Sim o campo Sinalização de necessidade de revisão - próximo exercício'}","{'meta_prevista_para_2024': 880.0, 'meta_prevista_para_2025': 1056.0, 'meta_prevista_para_2026': 1267.0, 'meta_prevista_para_2027': 1521.0, 'quantidade_alcancada': 4679.0, 'data_de_referencia': 1012025.0}"
ce0c6f49-5557-5b15-9658-a3eae477884c,c11b9579-45d1-58de-af90-2c8b6bc73152,159,table,ec6dbd14-accd-55af-a693-7368a7cebbd0,cb3ff3a3-9774-5d12-89c8-8b9e10c3d91b,Informações do Monitoramento,informacoes_do_monitoramento,table_row,"{'regiao_sudeste': 'Região Sul', '220__raw': '220', '264__raw': '264', '316__raw': '316', '380__raw': '380', '0__raw': '0', '01_01_2025__raw': '01/01/2025', 'sim': 'Não', 'seplan_informacao_atualizada_pela_area_setorial_alterou_para_sim_o_campo_sinalizacao_de_necessidade_de_revisao_proximo_exercicio': 'SEPLAN - informação atualizada pela área setorial - alterou para Sim o campo Sinalização de necessidade de revisão - próximo exercício'}","{'220': 220.0, '264': 264.0, '316': 316.0, '380': 380.0, '0': 0.0, '01_01_2025': 1012025.0}"
d00f3c55-8a78-50dd-a583-ee24d725f699,c11b9579-45d1-58de-af90-2c8b6bc73152,159,table,030dcc25-4912-553f-b7be-74d91ee715f7,cb3ff3a3-9774-5d12-89c8-8b9e10c3d91b,Informações do Monitoramento,informacoes_do_monitoramento,table_row,"{'publico': 'Mulheres', 'meta_prevista_para_2024__raw': '696', 'meta_prevista_para_2025__raw': '845', 'meta_prevista_para_2026__raw': '1.014', 'meta_prevista_para_2027__raw': '1.216', 'quantidade_alcancada__raw': '3.275', 'data_de_referencia__raw': '01/01/2025', 'sinalizacao_de_necessidade_de_revisao_proximo_exercicio': 'Não', 'notas_do_usuario': 'Não informado'}","{'meta_prevista_para_2024': 696.0, 'meta_prevista_para_2025': 845.0, 'meta_prevista_para_2026': 1014.0, 'meta_prevista_para_2027': 1216.0, 'quantidade_alcancada': 3275.0, 'data_de_referencia': 1012025.0}"
994ae98c-5fa5-500e-aded-493035e50c19,c11b9579-45d1-58de-af90-2c8b6bc73152,160,table,5a85ac01-0d0d-5d21-a374-299c45bad503,9de47a3a-92a4-5a17-bc1a-8f20f1b4e7cf,Regionalizações da Meta,regionalizacoes_da_meta,table_row,"{'regiao': 'Região Centro- Oeste', 'meta_prevista_para_2024__raw': '307', 'meta_prevista_para_2025__raw': '368', 'meta_prevista_para_2026__raw': '442', 'meta_prevista_para_2027__raw': '530', 'quantidade_alcancada__raw': '315', 'data_de_referencia__raw': '01/01/2025', 'sinalizacao_de_necessidade_de_revisao_proximo_exercicio': 'Não', 'notas_do_usuario': 'Não informado'}","{'meta_prevista_para_2024': 307.0, 'meta_prevista_para_2025': 368.0, 'meta_prevista_para_2026': 442.0, 'meta_prevista_para_2027': 530.0, 'quantidade_alcancada': 315.0, 'data_de_referencia': 1012025.0}"
9a8369e6-3059-571b-a875-75d89a601576,c11b9579-45d1-58de-af90-2c8b6bc73152,160,table,5a85ac01-0d0d-5d21-a374-299c45bad503,9de47a3a-92a4-5a17-bc1a-8f20f1b4e7cf,Regionalizações da Meta,regionalizacoes_da_meta,table_row,"{'regiao': 'Região Nordeste', 'meta_prevista_para_2024__raw': '307', 'meta_prevista_para_2025__raw': '368', 'meta_prevista_para_2026__raw': '442', 'meta_prevista_para_2027__raw': '530', 'quantidade_alcancada__raw': '604', 'data_de_referencia__raw': '01/01/2025', 'sinalizacao_de_necessidade_de_revisao_proximo_exercicio': 'Não', 'notas_do_usuario': 'Não informado'}","{'meta_prevista_para_2024': 307.0, 'meta_prevista_para_2025': 368.0, 'meta_prevista_para_2026': 442.0, 'meta_prevista_para_2027': 530.0, 'quantidade_alcancada': 604.0, 'data_de_referencia': 1012025.0}"
62ec596d-c8bf-5900-865c-820dd786b941,c11b9579-45d1-58de-af90-2c8b6bc73152,160,table,5a85ac01-0d0d-5d21-a374-299c45bad503,9de47a3a-92a4-5a17-bc1a-8f20f1b4e7cf,Regionalizações da Meta,regionalizacoes_da_meta,table_row,"{'regiao': 'Região Norte', 'meta_prevista_para_2024__raw': '308', 'meta_prevista_para_2025__raw': '368', 'meta_prevista_para_2026__raw': '442', 'meta_prevista_para_2027__raw': '530', 'quantidade_alcancada__raw': '409', 'data_de_referencia__raw': '01/01/2025', 'sinalizacao_de_necessidade_de_revisao_proximo_exercicio': 'Não', 'notas_do_usuario': 'Não informado'}","{'meta_prevista_para_2024': 308.0, 'meta_prevista_para_2025': 368.0, 'meta_prevista_para_2026': 442.0, 'meta_prevista_para_2027': 530.0, 'quantidade_alcancada': 409.0, 'data_de_referencia': 1012025.0}"
ca382d40-e245-50d1-a893-fde521fcee68,c11b9579-45d1-58de-af90-2c8b6bc73152,160,table,5a85ac01-0d0d-5d21-a374-299c45bad503,9de47a3a-92a4-5a17-bc1a-8f20f1b4e7cf,Regionalizações da Meta,regionalizacoes_da_meta,table_row,"{'regiao': 'Região Sudeste', 'meta_prevista_para_2024__raw': '307', 'meta_prevista_para_2025__raw': '368', 'meta_prevista_para_2026__raw': '442', 'meta_prevista_para_2027__raw': '530', 'quantidade_alcancada__raw': '282', 'data_de_referencia__raw': '01/01/2025', 'sinalizacao_de_necessidade_de_revisao_proximo_exercicio': 'Não', 'notas_do_usuario': 'Não informado'}","{'meta_prevista_para_2024': 307.0, 'meta_prevista_para_2025': 368.0, 'meta_prevista_para_2026': 442.0, 'meta_prevista_para_2027': 530.0, 'quantidade_alcancada': 282.0, 'data_de_referencia': 1012025.0}"
b3cab8d7-80be-534c-b70b-954e7e027f44,c11b9579-45d1-58de-af90-2c8b6bc73152,160,table,5a85ac01-0d0d-5d21-a374-299c45bad503,9de47a3a-92a4-5a17-bc1a-8f20f1b4e7cf,Regionalizações da Meta,regionalizacoes_da_meta,table_row,"{'regiao': 'Região Sul', 'meta_prevista_para_2024__raw': '307', 'meta_prevista_para_2025__raw': '368', 'meta_prevista_para_2026__raw': '442', 'meta_prevista_para_2027__raw': '530', 'quantidade_alcancada__raw': '0', 'data_de_referencia__raw': '01/01/2025', 'sinalizacao_de_necessidade_de_revisao_proximo_exercicio': 'Não', 'notas_do_usuario': 'Não informado'}","{'meta_prevista_para_2024': 307.0, 'meta_prevista_para_2025': 368.0, 'meta_prevista_para_2026': 442.0, 'meta_prevista_para_2027': 530.0, 'quantidade_alcancada': 0.0, 'data_de_referencia': 1012025.0}"
95d46f8a-16bf-5ff6-9702-16ef1b9dcbce,c11b9579-45d1-58de-af90-2c8b6bc73152,160,table,163491ad-0387-5d4a-9804-c8a73bbf5eec,9de47a3a-92a4-5a17-bc1a-8f20f1b4e7cf,Regionalizações da Meta,regionalizacoes_da_meta,table_row,"{'publico': 'Mulheres', 'meta_prevista_para_2024__raw': '1.228', 'meta_prevista_para_2025__raw': '1.474', 'meta_prevista_para_2026__raw': '1.768', 'meta_prevista_para_2027__raw': '2.122', 'quantidade_alcancada__raw': '1.288', 'data_de_referencia__raw': '01/01/2025', 'sinalizacao_de_necessidade_de_revisao_proximo_exercicio': 'Não', 'notas_do_usuario': 'Não informado'}","{'meta_prevista_para_2024': 1228.0, 'meta_prevista_para_2025': 1474.0, 'meta_prevista_para_2026': 1768.0, 'meta_prevista_para_2027': 2122.0, 'quantidade_alcancada': 1288.0, 'data_de_referencia': 1012025.0}"
9bdc40ce-6540-5a36-a53e-22d54f9d0e44,c11b9579-45d1-58de-af90-2c8b6bc73152,160,table,163491ad-0387-5d4a-9804-c8a73bbf5eec,9de47a3a-92a4-5a17-bc1a-8f20f1b4e7cf,Regionalizações da Meta,regionalizacoes_da_meta,table_row,"{'publico': 'Povos e Comunidades Tradicionais', 'meta_prevista_para_2024__raw': '460', 'meta_prevista_para_2025__raw': '552', 'meta_prevista_para_2026__raw': '663', 'meta_prevista_para_2027__raw': '795', 'quantidade_alcancada__raw': '483', 'data_de_referencia__raw': '01/01/2025', 'sinalizacao_de_necessidade_de_revisao_proximo_exercicio': 'Não', 'notas_do_usuario': 'Não informado'}","{'meta_prevista_para_2024': 460.0, 'meta_prevista_para_2025': 552.0, 'meta_prevista_para_2026': 663.0, 'meta_prevista_para_2027': 795.0, 'quantidade_alcancada': 483.0, 'data_de_referencia': 1012025.0}"
c8eb58f4-4556-5ff8-8424-10b26ac32720,c11b9579-45d1-58de-af90-2c8b6bc73152,161,table,cb39077e-9b3b-5a5a-9d8f-baedf6084dde,b04631b0-ee47-5614-9717-c924dff524de,Informações do Monitoramento,informacoes_do_monitoramento,table_row,"{'regiao': 'Região Centro- Oeste', 'meta_prevista_para_2024__raw': '0', 'meta_prevista_para_2025__raw': '1.000', 'meta_prevista_para_2026__raw': '1.000', 'meta_prevista_para_2027__raw': '1.000', 'quantidade_alcancada__raw': '0', 'data_de_referencia__raw': '01/01/2025', 'sinalizacao_de_necessidade_de_revisao_proximo_exercicio': 'Não', 'notas_do_usuario': 'Não informado'}","{'meta_prevista_para_2024': 0.0, 'meta_prevista_para_2025': 1000.0, 'meta_prevista_para_2026': 1000.0, 'meta_prevista_para_2027': 1000.0, 'quantidade_alcancada': 0.0, 'data_de_referencia': 1012025.0}"
84f8f493-54f1-542d-ba3e-dddf651c6fe8,c11b9579-45d1-58de-af90-2c8b6bc73152,161,table,cb39077e-9b3b-5a5a-9d8f-baedf6084dde,b04631b0-ee47-5614-9717-c924dff524de,Informações do Monitoramento,informacoes_do_monitoramento,table_row,"{'regiao': 'Região Norte', 'meta_prevista_para_2024__raw': '2.000', 'meta_prevista_para_2025__raw': '2.000', 'meta_prevista_para_2026__raw': '2.000', 'meta_prevista_para_2027__raw': '0', 'quantidade_alcancada__raw': '1.000', 'data_de_referencia__raw': '01/01/2025', 'sinalizacao_de_necessidade_de_revisao_proximo_exercicio': 'Não', 'notas_do_usuario': 'Não informado'}","{'meta_prevista_para_2024': 2000.0, 'meta_prevista_para_2025': 2000.0, 'meta_prevista_para_2026': 2000.0, 'meta_prevista_para_2027': 0.0, 'quantidade_alcancada': 1000.0, 'data_de_referencia': 1012025.0}"
5cc040bd-8178-5552-86f5-a74bf90bfca0,c11b9579-45d1-58de-af90-2c8b6bc73152,161,table,088a4399-6392-5d94-8e7d-1efc07bca6ca,b04631b0-ee47-5614-9717-c924dff524de,Informações do Monitoramento,informacoes_do_monitoramento,table_row,"{'publico': 'Jovem', 'meta_prevista_para_2024__raw': '400', 'meta_prevista_para_2025__raw': '600', 'meta_prevista_para_2026__raw': '600', 'meta_prevista_para_2027__raw': '200', 'quantidade_alcancada__raw': '400', 'data_de_referencia__raw': '01/01/2025', 'sinalizacao_de_necessidade_de_revisao_proximo_exercicio': 'Não', 'notas_do_usuario': 'Não informado'}","{'meta_prevista_para_2024': 400.0, 'meta_prevista_para_2025': 600.0, 'meta_prevista_para_2026': 600.0, 'meta_prevista_para_2027': 200.0, 'quantidade_alcancada': 400.0, 'data_de_referencia': 1012025.0}"
a4c10961-2b6e-5f41-bd14-a0337bfcdb22,c11b9579-45d1-58de-af90-2c8b6bc73152,161,table,088a4399-6392-5d94-8e7d-1efc07bca6ca,b04631b0-ee47-5614-9717-c924dff524de,Informações do Monitoramento,informacoes_do_monitoramento,table_row,"{'publico': 'Mulheres', 'meta_prevista_para_2024__raw': '600', 'meta_prevista_para_2025__raw': '900', 'meta_prevista_para_2026__raw': '900', 'meta_prevista_para_2027__raw': '300', 'quantidade_alcancada__raw': '600', 'data_de_referencia__raw': '01/01/2025', 'sinalizacao_de_necessidade_de_revisao_proximo_exercicio': 'Não', 'notas_do_usuario': 'Não informado'}","{'meta_prevista_para_2024': 600.0, 'meta_prevista_para_2025': 900.0, 'meta_prevista_para_2026': 900.0, 'meta_prevista_para_2027': 300.0, 'quantidade_alcancada': 600.0, 'data_de_referencia': 1012025.0}"
28409b64-bb95-577d-ad4f-b551b423a769,c11b9579-45d1-58de-af90-2c8b6bc73152,162,table,d4e8146e-f557-5ac5-a41f-b799dcb6ab43,c4235a97-b5ad-55ce-95a8-30ecfc00633e,"Objetivo Específico: 0333 - Ampliar o acesso dos agricultores e agricultoras familiares a máquinas, equipamentos e implementos agrícolas e agroindustriais",objetivo_especifico_0333_ampliar_o_acesso_dos_agricultores_e_agricultoras_familiares_a_maquinas_equipamentos_e_implementos_agricolas_e_agroindustriais,table_row,"{'0': 'Povos e Comunidades Tradicionais', '1__raw': '2.000', '2__raw': '3.000', '3__raw': '3.000', '4__raw': '1.000', '5__raw': '1.000', '6__raw': '01/01/2025', '7': 'Não', '8': 'Não informado'}","{'1': 2000.0, '2': 3000.0, '3': 3000.0, '4': 1000.0, '5': 1000.0, '6': 1012025.0}"
ca50b656-5185-57b3-927e-f63f673d46fd,c11b9579-45d1-58de-af90-2c8b6bc73152,163,table,d4e5dd6d-0939-5e52-bd2d-6c379e35094e,85a5f1ab-9808-5927-9c6c-c4206a3d520d,Regionalizações da Meta,regionalizacoes_da_meta,table_row,"{'regiao': 'Região Centro- Oeste', 'meta_prevista_para_2024__raw': '651', 'meta_prevista_para_2025__raw': '657', 'meta_prevista_para_2026__raw': '660', 'meta_prevista_para_2027__raw': '663', 'quantidade_alcancada__raw': '1.547', 'data_de_referencia__raw': '01/01/2025', 'sinalizacao_de_necessidade_de_revisao_proximo_exercicio': 'Sim', 'notas_do_usuario': 'SEPLAN - alteração do campo Sinalização de necessidade de revisão - próximo exercício para Sim, conforme informação da área setorial.'}","{'meta_prevista_para_2024': 651.0, 'meta_prevista_para_2025': 657.0, 'meta_prevista_para_2026': 660.0, 'meta_prevista_para_2027': 663.0, 'quantidade_alcancada': 1547.0, 'data_de_referencia': 1012025.0}"
73811c02-015b-59ee-aa00-5ddfcf201a38,c11b9579-45d1-58de-af90-2c8b6bc73152,163,table,d4e5dd6d-0939-5e52-bd2d-6c379e35094e,85a5f1ab-9808-5927-9c6c-c4206a3d520d,Regionalizações da Meta,regionalizacoes_da_meta,table_row,"{'regiao': 'Região Nordeste', 'meta_prevista_para_2024__raw': '46.942', 'meta_prevista_para_2025__raw': '47.340', 'meta_prevista_para_2026__raw': '47.539', 'meta_prevista_para_2027__raw': '47.738', 'quantidade_alcancada__raw': '161.356', 'data_de_referencia__raw': '01/01/2025', 'sinalizacao_de_necessidade_de_revisao_proximo_exercicio': 'Sim', 'notas_do_usuario': 'SEPLAN - alteração do campo Sinalização de necessidade de revisão - próximo exercício para Sim, conforme informação da área setorial.'}","{'meta_prevista_para_2024': 46942.0, 'meta_prevista_para_2025': 47340.0, 'meta_prevista_para_2026': 47539.0, 'meta_prevista_para_2027': 47738.0, 'quantidade_alcancada': 161356.0, 'data_de_referencia': 1012025.0}"
012cb502-d83d-54ab-9ff4-1724e95a3fe9,c11b9579-45d1-58de-af90-2c8b6bc73152,163,table,d4e5dd6d-0939-5e52-bd2d-6c379e35094e,85a5f1ab-9808-5927-9c6c-c4206a3d520d,Regionalizações da Meta,regionalizacoes_da_meta,table_row,"{'regiao': 'Região Norte', 'meta_prevista_para_2024__raw': '2.603', 'meta_prevista_para_2025__raw': '2.625', 'meta_prevista_para_2026__raw': '2.636', 'meta_prevista_para_2027__raw': '2.647', 'quantidade_alcancada__raw': '6.478', 'data_de_referencia__raw': '01/01/2025', 'sinalizacao_de_necessidade_de_revisao_proximo_exercicio': 'Sim', 'notas_do_usuario': 'SEPLAN - alteração do campo Sinalização de necessidade de revisão - próximo exercício para Sim, conforme informação da área setorial.'}","{'meta_prevista_para_2024': 2603.0, 'meta_prevista_para_2025': 2625.0, 'meta_prevista_para_2026': 2636.0, 'meta_prevista_para_2027': 2647.0, 'quantidade_alcancada': 6478.0, 'data_de_referencia': 1012025.0}"
0f9c5a57-9962-550a-adfb-bdc6d2b95fd0,c11b9579-45d1-58de-af90-2c8b6bc73152,163,table,d4e5dd6d-0939-5e52-bd2d-6c379e35094e,85a5f1ab-9808-5927-9c6c-c4206a3d520d,Regionalizações da Meta,regionalizacoes_da_meta,table_row,"{'regiao': 'Região Sudeste', 'meta_prevista_para_2024__raw': '17.865', 'meta_prevista_para_2025__raw': '18.016', 'meta_prevista_para_2026__raw': '18.092', 'meta_prevista_para_2027__raw': '18.167', 'quantidade_alcancada__raw': '42.338', 'data_de_referencia__raw': '01/01/2025', 'sinalizacao_de_necessidade_de_revisao_proximo_exercicio': 'Sim', 'notas_do_usuario': 'SEPLAN - alteração do campo Sinalização de necessidade de revisão - próximo exercício para Sim, conforme informação da área setorial.'}","{'meta_prevista_para_2024': 17865.0, 'meta_prevista_para_2025': 18016.0, 'meta_prevista_para_2026': 18092.0, 'meta_prevista_para_2027': 18167.0, 'quantidade_alcancada': 42338.0, 'data_de_referencia': 1012025.0}"
7804a1ae-c31e-5037-8393-0481f9be4a89,c11b9579-45d1-58de-af90-2c8b6bc73152,163,table,d4e5dd6d-0939-5e52-bd2d-6c379e35094e,85a5f1ab-9808-5927-9c6c-c4206a3d520d,Regionalizações da Meta,regionalizacoes_da_meta,table_row,"{'regiao': 'Região Sul', 'meta_prevista_para_2024__raw': '49.938', 'meta_prevista_para_2025__raw': '50.362', 'meta_prevista_para_2026__raw': '50.573', 'meta_prevista_para_2027__raw': '50.785', 'quantidade_alcancada__raw': '86.148', 'data_de_referencia__raw': '01/01/2025', 'sinalizacao_de_necessidade_de_revisao_proximo_exercicio': 'Sim', 'notas_do_usuario': 'SEPLAN - alteração do campo Sinalização de necessidade de revisão - próximo exercício para Sim, conforme informação da área setorial.'}","{'meta_prevista_para_2024': 49938.0, 'meta_prevista_para_2025': 50362.0, 'meta_prevista_para_2026': 50573.0, 'meta_prevista_para_2027': 50785.0, 'quantidade_alcancada': 86148.0, 'data_de_referencia': 1012025.0}"
76522b70-a65b-504b-85f1-e2c44919fd71,c11b9579-45d1-58de-af90-2c8b6bc73152,164,table,ae22d1a0-1a58-5050-87b6-3a378e0554d7,96901790-1563-5621-818a-f2a34ad81390,Medida Institucional Normativa: 066C - Política de Desenvolvimento Territorial Sustentável,medida_institucional_normativa_066c_politica_de_desenvolvimento_territorial_sustentavel,table_row,"{'regiao': 'Região Centro- Oeste', 'meta_prevista_para_2024__raw': '20', 'meta_prevista_para_2025__raw': '40', 'meta_prevista_para_2026__raw': '80', 'meta_prevista_para_2027__raw': '80', 'quantidade_alcancada__raw': '0', 'data_de_referencia__raw': '01/01/2025', 'sinalizacao_de_necessidade_de_revisao_proximo_exercicio': 'Não', 'notas_do_usuario': 'Não informado'}","{'meta_prevista_para_2024': 20.0, 'meta_prevista_para_2025': 40.0, 'meta_prevista_para_2026': 80.0, 'meta_prevista_para_2027': 80.0, 'quantidade_alcancada': 0.0, 'data_de_referencia': 1012025.0}"
2f914da8-dda7-5a33-b59d-c6dc63ecd139,c11b9579-45d1-58de-af90-2c8b6bc73152,164,table,ae22d1a0-1a58-5050-87b6-3a378e0554d7,96901790-1563-5621-818a-f2a34ad81390,Medida Institucional Normativa: 066C - Política de Desenvolvimento Territorial Sustentável,medida_institucional_normativa_066c_politica_de_desenvolvimento_territorial_sustentavel,table_row,"{'regiao': 'Região Nordeste', 'meta_prevista_para_2024__raw': '20', 'meta_prevista_para_2025__raw': '40', 'meta_prevista_para_2026__raw': '80', 'meta_prevista_para_2027__raw': '80', 'quantidade_alcancada__raw': '0', 'data_de_referencia__raw': '01/01/2025', 'sinalizacao_de_necessidade_de_revisao_proximo_exercicio': 'Não', 'notas_do_usuario': 'Não informado'}","{'meta_prevista_para_2024': 20.0, 'meta_prevista_para_2025': 40.0, 'meta_prevista_para_2026': 80.0, 'meta_prevista_para_2027': 80.0, 'quantidade_alcancada': 0.0, 'data_de_referencia': 1012025.0}"
5c82107f-87f4-5ade-8140-905b1503f1d4,c11b9579-45d1-58de-af90-2c8b6bc73152,164,table,ae22d1a0-1a58-5050-87b6-3a378e0554d7,96901790-1563-5621-818a-f2a34ad81390,Medida Institucional Normativa: 066C - Política de Desenvolvimento Territorial Sustentável,medida_institucional_normativa_066c_politica_de_desenvolvimento_territorial_sustentavel,table_row,"{'regiao': 'Região Norte', 'meta_prevista_para_2024__raw': '20', 'meta_prevista_para_2025__raw': '40', 'meta_prevista_para_2026__raw': '80', 'meta_prevista_para_2027__raw': '80', 'quantidade_alcancada__raw': '0', 'data_de_referencia__raw': '01/01/2025', 'sinalizacao_de_necessidade_de_revisao_proximo_exercicio': 'Não', 'notas_do_usuario': 'Não informado'}","{'meta_prevista_para_2024': 20.0, 'meta_prevista_para_2025': 40.0, 'meta_prevista_para_2026': 80.0, 'meta_prevista_para_2027': 80.0, 'quantidade_alcancada': 0.0, 'data_de_referencia': 1012025.0}"
043153c0-bc4e-572d-a48d-9bc53a89d553,c11b9579-45d1-58de-af90-2c8b6bc73152,164,table,ae22d1a0-1a58-5050-87b6-3a378e0554d7,96901790-1563-5621-818a-f2a34ad81390,Medida Institucional Normativa: 066C - Política de Desenvolvimento Territorial Sustentável,medida_institucional_normativa_066c_politica_de_desenvolvimento_territorial_sustentavel,table_row,"{'regiao': 'Região Sudeste', 'meta_prevista_para_2024__raw': '20', 'meta_prevista_para_2025__raw': '40', 'meta_prevista_para_2026__raw': '80', 'meta_prevista_para_2027__raw': '80', 'quantidade_alcancada__raw': '0', 'data_de_referencia__raw': '01/01/2025', 'sinalizacao_de_necessidade_de_revisao_proximo_exercicio': 'Não', 'notas_do_usuario': 'Não informado'}","{'meta_prevista_para_2024': 20.0, 'meta_prevista_para_2025': 40.0, 'meta_prevista_para_2026': 80.0, 'meta_prevista_para_2027': 80.0, 'quantidade_alcancada': 0.0, 'data_de_referencia': 1012025.0}"
e96d6d76-852d-5678-a0cd-3c703c075492,c11b9579-45d1-58de-af90-2c8b6bc73152,164,table,ae22d1a0-1a58-5050-87b6-3a378e0554d7,96901790-1563-5621-818a-f2a34ad81390,Medida Institucional Normativa: 066C - Política de Desenvolvimento Territorial Sustentável,medida_institucional_normativa_066c_politica_de_desenvolvimento_territorial_sustentavel,table_row,"{'regiao': 'Região Sul', 'meta_prevista_para_2024__raw': '20', 'meta_prevista_para_2025__raw': '40', 'meta_prevista_para_2026__raw': '80', 'meta_prevista_para_2027__raw': '80', 'quantidade_alcancada__raw': '0', 'data_de_referencia__raw': '01/01/2025', 'sinalizacao_de_necessidade_de_revisao_proximo_exercicio': 'Não', 'notas_do_usuario': 'Não informado'}","{'meta_prevista_para_2024': 20.0, 'meta_prevista_para_2025': 40.0, 'meta_prevista_para_2026': 80.0, 'meta_prevista_para_2027': 80.0, 'quantidade_alcancada': 0.0, 'data_de_referencia': 1012025.0}"
6d52e9c4-8265-5ed9-a057-c862ee7dd54b,c11b9579-45d1-58de-af90-2c8b6bc73152,168,table,49dbfbc5-2b14-5a02-9809-17d9e90615f1,12168edd-3c89-5de9-8a84-013e0c331a9a,Informações do Monitoramento,informacoes_do_monitoramento,table_row,"{'regiao': 'Bioma Amazônia', 'meta_prevista_para_2024': '-', 'meta_prevista_para_2025': '-', 'meta_prevista_para_2026': '-', 'meta_prevista_para_2027': '-', 'quantidade_alcancada__raw': '0', 'data_de_referencia__raw': '31/12/2024', 'sinalizacao_de_necessidade_de_revisao_proximo_exercicio': 'Não', 'notas_do_usuario': 'Não informado'}","{'quantidade_alcancada': 0.0, 'data_de_referencia': 31122024.0}"
4679bd7a-f164-540f-8c7c-a0ebc6b1e148,c11b9579-45d1-58de-af90-2c8b6bc73152,168,table,49dbfbc5-2b14-5a02-9809-17d9e90615f1,12168edd-3c89-5de9-8a84-013e0c331a9a,Informações do Monitoramento,informacoes_do_monitoramento,table_row,"{'regiao': 'Bioma Cerrado', 'meta_prevista_para_2024': '-', 'meta_prevista_para_2025': '-', 'meta_prevista_para_2026': '-', 'meta_prevista_para_2027': '-', 'quantidade_alcancada__raw': '3', 'data_de_referencia__raw': '31/12/2024', 'sinalizacao_de_necessidade_de_revisao_proximo_exercicio': 'Não', 'notas_do_usuario': 'Não informado'}","{'quantidade_alcancada': 3.0, 'data_de_referencia': 31122024.0}"
2ed1e7f5-39a1-585c-b805-bf16371324ff,c11b9579-45d1-58de-af90-2c8b6bc73152,168,table,49dbfbc5-2b14-5a02-9809-17d9e90615f1,12168edd-3c89-5de9-8a84-013e0c331a9a,Informações do Monitoramento,informacoes_do_monitoramento,table_row,"{'regiao': 'Região Centro- Oeste', 'meta_prevista_para_2024': '-', 'meta_prevista_para_2025': '-', 'meta_prevista_para_2026': '-', 'meta_prevista_para_2027': '-', 'quantidade_alcancada': 'Não informado', 'data_de_referencia': 'Não informado', 'sinalizacao_de_necessidade_de_revisao_proximo_exercicio': 'Não informado', 'notas_do_usuario': 'Não informado'}",{}
f4938fd9-9255-58fb-bbf6-ffeb43520738,c11b9579-45d1-58de-af90-2c8b6bc73152,168,table,49dbfbc5-2b14-5a02-9809-17d9e90615f1,12168edd-3c89-5de9-8a84-013e0c331a9a,Informações do Monitoramento,informacoes_do_monitoramento,table_row,"{'regiao': 'Região Nordeste', 'meta_prevista_para_2024': '-', 'meta_prevista_para_2025': '-', 'meta_prevista_para_2026': '-', 'meta_prevista_para_2027': '', 'quantidade_alcancada': '- Não informado', 'data_de_referencia': 'Não informado', 'sinalizacao_de_necessidade_de_revisao_proximo_exercicio': 'Não informado', 'notas_do_usuario': 'Não informado'}",{}
fbf6e1d0-b874-502e-993b-7f2fe2b6b7c1,c11b9579-45d1-58de-af90-2c8b6bc73152,168,table,49dbfbc5-2b14-5a02-9809-17d9e90615f1,12168edd-3c89-5de9-8a84-013e0c331a9a,Informações do Monitoramento,informacoes_do_monitoramento,table_row,"{'regiao': 'Região Norte', 'meta_prevista_para_2024': '-', 'meta_prevista_para_2025': '-', 'meta_prevista_para_2026': '-', 'meta_prevista_para_2027': '', 'quantidade_alcancada': '- Não informado', 'data_de_referencia': 'Não informado', 'sinalizacao_de_necessidade_de_revisao_proximo_exercicio': 'Não informado', 'notas_do_usuario': 'Não informado'}",{}
fe3e2547-0b54-5349-a13b-d4201fa0a095,c11b9579-45d1-58de-af90-2c8b6bc73152,168,table,49dbfbc5-2b14-5a02-9809-17d9e90615f1,12168edd-3c89-5de9-8a84-013e0c331a9a,Informações do Monitoramento,informacoes_do_monitoramento,table_row,"{'regiao': 'Região Sudeste', 'meta_prevista_para_2024': '-', 'meta_prevista_para_2025': '-', 'meta_prevista_para_2026': '-', 'meta_prevista_para_2027': '', 'quantidade_alcancada': '- Não informado', 'data_de_referencia': 'Não informado', 'sinalizacao_de_necessidade_de_revisao_proximo_exercicio': 'Não informado', 'notas_do_usuario': 'Não informado'}",{}
6bad91cb-756a-51f5-a989-228f4679a65f,c11b9579-45d1-58de-af90-2c8b6bc73152,168,table,49dbfbc5-2b14-5a02-9809-17d9e90615f1,12168edd-3c89-5de9-8a84-013e0c331a9a,Informações do Monitoramento,informacoes_do_monitoramento,table_row,"{'regiao': 'Região Sul', 'meta_prevista_para_2024': '-', 'meta_prevista_para_2025': '-', 'meta_prevista_para_2026': '-', 'meta_prevista_para_2027': '', 'quantidade_alcancada': '- Não informado', 'data_de_referencia': 'Não informado', 'sinalizacao_de_necessidade_de_revisao_proximo_exercicio': 'Não informado', 'notas_do_usuario': 'Não informado'}",{}
d2f70926-b4aa-5f5c-8577-1e832328b1f1,c11b9579-45d1-58de-af90-2c8b6bc73152,173,table,845060a0-d2bc-51e7-8955-d17b211d1189,6d685565-9d52-507c-ac15-80cb2c70b4a1,Entrega: 0858 - População negra no PAA,entrega_0858_populacao_negra_no_paa,table_row,"{'regiao': 'Região Centro- Oeste', 'meta_prevista_para_2024': '-', 'meta_prevista_para_2025': '-', 'meta_prevista_para_2026': '-', 'meta_prevista_para_2027': '-', 'quantidade_alcancada': 'Valor não disponível', 'data_de_referencia__raw': '05/02/2025', 'sinalizacao_de_necessidade_de_revisao_proximo_exercicio': 'Não', 'notas_do_usuario': 'Atualmente não há a marcação necessária em nosso sistema. Há tratativas de resolver o problema definitivamente em 2025.'}",{'data_de_referencia': 5022025.0}
2cd0234a-5c3a-5a44-ab6a-8893a512b898,c11b9579-45d1-58de-af90-2c8b6bc73152,173,table,845060a0-d2bc-51e7-8955-d17b211d1189,6d685565-9d52-507c-ac15-80cb2c70b4a1,Entrega: 0858 - População negra no PAA,entrega_0858_populacao_negra_no_paa,table_row,"{'regiao': 'Região Nordeste', 'meta_prevista_para_2024': '-', 'meta_prevista_para_2025': '-', 'meta_prevista_para_2026': '-', 'meta_prevista_para_2027': '-', 'quantidade_alcancada': 'Valor não disponível', 'data_de_referencia__raw': '05/02/2025', 'sinalizacao_de_necessidade_de_revisao_proximo_exercicio': 'Não', 'notas_do_usuario': 'Atualmente não há a marcação necessária em nosso sistema. Há tratativas de resolver o problema definitivamente em 2025.'}",{'data_de_referencia': 5022025.0}
4d4aa5cd-9998-56d8-808b-e9357ab55bc9,c11b9579-45d1-58de-af90-2c8b6bc73152,173,table,845060a0-d2bc-51e7-8955-d17b211d1189,6d685565-9d52-507c-ac15-80cb2c70b4a1,Entrega: 0858 - População negra no PAA,entrega_0858_populacao_negra_no_paa,table_row,"{'regiao': 'Região Norte', 'meta_prevista_para_2024': '-', 'meta_prevista_para_2025': '-', 'meta_prevista_para_2026': '-', 'meta_prevista_para_2027': '-', 'quantidade_alcancada': 'Valor não disponível', 'data_de_referencia__raw': '05/02/2025', 'sinalizacao_de_necessidade_de_revisao_proximo_exercicio': 'Não', 'notas_do_usuario': 'Atualmente não há a marcação necessária em nosso sistema. Há tratativas de resolver o problema definitivamente em 2025.'}",{'data_de_referencia': 5022025.0}
87c879e5-8bb1-52cb-9829-b934401c50f9,c11b9579-45d1-58de-af90-2c8b6bc73152,173,table,845060a0-d2bc-51e7-8955-d17b211d1189,6d685565-9d52-507c-ac15-80cb2c70b4a1,Entrega: 0858 - População negra no PAA,entrega_0858_populacao_negra_no_paa,table_row,"{'regiao': 'Região Sudeste', 'meta_prevista_para_2024': '-', 'meta_prevista_para_2025': '-', 'meta_prevista_para_2026': '-', 'meta_prevista_para_2027': '-', 'quantidade_alcancada': 'Valor não disponível', 'data_de_referencia__raw': '05/02/2025', 'sinalizacao_de_necessidade_de_revisao_proximo_exercicio': 'Não', 'notas_do_usuario': 'Não informado'}",{'data_de_referencia': 5022025.0}
347802fc-af8d-5cd4-b71a-a41ec8492a4d,c11b9579-45d1-58de-af90-2c8b6bc73152,173,table,845060a0-d2bc-51e7-8955-d17b211d1189,6d685565-9d52-507c-ac15-80cb2c70b4a1,Entrega: 0858 - População negra no PAA,entrega_0858_populacao_negra_no_paa,table_row,"{'regiao': 'Região Sul', 'meta_prevista_para_2024': '-', 'meta_prevista_para_2025': '-', 'meta_prevista_para_2026': '-', 'meta_prevista_para_2027': '-', 'quantidade_alcancada': 'Valor não disponível', 'data_de_referencia__raw': '05/02/2025', 'sinalizacao_de_necessidade_de_revisao_proximo_exercicio': 'Não', 'notas_do_usuario': 'Atualmente não há a marcação necessária em nosso sistema. Há tratativas de resolver o problema definitivamente em 2025.'}",{'data_de_referencia': 5022025.0}
649d3f7b-669c-5c37-8f46-7ebd956c55cf,c11b9579-45d1-58de-af90-2c8b6bc73152,174,table,088fc43f-50b8-58fc-bf8d-68f0f3a2605a,945d0fc7-9601-564a-8d84-7766c3291928,Regionalizações da Meta,regionalizacoes_da_meta,table_row,"{'regiao': 'Região Centro- Oeste', 'meta_prevista_para_2024': '-', 'meta_prevista_para_2025': '-', 'meta_prevista_para_2026': '-', 'meta_prevista_para_2027': '-', 'quantidade_alcancada': 'Valor não disponível', 'data_de_referencia__raw': '23/01/2025', 'sinalizacao_de_necessidade_de_revisao_proximo_exercicio': 'Não', 'notas_do_usuario': 'Ainda não há marcação específica para aferir este indicador nas bases de dados do SisPAA. Há tratativas para cruzamento da nossa base com a base do DAP/CAF. Outra base para cruzamento de dados é a do CadÚnico, porém nem todos os fornecedores do PAA estão nesta base. Em 2025 a questão será resolvida.'}",{'data_de_referencia': 23012025.0}
4439e7b8-8a6b-5d2e-aad7-ae23ee498d8c,c11b9579-45d1-58de-af90-2c8b6bc73152,174,table,088fc43f-50b8-58fc-bf8d-68f0f3a2605a,945d0fc7-9601-564a-8d84-7766c3291928,Regionalizações da Meta,regionalizacoes_da_meta,table_row,"{'regiao': 'Região Nordeste', 'meta_prevista_para_2024': '-', 'meta_prevista_para_2025': '-', 'meta_prevista_para_2026': '-', 'meta_prevista_para_2027': '-', 'quantidade_alcancada': 'Valor não disponível', 'data_de_referencia__raw': '23/01/2025', 'sinalizacao_de_necessidade_de_revisao_proximo_exercicio': 'Não', 'notas_do_usuario': 'Ainda não há marcação específica para aferir este indicador nas bases de dados do SisPAA. Há tratativas para cruzamento da nossa base com a base do DAP/CAF. Outra base para cruzamento de dados é a do CadÚnico, porém nem todos os fornecedores do PAA estão nesta base. Em 2025 a questão será resolvida.'}",{'data_de_referencia': 23012025.0}
b736aeb2-f8b8-59a3-a274-3481bf263cb6,c11b9579-45d1-58de-af90-2c8b6bc73152,174,table,088fc43f-50b8-58fc-bf8d-68f0f3a2605a,945d0fc7-9601-564a-8d84-7766c3291928,Regionalizações da Meta,regionalizacoes_da_meta,table_row,"{'regiao': 'Região Norte', 'meta_prevista_para_2024': '-', 'meta_prevista_para_2025': '-', 'meta_prevista_para_2026': '-', 'meta_prevista_para_2027': '-', 'quantidade_alcancada': 'Valor não disponível', 'data_de_referencia__raw': '23/01/2025', 'sinalizacao_de_necessidade_de_revisao_proximo_exercicio': 'Não', 'notas_do_usuario': 'Ainda não há marcação específica para aferir este indicador nas bases de dados do SisPAA. Há tratativas para cruzamento da nossa base com a base do DAP/CAF. Outra base para cruzamento de dados é a do CadÚnico, porém nem todos os fornecedores do PAA estão nesta base. Em 2025 a questão será resolvida.'}",{'data_de_referencia': 23012025.0}
cae937ed-4d70-5df3-bfc0-55167dcda07d,c11b9579-45d1-58de-af90-2c8b6bc73152,174,table,088fc43f-50b8-58fc-bf8d-68f0f3a2605a,945d0fc7-9601-564a-8d84-7766c3291928,Regionalizações da Meta,regionalizacoes_da_meta,table_row,"{'regiao': 'Região Sudeste', 'meta_prevista_para_2024': '-', 'meta_prevista_para_2025': '-', 'meta_prevista_para_2026': '-', 'meta_prevista_para_2027': '-', 'quantidade_alcancada': 'Valor não disponível', 'data_de_referencia__raw': '23/01/2025', 'sinalizacao_de_necessidade_de_revisao_proximo_exercicio': 'Não', 'notas_do_usuario': 'Ainda não há marcação específica para aferir este indicador nas bases de dados do SisPAA. Há tratativas para cruzamento da nossa base com a base do DAP/CAF. Outra base para cruzamento de dados é a do CadÚnico, porém nem todos os fornecedores do PAA estão nesta base. Em 2025 a questão será'}",{'data_de_referencia': 23012025.0}
f75eaf4c-2bdd-5728-a8c3-aad363b105c0,c11b9579-45d1-58de-af90-2c8b6bc73152,175,table,2031648c-3700-5e0a-a334-9621629537ff,0378c7c8-66b7-5791-8644-1a0fab39f87a,PROGRAMA: 5636 - ABASTECIMENTO E SOBERANIA ALIMENTAR,programa_5636_abastecimento_e_soberania_alimentar,table_row,"{'column_1': 'Região Sul', 'column_2': '-', 'column_3': '-', 'column_4': '-', 'column_5': '-', 'column_6': 'Valor não disponível', 'column_7__raw': '23/01/2025', 'column_8': 'Não', 'resolvida': 'Ainda não há marcação específica para aferir este indicador nas bases de dados do SisPAA. Há tratativas para cruzamento da nossa base com a base do DAP/CAF. Outra base para cruzamento de dados é a do CadÚnico, porém nem todos os fornecedores do PAA estão nesta base. Em 2025 a questão será resolvida.'}",{'column_7': 23012025.0}
7d5addf7-52aa-572b-a428-a76d078cd681,c11b9579-45d1-58de-af90-2c8b6bc73152,176,table,14493db2-8e8f-5c23-bff8-110f42dedbf3,c8430e87-6cdf-5512-9f45-423fef8972d0,Informações do Monitoramento,informacoes_do_monitoramento,table_row,"{'regiao': 'Região Centro- Oeste', 'meta_prevista_para_2024': '-', 'meta_prevista_para_2025': '-', 'meta_prevista_para_2026': '-', 'meta_prevista_para_2027': '-', 'quantidade_alcancada__raw': '301', 'data_de_referencia__raw': '01/01/2025', 'sinalizacao_de_necessidade_de_revisao_proximo_exercicio': 'Sim', 'notas_do_usuario': 'Seplan: O campo Sinalização de necessidade de revisão - próximo exercício foi marcado conforme informação obtida junto à equipe setorial de planejamento do MDA.'}","{'quantidade_alcancada': 301.0, 'data_de_referencia': 1012025.0}"
d20d4fee-6db5-5863-9fd7-a4e57f8a596d,c11b9579-45d1-58de-af90-2c8b6bc73152,176,table,14493db2-8e8f-5c23-bff8-110f42dedbf3,c8430e87-6cdf-5512-9f45-423fef8972d0,Informações do Monitoramento,informacoes_do_monitoramento,table_row,"{'regiao': 'Região Nordeste', 'meta_prevista_para_2024': '-', 'meta_prevista_para_2025': '-', 'meta_prevista_para_2026': '-', 'meta_prevista_para_2027': '-', 'quantidade_alcancada__raw': '1.450', 'data_de_referencia__raw': '01/01/2025', 'sinalizacao_de_necessidade_de_revisao_proximo_exercicio': 'Sim', 'notas_do_usuario': 'Seplan: O campo Sinalização de necessidade de revisão - próximo exercício foi marcado conforme informação obtida junto à equipe setorial de planejamento do MDA.'}","{'quantidade_alcancada': 1450.0, 'data_de_referencia': 1012025.0}"
c052c487-6fa5-5680-83da-bb96010b17af,c11b9579-45d1-58de-af90-2c8b6bc73152,176,table,14493db2-8e8f-5c23-bff8-110f42dedbf3,c8430e87-6cdf-5512-9f45-423fef8972d0,Informações do Monitoramento,informacoes_do_monitoramento,table_row,"{'regiao': 'Região Norte', 'meta_prevista_para_2024': '-', 'meta_prevista_para_2025': '-', 'meta_prevista_para_2026': '-', 'meta_prevista_para_2027': '-', 'quantidade_alcancada__raw': '401', 'data_de_referencia__raw': '01/01/2025', 'sinalizacao_de_necessidade_de_revisao_proximo_exercicio': 'Sim', 'notas_do_usuario': 'Seplan: O campo Sinalização de necessidade de revisão - próximo exercício foi marcado conforme informação obtida junto à equipe setorial de planejamento do MDA.'}","{'quantidade_alcancada': 401.0, 'data_de_referencia': 1012025.0}"
27d2ef27-36df-584c-ac71-f3ea61044f18,c11b9579-45d1-58de-af90-2c8b6bc73152,176,table,14493db2-8e8f-5c23-bff8-110f42dedbf3,c8430e87-6cdf-5512-9f45-423fef8972d0,Informações do Monitoramento,informacoes_do_monitoramento,table_row,"{'regiao': 'Região Sudeste', 'meta_prevista_para_2024': '-', 'meta_prevista_para_2025': '-', 'meta_prevista_para_2026': '-', 'meta_prevista_para_2027': '-', 'quantidade_alcancada__raw': '389', 'data_de_referencia__raw': '01/01/2025', 'sinalizacao_de_necessidade_de_revisao_proximo_exercicio': 'Sim', 'notas_do_usuario': 'Seplan: O campo Sinalização de necessidade de revisão - próximo exercício foi marcado conforme informação obtida junto à equipe setorial de planejamento do MDA.'}","{'quantidade_alcancada': 389.0, 'data_de_referencia': 1012025.0}"
ed36eb44-41dc-5bae-9be1-5909d42d2ba4,c11b9579-45d1-58de-af90-2c8b6bc73152,176,table,14493db2-8e8f-5c23-bff8-110f42dedbf3,c8430e87-6cdf-5512-9f45-423fef8972d0,Informações do Monitoramento,informacoes_do_monitoramento,table_row,"{'regiao': 'Região Sul', 'meta_prevista_para_2024': '-', 'meta_prevista_para_2025': '-', 'meta_prevista_para_2026': '-', 'meta_prevista_para_2027': '-', 'quantidade_alcancada__raw': '1.367', 'data_de_referencia__raw': '01/01/2025', 'sinalizacao_de_necessidade_de_revisao_proximo_exercicio': 'Sim', 'notas_do_usuario': 'Seplan: O campo Sinalização de necessidade de revisão - próximo exercício foi marcado conforme'}","{'quantidade_alcancada': 1367.0, 'data_de_referencia': 1012025.0}"
95bd7f39-cb22-5250-a0e1-513d54b23d93,c11b9579-45d1-58de-af90-2c8b6bc73152,177,table,86099b52-ecf4-5dd4-8026-d56442180e8d,79e6c9ce-66e0-5dd4-a13a-f10e78d924d7,Informações do Monitoramento,informacoes_do_monitoramento,table_row,{'0': 'informação obtida junto à equipe setorial de planejamento do MDA.'},{}
7064386d-db98-5204-aff0-915eb248f18b,c11b9579-45d1-58de-af90-2c8b6bc73152,177,table,dadfa6c9-efe5-57d7-9adc-1a9ef8d9d73a,79e6c9ce-66e0-5dd4-a13a-f10e78d924d7,Informações do Monitoramento,informacoes_do_monitoramento,table_row,"{'publico': 'Mulheres', 'meta_prevista_para_2024__raw': '7.500', 'meta_prevista_para_2025__raw': '9.250', 'meta_prevista_para_2026__raw': '11.000', 'meta_prevista_para_2027__raw': '12.750', 'quantidade_alcancada': 'Valor não disponível', 'data_de_referencia__raw': '01/01/2025', 'sinalizacao_de_necessidade_de_revisao_proximo_exercicio': 'Não', 'notas_do_usuario': 'Dados não disponíveis'}","{'meta_prevista_para_2024': 7500.0, 'meta_prevista_para_2025': 9250.0, 'meta_prevista_para_2026': 11000.0, 'meta_prevista_para_2027': 12750.0, 'data_de_referencia': 1012025.0}"
88da310f-803c-5143-b4f2-39345226efed,c11b9579-45d1-58de-af90-2c8b6bc73152,177,table,dadfa6c9-efe5-57d7-9adc-1a9ef8d9d73a,79e6c9ce-66e0-5dd4-a13a-f10e78d924d7,Informações do Monitoramento,informacoes_do_monitoramento,table_row,"{'publico': 'Povos e', 'meta_prevista_para_2024__raw': '750', 'meta_prevista_para_2025__raw': '925', 'meta_prevista_para_2026__raw': '1.100', 'meta_prevista_para_2027__raw': '1.275', 'quantidade_alcancada': 'Valor não', 'data_de_referencia__raw': '01/01/2025', 'sinalizacao_de_necessidade_de_revisao_proximo_exercicio': 'Não', 'notas_do_usuario': 'Dados não'}","{'meta_prevista_para_2024': 750.0, 'meta_prevista_para_2025': 925.0, 'meta_prevista_para_2026': 1100.0, 'meta_prevista_para_2027': 1275.0, 'data_de_referencia': 1012025.0}"
33e5e513-ca22-5116-b81f-72767022c9d2,c11b9579-45d1-58de-af90-2c8b6bc73152,178,table,354a72a3-c225-5387-aaad-f6b6d152fc63,6595bb9b-08b9-5c67-9e2b-4e980ccdcffe,Informações do Monitoramento,informacoes_do_monitoramento,table_row,"{'0': 'Comunidades Tradicionais', '1': 'disponível'}",{}
943fa9a6-4758-5faf-a247-d3aef23ece2c,c11b9579-45d1-58de-af90-2c8b6bc73152,179,table,be46e24e-0155-5de2-8f82-c2f099f5491f,3bdc3f99-8d73-5505-9be9-95ac94288ae5,Regionalizações da Meta,regionalizacoes_da_meta,table_row,"{'regiao': 'Região Centro- Oeste', 'meta_prevista_para_2024__raw': '20', 'meta_prevista_para_2025__raw': '20', 'meta_prevista_para_2026__raw': '20', 'meta_prevista_para_2027__raw': '20', 'quantidade_alcancada__raw': '31', 'data_de_referencia__raw': '01/01/2025', 'sinalizacao_de_necessidade_de_revisao_proximo_exercicio': 'Sim', 'notas_do_usuario': 'Seplan: O campo Sinalização de necessidade de revisão - próximo exercício foi marcado conforme informação obtida junto à equipe setorial de planejamento do MDA.'}","{'meta_prevista_para_2024': 20.0, 'meta_prevista_para_2025': 20.0, 'meta_prevista_para_2026': 20.0, 'meta_prevista_para_2027': 20.0, 'quantidade_alcancada': 31.0, 'data_de_referencia': 1012025.0}"
2c172a27-a089-51b9-b0af-8ec0a53ec5cf,c11b9579-45d1-58de-af90-2c8b6bc73152,179,table,be46e24e-0155-5de2-8f82-c2f099f5491f,3bdc3f99-8d73-5505-9be9-95ac94288ae5,Regionalizações da Meta,regionalizacoes_da_meta,table_row,"{'regiao': 'Região Nordeste', 'meta_prevista_para_2024__raw': '20', 'meta_prevista_para_2025__raw': '20', 'meta_prevista_para_2026__raw': '20', 'meta_prevista_para_2027__raw': '20', 'quantidade_alcancada__raw': '146', 'data_de_referencia__raw': '01/01/2025', 'sinalizacao_de_necessidade_de_revisao_proximo_exercicio': 'Sim', 'notas_do_usuario': 'Seplan: O campo Sinalização de necessidade de revisão - próximo exercício foi marcado conforme informação obtida junto à equipe setorial de planejamento do MDA.'}","{'meta_prevista_para_2024': 20.0, 'meta_prevista_para_2025': 20.0, 'meta_prevista_para_2026': 20.0, 'meta_prevista_para_2027': 20.0, 'quantidade_alcancada': 146.0, 'data_de_referencia': 1012025.0}"
738e4e24-fab0-5e54-b6ad-6f87dba12376,c11b9579-45d1-58de-af90-2c8b6bc73152,179,table,be46e24e-0155-5de2-8f82-c2f099f5491f,3bdc3f99-8d73-5505-9be9-95ac94288ae5,Regionalizações da Meta,regionalizacoes_da_meta,table_row,"{'regiao': 'Região Norte', 'meta_prevista_para_2024__raw': '20', 'meta_prevista_para_2025__raw': '20', 'meta_prevista_para_2026__raw': '20', 'meta_prevista_para_2027__raw': '20', 'quantidade_alcancada__raw': '27', 'data_de_referencia__raw': '01/01/2025', 'sinalizacao_de_necessidade_de_revisao_proximo_exercicio': 'Sim', 'notas_do_usuario': 'Seplan: O campo Sinalização de necessidade de revisão - próximo exercício foi marcado conforme informação obtida junto à equipe setorial de planejamento do MDA.'}","{'meta_prevista_para_2024': 20.0, 'meta_prevista_para_2025': 20.0, 'meta_prevista_para_2026': 20.0, 'meta_prevista_para_2027': 20.0, 'quantidade_alcancada': 27.0, 'data_de_referencia': 1012025.0}"
a67b5c5e-61bc-594a-ba24-6cba1c6202ea,c11b9579-45d1-58de-af90-2c8b6bc73152,179,table,be46e24e-0155-5de2-8f82-c2f099f5491f,3bdc3f99-8d73-5505-9be9-95ac94288ae5,Regionalizações da Meta,regionalizacoes_da_meta,table_row,"{'regiao': 'Região Sudeste', 'meta_prevista_para_2024__raw': '20', 'meta_prevista_para_2025__raw': '20', 'meta_prevista_para_2026__raw': '20', 'meta_prevista_para_2027__raw': '20', 'quantidade_alcancada__raw': '208', 'data_de_referencia__raw': '01/01/2025', 'sinalizacao_de_necessidade_de_revisao_proximo_exercicio': 'Sim', 'notas_do_usuario': 'Seplan: O campo Sinalização de necessidade de revisão - próximo exercício foi marcado conforme informação obtida junto à equipe setorial de planejamento do MDA.'}","{'meta_prevista_para_2024': 20.0, 'meta_prevista_para_2025': 20.0, 'meta_prevista_para_2026': 20.0, 'meta_prevista_para_2027': 20.0, 'quantidade_alcancada': 208.0, 'data_de_referencia': 1012025.0}"
5e2bd159-c499-537c-a985-62dcaf1116ca,c11b9579-45d1-58de-af90-2c8b6bc73152,179,table,be46e24e-0155-5de2-8f82-c2f099f5491f,3bdc3f99-8d73-5505-9be9-95ac94288ae5,Regionalizações da Meta,regionalizacoes_da_meta,table_row,"{'regiao': 'Região Sul', 'meta_prevista_para_2024__raw': '20', 'meta_prevista_para_2025__raw': '20', 'meta_prevista_para_2026__raw': '20', 'meta_prevista_para_2027__raw': '20', 'quantidade_alcancada__raw': '845', 'data_de_referencia__raw': '01/01/2025', 'sinalizacao_de_necessidade_de_revisao_proximo_exercicio': 'Sim', 'notas_do_usuario': 'Seplan: O campo Sinalização de necessidade de revisão - próximo exercício foi marcado conforme informação obtida junto à equipe setorial de planejamento do MDA.'}","{'meta_prevista_para_2024': 20.0, 'meta_prevista_para_2025': 20.0, 'meta_prevista_para_2026': 20.0, 'meta_prevista_para_2027': 20.0, 'quantidade_alcancada': 845.0, 'data_de_referencia': 1012025.0}"
e74c1d84-d781-54fa-bb61-be8620a00b88,c11b9579-45d1-58de-af90-2c8b6bc73152,180,table,f467bb3e-a178-5516-a35a-c27081e522d3,beff3d92-5358-5b2c-86ef-77af6ea19c98,Informações do Monitoramento,informacoes_do_monitoramento,table_row,"{'regiao': 'Região Centro- Oeste', 'meta_prevista_para_2024__raw': '20', 'meta_prevista_para_2025__raw': '20', 'meta_prevista_para_2026__raw': '20', 'meta_prevista_para_2027__raw': '20', 'quantidade_alcancada__raw': '31', 'data_de_referencia__raw': '01/01/2025', 'sinalizacao_de_necessidade_de_revisao_proximo_exercicio': 'Sim', 'notas_do_usuario': 'Seplan: O campo Sinalização de necessidade de revisão - próximo exercício foi marcado conforme informação obtida junto à equipe setorial de planejamento do MDA.'}","{'meta_prevista_para_2024': 20.0, 'meta_prevista_para_2025': 20.0, 'meta_prevista_para_2026': 20.0, 'meta_prevista_para_2027': 20.0, 'quantidade_alcancada': 31.0, 'data_de_referencia': 1012025.0}"
c9caa8d3-d6c2-5d93-8760-767caa1130e9,c11b9579-45d1-58de-af90-2c8b6bc73152,180,table,f467bb3e-a178-5516-a35a-c27081e522d3,beff3d92-5358-5b2c-86ef-77af6ea19c98,Informações do Monitoramento,informacoes_do_monitoramento,table_row,"{'regiao': 'Região Nordeste', 'meta_prevista_para_2024__raw': '20', 'meta_prevista_para_2025__raw': '20', 'meta_prevista_para_2026__raw': '20', 'meta_prevista_para_2027__raw': '20', 'quantidade_alcancada__raw': '146', 'data_de_referencia__raw': '01/01/2025', 'sinalizacao_de_necessidade_de_revisao_proximo_exercicio': 'Sim', 'notas_do_usuario': 'Seplan: O campo Sinalização de necessidade de revisão - próximo exercício foi marcado conforme informação obtida junto à equipe setorial de planejamento do MDA.'}","{'meta_prevista_para_2024': 20.0, 'meta_prevista_para_2025': 20.0, 'meta_prevista_para_2026': 20.0, 'meta_prevista_para_2027': 20.0, 'quantidade_alcancada': 146.0, 'data_de_referencia': 1012025.0}"
862b6520-b20c-5df9-a1f3-621a2e94d131,c11b9579-45d1-58de-af90-2c8b6bc73152,180,table,f467bb3e-a178-5516-a35a-c27081e522d3,beff3d92-5358-5b2c-86ef-77af6ea19c98,Informações do Monitoramento,informacoes_do_monitoramento,table_row,"{'regiao': 'Região Norte', 'meta_prevista_para_2024__raw': '20', 'meta_prevista_para_2025__raw': '20', 'meta_prevista_para_2026__raw': '20', 'meta_prevista_para_2027__raw': '20', 'quantidade_alcancada__raw': '27', 'data_de_referencia__raw': '01/01/2025', 'sinalizacao_de_necessidade_de_revisao_proximo_exercicio': 'Sim', 'notas_do_usuario': 'Seplan: O campo Sinalização de necessidade de revisão - próximo exercício foi marcado conforme informação obtida junto à equipe setorial de planejamento do MDA.'}","{'meta_prevista_para_2024': 20.0, 'meta_prevista_para_2025': 20.0, 'meta_prevista_para_2026': 20.0, 'meta_prevista_para_2027': 20.0, 'quantidade_alcancada': 27.0, 'data_de_referencia': 1012025.0}"
fbfdaaec-0143-5d6e-a79f-82ef84ce610c,c11b9579-45d1-58de-af90-2c8b6bc73152,180,table,f467bb3e-a178-5516-a35a-c27081e522d3,beff3d92-5358-5b2c-86ef-77af6ea19c98,Informações do Monitoramento,informacoes_do_monitoramento,table_row,"{'regiao': 'Região Sudeste', 'meta_prevista_para_2024__raw': '20', 'meta_prevista_para_2025__raw': '20', 'meta_prevista_para_2026__raw': '20', 'meta_prevista_para_2027__raw': '20', 'quantidade_alcancada__raw': '208', 'data_de_referencia__raw': '01/01/2025', 'sinalizacao_de_necessidade_de_revisao_proximo_exercicio': 'Sim', 'notas_do_usuario': 'Seplan: O campo Sinalização de necessidade de revisão - próximo exercício foi marcado conforme informação obtida junto à equipe setorial de planejamento do MDA.'}","{'meta_prevista_para_2024': 20.0, 'meta_prevista_para_2025': 20.0, 'meta_prevista_para_2026': 20.0, 'meta_prevista_para_2027': 20.0, 'quantidade_alcancada': 208.0, 'data_de_referencia': 1012025.0}"
57e042a8-ddda-5426-a4f3-b1176b84a5b0,c11b9579-45d1-58de-af90-2c8b6bc73152,180,table,f467bb3e-a178-5516-a35a-c27081e522d3,beff3d92-5358-5b2c-86ef-77af6ea19c98,Informações do Monitoramento,informacoes_do_monitoramento,table_row,"{'regiao': 'Região Sul', 'meta_prevista_para_2024__raw': '20', 'meta_prevista_para_2025__raw': '20', 'meta_prevista_para_2026__raw': '20', 'meta_prevista_para_2027__raw': '20', 'quantidade_alcancada__raw': '845', 'data_de_referencia__raw': '01/01/2025', 'sinalizacao_de_necessidade_de_revisao_proximo_exercicio': 'Sim', 'notas_do_usuario': 'Seplan: O campo Sinalização de necessidade de'}","{'meta_prevista_para_2024': 20.0, 'meta_prevista_para_2025': 20.0, 'meta_prevista_para_2026': 20.0, 'meta_prevista_para_2027': 20.0, 'quantidade_alcancada': 845.0, 'data_de_referencia': 1012025.0}"
41aa0737-2878-53a7-bd89-9354fa881a91,c11b9579-45d1-58de-af90-2c8b6bc73152,181,table,718b909e-bf01-5471-9e7f-67688668c710,08e13d89-c62e-590a-8c09-db5426b078d7,"PROGRAMA: 5804 - PROMOÇÃO DA IGUALDADE ÉTNICO-RACIAL, COMBATE E SUPERAÇÃO DO RACISMO",programa_5804_promocao_da_igualdade_etnico_racial_combate_e_superacao_do_racismo,table_row,{'0': 'revisão - próximo exercício foi marcado conforme informação obtida junto à equipe setorial de planejamento do MDA.'},{}
a3fa6717-b188-5ea9-b4ff-bb60f1b9a377,c11b9579-45d1-58de-af90-2c8b6bc73152,181,table,88c9827f-f88a-570e-9d4e-98e9a2a97506,08e13d89-c62e-590a-8c09-db5426b078d7,"PROGRAMA: 5804 - PROMOÇÃO DA IGUALDADE ÉTNICO-RACIAL, COMBATE E SUPERAÇÃO DO RACISMO",programa_5804_promocao_da_igualdade_etnico_racial_combate_e_superacao_do_racismo,table_row,"{'0': '67000 - Ministério da Igualdade Racial', '1': 'Órgão Responsável:'}",{}
83852933-c054-567a-bdb6-6c3efdbfeaed,c11b9579-45d1-58de-af90-2c8b6bc73152,187,table,05aec08a-45bf-53eb-97f4-bded2a7977c3,ada7a7a5-a9d1-50ec-8063-570323c43951,Informações do Monitoramento,informacoes_do_monitoramento,table_row,"{'regiao': 'Região Centro- Oeste', 'meta_prevista_para_2024': '-', 'meta_prevista_para_2025': '-', 'meta_prevista_para_2026': '-', 'meta_prevista_para_2027': '-', 'quantidade_alcancada__raw': '0,09', 'data_de_referencia__raw': '06/02/2025', 'sinalizacao_de_necessidade_de_revisao_proximo_exercicio': 'Sim', 'notas_do_usuario': 'Ver observação na tela principal'}","{'quantidade_alcancada': 0.09, 'data_de_referencia': 6022025.0}"
ae5083fd-97b2-55a0-ac42-e84cfdbb2d9a,c11b9579-45d1-58de-af90-2c8b6bc73152,187,table,05aec08a-45bf-53eb-97f4-bded2a7977c3,ada7a7a5-a9d1-50ec-8063-570323c43951,Informações do Monitoramento,informacoes_do_monitoramento,table_row,"{'regiao': 'Região Nordeste', 'meta_prevista_para_2024': '-', 'meta_prevista_para_2025': '-', 'meta_prevista_para_2026': '-', 'meta_prevista_para_2027': '-', 'quantidade_alcancada__raw': '0,21', 'data_de_referencia__raw': '06/02/2025', 'sinalizacao_de_necessidade_de_revisao_proximo_exercicio': 'Sim', 'notas_do_usuario': 'Ver observação na tela principal'}","{'quantidade_alcancada': 0.21, 'data_de_referencia': 6022025.0}"
d149aaf4-5212-5903-956e-17a6ddf01385,c11b9579-45d1-58de-af90-2c8b6bc73152,187,table,05aec08a-45bf-53eb-97f4-bded2a7977c3,ada7a7a5-a9d1-50ec-8063-570323c43951,Informações do Monitoramento,informacoes_do_monitoramento,table_row,"{'regiao': 'Região Norte', 'meta_prevista_para_2024': '-', 'meta_prevista_para_2025': '-', 'meta_prevista_para_2026': '-', 'meta_prevista_para_2027': '-', 'quantidade_alcancada__raw': '0,06', 'data_de_referencia__raw': '06/02/2025', 'sinalizacao_de_necessidade_de_revisao_proximo_exercicio': 'Não', 'notas_do_usuario': 'Ver observação na tela principal'}","{'quantidade_alcancada': 0.06, 'data_de_referencia': 6022025.0}"
a59070a6-7bb8-5db0-af89-026562c1159c,c11b9579-45d1-58de-af90-2c8b6bc73152,187,table,05aec08a-45bf-53eb-97f4-bded2a7977c3,ada7a7a5-a9d1-50ec-8063-570323c43951,Informações do Monitoramento,informacoes_do_monitoramento,table_row,"{'regiao': 'Região Sudeste', 'meta_prevista_para_2024': '-', 'meta_prevista_para_2025': '-', 'meta_prevista_para_2026': '-', 'meta_prevista_para_2027': '-', 'quantidade_alcancada__raw': '0,52', 'data_de_referencia__raw': '06/02/2025', 'sinalizacao_de_necessidade_de_revisao_proximo_exercicio': 'Não', 'notas_do_usuario': 'Ver observação na tela principal'}","{'quantidade_alcancada': 0.52, 'data_de_referencia': 6022025.0}"
c0c8c297-6c30-50d5-80aa-796bea11c377,c11b9579-45d1-58de-af90-2c8b6bc73152,187,table,05aec08a-45bf-53eb-97f4-bded2a7977c3,ada7a7a5-a9d1-50ec-8063-570323c43951,Informações do Monitoramento,informacoes_do_monitoramento,table_row,"{'regiao': 'Região Sul', 'meta_prevista_para_2024': '-', 'meta_prevista_para_2025': '-', 'meta_prevista_para_2026': '-', 'meta_prevista_para_2027': '-', 'quantidade_alcancada__raw': '0,19', 'data_de_referencia__raw': '06/02/2025', 'sinalizacao_de_necessidade_de_revisao_proximo_exercicio': 'Não', 'notas_do_usuario': 'Ver observação na tela principal'}","{'quantidade_alcancada': 0.19, 'data_de_referencia': 6022025.0}"
6bcebc63-4286-5cf7-8799-51b057ec3eea,c11b9579-45d1-58de-af90-2c8b6bc73152,190,table,4e569a34-c072-5137-94f8-aad21aa4de44,1355df34-5edb-534f-960c-f0f0bd1c2b6a,Meta: 0568 - Ampliar o número de trabalhadores beneficiados pelas políticas de qualificação social e profissional,meta_0568_ampliar_o_numero_de_trabalhadores_beneficiados_pelas_politicas_de_qualificacao_social_e_profissional,table_row,"{'regiao': 'Região Centro- Oeste', 'meta_prevista_para_2024': '-', 'meta_prevista_para_2025': '-', 'meta_prevista_para_2026': '-', 'meta_prevista_para_2027': '-', 'quantidade_alcancada__raw': '22.407', 'data_de_referencia__raw': '31/12/2024', 'sinalizacao_de_necessidade_de_revisao_proximo_exercicio': 'Não', 'notas_do_usuario': 'Os ajustes foram realizados de acordo com as informações da Secretaria de Qualificação, Emprego e Renda (SEMP/MTE), conforme registrado no processo SEI 19955.200452/2025-03.'}","{'quantidade_alcancada': 22407.0, 'data_de_referencia': 31122024.0}"
2c04137a-2688-578a-9a34-b7c15d7aef8f,c11b9579-45d1-58de-af90-2c8b6bc73152,190,table,4e569a34-c072-5137-94f8-aad21aa4de44,1355df34-5edb-534f-960c-f0f0bd1c2b6a,Meta: 0568 - Ampliar o número de trabalhadores beneficiados pelas políticas de qualificação social e profissional,meta_0568_ampliar_o_numero_de_trabalhadores_beneficiados_pelas_politicas_de_qualificacao_social_e_profissional,table_row,"{'regiao': 'Região Nordeste', 'meta_prevista_para_2024': '-', 'meta_prevista_para_2025': '-', 'meta_prevista_para_2026': '-', 'meta_prevista_para_2027': '-', 'quantidade_alcancada__raw': '34.217', 'data_de_referencia__raw': '31/12/2024', 'sinalizacao_de_necessidade_de_revisao_proximo_exercicio': 'Não', 'notas_do_usuario': 'Os ajustes foram realizados de acordo com as informações da Secretaria de Qualificação, Emprego e Renda (SEMP/MTE), conforme registrado no processo SEI 19955.200452/2025-03.'}","{'quantidade_alcancada': 34217.0, 'data_de_referencia': 31122024.0}"
a916f175-e0a6-5076-be6f-315eb8d72379,c11b9579-45d1-58de-af90-2c8b6bc73152,190,table,4e569a34-c072-5137-94f8-aad21aa4de44,1355df34-5edb-534f-960c-f0f0bd1c2b6a,Meta: 0568 - Ampliar o número de trabalhadores beneficiados pelas políticas de qualificação social e profissional,meta_0568_ampliar_o_numero_de_trabalhadores_beneficiados_pelas_politicas_de_qualificacao_social_e_profissional,table_row,"{'regiao': 'Região Norte', 'meta_prevista_para_2024': '-', 'meta_prevista_para_2025': '-', 'meta_prevista_para_2026': '-', 'meta_prevista_para_2027': '-', 'quantidade_alcancada__raw': '11.907', 'data_de_referencia__raw': '31/12/2024', 'sinalizacao_de_necessidade_de_revisao_proximo_exercicio': 'Não', 'notas_do_usuario': 'Os ajustes foram realizados de acordo com as informações da Secretaria de Qualificação, Emprego e Renda (SEMP/MTE), conforme registrado no processo SEI 19955.200452/2025-03.'}","{'quantidade_alcancada': 11907.0, 'data_de_referencia': 31122024.0}"
3bc7743a-13c0-5d0c-a35c-d82eed98e96d,c11b9579-45d1-58de-af90-2c8b6bc73152,190,table,4e569a34-c072-5137-94f8-aad21aa4de44,1355df34-5edb-534f-960c-f0f0bd1c2b6a,Meta: 0568 - Ampliar o número de trabalhadores beneficiados pelas políticas de qualificação social e profissional,meta_0568_ampliar_o_numero_de_trabalhadores_beneficiados_pelas_politicas_de_qualificacao_social_e_profissional,table_row,"{'regiao': 'Região Sudeste', 'meta_prevista_para_2024': '-', 'meta_prevista_para_2025': '-', 'meta_prevista_para_2026': '-', 'meta_prevista_para_2027': '-', 'quantidade_alcancada__raw': '56.970', 'data_de_referencia__raw': '31/12/2024', 'sinalizacao_de_necessidade_de_revisao_proximo_exercicio': 'Não', 'notas_do_usuario': 'Os ajustes foram realizados de acordo com as informações da Secretaria de Qualificação, Emprego e Renda (SEMP/MTE), conforme registrado no processo SEI 19955.200452/2025-03.'}","{'quantidade_alcancada': 56970.0, 'data_de_referencia': 31122024.0}"
91246cd7-35f3-5953-854d-64b2b69d590e,c11b9579-45d1-58de-af90-2c8b6bc73152,191,table,935a6ceb-dbed-507f-afed-0a3f7679a645,5d10782d-1738-5202-a31b-2329a09e6258,Informações do Monitoramento,informacoes_do_monitoramento,table_row,"{'0': 'Região Sul', '1': '-', '2': '-', '3': '-', '4': '-', '5__raw': '18.389', '6__raw': '31/12/2024', '7': 'Não', '8': 'Os ajustes foram realizados de acordo com as informações da Secretaria de Qualificação, Emprego e Renda (SEMP/MTE), conforme registrado no processo SEI 19955.200452/2025-03.'}","{'5': 18389.0, '6': 31122024.0}"
0bfb3a45-f3b4-5311-a249-598de00e5c43,c11b9579-45d1-58de-af90-2c8b6bc73152,191,table,4ea8d531-ed13-568f-aaca-01b235c0c25d,5d10782d-1738-5202-a31b-2329a09e6258,Informações do Monitoramento,informacoes_do_monitoramento,table_row,"{'0': 'Região', '1': 'Meta prevista para 2024', '2': 'Meta prevista para 2025', '3': 'Meta prevista para 2026', '4': 'Meta prevista para 2027', '5': 'Quantidade alcançada', '6': 'Data de Referência', '7': 'Sinalização de necessidade de revisão - próximo exercício', '8': 'Notas do usuário'}",{}
be774d63-8abf-53ae-bc37-ffaf0958eab2,c11b9579-45d1-58de-af90-2c8b6bc73152,192,table,c8005d74-6343-5be6-8933-ee9ff69a9d8b,5c44a4fe-df0e-5ccd-b436-22bdbb4713fd,Objetivo Específico: 0136 - Combater a exploração do trabalho análogo ao escravo e do tráfico de pessoas,objetivo_especifico_0136_combater_a_exploracao_do_trabalho_analogo_ao_escravo_e_do_trafico_de_pessoas,table_row,"{'regiao_centro_oeste': 'Região Nordeste', 'untitled__raw': '1', 'untitled_2__raw': '2', '1__raw': '3', '1_2__raw': '3', '0__raw': '0', '31_12_2024__raw': '31/12/2024', 'sim': 'Sim', 'nao_informado': 'Não informado'}","{'untitled': 1.0, 'untitled_2': 2.0, '1': 3.0, '1_2': 3.0, '0': 0.0, '31_12_2024': 31122024.0}"
c7d126a0-8b2d-5ffc-a506-b433c61629ab,c11b9579-45d1-58de-af90-2c8b6bc73152,192,table,c8005d74-6343-5be6-8933-ee9ff69a9d8b,5c44a4fe-df0e-5ccd-b436-22bdbb4713fd,Objetivo Específico: 0136 - Combater a exploração do trabalho análogo ao escravo e do tráfico de pessoas,objetivo_especifico_0136_combater_a_exploracao_do_trabalho_analogo_ao_escravo_e_do_trafico_de_pessoas,table_row,"{'regiao_centro_oeste': 'Região Norte', 'untitled': '-', 'untitled_2__raw': '1', '1__raw': '1', '1_2__raw': '1', '0__raw': '0', '31_12_2024__raw': '31/12/2024', 'sim': 'Sim', 'nao_informado': 'Não informado'}","{'untitled_2': 1.0, '1': 1.0, '1_2': 1.0, '0': 0.0, '31_12_2024': 31122024.0}"
8e0f9f8f-a50d-55c7-8ef1-3c5abd59bafc,c11b9579-45d1-58de-af90-2c8b6bc73152,192,table,c8005d74-6343-5be6-8933-ee9ff69a9d8b,5c44a4fe-df0e-5ccd-b436-22bdbb4713fd,Objetivo Específico: 0136 - Combater a exploração do trabalho análogo ao escravo e do tráfico de pessoas,objetivo_especifico_0136_combater_a_exploracao_do_trabalho_analogo_ao_escravo_e_do_trafico_de_pessoas,table_row,"{'regiao_centro_oeste': 'Região Sudeste', 'untitled': '-', 'untitled_2__raw': '1', '1__raw': '2', '1_2__raw': '2', '0__raw': '0', '31_12_2024__raw': '31/12/2024', 'sim': 'Sim', 'nao_informado': 'Não informado'}","{'untitled_2': 1.0, '1': 2.0, '1_2': 2.0, '0': 0.0, '31_12_2024': 31122024.0}"
a900c094-cca9-5f8a-933e-ed2efd5b4c3e,c11b9579-45d1-58de-af90-2c8b6bc73152,192,table,c8005d74-6343-5be6-8933-ee9ff69a9d8b,5c44a4fe-df0e-5ccd-b436-22bdbb4713fd,Objetivo Específico: 0136 - Combater a exploração do trabalho análogo ao escravo e do tráfico de pessoas,objetivo_especifico_0136_combater_a_exploracao_do_trabalho_analogo_ao_escravo_e_do_trafico_de_pessoas,table_row,"{'regiao_centro_oeste': 'Região Sul', 'untitled__raw': '1', 'untitled_2__raw': '2', '1__raw': '3', '1_2__raw': '3', '0__raw': '0', '31_12_2024__raw': '31/12/2024', 'sim': 'Sim', 'nao_informado': 'Não informado'}","{'untitled': 1.0, 'untitled_2': 2.0, '1': 3.0, '1_2': 3.0, '0': 0.0, '31_12_2024': 31122024.0}"
e27da507-a991-569f-baf9-3b762b2023ed,c11b9579-45d1-58de-af90-2c8b6bc73152,193,table,503116eb-57db-5b8a-a430-8ad4927bd934,a0791958-7d88-5d35-b72a-36e4f25221c3,Informações do Monitoramento,informacoes_do_monitoramento,table_row,"{'regiao': 'No Distrito Federal', 'meta_prevista_para_2024__raw': '2', 'meta_prevista_para_2025__raw': '4', 'meta_prevista_para_2026__raw': '7', 'meta_prevista_para_2027__raw': '10', 'quantidade_alcancada__raw': '13', 'data_de_referencia__raw': '31/12/2024', 'sinalizacao_de_necessidade_de_revisao_proximo_exercicio': 'Sim', 'notas_do_usuario': 'Os ajustes foram realizados de acordo com as informações da Secretaria de Inspeção do Trabalho (SIT/MTE), conforme registrado no processo SEI 19955.200451/2025-51.'}","{'meta_prevista_para_2024': 2.0, 'meta_prevista_para_2025': 4.0, 'meta_prevista_para_2026': 7.0, 'meta_prevista_para_2027': 10.0, 'quantidade_alcancada': 13.0, 'data_de_referencia': 31122024.0}"
ff1b627c-4349-5243-8c52-244d8b6d33fc,c11b9579-45d1-58de-af90-2c8b6bc73152,193,table,503116eb-57db-5b8a-a430-8ad4927bd934,a0791958-7d88-5d35-b72a-36e4f25221c3,Informações do Monitoramento,informacoes_do_monitoramento,table_row,"{'regiao': 'No Estado da Bahia', 'meta_prevista_para_2024__raw': '2', 'meta_prevista_para_2025__raw': '4', 'meta_prevista_para_2026__raw': '7', 'meta_prevista_para_2027__raw': '10', 'quantidade_alcancada__raw': '47', 'data_de_referencia__raw': '31/12/2024', 'sinalizacao_de_necessidade_de_revisao_proximo_exercicio': 'Sim', 'notas_do_usuario': 'Os ajustes foram realizados de acordo com as informações da Secretaria de Inspeção do Trabalho (SIT/MTE), conforme registrado no processo SEI 19955.200451/2025-51.'}","{'meta_prevista_para_2024': 2.0, 'meta_prevista_para_2025': 4.0, 'meta_prevista_para_2026': 7.0, 'meta_prevista_para_2027': 10.0, 'quantidade_alcancada': 47.0, 'data_de_referencia': 31122024.0}"
b86c0fde-003b-5a61-8bbb-1549dfe4966f,c11b9579-45d1-58de-af90-2c8b6bc73152,193,table,503116eb-57db-5b8a-a430-8ad4927bd934,a0791958-7d88-5d35-b72a-36e4f25221c3,Informações do Monitoramento,informacoes_do_monitoramento,table_row,"{'regiao': 'No Estado da Paraíba', 'meta_prevista_para_2024__raw': '2', 'meta_prevista_para_2025__raw': '4', 'meta_prevista_para_2026__raw': '7', 'meta_prevista_para_2027__raw': '10', 'quantidade_alcancada__raw': '21', 'data_de_referencia__raw': '31/12/2024', 'sinalizacao_de_necessidade_de_revisao_proximo_exercicio': 'Sim', 'notas_do_usuario': 'Os ajustes foram realizados de acordo com as informações da Secretaria de Inspeção do Trabalho (SIT/MTE), conforme registrado no processo SEI 19955.200451/2025-51.'}","{'meta_prevista_para_2024': 2.0, 'meta_prevista_para_2025': 4.0, 'meta_prevista_para_2026': 7.0, 'meta_prevista_para_2027': 10.0, 'quantidade_alcancada': 21.0, 'data_de_referencia': 31122024.0}"
acd4f217-06d8-5fb6-a1b5-70ffdad99722,c11b9579-45d1-58de-af90-2c8b6bc73152,193,table,503116eb-57db-5b8a-a430-8ad4927bd934,a0791958-7d88-5d35-b72a-36e4f25221c3,Informações do Monitoramento,informacoes_do_monitoramento,table_row,"{'regiao': 'No Estado de Alagoas', 'meta_prevista_para_2024__raw': '2', 'meta_prevista_para_2025__raw': '4', 'meta_prevista_para_2026__raw': '7', 'meta_prevista_para_2027__raw': '10', 'quantidade_alcancada__raw': '10', 'data_de_referencia__raw': '31/12/2024', 'sinalizacao_de_necessidade_de_revisao_proximo_exercicio': 'Sim', 'notas_do_usuario': 'Os ajustes foram realizados de acordo com as informações da Secretaria de Inspeção do Trabalho (SIT/MTE), conforme registrado no processo SEI 19955.200451/2025-51.'}","{'meta_prevista_para_2024': 2.0, 'meta_prevista_para_2025': 4.0, 'meta_prevista_para_2026': 7.0, 'meta_prevista_para_2027': 10.0, 'quantidade_alcancada': 10.0, 'data_de_referencia': 31122024.0}"
4c0ea9fb-cdfc-5669-9029-caeae4ab5eb4,c11b9579-45d1-58de-af90-2c8b6bc73152,193,table,503116eb-57db-5b8a-a430-8ad4927bd934,a0791958-7d88-5d35-b72a-36e4f25221c3,Informações do Monitoramento,informacoes_do_monitoramento,table_row,"{'regiao': 'No Estado de Goiás', 'meta_prevista_para_2024__raw': '2', 'meta_prevista_para_2025__raw': '4', 'meta_prevista_para_2026__raw': '7', 'meta_prevista_para_2027__raw': '10', 'quantidade_alcancada__raw': '27', 'data_de_referencia__raw': '31/12/2024', 'sinalizacao_de_necessidade_de_revisao_proximo_exercicio': 'Sim', 'notas_do_usuario': 'Os ajustes foram realizados de acordo com as informações da Secretaria de Inspeção do Trabalho (SIT/MTE), conforme registrado no processo SEI 19955.200451/2025-51.'}","{'meta_prevista_para_2024': 2.0, 'meta_prevista_para_2025': 4.0, 'meta_prevista_para_2026': 7.0, 'meta_prevista_para_2027': 10.0, 'quantidade_alcancada': 27.0, 'data_de_referencia': 31122024.0}"
68221b38-8aa1-5192-8729-b60c144e847e,c11b9579-45d1-58de-af90-2c8b6bc73152,193,table,503116eb-57db-5b8a-a430-8ad4927bd934,a0791958-7d88-5d35-b72a-36e4f25221c3,Informações do Monitoramento,informacoes_do_monitoramento,table_row,"{'regiao': 'No Estado de', 'meta_prevista_para_2024__raw': '2', 'meta_prevista_para_2025__raw': '4', 'meta_prevista_para_2026__raw': '7', 'meta_prevista_para_2027__raw': '10', 'quantidade_alcancada__raw': '22', 'data_de_referencia__raw': '31/12/2024', 'sinalizacao_de_necessidade_de_revisao_proximo_exercicio': 'Sim', 'notas_do_usuario': 'Os ajustes foram realizados de acordo com as'}","{'meta_prevista_para_2024': 2.0, 'meta_prevista_para_2025': 4.0, 'meta_prevista_para_2026': 7.0, 'meta_prevista_para_2027': 10.0, 'quantidade_alcancada': 22.0, 'data_de_referencia': 31122024.0}"
97fd7eb4-9035-5af7-bc29-33d5b616b4d8,c11b9579-45d1-58de-af90-2c8b6bc73152,194,table,476aa147-3f0b-5c8f-b926-d9ff1511a3df,,,table,table_row,"{'0': 'Mato Grosso', '1': '', '2': '', '3': '', '4': '', '5': '', '6': '', '7': '', '8': 'informações da Secretaria de Inspeção do Trabalho (SIT/MTE), conforme registrado no processo SEI 19955.200451/2025-51.'}",{}
abd205fc-ecd1-57ba-8dfb-8fd90760598d,c11b9579-45d1-58de-af90-2c8b6bc73152,194,table,476aa147-3f0b-5c8f-b926-d9ff1511a3df,,,table,table_row,"{'0': 'No Estado de Mato Grosso do Sul', '1__raw': '2', '2__raw': '4', '3__raw': '7', '4__raw': '10', '5__raw': '28', '6__raw': '31/12/2024', '7': 'Sim', '8': 'Os ajustes foram realizados de acordo com as informações da Secretaria de Inspeção do Trabalho (SIT/MTE), conforme registrado no processo SEI 19955.200451/2025-51.'}","{'1': 2.0, '2': 4.0, '3': 7.0, '4': 10.0, '5': 28.0, '6': 31122024.0}"
b468b4ee-61cc-552c-99ad-26a8b1f67945,c11b9579-45d1-58de-af90-2c8b6bc73152,194,table,476aa147-3f0b-5c8f-b926-d9ff1511a3df,,,table,table_row,"{'0': 'No Estado de Minas Gerais', '1__raw': '2', '2__raw': '4', '3__raw': '7', '4__raw': '10', '5__raw': '154', '6__raw': '31/12/2024', '7': 'Sim', '8': 'Os ajustes foram realizados de acordo com as informações da Secretaria de Inspeção do Trabalho (SIT/MTE), conforme registrado no processo SEI 19955.200451/2025-51.'}","{'1': 2.0, '2': 4.0, '3': 7.0, '4': 10.0, '5': 154.0, '6': 31122024.0}"
69565015-7c3a-52c8-b7b2-96c3f7cbb27f,c11b9579-45d1-58de-af90-2c8b6bc73152,194,table,476aa147-3f0b-5c8f-b926-d9ff1511a3df,,,table,table_row,"{'0': 'No Estado de Pernambuco', '1__raw': '2', '2__raw': '4', '3__raw': '7', '4__raw': '10', '5__raw': '32', '6__raw': '31/12/2024', '7': 'Sim', '8': 'Os ajustes foram realizados de acordo com as informações da Secretaria de Inspeção do Trabalho (SIT/MTE), conforme registrado no processo SEI 19955.200451/2025-51.'}","{'1': 2.0, '2': 4.0, '3': 7.0, '4': 10.0, '5': 32.0, '6': 31122024.0}"
1535f250-84ab-5b75-a2e7-e5bf9c5a7033,c11b9579-45d1-58de-af90-2c8b6bc73152,194,table,476aa147-3f0b-5c8f-b926-d9ff1511a3df,,,table,table_row,"{'0': 'No Estado de Rondônia', '1__raw': '2', '2__raw': '4', '3__raw': '7', '4__raw': '10', '5__raw': '26', '6__raw': '31/12/2024', '7': 'Sim', '8': 'Os ajustes foram realizados de acordo com as informações da Secretaria de Inspeção do Trabalho (SIT/MTE), conforme registrado no processo SEI 19955.200451/2025-51.'}","{'1': 2.0, '2': 4.0, '3': 7.0, '4': 10.0, '5': 26.0, '6': 31122024.0}"
8a9163d4-b491-508a-ad73-7fd2026e2e29,c11b9579-45d1-58de-af90-2c8b6bc73152,194,table,476aa147-3f0b-5c8f-b926-d9ff1511a3df,,,table,table_row,"{'0': 'No Estado de Roraima', '1__raw': '2', '2__raw': '4', '3__raw': '7', '4__raw': '10', '5__raw': '25', '6__raw': '31/12/2024', '7': 'Sim', '8': 'Os ajustes foram realizados de acordo com as informações da Secretaria de Inspeção do Trabalho (SIT/MTE), conforme registrado no processo SEI 19955.200451/2025-51.'}","{'1': 2.0, '2': 4.0, '3': 7.0, '4': 10.0, '5': 25.0, '6': 31122024.0}"
6893c452-0ba9-5a3b-ac68-444b22e5edf7,c11b9579-45d1-58de-af90-2c8b6bc73152,194,table,476aa147-3f0b-5c8f-b926-d9ff1511a3df,,,table,table_row,"{'0': 'No Estado de Santa Catarina', '1__raw': '2', '2__raw': '4', '3__raw': '7', '4__raw': '10', '5__raw': '33', '6__raw': '31/12/2024', '7': 'Sim', '8': 'Os ajustes foram realizados de acordo com as informações da Secretaria de Inspeção do Trabalho (SIT/MTE), conforme registrado no processo SEI 19955.200451/2025-51.'}","{'1': 2.0, '2': 4.0, '3': 7.0, '4': 10.0, '5': 33.0, '6': 31122024.0}"
ca09ac39-91af-5d09-9194-1487609dcc92,c11b9579-45d1-58de-af90-2c8b6bc73152,194,table,476aa147-3f0b-5c8f-b926-d9ff1511a3df,,,table,table_row,"{'0': 'No Estado de São Paulo', '1__raw': '2', '2__raw': '4', '3__raw': '7', '4__raw': '10', '5__raw': '198', '6__raw': '31/12/2024', '7': 'Sim', '8': 'Os ajustes foram realizados de acordo com as informações da Secretaria de Inspeção do Trabalho (SIT/MTE), conforme registrado no processo SEI 19955.200451/2025-51.'}","{'1': 2.0, '2': 4.0, '3': 7.0, '4': 10.0, '5': 198.0, '6': 31122024.0}"
23a2d915-31da-50ba-bff3-37117b445300,c11b9579-45d1-58de-af90-2c8b6bc73152,194,table,476aa147-3f0b-5c8f-b926-d9ff1511a3df,,,table,table_row,"{'0': 'No Estado de Sergipe', '1__raw': '2', '2__raw': '4', '3__raw': '7', '4__raw': '10', '5__raw': '3', '6__raw': '31/12/2024', '7': 'Sim', '8': 'Os ajustes foram realizados de acordo com as informações da Secretaria de Inspeção do Trabalho (SIT/MTE), conforme registrado no processo SEI 19955.200451/2025-51.'}","{'1': 2.0, '2': 4.0, '3': 7.0, '4': 10.0, '5': 3.0, '6': 31122024.0}"
1994a924-5f01-559f-b2fd-c3871f848462,c11b9579-45d1-58de-af90-2c8b6bc73152,194,table,476aa147-3f0b-5c8f-b926-d9ff1511a3df,,,table,table_row,"{'0': 'No Estado do Acre', '1__raw': '2', '2__raw': '4', '3__raw': '7', '4__raw': '10', '5__raw': '2', '6__raw': '31/12/2024', '7': 'Sim', '8': 'Os ajustes foram realizados de acordo com as informações da Secretaria de Inspeção do Trabalho (SIT/MTE), conforme registrado no processo SEI 19955.200451/2025-51.'}","{'1': 2.0, '2': 4.0, '3': 7.0, '4': 10.0, '5': 2.0, '6': 31122024.0}"
aa6effe9-bea8-5364-9de2-eb2694e374f5,c11b9579-45d1-58de-af90-2c8b6bc73152,194,table,476aa147-3f0b-5c8f-b926-d9ff1511a3df,,,table,table_row,"{'0': 'No Estado do Amapá', '1__raw': '2', '2__raw': '4', '3__raw': '7', '4__raw': '10', '5__raw': '3', '6__raw': '31/12/2024', '7': 'Sim', '8': 'Os ajustes foram realizados de acordo com as informações da Secretaria de Inspeção do Trabalho'}","{'1': 2.0, '2': 4.0, '3': 7.0, '4': 10.0, '5': 3.0, '6': 31122024.0}"
1cc4c6a1-6bdb-5bbe-9584-947d0b08f8eb,c11b9579-45d1-58de-af90-2c8b6bc73152,195,table,c85b6e51-725e-59a8-87e4-8faee053c6ed,,,table,table_row,"{'0': '', '1': '', '2': '', '3': '', '4': '', '5': '', '6': '', '7': '', '8': '(SIT/MTE), conforme registrado no processo SEI 19955.200451/2025-51.'}",{}
559d04e4-4606-515c-b492-b17785e47a62,c11b9579-45d1-58de-af90-2c8b6bc73152,195,table,c85b6e51-725e-59a8-87e4-8faee053c6ed,,,table,table_row,"{'0': 'No Estado do Amazonas', '1__raw': '2', '2__raw': '4', '3__raw': '7', '4__raw': '10', '5__raw': '14', '6__raw': '31/12/2024', '7': 'Sim', '8': 'Os ajustes foram realizados de acordo com as informações da Secretaria de Inspeção do Trabalho (SIT/MTE), conforme registrado no processo SEI 19955.200451/2025-51.'}","{'1': 2.0, '2': 4.0, '3': 7.0, '4': 10.0, '5': 14.0, '6': 31122024.0}"
782f7ab5-4a44-51e0-b360-edc66e277fef,c11b9579-45d1-58de-af90-2c8b6bc73152,195,table,c85b6e51-725e-59a8-87e4-8faee053c6ed,,,table,table_row,"{'0': 'No Estado do Ceará', '1__raw': '2', '2__raw': '4', '3__raw': '7', '4__raw': '10', '5__raw': '21', '6__raw': '31/12/2024', '7': 'Sim', '8': 'Os ajustes foram realizados de acordo com as informações da Secretaria de Inspeção do Trabalho (SIT/MTE), conforme registrado no processo SEI 19955.200451/2025-51.'}","{'1': 2.0, '2': 4.0, '3': 7.0, '4': 10.0, '5': 21.0, '6': 31122024.0}"
b71df763-ae53-5952-8792-0796bec84bea,c11b9579-45d1-58de-af90-2c8b6bc73152,195,table,c85b6e51-725e-59a8-87e4-8faee053c6ed,,,table,table_row,"{'0': 'No Estado do Espírito Santo', '1__raw': '2', '2__raw': '4', '3__raw': '7', '4__raw': '10', '5__raw': '46', '6__raw': '31/12/2024', '7': 'Sim', '8': 'Os ajustes foram realizados de acordo com as informações da Secretaria de Inspeção do Trabalho (SIT/MTE), conforme registrado no processo SEI 19955.200451/2025-51.'}","{'1': 2.0, '2': 4.0, '3': 7.0, '4': 10.0, '5': 46.0, '6': 31122024.0}"
507ff4c9-fb36-594c-9571-6a3ddc9fe814,c11b9579-45d1-58de-af90-2c8b6bc73152,195,table,c85b6e51-725e-59a8-87e4-8faee053c6ed,,,table,table_row,"{'0': 'No Estado do Maranhão', '1__raw': '2', '2__raw': '4', '3__raw': '7', '4__raw': '10', '5__raw': '45', '6__raw': '31/12/2024', '7': 'Sim', '8': 'Os ajustes foram realizados de acordo com as informações da Secretaria de Inspeção do Trabalho (SIT/MTE), conforme registrado no processo SEI 19955.200451/2025-51.'}","{'1': 2.0, '2': 4.0, '3': 7.0, '4': 10.0, '5': 45.0, '6': 31122024.0}"
d95375a8-86f3-51e2-90aa-fd9a634fbe6f,c11b9579-45d1-58de-af90-2c8b6bc73152,195,table,c85b6e51-725e-59a8-87e4-8faee053c6ed,,,table,table_row,"{'0': 'No Estado do Pará', '1__raw': '2', '2__raw': '4', '3__raw': '7', '4__raw': '10', '5__raw': '45', '6__raw': '31/12/2024', '7': 'Sim', '8': 'Os ajustes foram realizados de acordo com as informações da Secretaria de Inspeção do Trabalho (SIT/MTE), conforme registrado no processo SEI 19955.200451/2025-51.'}","{'1': 2.0, '2': 4.0, '3': 7.0, '4': 10.0, '5': 45.0, '6': 31122024.0}"
c7e7ff0f-f83c-5655-be70-f0b7874c082a,c11b9579-45d1-58de-af90-2c8b6bc73152,195,table,c85b6e51-725e-59a8-87e4-8faee053c6ed,,,table,table_row,"{'0': 'No Estado do Paraná', '1__raw': '2', '2__raw': '4', '3__raw': '7', '4__raw': '10', '5__raw': '50', '6__raw': '31/12/2024', '7': 'Sim', '8': 'Os ajustes foram realizados de acordo com as informações da Secretaria de Inspeção do Trabalho (SIT/MTE), conforme registrado no processo SEI 19955.200451/2025-51.'}","{'1': 2.0, '2': 4.0, '3': 7.0, '4': 10.0, '5': 50.0, '6': 31122024.0}"
16d7626a-af8b-5761-bcf0-90fd2c03d82d,c11b9579-45d1-58de-af90-2c8b6bc73152,195,table,c85b6e51-725e-59a8-87e4-8faee053c6ed,,,table,table_row,"{'0': 'No Estado do Piauí', '1__raw': '2', '2__raw': '4', '3__raw': '7', '4__raw': '10', '5__raw': '12', '6__raw': '31/12/2024', '7': 'Sim', '8': 'Os ajustes foram realizados de acordo com as informações da Secretaria de Inspeção do Trabalho (SIT/MTE), conforme registrado no processo SEI 19955.200451/2025-51.'}","{'1': 2.0, '2': 4.0, '3': 7.0, '4': 10.0, '5': 12.0, '6': 31122024.0}"
4aeb820a-863b-5db9-a5b0-f7f9bb523fc6,c11b9579-45d1-58de-af90-2c8b6bc73152,195,table,c85b6e51-725e-59a8-87e4-8faee053c6ed,,,table,table_row,"{'0': 'No Estado do Rio de Janeiro', '1__raw': '2', '2__raw': '4', '3__raw': '7', '4__raw': '10', '5__raw': '42', '6__raw': '31/12/2024', '7': 'Sim', '8': 'Os ajustes foram realizados de acordo com as informações da Secretaria de Inspeção do Trabalho (SIT/MTE), conforme registrado no processo SEI 19955.200451/2025-51.'}","{'1': 2.0, '2': 4.0, '3': 7.0, '4': 10.0, '5': 42.0, '6': 31122024.0}"
665e9cca-1172-5824-991b-1413def6a6bf,c11b9579-45d1-58de-af90-2c8b6bc73152,195,table,c85b6e51-725e-59a8-87e4-8faee053c6ed,,,table,table_row,"{'0': 'No Estado do Rio Grande do Norte', '1__raw': '2', '2__raw': '4', '3__raw': '7', '4__raw': '10', '5__raw': '14', '6__raw': '31/12/2024', '7': 'Sim', '8': 'Os ajustes foram realizados de acordo com as informações da Secretaria de Inspeção do Trabalho (SIT/MTE), conforme registrado no processo SEI 19955.200451/2025-51.'}","{'1': 2.0, '2': 4.0, '3': 7.0, '4': 10.0, '5': 14.0, '6': 31122024.0}"
35585f8f-9ea3-56db-a53d-c33b31dca897,c11b9579-45d1-58de-af90-2c8b6bc73152,195,table,c85b6e51-725e-59a8-87e4-8faee053c6ed,,,table,table_row,"{'0': 'No Estado do Rio Grande do Sul', '1__raw': '2', '2__raw': '4', '3__raw': '7', '4__raw': '10', '5__raw': '88', '6__raw': '31/12/2024', '7': 'Sim', '8': 'Os ajustes foram realizados de acordo com as informações da Secretaria de Inspeção do Trabalho (SIT/MTE), conforme registrado no processo SEI'}","{'1': 2.0, '2': 4.0, '3': 7.0, '4': 10.0, '5': 88.0, '6': 31122024.0}"
73227243-5b07-5655-ab7c-9650623932f7,c11b9579-45d1-58de-af90-2c8b6bc73152,196,table,5cfbd5c1-f21c-556f-a62e-2ccd3405e17d,784783ff-8b13-53ce-9d5e-e239f2ffbe81,Informações do Monitoramento,informacoes_do_monitoramento,table_row,"{'column_1': 'No Estado do Tocantins', 'column_2__raw': '2', 'column_3__raw': '4', 'column_4__raw': '7', 'column_5__raw': '10', 'column_6__raw': '14 31/12/2024', 'column_7': 'Sim', '19955200451_2025_51': 'Os ajustes foram realizados de acordo com as informações da Secretaria de Inspeção do Trabalho (SIT/MTE), conforme registrado no processo SEI 19955.200451/2025-51.'}","{'column_2': 2.0, 'column_3': 4.0, 'column_4': 7.0, 'column_5': 10.0, 'column_6': 1431122024.0}"
e8b01390-cc62-5131-a095-8d1895a11ba4,c11b9579-45d1-58de-af90-2c8b6bc73152,200,table,8a2ca890-45e2-52d8-8f71-6980d189f442,c8f77452-d06f-5371-96fa-9c7828cf12c9,Informações do Monitoramento,informacoes_do_monitoramento,table_row,"{'regiao': 'No Distrito Federal', 'meta_prevista_para_2024': '-', 'meta_prevista_para_2025': '-', 'meta_prevista_para_2026': '-', 'meta_prevista_para_2027': '-', 'quantidade_alcancada__raw': '292', 'data_de_referencia__raw': '31/12/2024', 'sinalizacao_de_necessidade_de_revisao_proximo_exercicio': 'Não', 'notas_do_usuario': 'Os ajustes foram realizados de acordo com as informações da Secretaria de Inspeção do Trabalho (SIT/MTE), conforme registrado no processo SEI 19955.200451/2025-51.'}","{'quantidade_alcancada': 292.0, 'data_de_referencia': 31122024.0}"
50d9e987-d521-5ac5-9d1b-13d150734739,c11b9579-45d1-58de-af90-2c8b6bc73152,200,table,8a2ca890-45e2-52d8-8f71-6980d189f442,c8f77452-d06f-5371-96fa-9c7828cf12c9,Informações do Monitoramento,informacoes_do_monitoramento,table_row,"{'regiao': 'No Estado da Bahia', 'meta_prevista_para_2024': '-', 'meta_prevista_para_2025': '-', 'meta_prevista_para_2026': '-', 'meta_prevista_para_2027': '-', 'quantidade_alcancada__raw': '157', 'data_de_referencia__raw': '31/12/2024', 'sinalizacao_de_necessidade_de_revisao_proximo_exercicio': 'Não', 'notas_do_usuario': 'Os ajustes foram realizados de acordo com as informações da Secretaria de Inspeção do Trabalho (SIT/MTE), conforme registrado no processo SEI 19955.200451/2025-51.'}","{'quantidade_alcancada': 157.0, 'data_de_referencia': 31122024.0}"
c26807bd-f4e8-5573-a34e-e4d785be59c8,c11b9579-45d1-58de-af90-2c8b6bc73152,200,table,8a2ca890-45e2-52d8-8f71-6980d189f442,c8f77452-d06f-5371-96fa-9c7828cf12c9,Informações do Monitoramento,informacoes_do_monitoramento,table_row,"{'regiao': 'No Estado da', 'meta_prevista_para_2024': '-', 'meta_prevista_para_2025': '-', 'meta_prevista_para_2026': '-', 'meta_prevista_para_2027': '-', 'quantidade_alcancada__raw': '57', 'data_de_referencia__raw': '31/12/2024', 'sinalizacao_de_necessidade_de_revisao_proximo_exercicio': 'Não', 'notas_do_usuario': 'Os ajustes foram realizados de acordo com as'}","{'quantidade_alcancada': 57.0, 'data_de_referencia': 31122024.0}"
f785cefd-d89e-5f11-b4d2-7c13e1136c5e,c11b9579-45d1-58de-af90-2c8b6bc73152,201,table,c62d8b92-cbe0-58e0-8a36-9eed0121a3dc,,,table,table_row,"{'0': 'Paraíba', '1': '', '2': '', '3': '', '4': '', '5': '', '6': '', '7': '', '8': 'informações da Secretaria de Inspeção do Trabalho (SIT/MTE), conforme registrado no processo SEI 19955.200451/2025-51.'}",{}
9e5a0242-0ef4-5450-b668-e8438dbd902d,c11b9579-45d1-58de-af90-2c8b6bc73152,201,table,c62d8b92-cbe0-58e0-8a36-9eed0121a3dc,,,table,table_row,"{'0': 'No Estado de Alagoas', '1': '-', '2': '-', '3': '-', '4': '-', '5__raw': '50', '6__raw': '31/12/2024', '7': 'Não', '8': 'Os ajustes foram realizados de acordo com as informações da Secretaria de Inspeção do Trabalho (SIT/MTE), conforme registrado no processo SEI 19955.200451/2025-51.'}","{'5': 50.0, '6': 31122024.0}"
e88bc642-92e9-526e-9677-20163a1ef1a8,c11b9579-45d1-58de-af90-2c8b6bc73152,201,table,c62d8b92-cbe0-58e0-8a36-9eed0121a3dc,,,table,table_row,"{'0': 'No Estado de Goiás', '1': '-', '2': '-', '3': '-', '4': '-', '5__raw': '76', '6__raw': '31/12/2024', '7': 'Não', '8': 'Os ajustes foram realizados de acordo com as informações da Secretaria de Inspeção do Trabalho (SIT/MTE), conforme registrado no processo SEI 19955.200451/2025-51.'}","{'5': 76.0, '6': 31122024.0}"
04e8b2b7-c260-5f42-9e0f-e921cb21693c,c11b9579-45d1-58de-af90-2c8b6bc73152,201,table,c62d8b92-cbe0-58e0-8a36-9eed0121a3dc,,,table,table_row,"{'0': 'No Estado de Mato Grosso', '1': '-', '2': '-', '3': '-', '4': '-', '5__raw': '6', '6__raw': '31/12/2024', '7': 'Não', '8': 'Os ajustes foram realizados de acordo com as informações da Secretaria de Inspeção do Trabalho (SIT/MTE), conforme registrado no processo SEI 19955.200451/2025-51.'}","{'5': 6.0, '6': 31122024.0}"
28ea4c04-89db-5119-b8e6-d9aa466aa524,c11b9579-45d1-58de-af90-2c8b6bc73152,201,table,c62d8b92-cbe0-58e0-8a36-9eed0121a3dc,,,table,table_row,"{'0': 'No Estado de Mato Grosso do Sul', '1': '-', '2': '-', '3': '-', '4': '-', '5__raw': '41', '6__raw': '31/12/2024', '7': 'Não', '8': 'Os ajustes foram realizados de acordo com as informações da Secretaria de Inspeção do Trabalho (SIT/MTE), conforme registrado no processo SEI 19955.200451/2025-51.'}","{'5': 41.0, '6': 31122024.0}"
00322f68-4c68-5a3d-81c8-2e5d9c115088,c11b9579-45d1-58de-af90-2c8b6bc73152,201,table,c62d8b92-cbe0-58e0-8a36-9eed0121a3dc,,,table,table_row,"{'0': 'No Estado de Minas Gerais', '1': '-', '2': '-', '3': '-', '4': '-', '5__raw': '348', '6__raw': '31/12/2024', '7': 'Não', '8': 'Os ajustes foram realizados de acordo com as informações da Secretaria de Inspeção do Trabalho (SIT/MTE), conforme registrado no processo SEI 19955.200451/2025-51.'}","{'5': 348.0, '6': 31122024.0}"
759b55ad-67dd-55c8-8f2e-c9a996793232,c11b9579-45d1-58de-af90-2c8b6bc73152,201,table,c62d8b92-cbe0-58e0-8a36-9eed0121a3dc,,,table,table_row,"{'0': 'No Estado de Pernambuco', '1': '-', '2': '-', '3': '-', '4': '-', '5__raw': '83', '6__raw': '31/12/2024', '7': 'Não', '8': 'Os ajustes foram realizados de acordo com as informações da Secretaria de Inspeção do Trabalho (SIT/MTE), conforme registrado no processo SEI 19955.200451/2025-51.'}","{'5': 83.0, '6': 31122024.0}"
ad02753d-fa87-5850-8f6d-46f1d85de590,c11b9579-45d1-58de-af90-2c8b6bc73152,201,table,c62d8b92-cbe0-58e0-8a36-9eed0121a3dc,,,table,table_row,"{'0': 'No Estado de Rondônia', '1': '-', '2': '-', '3': '-', '4': '-', '5__raw': '10', '6__raw': '31/12/2024', '7': 'Não', '8': 'Os ajustes foram realizados de acordo com as informações da Secretaria de Inspeção do Trabalho (SIT/MTE), conforme registrado no processo SEI 19955.200451/2025-51.'}","{'5': 10.0, '6': 31122024.0}"
5b615a68-534d-53fe-9591-58c983b35217,c11b9579-45d1-58de-af90-2c8b6bc73152,201,table,c62d8b92-cbe0-58e0-8a36-9eed0121a3dc,,,table,table_row,"{'0': 'No Estado de Roraima', '1': '-', '2': '-', '3': '-', '4': '-', '5__raw': '27', '6__raw': '31/12/2024', '7': 'Não', '8': 'Os ajustes foram realizados de acordo com as informações da Secretaria de Inspeção do Trabalho (SIT/MTE), conforme registrado no processo SEI 19955.200451/2025-51.'}","{'5': 27.0, '6': 31122024.0}"
8dbb4c0f-4252-50d1-9331-c18abc6bfee6,c11b9579-45d1-58de-af90-2c8b6bc73152,201,table,c62d8b92-cbe0-58e0-8a36-9eed0121a3dc,,,table,table_row,"{'0': 'No Estado de Santa Catarina', '1': '-', '2': '-', '3': '-', '4': '-', '5__raw': '117', '6__raw': '31/12/2024', '7': 'Não', '8': 'Os ajustes foram realizados de acordo com as informações da Secretaria de Inspeção do Trabalho (SIT/MTE), conforme registrado no processo SEI 19955.200451/2025-51.'}","{'5': 117.0, '6': 31122024.0}"
bb31ac2d-7892-5fcc-b68f-2606647cff82,c11b9579-45d1-58de-af90-2c8b6bc73152,201,table,c62d8b92-cbe0-58e0-8a36-9eed0121a3dc,,,table,table_row,"{'0': 'No Estado de São Paulo', '1': '-', '2': '-', '3': '-', '4': '-', '5__raw': '384', '6__raw': '31/12/2024', '7': 'Não', '8': 'Os ajustes foram realizados de acordo com as informações da Secretaria de Inspeção do Trabalho'}","{'5': 384.0, '6': 31122024.0}"
3ad72cb1-fae2-52f9-9701-1cc2b2dcc4c1,c11b9579-45d1-58de-af90-2c8b6bc73152,202,table,58907c50-d7c6-589f-a9eb-b9d88cd3379b,,,table,table_row,"{'0': '', '1': '', '2': '', '3': '', '4': '', '5': '', '6': '', '7': '', '8': '(SIT/MTE), conforme registrado no processo SEI 19955.200451/2025-51.'}",{}
2b976459-ab5d-5a16-b985-a272b656f556,c11b9579-45d1-58de-af90-2c8b6bc73152,202,table,58907c50-d7c6-589f-a9eb-b9d88cd3379b,,,table,table_row,"{'0': 'No Estado de Sergipe', '1': '-', '2': '-', '3': '-', '4': '-', '5__raw': '39', '6__raw': '31/12/2024', '7': 'Não', '8': 'Os ajustes foram realizados de acordo com as informações da Secretaria de Inspeção do Trabalho (SIT/MTE), conforme registrado no processo SEI 19955.200451/2025-51.'}","{'5': 39.0, '6': 31122024.0}"
9f11cbba-6115-5a7f-8ffe-6d71ddbe4add,c11b9579-45d1-58de-af90-2c8b6bc73152,202,table,58907c50-d7c6-589f-a9eb-b9d88cd3379b,,,table,table_row,"{'0': 'No Estado do Acre', '1': '-', '2': '-', '3': '-', '4': '-', '5__raw': '13', '6__raw': '31/12/2024', '7': 'Não', '8': 'Os ajustes foram realizados de acordo com as informações da Secretaria de Inspeção do Trabalho (SIT/MTE), conforme registrado no processo SEI 19955.200451/2025-51.'}","{'5': 13.0, '6': 31122024.0}"
e3a0872d-0f17-5f90-889c-c0fd458f05fd,c11b9579-45d1-58de-af90-2c8b6bc73152,202,table,58907c50-d7c6-589f-a9eb-b9d88cd3379b,,,table,table_row,"{'0': 'No Estado do Amapá', '1': '-', '2': '-', '3': '-', '4': '-', '5__raw': '3', '6__raw': '31/12/2024', '7': 'Não', '8': 'Os ajustes foram realizados de acordo com as informações da Secretaria de Inspeção do Trabalho (SIT/MTE), conforme registrado no processo SEI 19955.200451/2025-51.'}","{'5': 3.0, '6': 31122024.0}"
0a88549f-8345-5251-a29b-4608d9115c79,c11b9579-45d1-58de-af90-2c8b6bc73152,202,table,58907c50-d7c6-589f-a9eb-b9d88cd3379b,,,table,table_row,"{'0': 'No Estado do Amazonas', '1': '-', '2': '-', '3': '-', '4': '-', '5__raw': '70', '6__raw': '31/12/2024', '7': 'Não', '8': 'Os ajustes foram realizados de acordo com as informações da Secretaria de Inspeção do Trabalho (SIT/MTE), conforme registrado no processo SEI 19955.200451/2025-51.'}","{'5': 70.0, '6': 31122024.0}"
e7567cf8-d0c7-50df-a600-326378e8b670,c11b9579-45d1-58de-af90-2c8b6bc73152,202,table,58907c50-d7c6-589f-a9eb-b9d88cd3379b,,,table,table_row,"{'0': 'No Estado do Ceará', '1': '-', '2': '-', '3': '-', '4': '-', '5__raw': '161', '6__raw': '31/12/2024', '7': 'Não', '8': 'Os ajustes foram realizados de acordo com as informações da Secretaria de Inspeção do Trabalho (SIT/MTE), conforme registrado no processo SEI 19955.200451/2025-51.'}","{'5': 161.0, '6': 31122024.0}"
c02c610b-fa34-55c5-bb64-bd556b231fa5,c11b9579-45d1-58de-af90-2c8b6bc73152,202,table,58907c50-d7c6-589f-a9eb-b9d88cd3379b,,,table,table_row,"{'0': 'No Estado do Espírito Santo', '1': '-', '2': '-', '3': '-', '4': '-', '5__raw': '36', '6__raw': '31/12/2024', '7': 'Não', '8': 'Os ajustes foram realizados de acordo com as informações da Secretaria de Inspeção do Trabalho (SIT/MTE), conforme registrado no processo SEI 19955.200451/2025-51.'}","{'5': 36.0, '6': 31122024.0}"
5b12aced-1e25-5d0d-903d-9ae57749cc9f,c11b9579-45d1-58de-af90-2c8b6bc73152,202,table,58907c50-d7c6-589f-a9eb-b9d88cd3379b,,,table,table_row,"{'0': 'No Estado do Maranhão', '1': '-', '2': '-', '3': '-', '4': '-', '5__raw': '90', '6__raw': '31/12/2024', '7': 'Não', '8': 'Os ajustes foram realizados de acordo com as informações da Secretaria de Inspeção do Trabalho (SIT/MTE), conforme registrado no processo SEI 19955.200451/2025-51.'}","{'5': 90.0, '6': 31122024.0}"
54b07011-7b39-5afe-9a86-e6ddcd4c7ff7,c11b9579-45d1-58de-af90-2c8b6bc73152,202,table,58907c50-d7c6-589f-a9eb-b9d88cd3379b,,,table,table_row,"{'0': 'No Estado do Pará', '1': '-', '2': '-', '3': '-', '4': '-', '5__raw': '15', '6__raw': '31/12/2024', '7': 'Não', '8': 'Os ajustes foram realizados de acordo com as informações da Secretaria de Inspeção do Trabalho (SIT/MTE), conforme registrado no processo SEI 19955.200451/2025-51.'}","{'5': 15.0, '6': 31122024.0}"
371ee590-7e28-5219-b885-e9175d87e76b,c11b9579-45d1-58de-af90-2c8b6bc73152,202,table,58907c50-d7c6-589f-a9eb-b9d88cd3379b,,,table,table_row,"{'0': 'No Estado do Paraná', '1': '-', '2': '-', '3': '-', '4': '-', '5__raw': '108', '6__raw': '31/12/2024', '7': 'Não', '8': 'Os ajustes foram realizados de acordo com as informações da Secretaria de Inspeção do Trabalho (SIT/MTE), conforme registrado no processo SEI 19955.200451/2025-51.'}","{'5': 108.0, '6': 31122024.0}"
00742257-f485-53e5-8c85-f34c03bf3935,c11b9579-45d1-58de-af90-2c8b6bc73152,202,table,58907c50-d7c6-589f-a9eb-b9d88cd3379b,,,table,table_row,"{'0': 'No Estado do Piauí', '1': '-', '2': '-', '3': '-', '4': '-', '5__raw': '30', '6__raw': '31/12/2024', '7': 'Não', '8': 'Os ajustes foram realizados de acordo com as informações da Secretaria de Inspeção do Trabalho (SIT/MTE), conforme registrado no processo SEI'}","{'5': 30.0, '6': 31122024.0}"
6d2c9d5a-b4f7-585b-82f0-8f036e7cb455,c11b9579-45d1-58de-af90-2c8b6bc73152,203,table,8bf180f5-e84e-559b-a287-c34489c6ca4a,7d32bb39-a34b-5879-a832-eac98f2627c6,"Entrega: 1490 - Presença fiscal no combate à discriminação, assédio e violência no trabalho intensificada",entrega_1490_presenca_fiscal_no_combate_a_discriminacao_assedio_e_violencia_no_trabalho_intensificada,table_row,"{'0': '', '1': '', '2': '', '3': '', '4': '', '5': '', '6': '', '7': '19955.200451/2025-51.'}",{}
b1e17a95-aee9-5872-8ee0-75bd1d747fe8,c11b9579-45d1-58de-af90-2c8b6bc73152,203,table,8bf180f5-e84e-559b-a287-c34489c6ca4a,7d32bb39-a34b-5879-a832-eac98f2627c6,"Entrega: 1490 - Presença fiscal no combate à discriminação, assédio e violência no trabalho intensificada",entrega_1490_presenca_fiscal_no_combate_a_discriminacao_assedio_e_violencia_no_trabalho_intensificada,table_row,"{'0': 'No Estado do Rio de Janeiro', '1': '-', '2': '-', '3': '-', '4': '-', '5__raw': '204 31/12/2024', '6': 'Não', '7': 'Os ajustes foram realizados de acordo com as informações da Secretaria de Inspeção do Trabalho (SIT/MTE), conforme registrado no processo SEI 19955.200451/2025-51.'}",{'5': 20431122024.0}
1f3879a1-c55d-5190-b77e-40a893d6c26a,c11b9579-45d1-58de-af90-2c8b6bc73152,203,table,8bf180f5-e84e-559b-a287-c34489c6ca4a,7d32bb39-a34b-5879-a832-eac98f2627c6,"Entrega: 1490 - Presença fiscal no combate à discriminação, assédio e violência no trabalho intensificada",entrega_1490_presenca_fiscal_no_combate_a_discriminacao_assedio_e_violencia_no_trabalho_intensificada,table_row,"{'0': 'No Estado do Rio Grande do Norte', '1': '-', '2': '-', '3': '-', '4': '-', '5__raw': '187 31/12/2024', '6': 'Não', '7': 'Os ajustes foram realizados de acordo com as informações da Secretaria de Inspeção do Trabalho (SIT/MTE), conforme registrado no processo SEI 19955.200451/2025-51.'}",{'5': 18731122024.0}
633ede3b-6f3b-5a11-961b-851f59d112a6,c11b9579-45d1-58de-af90-2c8b6bc73152,203,table,8bf180f5-e84e-559b-a287-c34489c6ca4a,7d32bb39-a34b-5879-a832-eac98f2627c6,"Entrega: 1490 - Presença fiscal no combate à discriminação, assédio e violência no trabalho intensificada",entrega_1490_presenca_fiscal_no_combate_a_discriminacao_assedio_e_violencia_no_trabalho_intensificada,table_row,"{'0': 'No Estado do Rio Grande do Sul', '1': '-', '2': '-', '3': '-', '4': '-', '5__raw': '242 31/12/2024', '6': 'Não', '7': 'Os ajustes foram realizados de acordo com as informações da Secretaria de Inspeção do Trabalho (SIT/MTE), conforme registrado no processo SEI 19955.200451/2025-51.'}",{'5': 24231122024.0}
d20433fc-5d6e-5f45-a2c0-bfb0ed6ca05a,c11b9579-45d1-58de-af90-2c8b6bc73152,203,table,8bf180f5-e84e-559b-a287-c34489c6ca4a,7d32bb39-a34b-5879-a832-eac98f2627c6,"Entrega: 1490 - Presença fiscal no combate à discriminação, assédio e violência no trabalho intensificada",entrega_1490_presenca_fiscal_no_combate_a_discriminacao_assedio_e_violencia_no_trabalho_intensificada,table_row,"{'0': 'No Estado do Tocantins', '1': '-', '2': '-', '3': '-', '4': '-', '5__raw': '7 31/12/2024', '6': 'Não', '7': 'Os ajustes foram realizados de acordo com as informações da Secretaria de Inspeção do Trabalho (SIT/MTE), conforme registrado no processo SEI 19955.200451/2025-51.'}",{'5': 731122024.0}
7c72d8c2-dcbf-520f-84c7-183d7159ee87,c11b9579-45d1-58de-af90-2c8b6bc73152,204,table,32b28389-e5b9-58ef-afc1-aa720c312fc4,596ee63e-1100-57e8-b3c2-428f6f310624,Regionalizações da Meta,regionalizacoes_da_meta,table_row,"{'regiao': 'No Distrito Federal', 'meta_prevista_para_2024': '-', 'meta_prevista_para_2025': '-', 'meta_prevista_para_2026': '-', 'meta_prevista_para_2027': '-', 'quantidade_alcancada__raw': '295', 'data_de_referencia__raw': '31/12/2024', 'sinalizacao_de_necessidade_de_revisao_proximo_exercicio': 'Não', 'notas_do_usuario': 'Os ajustes foram realizados de acordo com as informações da Secretaria de Inspeção do Trabalho (SIT/MTE), conforme registrado no processo SEI 19955.200451/2025-51.'}","{'quantidade_alcancada': 295.0, 'data_de_referencia': 31122024.0}"
9bc841b8-e42c-5aee-a9e7-484733539b73,c11b9579-45d1-58de-af90-2c8b6bc73152,204,table,32b28389-e5b9-58ef-afc1-aa720c312fc4,596ee63e-1100-57e8-b3c2-428f6f310624,Regionalizações da Meta,regionalizacoes_da_meta,table_row,"{'regiao': 'No Estado da Bahia', 'meta_prevista_para_2024': '-', 'meta_prevista_para_2025': '-', 'meta_prevista_para_2026': '-', 'meta_prevista_para_2027': '-', 'quantidade_alcancada__raw': '209', 'data_de_referencia__raw': '31/12/2024', 'sinalizacao_de_necessidade_de_revisao_proximo_exercicio': 'Não', 'notas_do_usuario': 'Os ajustes foram realizados de acordo com as informações da Secretaria de Inspeção do Trabalho (SIT/MTE), conforme registrado no processo SEI 19955.200451/2025-51.'}","{'quantidade_alcancada': 209.0, 'data_de_referencia': 31122024.0}"
feca2e98-44b5-5d93-95e4-f81a5357cdf5,c11b9579-45d1-58de-af90-2c8b6bc73152,204,table,32b28389-e5b9-58ef-afc1-aa720c312fc4,596ee63e-1100-57e8-b3c2-428f6f310624,Regionalizações da Meta,regionalizacoes_da_meta,table_row,"{'regiao': 'No Estado da Paraíba', 'meta_prevista_para_2024': '-', 'meta_prevista_para_2025': '-', 'meta_prevista_para_2026': '-', 'meta_prevista_para_2027': '-', 'quantidade_alcancada__raw': '104', 'data_de_referencia__raw': '31/12/2024', 'sinalizacao_de_necessidade_de_revisao_proximo_exercicio': 'Não', 'notas_do_usuario': 'Os ajustes foram realizados de acordo com as informações da Secretaria de Inspeção do Trabalho (SIT/MTE), conforme registrado no processo SEI 19955.200451/2025-51.'}","{'quantidade_alcancada': 104.0, 'data_de_referencia': 31122024.0}"
94c5e30a-24cf-5d7f-a2ac-4b2b7db05ff1,c11b9579-45d1-58de-af90-2c8b6bc73152,204,table,32b28389-e5b9-58ef-afc1-aa720c312fc4,596ee63e-1100-57e8-b3c2-428f6f310624,Regionalizações da Meta,regionalizacoes_da_meta,table_row,"{'regiao': 'No Estado de Alagoas', 'meta_prevista_para_2024': '-', 'meta_prevista_para_2025': '-', 'meta_prevista_para_2026': '-', 'meta_prevista_para_2027': '-', 'quantidade_alcancada__raw': '57', 'data_de_referencia__raw': '31/12/2024', 'sinalizacao_de_necessidade_de_revisao_proximo_exercicio': 'Não', 'notas_do_usuario': 'Os ajustes foram realizados de acordo com as informações da Secretaria de Inspeção do Trabalho (SIT/MTE), conforme registrado no processo SEI 19955.200451/2025-51.'}","{'quantidade_alcancada': 57.0, 'data_de_referencia': 31122024.0}"
7edf45e4-3c85-5bc6-ab43-868aef946c7a,c11b9579-45d1-58de-af90-2c8b6bc73152,204,table,32b28389-e5b9-58ef-afc1-aa720c312fc4,596ee63e-1100-57e8-b3c2-428f6f310624,Regionalizações da Meta,regionalizacoes_da_meta,table_row,"{'regiao': 'No Estado de Goiás', 'meta_prevista_para_2024': '-', 'meta_prevista_para_2025': '-', 'meta_prevista_para_2026': '-', 'meta_prevista_para_2027': '-', 'quantidade_alcancada__raw': '91', 'data_de_referencia__raw': '31/12/2024', 'sinalizacao_de_necessidade_de_revisao_proximo_exercicio': 'Não', 'notas_do_usuario': 'Os ajustes foram realizados de acordo com as informações da Secretaria de Inspeção do Trabalho (SIT/MTE), conforme registrado no processo SEI 19955.200451/2025-51.'}","{'quantidade_alcancada': 91.0, 'data_de_referencia': 31122024.0}"
95782c4d-d839-5f9d-a9be-f6ce534e9f9d,c11b9579-45d1-58de-af90-2c8b6bc73152,204,table,32b28389-e5b9-58ef-afc1-aa720c312fc4,596ee63e-1100-57e8-b3c2-428f6f310624,Regionalizações da Meta,regionalizacoes_da_meta,table_row,"{'regiao': 'No Estado de Mato Grosso', 'meta_prevista_para_2024': '-', 'meta_prevista_para_2025': '-', 'meta_prevista_para_2026': '-', 'meta_prevista_para_2027': '-', 'quantidade_alcancada__raw': '22', 'data_de_referencia__raw': '31/12/2024', 'sinalizacao_de_necessidade_de_revisao_proximo_exercicio': 'Não', 'notas_do_usuario': 'Os ajustes foram realizados de acordo com as informações da Secretaria de Inspeção do Trabalho (SIT/MTE), conforme registrado no processo SEI 19955.200451/2025-51.'}","{'quantidade_alcancada': 22.0, 'data_de_referencia': 31122024.0}"
7fe62106-b985-5d4c-9e71-4b9633d24cf0,c11b9579-45d1-58de-af90-2c8b6bc73152,204,table,32b28389-e5b9-58ef-afc1-aa720c312fc4,596ee63e-1100-57e8-b3c2-428f6f310624,Regionalizações da Meta,regionalizacoes_da_meta,table_row,"{'regiao': 'No Estado de Mato Grosso do Sul', 'meta_prevista_para_2024': '-', 'meta_prevista_para_2025': '-', 'meta_prevista_para_2026': '-', 'meta_prevista_para_2027': '-', 'quantidade_alcancada__raw': '62', 'data_de_referencia__raw': '31/12/2024', 'sinalizacao_de_necessidade_de_revisao_proximo_exercicio': 'Não', 'notas_do_usuario': 'Os ajustes foram realizados de acordo com as informações da Secretaria de Inspeção do Trabalho (SIT/MTE), conforme registrado no processo SEI 19955.200451/2025-51.'}","{'quantidade_alcancada': 62.0, 'data_de_referencia': 31122024.0}"
09d3761a-fb53-5ef4-8b37-4242a6cad8a8,c11b9579-45d1-58de-af90-2c8b6bc73152,204,table,32b28389-e5b9-58ef-afc1-aa720c312fc4,596ee63e-1100-57e8-b3c2-428f6f310624,Regionalizações da Meta,regionalizacoes_da_meta,table_row,"{'regiao': 'No Estado de Minas Gerais', 'meta_prevista_para_2024': '-', 'meta_prevista_para_2025': '-', 'meta_prevista_para_2026': '-', 'meta_prevista_para_2027': '-', 'quantidade_alcancada__raw': '444', 'data_de_referencia__raw': '31/12/2024', 'sinalizacao_de_necessidade_de_revisao_proximo_exercicio': 'Não', 'notas_do_usuario': 'Os ajustes foram realizados de acordo com as informações da Secretaria de Inspeção do Trabalho'}","{'quantidade_alcancada': 444.0, 'data_de_referencia': 31122024.0}"
46ca1080-4bdc-5ab0-aea7-d7cf7a670545,c11b9579-45d1-58de-af90-2c8b6bc73152,205,table,09861e30-7318-5b87-9503-69ee79774c3a,,,table,table_row,"{'0': '', '1': '', '2': '', '3': '', '4': '', '5': '', '6': '', '7': '', '8': '(SIT/MTE), conforme registrado no processo SEI 19955.200451/2025-51.'}",{}
54114370-e687-5d5a-ae06-276214bf6a93,c11b9579-45d1-58de-af90-2c8b6bc73152,205,table,09861e30-7318-5b87-9503-69ee79774c3a,,,table,table_row,"{'0': 'No Estado de Pernambuco', '1': '-', '2': '-', '3': '-', '4': '-', '5__raw': '103', '6__raw': '31/12/2024', '7': 'Não', '8': 'Os ajustes foram realizados de acordo com as informações da Secretaria de Inspeção do Trabalho (SIT/MTE), conforme registrado no processo SEI 19955.200451/2025-51.'}","{'5': 103.0, '6': 31122024.0}"
b40d2660-f8f4-51c0-a125-8e6e7bc0b81e,c11b9579-45d1-58de-af90-2c8b6bc73152,205,table,09861e30-7318-5b87-9503-69ee79774c3a,,,table,table_row,"{'0': 'No Estado de Rondônia', '1': '-', '2': '-', '3': '-', '4': '-', '5__raw': '27', '6__raw': '31/12/2024', '7': 'Não', '8': 'Os ajustes foram realizados de acordo com as informações da Secretaria de Inspeção do Trabalho (SIT/MTE), conforme registrado no processo SEI 19955.200451/2025-51.'}","{'5': 27.0, '6': 31122024.0}"
f1e0fa57-7ace-5a7d-bd43-f05a59d84771,c11b9579-45d1-58de-af90-2c8b6bc73152,205,table,09861e30-7318-5b87-9503-69ee79774c3a,,,table,table_row,"{'0': 'No Estado de Roraima', '1': '-', '2': '-', '3': '-', '4': '-', '5__raw': '32', '6__raw': '31/12/2024', '7': 'Não', '8': 'Os ajustes foram realizados de acordo com as informações da Secretaria de Inspeção do Trabalho (SIT/MTE), conforme registrado no processo SEI 19955.200451/2025-51.'}","{'5': 32.0, '6': 31122024.0}"
bb098266-25de-5ae9-b69f-0833e4619568,c11b9579-45d1-58de-af90-2c8b6bc73152,205,table,09861e30-7318-5b87-9503-69ee79774c3a,,,table,table_row,"{'0': 'No Estado de Santa Catarina', '1': '-', '2': '-', '3': '-', '4': '-', '5__raw': '309', '6__raw': '31/12/2024', '7': 'Não', '8': 'Os ajustes foram realizados de acordo com as informações da Secretaria de Inspeção do Trabalho (SIT/MTE), conforme registrado no processo SEI 19955.200451/2025-51.'}","{'5': 309.0, '6': 31122024.0}"
85932056-47ef-53b6-b914-a643edc8280a,c11b9579-45d1-58de-af90-2c8b6bc73152,205,table,09861e30-7318-5b87-9503-69ee79774c3a,,,table,table_row,"{'0': 'No Estado de São Paulo', '1': '-', '2': '-', '3': '-', '4': '-', '5__raw': '736', '6__raw': '31/12/2024', '7': 'Não', '8': 'Os ajustes foram realizados de acordo com as informações da Secretaria de Inspeção do Trabalho (SIT/MTE), conforme registrado no processo SEI 19955.200451/2025-51.'}","{'5': 736.0, '6': 31122024.0}"
b65d32e4-7dae-510d-af6f-9cf1c9c74dc2,c11b9579-45d1-58de-af90-2c8b6bc73152,205,table,09861e30-7318-5b87-9503-69ee79774c3a,,,table,table_row,"{'0': 'No Estado de Sergipe', '1': '-', '2': '-', '3': '-', '4': '-', '5__raw': '49', '6__raw': '31/12/2024', '7': 'Não', '8': 'Os ajustes foram realizados de acordo com as informações da Secretaria de Inspeção do Trabalho (SIT/MTE), conforme registrado no processo SEI 19955.200451/2025-51.'}","{'5': 49.0, '6': 31122024.0}"
ae534e02-213a-555e-93b5-47ea2d8768e1,c11b9579-45d1-58de-af90-2c8b6bc73152,205,table,09861e30-7318-5b87-9503-69ee79774c3a,,,table,table_row,"{'0': 'No Estado do Acre', '1': '-', '2': '-', '3': '-', '4': '-', '5__raw': '14', '6__raw': '31/12/2024', '7': 'Não', '8': 'Os ajustes foram realizados de acordo com as informações da Secretaria de Inspeção do Trabalho (SIT/MTE), conforme registrado no processo SEI 19955.200451/2025-51.'}","{'5': 14.0, '6': 31122024.0}"
2967f027-f603-5281-bcc4-dd737eeefb9c,c11b9579-45d1-58de-af90-2c8b6bc73152,205,table,09861e30-7318-5b87-9503-69ee79774c3a,,,table,table_row,"{'0': 'No Estado do Amapá', '1': '-', '2': '-', '3': '-', '4': '-', '5__raw': '18', '6__raw': '31/12/2024', '7': 'Não', '8': 'Os ajustes foram realizados de acordo com as informações da Secretaria de Inspeção do Trabalho (SIT/MTE), conforme registrado no processo SEI 19955.200451/2025-51.'}","{'5': 18.0, '6': 31122024.0}"
a2893af7-9eb9-50b3-a398-b881fbb74146,c11b9579-45d1-58de-af90-2c8b6bc73152,205,table,09861e30-7318-5b87-9503-69ee79774c3a,,,table,table_row,"{'0': 'No Estado do Amazonas', '1': '-', '2': '-', '3': '-', '4': '-', '5__raw': '74', '6__raw': '31/12/2024', '7': 'Não', '8': 'Os ajustes foram realizados de acordo com as informações da Secretaria de Inspeção do Trabalho (SIT/MTE), conforme registrado no processo SEI 19955.200451/2025-51.'}","{'5': 74.0, '6': 31122024.0}"
e50ac5a8-2c79-546b-a90f-5be5b133bea3,c11b9579-45d1-58de-af90-2c8b6bc73152,205,table,09861e30-7318-5b87-9503-69ee79774c3a,,,table,table_row,"{'0': 'No Estado do Ceará', '1': '-', '2': '-', '3': '-', '4': '-', '5__raw': '187', '6__raw': '31/12/2024', '7': 'Não', '8': 'Os ajustes foram realizados de acordo com as informações da Secretaria de Inspeção do Trabalho (SIT/MTE), conforme registrado no processo SEI'}","{'5': 187.0, '6': 31122024.0}"
e3f585c4-b220-55ad-8697-89f24aae8c8c,c11b9579-45d1-58de-af90-2c8b6bc73152,206,table,bee3a850-0ae1-5940-98a5-d444f0d3d392,,,table,table_row,"{'0': '', '1': '', '2': '', '3': '', '4': '', '5': '', '6': '', '7': '', '8': '19955.200451/2025-51.'}",{}
96152567-955f-5a8b-9f74-904c2baa7733,c11b9579-45d1-58de-af90-2c8b6bc73152,206,table,bee3a850-0ae1-5940-98a5-d444f0d3d392,,,table,table_row,"{'0': 'No Estado do Espírito Santo', '1': '-', '2': '-', '3': '-', '4': '-', '5__raw': '45', '6__raw': '31/12/2024', '7': 'Não', '8': 'Os ajustes foram realizados de acordo com as informações da Secretaria de Inspeção do Trabalho (SIT/MTE), conforme registrado no processo SEI 19955.200451/2025-51.'}","{'5': 45.0, '6': 31122024.0}"
8bae8c91-d0a0-592d-ab33-b302631e0207,c11b9579-45d1-58de-af90-2c8b6bc73152,206,table,bee3a850-0ae1-5940-98a5-d444f0d3d392,,,table,table_row,"{'0': 'No Estado do Maranhão', '1': '-', '2': '-', '3': '-', '4': '-', '5__raw': '110', '6__raw': '31/12/2024', '7': 'Não', '8': 'Os ajustes foram realizados de acordo com as informações da Secretaria de Inspeção do Trabalho (SIT/MTE), conforme registrado no processo SEI 19955.200451/2025-51.'}","{'5': 110.0, '6': 31122024.0}"
4741707d-cee5-58af-9286-8a03697c5dd8,c11b9579-45d1-58de-af90-2c8b6bc73152,206,table,bee3a850-0ae1-5940-98a5-d444f0d3d392,,,table,table_row,"{'0': 'No Estado do Pará', '1': '-', '2': '-', '3': '-', '4': '-', '5__raw': '44', '6__raw': '31/12/2024', '7': 'Não', '8': 'Os ajustes foram realizados de acordo com as informações da Secretaria de Inspeção do Trabalho (SIT/MTE), conforme registrado no processo SEI 19955.200451/2025-51.'}","{'5': 44.0, '6': 31122024.0}"
d38c44cc-fac6-55cb-b845-5a06adf2faba,c11b9579-45d1-58de-af90-2c8b6bc73152,206,table,bee3a850-0ae1-5940-98a5-d444f0d3d392,,,table,table_row,"{'0': 'No Estado do Paraná', '1': '-', '2': '-', '3': '-', '4': '-', '5__raw': '125', '6__raw': '31/12/2024', '7': 'Não', '8': 'Os ajustes foram realizados de acordo com as informações da Secretaria de Inspeção do Trabalho (SIT/MTE), conforme registrado no processo SEI 19955.200451/2025-51.'}","{'5': 125.0, '6': 31122024.0}"
818eaa65-64ff-538e-81cf-26fc51252d1e,c11b9579-45d1-58de-af90-2c8b6bc73152,206,table,bee3a850-0ae1-5940-98a5-d444f0d3d392,,,table,table_row,"{'0': 'No Estado do Piauí', '1': '-', '2': '-', '3': '-', '4': '-', '5__raw': '46', '6__raw': '31/12/2024', '7': 'Não', '8': 'Os ajustes foram realizados de acordo com as informações da Secretaria de Inspeção do Trabalho (SIT/MTE), conforme registrado no processo SEI 19955.200451/2025-51.'}","{'5': 46.0, '6': 31122024.0}"
31d3b79d-e8b0-5aaa-ab1c-a00ee7534d61,c11b9579-45d1-58de-af90-2c8b6bc73152,206,table,bee3a850-0ae1-5940-98a5-d444f0d3d392,,,table,table_row,"{'0': 'No Estado do Rio de Janeiro', '1': '-', '2': '-', '3': '-', '4': '-', '5__raw': '295', '6__raw': '31/12/2024', '7': 'Não', '8': 'Os ajustes foram realizados de acordo com as informações da Secretaria de Inspeção do Trabalho (SIT/MTE), conforme registrado no processo SEI 19955.200451/2025-51.'}","{'5': 295.0, '6': 31122024.0}"
f5dc0000-ad04-5269-bd42-2e38e34fd1d8,c11b9579-45d1-58de-af90-2c8b6bc73152,206,table,bee3a850-0ae1-5940-98a5-d444f0d3d392,,,table,table_row,"{'0': 'No Estado do Rio Grande do Norte', '1': '-', '2': '-', '3': '-', '4': '-', '5__raw': '208', '6__raw': '31/12/2024', '7': 'Não', '8': 'Os ajustes foram realizados de acordo com as informações da Secretaria de Inspeção do Trabalho (SIT/MTE), conforme registrado no processo SEI 19955.200451/2025-51.'}","{'5': 208.0, '6': 31122024.0}"
f4bd6dd5-5e4a-5e92-a9c9-0345d8a8182d,c11b9579-45d1-58de-af90-2c8b6bc73152,206,table,bee3a850-0ae1-5940-98a5-d444f0d3d392,,,table,table_row,"{'0': 'No Estado do Rio Grande do Sul', '1': '-', '2': '-', '3': '-', '4': '-', '5__raw': '341', '6__raw': '31/12/2024', '7': 'Não', '8': 'Os ajustes foram realizados de acordo com as informações da Secretaria de Inspeção do Trabalho (SIT/MTE), conforme registrado no processo SEI 19955.200451/2025-51.'}","{'5': 341.0, '6': 31122024.0}"
e46daca7-40a6-530c-9fbf-f765f7a51697,c11b9579-45d1-58de-af90-2c8b6bc73152,206,table,bee3a850-0ae1-5940-98a5-d444f0d3d392,,,table,table_row,"{'0': 'No Estado do Tocantins', '1': '-', '2': '-', '3': '-', '4': '-', '5__raw': '55', '6__raw': '31/12/2024', '7': 'Não', '8': 'Os ajustes foram realizados de acordo com as informações da Secretaria de Inspeção do Trabalho (SIT/MTE), conforme registrado no processo SEI 19955.200451/2025-51.'}","{'5': 55.0, '6': 31122024.0}"
eb14b42e-dc66-561d-bc0e-567facd40352,c11b9579-45d1-58de-af90-2c8b6bc73152,211,table,7f2c90ef-8634-5036-b1da-005c9b5d7a04,6cc58d6b-3155-599d-9bc3-e167a852018f,Regionalizações da Meta,regionalizacoes_da_meta,table_row,"{'regiao': 'No Distrito Federal', 'meta_prevista_para_2024': '-', 'meta_prevista_para_2025': '-', 'meta_prevista_para_2026': '-', 'meta_prevista_para_2027': '-', 'quantidade_alcancada__raw': '20', 'data_de_referencia__raw': '31/12/2024', 'sinalizacao_de_necessidade_de_revisao_proximo_exercicio': 'Não', 'notas_do_usuario': 'Os ajustes foram realizados de acordo com as informações da Secretaria de Inspeção do Trabalho (SIT/MTE), conforme registrado no processo SEI 19955.200451/2025-51.'}","{'quantidade_alcancada': 20.0, 'data_de_referencia': 31122024.0}"
29939a38-8c95-5e03-974c-591873d35674,c11b9579-45d1-58de-af90-2c8b6bc73152,211,table,7f2c90ef-8634-5036-b1da-005c9b5d7a04,6cc58d6b-3155-599d-9bc3-e167a852018f,Regionalizações da Meta,regionalizacoes_da_meta,table_row,"{'regiao': 'No Estado da Bahia', 'meta_prevista_para_2024': '-', 'meta_prevista_para_2025': '-', 'meta_prevista_para_2026': '-', 'meta_prevista_para_2027': '-', 'quantidade_alcancada__raw': '14,44', 'data_de_referencia__raw': '31/12/2024', 'sinalizacao_de_necessidade_de_revisao_proximo_exercicio': 'Não', 'notas_do_usuario': 'Os ajustes foram realizados de acordo com as informações da Secretaria de Inspeção do Trabalho (SIT/MTE), conforme registrado no processo SEI 19955.200451/2025-51.'}","{'quantidade_alcancada': 14.44, 'data_de_referencia': 31122024.0}"
b75d4264-b58a-5a1b-b2ed-063dd48387b4,c11b9579-45d1-58de-af90-2c8b6bc73152,211,table,7f2c90ef-8634-5036-b1da-005c9b5d7a04,6cc58d6b-3155-599d-9bc3-e167a852018f,Regionalizações da Meta,regionalizacoes_da_meta,table_row,"{'regiao': 'No Estado da Paraíba', 'meta_prevista_para_2024': '-', 'meta_prevista_para_2025': '-', 'meta_prevista_para_2026': '-', 'meta_prevista_para_2027': '-', 'quantidade_alcancada__raw': '25,17', 'data_de_referencia__raw': '31/12/2024', 'sinalizacao_de_necessidade_de_revisao_proximo_exercicio': 'Não', 'notas_do_usuario': 'Os ajustes foram realizados de acordo com as informações da Secretaria de Inspeção do Trabalho (SIT/MTE), conforme registrado no processo SEI 19955.200451/2025-51.'}","{'quantidade_alcancada': 25.17, 'data_de_referencia': 31122024.0}"
66848e48-e9b1-5086-8156-9d1f83526511,c11b9579-45d1-58de-af90-2c8b6bc73152,211,table,7f2c90ef-8634-5036-b1da-005c9b5d7a04,6cc58d6b-3155-599d-9bc3-e167a852018f,Regionalizações da Meta,regionalizacoes_da_meta,table_row,"{'regiao': 'No Estado de Alagoas', 'meta_prevista_para_2024': '-', 'meta_prevista_para_2025': '-', 'meta_prevista_para_2026': '-', 'meta_prevista_para_2027': '-', 'quantidade_alcancada__raw': '0', 'data_de_referencia__raw': '31/12/2024', 'sinalizacao_de_necessidade_de_revisao_proximo_exercicio': 'Não', 'notas_do_usuario': 'Os ajustes foram realizados de acordo com as informações da Secretaria de Inspeção do Trabalho (SIT/MTE), conforme registrado no processo SEI 19955.200451/2025-51.'}","{'quantidade_alcancada': 0.0, 'data_de_referencia': 31122024.0}"
aabca3cc-be9d-56dd-9b3b-54c2ccd66890,c11b9579-45d1-58de-af90-2c8b6bc73152,211,table,7f2c90ef-8634-5036-b1da-005c9b5d7a04,6cc58d6b-3155-599d-9bc3-e167a852018f,Regionalizações da Meta,regionalizacoes_da_meta,table_row,"{'regiao': 'No Estado de Goiás', 'meta_prevista_para_2024': '-', 'meta_prevista_para_2025': '-', 'meta_prevista_para_2026': '-', 'meta_prevista_para_2027': '-', 'quantidade_alcancada__raw': '0', 'data_de_referencia__raw': '31/12/2024', 'sinalizacao_de_necessidade_de_revisao_proximo_exercicio': 'Não', 'notas_do_usuario': 'Os ajustes foram realizados de acordo com as informações da Secretaria de Inspeção do Trabalho (SIT/MTE), conforme registrado no processo SEI 19955.200451/2025-51.'}","{'quantidade_alcancada': 0.0, 'data_de_referencia': 31122024.0}"
b60167f1-0cc6-5c69-b4d7-b90433ffba13,c11b9579-45d1-58de-af90-2c8b6bc73152,211,table,7f2c90ef-8634-5036-b1da-005c9b5d7a04,6cc58d6b-3155-599d-9bc3-e167a852018f,Regionalizações da Meta,regionalizacoes_da_meta,table_row,"{'regiao': 'No Estado de Mato Grosso', 'meta_prevista_para_2024': '-', 'meta_prevista_para_2025': '-', 'meta_prevista_para_2026': '-', 'meta_prevista_para_2027': '-', 'quantidade_alcancada__raw': '0', 'data_de_referencia__raw': '31/12/2024', 'sinalizacao_de_necessidade_de_revisao_proximo_exercicio': 'Não', 'notas_do_usuario': 'Os ajustes foram realizados de acordo com as informações da Secretaria de Inspeção do Trabalho (SIT/MTE), conforme registrado no processo SEI 19955.200451/2025-51.'}","{'quantidade_alcancada': 0.0, 'data_de_referencia': 31122024.0}"
99aa87c3-b2c4-5572-a028-da318a3cdd2f,c11b9579-45d1-58de-af90-2c8b6bc73152,211,table,7f2c90ef-8634-5036-b1da-005c9b5d7a04,6cc58d6b-3155-599d-9bc3-e167a852018f,Regionalizações da Meta,regionalizacoes_da_meta,table_row,"{'regiao': 'No Estado de Mato Grosso do Sul', 'meta_prevista_para_2024': '-', 'meta_prevista_para_2025': '-', 'meta_prevista_para_2026': '-', 'meta_prevista_para_2027': '-', 'quantidade_alcancada__raw': '0', 'data_de_referencia__raw': '31/12/2024', 'sinalizacao_de_necessidade_de_revisao_proximo_exercicio': 'Não', 'notas_do_usuario': 'Os ajustes foram realizados de acordo com as informações da Secretaria de Inspeção do Trabalho (SIT/MTE), conforme registrado no processo SEI 19955.200451/2025-51.'}","{'quantidade_alcancada': 0.0, 'data_de_referencia': 31122024.0}"
0251e76b-ae81-5bb5-9ad6-aca39a29428c,c11b9579-45d1-58de-af90-2c8b6bc73152,211,table,7f2c90ef-8634-5036-b1da-005c9b5d7a04,6cc58d6b-3155-599d-9bc3-e167a852018f,Regionalizações da Meta,regionalizacoes_da_meta,table_row,"{'regiao': 'No Estado de', 'meta_prevista_para_2024': '-', 'meta_prevista_para_2025': '-', 'meta_prevista_para_2026': '-', 'meta_prevista_para_2027': '-', 'quantidade_alcancada__raw': '22', 'data_de_referencia__raw': '31/12/2024', 'sinalizacao_de_necessidade_de_revisao_proximo_exercicio': 'Não', 'notas_do_usuario': 'Os ajustes foram realizados de acordo com as'}","{'quantidade_alcancada': 22.0, 'data_de_referencia': 31122024.0}"
b7e497a8-6401-58df-af74-099b3b5b870c,c11b9579-45d1-58de-af90-2c8b6bc73152,212,table,188fe91a-cab8-5f70-b12e-6f221c15dd5f,,,table,table_row,"{'0': 'Minas Gerais', '1': '', '2': '', '3': '', '4': '', '5': '', '6': '', '7': '', '8': 'informações da Secretaria de Inspeção do Trabalho (SIT/MTE), conforme registrado no processo SEI 19955.200451/2025-51.'}",{}
0bb68f0e-45dd-51bd-9677-1602163637bc,c11b9579-45d1-58de-af90-2c8b6bc73152,212,table,188fe91a-cab8-5f70-b12e-6f221c15dd5f,,,table,table_row,"{'0': 'No Estado de Pernambuco', '1': '-', '2': '-', '3': '-', '4': '-', '5__raw': '0', '6__raw': '31/12/2024', '7': 'Não', '8': 'Os ajustes foram realizados de acordo com as informações da Secretaria de Inspeção do Trabalho (SIT/MTE), conforme registrado no processo SEI 19955.200451/2025-51.'}","{'5': 0.0, '6': 31122024.0}"
02cefff4-d7b2-578f-9199-27497bc26e7c,c11b9579-45d1-58de-af90-2c8b6bc73152,212,table,188fe91a-cab8-5f70-b12e-6f221c15dd5f,,,table,table_row,"{'0': 'No Estado de Rondônia', '1': '-', '2': '-', '3': '-', '4': '-', '5__raw': '0', '6__raw': '31/12/2024', '7': 'Não', '8': 'Os ajustes foram realizados de acordo com as informações da Secretaria de Inspeção do Trabalho (SIT/MTE), conforme registrado no processo SEI 19955.200451/2025-51.'}","{'5': 0.0, '6': 31122024.0}"
6998c2a2-a15d-59bc-be87-280d5d52ab7d,c11b9579-45d1-58de-af90-2c8b6bc73152,212,table,188fe91a-cab8-5f70-b12e-6f221c15dd5f,,,table,table_row,"{'0': 'No Estado de Roraima', '1': '-', '2': '-', '3': '-', '4': '-', '5__raw': '50', '6__raw': '31/12/2024', '7': 'Não', '8': 'Os ajustes foram realizados de acordo com as informações da Secretaria de Inspeção do Trabalho (SIT/MTE), conforme registrado no processo SEI 19955.200451/2025-51.'}","{'5': 50.0, '6': 31122024.0}"
bdb459f7-9600-5d52-aa55-2e59c644ca48,c11b9579-45d1-58de-af90-2c8b6bc73152,212,table,188fe91a-cab8-5f70-b12e-6f221c15dd5f,,,table,table_row,"{'0': 'No Estado de Santa Catarina', '1': '-', '2': '-', '3': '-', '4': '-', '5__raw': '0', '6__raw': '31/12/2024', '7': 'Não', '8': 'Os ajustes foram realizados de acordo com as informações da Secretaria de Inspeção do Trabalho (SIT/MTE), conforme registrado no processo SEI 19955.200451/2025-51.'}","{'5': 0.0, '6': 31122024.0}"
53645aa2-c422-5b9d-a83b-b3f2bbe5d161,c11b9579-45d1-58de-af90-2c8b6bc73152,212,table,188fe91a-cab8-5f70-b12e-6f221c15dd5f,,,table,table_row,"{'0': 'No Estado de São Paulo', '1': '-', '2': '-', '3': '-', '4': '-', '5__raw': '12,5', '6__raw': '31/12/2024', '7': 'Não', '8': 'Os ajustes foram realizados de acordo com as informações da Secretaria de Inspeção do Trabalho (SIT/MTE), conforme registrado no processo SEI 19955.200451/2025-51.'}","{'5': 12.5, '6': 31122024.0}"
c27c450f-5a95-5a93-a274-985cf2a0a07b,c11b9579-45d1-58de-af90-2c8b6bc73152,212,table,188fe91a-cab8-5f70-b12e-6f221c15dd5f,,,table,table_row,"{'0': 'No Estado de Sergipe', '1': '-', '2': '-', '3': '-', '4': '-', '5__raw': '28,57', '6__raw': '31/12/2024', '7': 'Não', '8': 'Os ajustes foram realizados de acordo com as informações da Secretaria de Inspeção do Trabalho (SIT/MTE), conforme registrado no processo SEI 19955.200451/2025-51.'}","{'5': 28.57, '6': 31122024.0}"
71ea4d00-5283-54f3-b864-5a6cb822ba1c,c11b9579-45d1-58de-af90-2c8b6bc73152,212,table,188fe91a-cab8-5f70-b12e-6f221c15dd5f,,,table,table_row,"{'0': 'No Estado do Acre', '1': '-', '2': '-', '3': '-', '4': '-', '5__raw': '0', '6__raw': '31/12/2024', '7': 'Não', '8': 'Os ajustes foram realizados de acordo com as informações da Secretaria de Inspeção do Trabalho (SIT/MTE), conforme registrado no processo SEI 19955.200451/2025-51.'}","{'5': 0.0, '6': 31122024.0}"
18c914bb-dbd3-5a7a-a2ca-39fbf885bdac,c11b9579-45d1-58de-af90-2c8b6bc73152,212,table,188fe91a-cab8-5f70-b12e-6f221c15dd5f,,,table,table_row,"{'0': 'No Estado do Amapá', '1': '-', '2': '-', '3': '-', '4': '-', '5__raw': '0', '6__raw': '31/12/2024', '7': 'Não', '8': 'Os ajustes foram realizados de acordo com as informações da Secretaria de Inspeção do Trabalho (SIT/MTE), conforme registrado no processo SEI 19955.200451/2025-51.'}","{'5': 0.0, '6': 31122024.0}"
2fc15b42-a4ef-5086-9ed9-e12bd6d69c41,c11b9579-45d1-58de-af90-2c8b6bc73152,212,table,188fe91a-cab8-5f70-b12e-6f221c15dd5f,,,table,table_row,"{'0': 'No Estado do Amazonas', '1': '-', '2': '-', '3': '-', '4': '-', '5__raw': '0', '6__raw': '31/12/2024', '7': 'Não', '8': 'Os ajustes foram realizados de acordo com as informações da Secretaria de Inspeção do Trabalho (SIT/MTE), conforme registrado no processo SEI 19955.200451/2025-51.'}","{'5': 0.0, '6': 31122024.0}"
f3261341-776c-5e42-a4d9-dffcd1f54eac,c11b9579-45d1-58de-af90-2c8b6bc73152,212,table,188fe91a-cab8-5f70-b12e-6f221c15dd5f,,,table,table_row,"{'0': 'No Estado do Ceará', '1': '-', '2': '-', '3': '-', '4': '-', '5__raw': '0', '6__raw': '31/12/2024', '7': 'Não', '8': 'Os ajustes foram realizados de acordo com as informações da Secretaria de Inspeção do Trabalho'}","{'5': 0.0, '6': 31122024.0}"
b8f75215-9198-5777-8cb9-c37ce6dbf046,c11b9579-45d1-58de-af90-2c8b6bc73152,213,table,4c74f12e-5d1d-5ffc-a893-9fc68f3a99e4,,,table,table_row,"{'0': '', '1': '', '2': '', '3': '', '4': '', '5': '', '6': '', '7': '', '8': '(SIT/MTE), conforme registrado no processo SEI 19955.200451/2025-51.'}",{}
a54d2c85-e154-5e39-8f18-52f448b712b2,c11b9579-45d1-58de-af90-2c8b6bc73152,213,table,4c74f12e-5d1d-5ffc-a893-9fc68f3a99e4,,,table,table_row,"{'0': 'No Estado do Espírito Santo', '1': '-', '2': '-', '3': '-', '4': '-', '5__raw': '0', '6__raw': '31/12/2024', '7': 'Não', '8': 'Os ajustes foram realizados de acordo com as informações da Secretaria de Inspeção do Trabalho (SIT/MTE), conforme registrado no processo SEI 19955.200451/2025-51.'}","{'5': 0.0, '6': 31122024.0}"
ecc539bb-91ce-587c-8a8a-f5ff76f9d6c3,c11b9579-45d1-58de-af90-2c8b6bc73152,213,table,4c74f12e-5d1d-5ffc-a893-9fc68f3a99e4,,,table,table_row,"{'0': 'No Estado do Maranhão', '1': '-', '2': '-', '3': '-', '4': '-', '5__raw': '0', '6__raw': '31/12/2024', '7': 'Não', '8': 'Os ajustes foram realizados de acordo com as informações da Secretaria de Inspeção do Trabalho (SIT/MTE), conforme registrado no processo SEI 19955.200451/2025-51.'}","{'5': 0.0, '6': 31122024.0}"
9d9c490b-aeaa-5b36-8b8b-11d50201e8dc,c11b9579-45d1-58de-af90-2c8b6bc73152,213,table,4c74f12e-5d1d-5ffc-a893-9fc68f3a99e4,,,table,table_row,"{'0': 'No Estado do Pará', '1': '-', '2': '-', '3': '-', '4': '-', '5__raw': '0', '6__raw': '31/12/2024', '7': 'Não', '8': 'Os ajustes foram realizados de acordo com as informações da Secretaria de Inspeção do Trabalho (SIT/MTE), conforme registrado no processo SEI 19955.200451/2025-51.'}","{'5': 0.0, '6': 31122024.0}"
6e6d2de5-b9b3-5730-be62-cfaa3f0f5c2d,c11b9579-45d1-58de-af90-2c8b6bc73152,213,table,4c74f12e-5d1d-5ffc-a893-9fc68f3a99e4,,,table,table_row,"{'0': 'No Estado do Paraná', '1': '-', '2': '-', '3': '-', '4': '-', '5__raw': '37,93', '6__raw': '31/12/2024', '7': 'Não', '8': 'Os ajustes foram realizados de acordo com as informações da Secretaria de Inspeção do Trabalho (SIT/MTE), conforme registrado no processo SEI 19955.200451/2025-51.'}","{'5': 37.93, '6': 31122024.0}"
9970e6a5-e68e-5e25-8b7d-f37afc3dbbd1,c11b9579-45d1-58de-af90-2c8b6bc73152,213,table,4c74f12e-5d1d-5ffc-a893-9fc68f3a99e4,,,table,table_row,"{'0': 'No Estado do Piauí', '1': '-', '2': '-', '3': '-', '4': '-', '5__raw': '0', '6__raw': '31/12/2024', '7': 'Não', '8': 'Os ajustes foram realizados de acordo com as informações da Secretaria de Inspeção do Trabalho (SIT/MTE), conforme registrado no processo SEI 19955.200451/2025-51.'}","{'5': 0.0, '6': 31122024.0}"
f565b9a6-a287-5feb-b6d3-9e78d0b072e0,c11b9579-45d1-58de-af90-2c8b6bc73152,213,table,4c74f12e-5d1d-5ffc-a893-9fc68f3a99e4,,,table,table_row,"{'0': 'No Estado do Rio de Janeiro', '1': '-', '2': '-', '3': '-', '4': '-', '5__raw': '23,26', '6__raw': '31/12/2024', '7': 'Não', '8': 'Os ajustes foram realizados de acordo com as informações da Secretaria de Inspeção do Trabalho (SIT/MTE), conforme registrado no processo SEI 19955.200451/2025-51.'}","{'5': 23.26, '6': 31122024.0}"
f69e4ed6-17d4-5b8f-ab37-650a56b2d280,c11b9579-45d1-58de-af90-2c8b6bc73152,213,table,4c74f12e-5d1d-5ffc-a893-9fc68f3a99e4,,,table,table_row,"{'0': 'No Estado do Rio Grande do Norte', '1': '-', '2': '-', '3': '-', '4': '-', '5__raw': '0', '6__raw': '31/12/2024', '7': 'Não', '8': 'Os ajustes foram realizados de acordo com as informações da Secretaria de Inspeção do Trabalho (SIT/MTE), conforme registrado no processo SEI 19955.200451/2025-51.'}","{'5': 0.0, '6': 31122024.0}"
db15cb47-7952-5c2a-87fd-f7964dfebafc,c11b9579-45d1-58de-af90-2c8b6bc73152,213,table,4c74f12e-5d1d-5ffc-a893-9fc68f3a99e4,,,table,table_row,"{'0': 'No Estado do Rio Grande do Sul', '1': '-', '2': '-', '3': '-', '4': '-', '5__raw': '16,67', '6__raw': '31/12/2024', '7': 'Não', '8': 'Os ajustes foram realizados de acordo com as informações da Secretaria de Inspeção do Trabalho (SIT/MTE), conforme registrado no processo SEI 19955.200451/2025-51.'}","{'5': 16.67, '6': 31122024.0}"
a9486839-c7ce-59ec-9f60-d63c17621ae4,c11b9579-45d1-58de-af90-2c8b6bc73152,213,table,4c74f12e-5d1d-5ffc-a893-9fc68f3a99e4,,,table,table_row,"{'0': 'No Estado do Tocantins', '1': '-', '2': '-', '3': '-', '4': '-', '5__raw': '0', '6__raw': '31/12/2024', '7': 'Não', '8': 'Os ajustes foram realizados de acordo com as informações da Secretaria de Inspeção do Trabalho (SIT/MTE), conforme registrado no processo SEI 19955.200451/2025-51.'}","{'5': 0.0, '6': 31122024.0}"
37bdd3c3-8d92-535c-bb79-f6b31dd2fcdb,c11b9579-45d1-58de-af90-2c8b6bc73152,216,table,d38ae60a-b1b2-5598-b8b8-0a54d985835f,5f385a1e-43e5-5486-ad4e-3f18494f0ad0,Informações do Monitoramento,informacoes_do_monitoramento,table_row,"{'regiao': 'No Distrito Federal', 'meta_prevista_para_2024': '-', 'meta_prevista_para_2025': '-', 'meta_prevista_para_2026': '-', 'meta_prevista_para_2027': '-', 'quantidade_alcancada__raw': '100', 'data_de_referencia__raw': '31/12/2024', 'sinalizacao_de_necessidade_de_revisao_proximo_exercicio': 'Não', 'notas_do_usuario': 'Os ajustes foram realizados de acordo com as informações da Secretaria de Inspeção do Trabalho (SIT/MTE), conforme registrado no processo SEI 19955.200451/2025-51.'}","{'quantidade_alcancada': 100.0, 'data_de_referencia': 31122024.0}"
048a8daa-9eef-5e2b-8446-f14670e7acf7,c11b9579-45d1-58de-af90-2c8b6bc73152,216,table,d38ae60a-b1b2-5598-b8b8-0a54d985835f,5f385a1e-43e5-5486-ad4e-3f18494f0ad0,Informações do Monitoramento,informacoes_do_monitoramento,table_row,"{'regiao': 'No Estado da Bahia', 'meta_prevista_para_2024': '-', 'meta_prevista_para_2025': '-', 'meta_prevista_para_2026': '-', 'meta_prevista_para_2027': '-', 'quantidade_alcancada__raw': '22,09', 'data_de_referencia__raw': '31/12/2024', 'sinalizacao_de_necessidade_de_revisao_proximo_exercicio': 'Não', 'notas_do_usuario': 'Os ajustes foram realizados de acordo com as informações da Secretaria de Inspeção do Trabalho (SIT/MTE), conforme registrado no processo SEI 19955.200451/2025-51.'}","{'quantidade_alcancada': 22.09, 'data_de_referencia': 31122024.0}"
67120248-81fe-59ed-a910-c86ab670c361,c11b9579-45d1-58de-af90-2c8b6bc73152,216,table,d38ae60a-b1b2-5598-b8b8-0a54d985835f,5f385a1e-43e5-5486-ad4e-3f18494f0ad0,Informações do Monitoramento,informacoes_do_monitoramento,table_row,"{'regiao': 'No Estado da', 'meta_prevista_para_2024': '-', 'meta_prevista_para_2025': '-', 'meta_prevista_para_2026': '-', 'meta_prevista_para_2027': '-', 'quantidade_alcancada__raw': '7,91', 'data_de_referencia__raw': '31/12/2024', 'sinalizacao_de_necessidade_de_revisao_proximo_exercicio': 'Não', 'notas_do_usuario': 'Os ajustes foram realizados de acordo com as'}","{'quantidade_alcancada': 7.91, 'data_de_referencia': 31122024.0}"
b18abbe2-2355-5dde-a23e-b6e7e422fe63,c11b9579-45d1-58de-af90-2c8b6bc73152,217,table,30f0c3f5-a1cf-5f42-94a2-606363331f3b,,,table,table_row,"{'0': 'Paraíba', '1': '', '2': '', '3': '', '4': '', '5': '', '6': '', '7': '', '8': 'informações da Secretaria de Inspeção do Trabalho (SIT/MTE), conforme registrado no processo SEI 19955.200451/2025-51.'}",{}
1f02bc33-182e-5a68-a2c7-5812f5f5b495,c11b9579-45d1-58de-af90-2c8b6bc73152,217,table,30f0c3f5-a1cf-5f42-94a2-606363331f3b,,,table,table_row,"{'0': 'No Estado de Alagoas', '1': '-', '2': '-', '3': '-', '4': '-', '5__raw': '0', '6__raw': '31/12/2024', '7': 'Não', '8': 'Os ajustes foram realizados de acordo com as informações da Secretaria de Inspeção do Trabalho (SIT/MTE), conforme registrado no processo SEI 19955.200451/2025-51.'}","{'5': 0.0, '6': 31122024.0}"
8ab6562a-141c-5b81-9aa9-f58fe79183fc,c11b9579-45d1-58de-af90-2c8b6bc73152,217,table,30f0c3f5-a1cf-5f42-94a2-606363331f3b,,,table,table_row,"{'0': 'No Estado de Goiás', '1': '-', '2': '-', '3': '-', '4': '-', '5__raw': '14,29', '6__raw': '31/12/2024', '7': 'Não', '8': 'Os ajustes foram realizados de acordo com as informações da Secretaria de Inspeção do Trabalho (SIT/MTE), conforme registrado no processo SEI 19955.200451/2025-51.'}","{'5': 14.29, '6': 31122024.0}"
9dd5111f-e52c-5820-ab17-1dd33910e261,c11b9579-45d1-58de-af90-2c8b6bc73152,217,table,30f0c3f5-a1cf-5f42-94a2-606363331f3b,,,table,table_row,"{'0': 'No Estado de Mato Grosso', '1': '-', '2': '-', '3': '-', '4': '-', '5__raw': '50', '6__raw': '31/12/2024', '7': 'Não', '8': 'Não informado'}","{'5': 50.0, '6': 31122024.0}"
9c92ae55-801f-5162-a9cc-1476936aeb1a,c11b9579-45d1-58de-af90-2c8b6bc73152,217,table,30f0c3f5-a1cf-5f42-94a2-606363331f3b,,,table,table_row,"{'0': 'No Estado de Mato Grosso do Sul', '1': '-', '2': '-', '3': '-', '4': '-', '5__raw': '0', '6__raw': '31/12/2024', '7': 'Não', '8': 'Os ajustes foram realizados de acordo com as informações da Secretaria de Inspeção do Trabalho (SIT/MTE), conforme registrado no processo SEI 19955.200451/2025-51.'}","{'5': 0.0, '6': 31122024.0}"
95e6d3dc-282f-5d3b-a57c-0ce2b3909627,c11b9579-45d1-58de-af90-2c8b6bc73152,217,table,30f0c3f5-a1cf-5f42-94a2-606363331f3b,,,table,table_row,"{'0': 'No Estado de Minas Gerais', '1': '-', '2': '-', '3': '-', '4': '-', '5__raw': '15,09', '6__raw': '31/12/2024', '7': 'Não', '8': 'Os ajustes foram realizados de acordo com as informações da Secretaria de Inspeção do Trabalho (SIT/MTE), conforme registrado no processo SEI 19955.200451/2025-51.'}","{'5': 15.09, '6': 31122024.0}"
508e42b0-feed-5ab6-a955-653968766182,c11b9579-45d1-58de-af90-2c8b6bc73152,217,table,30f0c3f5-a1cf-5f42-94a2-606363331f3b,,,table,table_row,"{'0': 'No Estado de Pernambuco', '1': '-', '2': '-', '3': '-', '4': '-', '5__raw': '9,09', '6__raw': '31/12/2024', '7': 'Não', '8': 'Os ajustes foram realizados de acordo com as informações da Secretaria de Inspeção do Trabalho (SIT/MTE), conforme registrado no processo SEI 19955.200451/2025-51.'}","{'5': 9.09, '6': 31122024.0}"
c5b0a416-9e40-53df-aac0-b0c7b6e50bc0,c11b9579-45d1-58de-af90-2c8b6bc73152,217,table,30f0c3f5-a1cf-5f42-94a2-606363331f3b,,,table,table_row,"{'0': 'No Estado de Rondônia', '1': '-', '2': '-', '3': '-', '4': '-', '5__raw': '0', '6__raw': '31/12/2024', '7': 'Não', '8': 'Os ajustes foram realizados de acordo com as informações da Secretaria de Inspeção do Trabalho (SIT/MTE), conforme registrado no processo SEI 19955.200451/2025-51.'}","{'5': 0.0, '6': 31122024.0}"
61adafc8-095f-58b1-a057-2d3256994a10,c11b9579-45d1-58de-af90-2c8b6bc73152,217,table,30f0c3f5-a1cf-5f42-94a2-606363331f3b,,,table,table_row,"{'0': 'No Estado de Roraima', '1': '-', '2': '-', '3': '-', '4': '-', '5__raw': '100', '6__raw': '31/12/2024', '7': 'Não', '8': 'Os ajustes foram realizados de acordo com as informações da Secretaria de Inspeção do Trabalho (SIT/MTE), conforme registrado no processo SEI 19955.200451/2025-51.'}","{'5': 100.0, '6': 31122024.0}"
c3e41797-110d-5032-b2be-2b50fd9571ed,c11b9579-45d1-58de-af90-2c8b6bc73152,217,table,30f0c3f5-a1cf-5f42-94a2-606363331f3b,,,table,table_row,"{'0': 'No Estado de Santa Catarina', '1': '-', '2': '-', '3': '-', '4': '-', '5__raw': '100', '6__raw': '31/12/2024', '7': 'Não', '8': 'Os ajustes foram realizados de acordo com as informações da Secretaria de Inspeção do Trabalho (SIT/MTE), conforme registrado no processo SEI 19955.200451/2025-51.'}","{'5': 100.0, '6': 31122024.0}"
310beb9a-d4ef-5a0b-9a1b-5589085cd965,c11b9579-45d1-58de-af90-2c8b6bc73152,217,table,30f0c3f5-a1cf-5f42-94a2-606363331f3b,,,table,table_row,"{'0': 'No Estado de São Paulo', '1': '-', '2': '-', '3': '-', '4': '-', '5__raw': '56', '6__raw': '31/12/2024', '7': 'Não', '8': 'Os ajustes foram realizados de acordo com as informações da Secretaria de Inspeção do Trabalho (SIT/MTE), conforme registrado no processo SEI 19955.200451/2025-51.'}","{'5': 56.0, '6': 31122024.0}"
fb5accf1-f2a7-5f0c-b7fc-ee056958e2e6,c11b9579-45d1-58de-af90-2c8b6bc73152,218,table,2f53d191-35a9-5618-9970-bb3e3e830e54,,,table,table_row,"{'no_estado_de_sergipe': 'No Estado do Acre', 'untitled': '-', 'untitled_2': '-', 'untitled_3': '-', 'untitled_4': '-', '2857__raw': '0', '31_12_2024__raw': '31/12/2024', 'nao': 'Não', 'os_ajustes_foram_realizados_de_acordo_com_as_informacoes_da_secretaria_de_inspecao_do_trabalho_sit_mte_conforme_registrado_no_processo_sei_19955200451_2025_51': 'Os ajustes foram realizados de acordo com as informações da Secretaria de Inspeção do Trabalho (SIT/MTE), conforme registrado no processo SEI 19955.200451/2025-51.'}","{'2857': 0.0, '31_12_2024': 31122024.0}"
01f6a33c-eda2-574a-b0cb-01da9592a84f,c11b9579-45d1-58de-af90-2c8b6bc73152,218,table,2f53d191-35a9-5618-9970-bb3e3e830e54,,,table,table_row,"{'no_estado_de_sergipe': 'No Estado do Amapá', 'untitled': '-', 'untitled_2': '-', 'untitled_3': '-', 'untitled_4': '-', '2857__raw': '0', '31_12_2024__raw': '31/12/2024', 'nao': 'Não', 'os_ajustes_foram_realizados_de_acordo_com_as_informacoes_da_secretaria_de_inspecao_do_trabalho_sit_mte_conforme_registrado_no_processo_sei_19955200451_2025_51': 'Os ajustes foram realizados de acordo com as informações da Secretaria de Inspeção do Trabalho (SIT/MTE), conforme registrado no processo SEI 19955.200451/2025-51.'}","{'2857': 0.0, '31_12_2024': 31122024.0}"
f7945ca9-b82d-5ff4-a453-2c5205a91e9b,c11b9579-45d1-58de-af90-2c8b6bc73152,218,table,2f53d191-35a9-5618-9970-bb3e3e830e54,,,table,table_row,"{'no_estado_de_sergipe': 'No Estado do Amazonas', 'untitled': '-', 'untitled_2': '-', 'untitled_3': '-', 'untitled_4': '-', '2857__raw': '100', '31_12_2024__raw': '31/12/2024', 'nao': 'Não', 'os_ajustes_foram_realizados_de_acordo_com_as_informacoes_da_secretaria_de_inspecao_do_trabalho_sit_mte_conforme_registrado_no_processo_sei_19955200451_2025_51': 'Os ajustes foram realizados de acordo com as informações da Secretaria de Inspeção do Trabalho (SIT/MTE), conforme registrado no processo SEI 19955.200451/2025-51.'}","{'2857': 100.0, '31_12_2024': 31122024.0}"
829129f0-ef88-56d6-b9dd-94743ea4866c,c11b9579-45d1-58de-af90-2c8b6bc73152,218,table,2f53d191-35a9-5618-9970-bb3e3e830e54,,,table,table_row,"{'no_estado_de_sergipe': 'No Estado do Ceará', 'untitled': '-', 'untitled_2': '-', 'untitled_3': '-', 'untitled_4': '-', '2857__raw': '0', '31_12_2024__raw': '31/12/2024', 'nao': 'Não', 'os_ajustes_foram_realizados_de_acordo_com_as_informacoes_da_secretaria_de_inspecao_do_trabalho_sit_mte_conforme_registrado_no_processo_sei_19955200451_2025_51': 'Os ajustes foram realizados de acordo com as informações da Secretaria de Inspeção do Trabalho (SIT/MTE), conforme registrado no processo SEI 19955.200451/2025-51.'}","{'2857': 0.0, '31_12_2024': 31122024.0}"
e05410b3-a630-52ec-985e-ff2e57338d3c,c11b9579-45d1-58de-af90-2c8b6bc73152,218,table,2f53d191-35a9-5618-9970-bb3e3e830e54,,,table,table_row,"{'no_estado_de_sergipe': 'No Estado do Espírito Santo', 'untitled': '-', 'untitled_2': '-', 'untitled_3': '-', 'untitled_4': '-', '2857__raw': '50', '31_12_2024__raw': '31/12/2024', 'nao': 'Não', 'os_ajustes_foram_realizados_de_acordo_com_as_informacoes_da_secretaria_de_inspecao_do_trabalho_sit_mte_conforme_registrado_no_processo_sei_19955200451_2025_51': 'Os ajustes foram realizados de acordo com as informações da Secretaria de Inspeção do Trabalho (SIT/MTE), conforme registrado no processo SEI 19955.200451/2025-51.'}","{'2857': 50.0, '31_12_2024': 31122024.0}"
8a218965-3da5-52f0-8a5d-b71acc514c1f,c11b9579-45d1-58de-af90-2c8b6bc73152,218,table,2f53d191-35a9-5618-9970-bb3e3e830e54,,,table,table_row,"{'no_estado_de_sergipe': 'No Estado do Maranhão', 'untitled': '-', 'untitled_2': '-', 'untitled_3': '-', 'untitled_4': '-', '2857__raw': '57,14', '31_12_2024__raw': '31/12/2024', 'nao': 'Não', 'os_ajustes_foram_realizados_de_acordo_com_as_informacoes_da_secretaria_de_inspecao_do_trabalho_sit_mte_conforme_registrado_no_processo_sei_19955200451_2025_51': 'Os ajustes foram realizados de acordo com as informações da Secretaria de Inspeção do Trabalho (SIT/MTE), conforme registrado no processo SEI 19955.200451/2025-51.'}","{'2857': 57.14, '31_12_2024': 31122024.0}"
ea3fa851-39d3-5780-aa92-8f4d527e55e7,c11b9579-45d1-58de-af90-2c8b6bc73152,218,table,2f53d191-35a9-5618-9970-bb3e3e830e54,,,table,table_row,"{'no_estado_de_sergipe': 'No Estado do Pará', 'untitled': '-', 'untitled_2': '-', 'untitled_3': '-', 'untitled_4': '-', '2857__raw': '7,14', '31_12_2024__raw': '31/12/2024', 'nao': 'Não', 'os_ajustes_foram_realizados_de_acordo_com_as_informacoes_da_secretaria_de_inspecao_do_trabalho_sit_mte_conforme_registrado_no_processo_sei_19955200451_2025_51': 'Os ajustes foram realizados de acordo com as informações da Secretaria de Inspeção do Trabalho (SIT/MTE), conforme registrado no processo SEI 19955.200451/2025-51.'}","{'2857': 7.14, '31_12_2024': 31122024.0}"
58b3bf85-a731-542f-acfd-7b7a06b82df9,c11b9579-45d1-58de-af90-2c8b6bc73152,218,table,2f53d191-35a9-5618-9970-bb3e3e830e54,,,table,table_row,"{'no_estado_de_sergipe': 'No Estado do Paraná', 'untitled': '-', 'untitled_2': '-', 'untitled_3': '-', 'untitled_4': '-', '2857__raw': '5,26', '31_12_2024__raw': '31/12/2024', 'nao': 'Não', 'os_ajustes_foram_realizados_de_acordo_com_as_informacoes_da_secretaria_de_inspecao_do_trabalho_sit_mte_conforme_registrado_no_processo_sei_19955200451_2025_51': 'Os ajustes foram realizados de acordo com as informações da Secretaria de Inspeção do Trabalho (SIT/MTE), conforme registrado no processo SEI 19955.200451/2025-51.'}","{'2857': 5.26, '31_12_2024': 31122024.0}"
e9388dbd-8816-5791-8334-347c2341a5a2,c11b9579-45d1-58de-af90-2c8b6bc73152,218,table,2f53d191-35a9-5618-9970-bb3e3e830e54,,,table,table_row,"{'no_estado_de_sergipe': 'No Estado do Piauí', 'untitled': '-', 'untitled_2': '-', 'untitled_3': '-', 'untitled_4': '-', '2857__raw': '92,86', '31_12_2024': 'Não informado', 'nao': 'Não', 'os_ajustes_foram_realizados_de_acordo_com_as_informacoes_da_secretaria_de_inspecao_do_trabalho_sit_mte_conforme_registrado_no_processo_sei_19955200451_2025_51': 'Os ajustes foram realizados de acordo com as informações da Secretaria de Inspeção do Trabalho (SIT/MTE), conforme registrado no processo SEI 19955.200451/2025-51.'}",{'2857': 92.86}
4c74ae53-757d-55e6-90c3-b87c9c06ad3f,c11b9579-45d1-58de-af90-2c8b6bc73152,218,table,2f53d191-35a9-5618-9970-bb3e3e830e54,,,table,table_row,"{'no_estado_de_sergipe': 'No Estado do', 'untitled': '-', 'untitled_2': '-', 'untitled_3': '-', 'untitled_4': '-', '2857__raw': '13,89', '31_12_2024__raw': '31/12/2024', 'nao': 'Não', 'os_ajustes_foram_realizados_de_acordo_com_as_informacoes_da_secretaria_de_inspecao_do_trabalho_sit_mte_conforme_registrado_no_processo_sei_19955200451_2025_51': 'Os ajustes foram realizados de acordo com as'}","{'2857': 13.89, '31_12_2024': 31122024.0}"
b6cc8955-ccc7-5ec4-a11c-9ac348c71535,c11b9579-45d1-58de-af90-2c8b6bc73152,219,table,914bad49-8faa-5984-8e44-9d55f4a1c0de,ab9835e5-0e41-545a-b64f-a0e91381d1c5,Medida Institucional Normativa: 0781 - Alterar a legislação de forma a equiparar definitivamente os direitos trabalhistas e previdenciários do trabalho doméstico ao trabalho celetista.,medida_institucional_normativa_0781_alterar_a_legislacao_de_forma_a_equiparar_definitivamente_os_direitos_trabalhistas_e_previdenciarios_do_trabalho_domestico_ao_trabalho_celetista,table_row,"{'rio_de_janeiro': 'No Estado do Rio Grande do Norte', 'column_2': '-', 'column_3': '-', 'column_4': '-', 'column_5': '-', 'column_6__raw': '50', 'column_7__raw': '31/12/2024', 'column_8': 'Não', 'informacoes_da_secretaria_de_inspecao_do_trabalho_sit_mte_conforme_registrado_no_processo_sei_19955200451_2025_51': 'Os ajustes foram realizados de acordo com as informações da Secretaria de Inspeção do Trabalho (SIT/MTE), conforme registrado no processo SEI 19955.200451/2025-51.'}","{'column_6': 50.0, 'column_7': 31122024.0}"
fa598f56-6b09-5b0d-9051-64b3c802819d,c11b9579-45d1-58de-af90-2c8b6bc73152,219,table,914bad49-8faa-5984-8e44-9d55f4a1c0de,ab9835e5-0e41-545a-b64f-a0e91381d1c5,Medida Institucional Normativa: 0781 - Alterar a legislação de forma a equiparar definitivamente os direitos trabalhistas e previdenciários do trabalho doméstico ao trabalho celetista.,medida_institucional_normativa_0781_alterar_a_legislacao_de_forma_a_equiparar_definitivamente_os_direitos_trabalhistas_e_previdenciarios_do_trabalho_domestico_ao_trabalho_celetista,table_row,"{'rio_de_janeiro': 'No Estado do Rio Grande do Sul', 'column_2': '-', 'column_3': '-', 'column_4': '-', 'column_5': '-', 'column_6__raw': '37,5', 'column_7__raw': '31/12/2024', 'column_8': 'Não', 'informacoes_da_secretaria_de_inspecao_do_trabalho_sit_mte_conforme_registrado_no_processo_sei_19955200451_2025_51': 'Os ajustes foram realizados de acordo com as informações da Secretaria de Inspeção do Trabalho (SIT/MTE), conforme registrado no processo SEI 19955.200451/2025-51.'}","{'column_6': 37.5, 'column_7': 31122024.0}"
c7a21a81-bc88-5f3b-99ee-1dad4f7614e8,c11b9579-45d1-58de-af90-2c8b6bc73152,219,table,914bad49-8faa-5984-8e44-9d55f4a1c0de,ab9835e5-0e41-545a-b64f-a0e91381d1c5,Medida Institucional Normativa: 0781 - Alterar a legislação de forma a equiparar definitivamente os direitos trabalhistas e previdenciários do trabalho doméstico ao trabalho celetista.,medida_institucional_normativa_0781_alterar_a_legislacao_de_forma_a_equiparar_definitivamente_os_direitos_trabalhistas_e_previdenciarios_do_trabalho_domestico_ao_trabalho_celetista,table_row,"{'rio_de_janeiro': 'No Estado do Tocantins', 'column_2': '-', 'column_3': '-', 'column_4': '-', 'column_5': '-', 'column_6__raw': '0', 'column_7__raw': '31/12/2024', 'column_8': 'Não', 'informacoes_da_secretaria_de_inspecao_do_trabalho_sit_mte_conforme_registrado_no_processo_sei_19955200451_2025_51': 'Os ajustes foram realizados de acordo com as informações da Secretaria de Inspeção do Trabalho (SIT/MTE), conforme registrado no processo SEI 19955.200451/2025-51.'}","{'column_6': 0.0, 'column_7': 31122024.0}"
f5c0bcdc-410b-577c-b7b2-447baf28a001,c11b9579-45d1-58de-af90-2c8b6bc73152,219,table,550f7bbc-4c35-5184-b470-54361d3f6984,ab9835e5-0e41-545a-b64f-a0e91381d1c5,Medida Institucional Normativa: 0781 - Alterar a legislação de forma a equiparar definitivamente os direitos trabalhistas e previdenciários do trabalho doméstico ao trabalho celetista.,medida_institucional_normativa_0781_alterar_a_legislacao_de_forma_a_equiparar_definitivamente_os_direitos_trabalhistas_e_previdenciarios_do_trabalho_domestico_ao_trabalho_celetista,table_row,{'0': 'Objetivo Específico: 0139 - Assegurar a dignidade no trabalho das trabalhadoras domésticas Órgão Responsável: 40000 - Ministério do Trabalho e Emprego Concluída: -'},{}
e1155dcb-2a19-5e25-b4e0-319b002919bc,c11b9579-45d1-58de-af90-2c8b6bc73152,223,table,b434f478-21a5-5b4b-bd19-8051b35a486b,c4b3e95d-2fc0-59db-8dbd-fe8bcf502ff7,Informações do Monitoramento,informacoes_do_monitoramento,table_row,"{'publico': 'População Negra', 'meta_prevista_para_2024__raw': '450', 'meta_prevista_para_2025__raw': '600', 'meta_prevista_para_2026__raw': '750', 'meta_prevista_para_2027__raw': '750', 'quantidade_alcancada': 'Valor não disponível', 'data_de_referencia__raw': '31/12/2024', 'sinalizacao_de_necessidade_de_revisao_proximo_exercicio': 'Não', 'notas_do_usuario': 'Os ajustes foram realizados de acordo com as informações da Secretaria de Qualificação, Emprego e Renda (SEMP/MTE), conforme registrado no processo SEI 19955.200452/2025-03.'}","{'meta_prevista_para_2024': 450.0, 'meta_prevista_para_2025': 600.0, 'meta_prevista_para_2026': 750.0, 'meta_prevista_para_2027': 750.0, 'data_de_referencia': 31122024.0}"
f165bbad-0942-52bc-9ed9-f727845e362c,c11b9579-45d1-58de-af90-2c8b6bc73152,228,table,6a709f1a-e4d9-5b67-ae69-830995656af1,e07efddf-1d06-5f11-9492-a455f022cc2c,Informações do Monitoramento,informacoes_do_monitoramento,table_row,"{'0': 'Região', '1': 'Meta prevista para 2024', '2': 'Meta prevista para 2025', '3': 'Meta prevista para 2026', '4': 'Meta prevista para 2027', '5': 'Quantidade alcançada', '6': 'Data de Referência', '7': 'Sinalização de necessidade de revisão - próximo exercício', '8': 'Notas do usuário'}",{}
65322dc4-c6e1-5824-ba72-756aa1915a5c,c11b9579-45d1-58de-af90-2c8b6bc73152,229,table,babc8131-d3ca-5888-a48e-9ccb3a698171,,,table,table_row,"{'regiao_centro_oeste': 'Região Nordeste', '252__raw': '2.268', '520__raw': '4.680', '780__raw': '7.020', '1680__raw': '15.120', '970__raw': '2.829', '31_12_2024__raw': '31/12/2024', 'nao': 'Não', 'nao_informado': 'Ajuste realizado conforme documento encaminhado pelo servidor do MTE Gustavo Mesquita à Seplan em 14/03/2025.'}","{'252': 2268.0, '520': 4680.0, '780': 7020.0, '1680': 15120.0, '970': 2829.0, '31_12_2024': 31122024.0}"
1d9ad44f-2c16-5cb8-8bb4-a1b5fc706ca0,c11b9579-45d1-58de-af90-2c8b6bc73152,229,table,babc8131-d3ca-5888-a48e-9ccb3a698171,,,table,table_row,"{'regiao_centro_oeste': 'Região Norte', '252__raw': '189', '520__raw': '390', '780__raw': '585', '1680__raw': '1.260', '970__raw': '21.272', '31_12_2024__raw': '31/12/2024', 'nao': 'Não', 'nao_informado': 'Ajuste realizado conforme documento encaminhado pelo servidor do MTE Gustavo Mesquita à Seplan em 14/03/2025.'}","{'252': 189.0, '520': 390.0, '780': 585.0, '1680': 1260.0, '970': 21272.0, '31_12_2024': 31122024.0}"
cf1abf5e-20aa-579b-aedc-1837bab87183,c11b9579-45d1-58de-af90-2c8b6bc73152,229,table,babc8131-d3ca-5888-a48e-9ccb3a698171,,,table,table_row,"{'regiao_centro_oeste': 'Região Sudeste', '252__raw': '2.331', '520__raw': '4.810', '780__raw': '7.215', '1680__raw': '15.540', '970__raw': '990', '31_12_2024__raw': '31/12/2024', 'nao': 'Não', 'nao_informado': 'Não informado'}","{'252': 2331.0, '520': 4810.0, '780': 7215.0, '1680': 15540.0, '970': 990.0, '31_12_2024': 31122024.0}"
0b89a480-494a-5fb9-a437-7005c80c8ca7,c11b9579-45d1-58de-af90-2c8b6bc73152,229,table,babc8131-d3ca-5888-a48e-9ccb3a698171,,,table,table_row,"{'regiao_centro_oeste': 'Região Sul', '252__raw': '1.260', '520__raw': '2.600', '780__raw': '3.900', '1680__raw': '8.400', '970__raw': '2.753', '31_12_2024__raw': '31/12/2024', 'nao': 'Não', 'nao_informado': 'Não informado'}","{'252': 1260.0, '520': 2600.0, '780': 3900.0, '1680': 8400.0, '970': 2753.0, '31_12_2024': 31122024.0}"
9a6bb9a6-3d71-5a93-bff2-20f767603ca1,c11b9579-45d1-58de-af90-2c8b6bc73152,229,table,018017e5-fd6b-59ef-9d5c-e4d64ee48bac,,,table,table_row,"{'publico': 'Homens', 'meta_prevista_para_2024__raw': '3.150', 'meta_prevista_para_2025__raw': '6.500', 'meta_prevista_para_2026__raw': '9.750', 'meta_prevista_para_2027__raw': '21.000', 'quantidade_alcancada__raw': '13.110', 'data_de_referencia__raw': '31/12/2024', 'sinalizacao_de_necessidade_de_revisao_proximo_exercicio': 'Não', 'notas_do_usuario': 'Ajuste realizado conforme documento encaminhado pelo servidor do MTE Gustavo Mesquita à Seplan em 14/03/2025.'}","{'meta_prevista_para_2024': 3150.0, 'meta_prevista_para_2025': 6500.0, 'meta_prevista_para_2026': 9750.0, 'meta_prevista_para_2027': 21000.0, 'quantidade_alcancada': 13110.0, 'data_de_referencia': 31122024.0}"
700b55dd-1880-5518-939a-07d977caad6c,c11b9579-45d1-58de-af90-2c8b6bc73152,229,table,018017e5-fd6b-59ef-9d5c-e4d64ee48bac,,,table,table_row,"{'publico': 'Indígenas', 'meta_prevista_para_2024__raw': '189', 'meta_prevista_para_2025__raw': '390', 'meta_prevista_para_2026__raw': '585', 'meta_prevista_para_2027__raw': '1.260', 'quantidade_alcancada__raw': '132', 'data_de_referencia__raw': '31/12/2024', 'sinalizacao_de_necessidade_de_revisao_proximo_exercicio': 'Não', 'notas_do_usuario': 'Ajuste realizado conforme documento encaminhado pelo servidor do MTE Gustavo Mesquita à Seplan em 14/03/2025.'}","{'meta_prevista_para_2024': 189.0, 'meta_prevista_para_2025': 390.0, 'meta_prevista_para_2026': 585.0, 'meta_prevista_para_2027': 1260.0, 'quantidade_alcancada': 132.0, 'data_de_referencia': 31122024.0}"
21f59590-aee8-5f22-94c9-2f47fd70ffd0,c11b9579-45d1-58de-af90-2c8b6bc73152,229,table,018017e5-fd6b-59ef-9d5c-e4d64ee48bac,,,table,table_row,"{'publico': 'Jovem', 'meta_prevista_para_2024__raw': '315', 'meta_prevista_para_2025__raw': '650', 'meta_prevista_para_2026__raw': '975', 'meta_prevista_para_2027__raw': '2.100', 'quantidade_alcancada__raw': '1.235', 'data_de_referencia__raw': '31/12/2024', 'sinalizacao_de_necessidade_de_revisao_proximo_exercicio': 'Não', 'notas_do_usuario': 'Ajuste realizado conforme documento encaminhado pelo servidor do MTE Gustavo Mesquita à Seplan em 14/03/2025.'}","{'meta_prevista_para_2024': 315.0, 'meta_prevista_para_2025': 650.0, 'meta_prevista_para_2026': 975.0, 'meta_prevista_para_2027': 2100.0, 'quantidade_alcancada': 1235.0, 'data_de_referencia': 31122024.0}"
ee74d9db-1667-5ca9-9812-bca2c390042d,c11b9579-45d1-58de-af90-2c8b6bc73152,229,table,018017e5-fd6b-59ef-9d5c-e4d64ee48bac,,,table,table_row,"{'publico': 'Mulheres', 'meta_prevista_para_2024__raw': '3.150', 'meta_prevista_para_2025__raw': '6.500', 'meta_prevista_para_2026__raw': '9.750', 'meta_prevista_para_2027__raw': '21.000', 'quantidade_alcancada__raw': '15.704', 'data_de_referencia__raw': '31/12/2024', 'sinalizacao_de_necessidade_de_revisao_proximo_exercicio': 'Não', 'notas_do_usuario': 'Ajuste realizado conforme documento encaminhado pelo servidor do MTE Gustavo Mesquita à Seplan em 14/03/2025.'}","{'meta_prevista_para_2024': 3150.0, 'meta_prevista_para_2025': 6500.0, 'meta_prevista_para_2026': 9750.0, 'meta_prevista_para_2027': 21000.0, 'quantidade_alcancada': 15704.0, 'data_de_referencia': 31122024.0}"
1192a3e4-d5fb-5313-8a57-16ad13d14dfd,c11b9579-45d1-58de-af90-2c8b6bc73152,229,table,018017e5-fd6b-59ef-9d5c-e4d64ee48bac,,,table,table_row,"{'publico': 'Pessoa com Deficiência', 'meta_prevista_para_2024__raw': '315', 'meta_prevista_para_2025__raw': '650', 'meta_prevista_para_2026__raw': '975', 'meta_prevista_para_2027__raw': '2.100', 'quantidade_alcancada__raw': '56', 'data_de_referencia__raw': '31/12/2024', 'sinalizacao_de_necessidade_de_revisao_proximo_exercicio': 'Não', 'notas_do_usuario': 'Ajuste realizado conforme documento encaminhado pelo servidor do MTE Gustavo Mesquita à Seplan em 14/03/2025.'}","{'meta_prevista_para_2024': 315.0, 'meta_prevista_para_2025': 650.0, 'meta_prevista_para_2026': 975.0, 'meta_prevista_para_2027': 2100.0, 'quantidade_alcancada': 56.0, 'data_de_referencia': 31122024.0}"
d3290283-91a6-5985-8592-ad39f0edd810,c11b9579-45d1-58de-af90-2c8b6bc73152,229,table,018017e5-fd6b-59ef-9d5c-e4d64ee48bac,,,table,table_row,"{'publico': 'Pessoa Idosa', 'meta_prevista_para_2024__raw': '189', 'meta_prevista_para_2025__raw': '390', 'meta_prevista_para_2026__raw': '585', 'meta_prevista_para_2027__raw': '1.260', 'quantidade_alcancada__raw': '1.045', 'data_de_referencia__raw': '31/12/2024', 'sinalizacao_de_necessidade_de_revisao_proximo_exercicio': 'Não', 'notas_do_usuario': 'Ajuste realizado conforme documento encaminhado pelo servidor do MTE Gustavo Mesquita à Seplan em 14/03/2025.'}","{'meta_prevista_para_2024': 189.0, 'meta_prevista_para_2025': 390.0, 'meta_prevista_para_2026': 585.0, 'meta_prevista_para_2027': 1260.0, 'quantidade_alcancada': 1045.0, 'data_de_referencia': 31122024.0}"
89de6ff0-1e5d-5892-8c49-1b8d5920d38a,c11b9579-45d1-58de-af90-2c8b6bc73152,229,table,018017e5-fd6b-59ef-9d5c-e4d64ee48bac,,,table,table_row,"{'publico': 'População Negra', 'meta_prevista_para_2024__raw': '3.150', 'meta_prevista_para_2025__raw': '6.500', 'meta_prevista_para_2026__raw': '9.750', 'meta_prevista_para_2027__raw': '21.000', 'quantidade_alcancada__raw': '4.656', 'data_de_referencia__raw': '31/12/2024', 'sinalizacao_de_necessidade_de_revisao_proximo_exercicio': 'Não', 'notas_do_usuario': 'Ajuste realizado conforme documento encaminhado pelo servidor do MTE Gustavo Mesquita à Seplan em 14/03/2025.'}","{'meta_prevista_para_2024': 3150.0, 'meta_prevista_para_2025': 6500.0, 'meta_prevista_para_2026': 9750.0, 'meta_prevista_para_2027': 21000.0, 'quantidade_alcancada': 4656.0, 'data_de_referencia': 31122024.0}"
c2f2f1e0-7a18-5729-aa2d-b54d00faddee,c11b9579-45d1-58de-af90-2c8b6bc73152,229,table,018017e5-fd6b-59ef-9d5c-e4d64ee48bac,,,table,table_row,"{'publico': 'Povos e Comunidades', 'meta_prevista_para_2024__raw': '390', 'meta_prevista_para_2025__raw': '390', 'meta_prevista_para_2026__raw': '585', 'meta_prevista_para_2027__raw': '1.260', 'quantidade_alcancada__raw': '216', 'data_de_referencia__raw': '31/12/2024', 'sinalizacao_de_necessidade_de_revisao_proximo_exercicio': 'Não', 'notas_do_usuario': 'Ajuste realizado conforme documento encaminhado pelo servidor do MTE Gustavo'}","{'meta_prevista_para_2024': 390.0, 'meta_prevista_para_2025': 390.0, 'meta_prevista_para_2026': 585.0, 'meta_prevista_para_2027': 1260.0, 'quantidade_alcancada': 216.0, 'data_de_referencia': 31122024.0}"
d4024388-82f5-591a-ab01-545fa4a856f2,c11b9579-45d1-58de-af90-2c8b6bc73152,230,table,431ce9cf-370c-551f-803a-aebace7598e0,98e9c96d-c7cd-5aea-817a-50fb01195101,Entrega: 1752 - Integrantes dos empreendimentos de Economia Popular e Solidária formados,entrega_1752_integrantes_dos_empreendimentos_de_economia_popular_e_solidaria_formados,table_row,"{'tradicionais': 'Quilombolas', 'column_2__raw': '315', 'column_3__raw': '650', 'column_4__raw': '975', 'column_5__raw': '2.100', 'column_6__raw': '48', 'column_7__raw': '31/12/2024', 'column_8': 'Não', 'mesquita_a_seplan_em_14_03_2025': 'Ajuste realizado conforme documento encaminhado pelo servidor do MTE Gustavo Mesquita à Seplan em 14/03/2025.'}","{'column_2': 315.0, 'column_3': 650.0, 'column_4': 975.0, 'column_5': 2100.0, 'column_6': 48.0, 'column_7': 31122024.0}"
fac1406a-5bfc-5b8a-bc16-caba6e0b91c6,c11b9579-45d1-58de-af90-2c8b6bc73152,230,table,5290167e-219e-5131-bf2a-d9499f0cc00a,98e9c96d-c7cd-5aea-817a-50fb01195101,Entrega: 1752 - Integrantes dos empreendimentos de Economia Popular e Solidária formados,entrega_1752_integrantes_dos_empreendimentos_de_economia_popular_e_solidaria_formados,table_row,"{'regiao': 'Região Centro-', 'meta_prevista_para_2024__raw': '268', 'meta_prevista_para_2025__raw': '536', 'meta_prevista_para_2026__raw': '804', 'meta_prevista_para_2027__raw': '1.787', 'quantidade_alcancada__raw': '970', 'data_de_referencia__raw': '31/12/2024', 'sinalizacao_de_necessidade_de_revisao_proximo_exercicio': 'Não', 'notas_do_usuario': 'Não informado'}","{'meta_prevista_para_2024': 268.0, 'meta_prevista_para_2025': 536.0, 'meta_prevista_para_2026': 804.0, 'meta_prevista_para_2027': 1787.0, 'quantidade_alcancada': 970.0, 'data_de_referencia': 31122024.0}"
2c65bcc1-1076-55ea-aebb-eef6e32d8933,c11b9579-45d1-58de-af90-2c8b6bc73152,231,table,48f1b638-0238-5dcc-b798-677743af495e,,,table,table_row,"{'oeste': 'Região Nordeste', 'column_2__raw': '2.168', 'column_3__raw': '4.336', 'column_4__raw': '6.504', 'column_5__raw': '14.453', 'column_6__raw': '2.829', 'column_7__raw': '31/12/2024', 'column_8': 'Não', 'column_9': 'Ajuste realizado conforme documento encaminhado pelo servidor do MTE Gustavo Mesquita à Seplan em 14/03/2025.'}","{'column_2': 2168.0, 'column_3': 4336.0, 'column_4': 6504.0, 'column_5': 14453.0, 'column_6': 2829.0, 'column_7': 31122024.0}"
fa10f8a5-4289-57d9-a5e7-c1dd3c93ee28,c11b9579-45d1-58de-af90-2c8b6bc73152,231,table,48f1b638-0238-5dcc-b798-677743af495e,,,table,table_row,"{'oeste': 'Região Norte', 'column_2__raw': '200', 'column_3__raw': '400', 'column_4__raw': '600', 'column_5__raw': '1.333', 'column_6__raw': '21.272', 'column_7__raw': '31/12/2024', 'column_8': 'Não', 'column_9': 'Não informado'}","{'column_2': 200.0, 'column_3': 400.0, 'column_4': 600.0, 'column_5': 1333.0, 'column_6': 21272.0, 'column_7': 31122024.0}"
2588e8a0-3ce3-5fea-8e77-48e37e3ddf9d,c11b9579-45d1-58de-af90-2c8b6bc73152,231,table,48f1b638-0238-5dcc-b798-677743af495e,,,table,table_row,"{'oeste': 'Região Sudeste', 'column_2__raw': '2.208', 'column_3__raw': '4.416', 'column_4__raw': '6.624', 'column_5__raw': '14.720', 'column_6__raw': '990', 'column_7__raw': '31/12/2024', 'column_8': 'Não', 'column_9': 'Não informado'}","{'column_2': 2208.0, 'column_3': 4416.0, 'column_4': 6624.0, 'column_5': 14720.0, 'column_6': 990.0, 'column_7': 31122024.0}"
01bac9d2-66b1-509b-8c50-7a4c64445b37,c11b9579-45d1-58de-af90-2c8b6bc73152,231,table,48f1b638-0238-5dcc-b798-677743af495e,,,table,table_row,"{'oeste': 'Região Sul', 'column_2__raw': '1.156', 'column_3__raw': '2.312', 'column_4__raw': '3.468', 'column_5__raw': '7.707', 'column_6__raw': '2.753', 'column_7__raw': '31/12/2024', 'column_8': 'Não', 'column_9': 'Não informado'}","{'column_2': 1156.0, 'column_3': 2312.0, 'column_4': 3468.0, 'column_5': 7707.0, 'column_6': 2753.0, 'column_7': 31122024.0}"
69af8b76-598f-5f49-a480-0030e4a15198,c11b9579-45d1-58de-af90-2c8b6bc73152,231,table,8613b12b-d11d-5f8a-91ac-b54d8ee298e9,,,table,table_row,"{'publico': 'Homens', 'meta_prevista_para_2024__raw': '3.000', 'meta_prevista_para_2025__raw': '6.000', 'meta_prevista_para_2026__raw': '9.000', 'meta_prevista_para_2027__raw': '20.000', 'quantidade_alcancada__raw': '13.110', 'data_de_referencia__raw': '31/12/2024', 'sinalizacao_de_necessidade_de_revisao_proximo_exercicio': 'Não', 'notas_do_usuario': 'Ajuste realizado conforme documento encaminhado pelo servidor do MTE Gustavo Mesquita à Seplan em 14/03/2025.'}","{'meta_prevista_para_2024': 3000.0, 'meta_prevista_para_2025': 6000.0, 'meta_prevista_para_2026': 9000.0, 'meta_prevista_para_2027': 20000.0, 'quantidade_alcancada': 13110.0, 'data_de_referencia': 31122024.0}"
dbee93c6-50a4-5d2d-9eb7-cc42b39454a3,c11b9579-45d1-58de-af90-2c8b6bc73152,231,table,8613b12b-d11d-5f8a-91ac-b54d8ee298e9,,,table,table_row,"{'publico': 'Indígenas', 'meta_prevista_para_2024__raw': '180', 'meta_prevista_para_2025__raw': '360', 'meta_prevista_para_2026__raw': '540', 'meta_prevista_para_2027__raw': '1.200', 'quantidade_alcancada__raw': '132', 'data_de_referencia__raw': '31/12/2024', 'sinalizacao_de_necessidade_de_revisao_proximo_exercicio': 'Não', 'notas_do_usuario': 'Ajuste realizado conforme documento encaminhado pelo servidor do MTE Gustavo Mesquita à Seplan em 14/03/2025.'}","{'meta_prevista_para_2024': 180.0, 'meta_prevista_para_2025': 360.0, 'meta_prevista_para_2026': 540.0, 'meta_prevista_para_2027': 1200.0, 'quantidade_alcancada': 132.0, 'data_de_referencia': 31122024.0}"
fea8ef66-7e5d-5c82-a996-b09c4ec39af3,c11b9579-45d1-58de-af90-2c8b6bc73152,231,table,8613b12b-d11d-5f8a-91ac-b54d8ee298e9,,,table,table_row,"{'publico': 'Jovem', 'meta_prevista_para_2024__raw': '1.200', 'meta_prevista_para_2025__raw': '2.400', 'meta_prevista_para_2026__raw': '4.800', 'meta_prevista_para_2027__raw': '8.000', 'quantidade_alcancada__raw': '1.235', 'data_de_referencia__raw': '31/12/2024', 'sinalizacao_de_necessidade_de_revisao_proximo_exercicio': 'Não', 'notas_do_usuario': 'Ajuste realizado conforme documento encaminhado pelo servidor do MTE Gustavo Mesquita à Seplan em 14/03/2025.'}","{'meta_prevista_para_2024': 1200.0, 'meta_prevista_para_2025': 2400.0, 'meta_prevista_para_2026': 4800.0, 'meta_prevista_para_2027': 8000.0, 'quantidade_alcancada': 1235.0, 'data_de_referencia': 31122024.0}"
6267e964-6d52-534d-bf2c-743d74901c93,c11b9579-45d1-58de-af90-2c8b6bc73152,231,table,8613b12b-d11d-5f8a-91ac-b54d8ee298e9,,,table,table_row,"{'publico': 'Mulheres', 'meta_prevista_para_2024__raw': '3.000', 'meta_prevista_para_2025__raw': '6.000', 'meta_prevista_para_2026__raw': '9.000', 'meta_prevista_para_2027__raw': '20.000', 'quantidade_alcancada__raw': '15.704', 'data_de_referencia__raw': '31/12/2024', 'sinalizacao_de_necessidade_de_revisao_proximo_exercicio': 'Não', 'notas_do_usuario': 'Ajuste realizado conforme documento encaminhado pelo servidor do MTE Gustavo Mesquita à Seplan em 14/03/2025.'}","{'meta_prevista_para_2024': 3000.0, 'meta_prevista_para_2025': 6000.0, 'meta_prevista_para_2026': 9000.0, 'meta_prevista_para_2027': 20000.0, 'quantidade_alcancada': 15704.0, 'data_de_referencia': 31122024.0}"
3351fa5a-ef66-51fa-bfd1-cd2a9b62e59e,c11b9579-45d1-58de-af90-2c8b6bc73152,231,table,8613b12b-d11d-5f8a-91ac-b54d8ee298e9,,,table,table_row,"{'publico': 'Pessoa com Deficiência', 'meta_prevista_para_2024__raw': '300', 'meta_prevista_para_2025__raw': '600', 'meta_prevista_para_2026__raw': '900', 'meta_prevista_para_2027__raw': '2.000', 'quantidade_alcancada__raw': '56', 'data_de_referencia__raw': '31/12/2024', 'sinalizacao_de_necessidade_de_revisao_proximo_exercicio': 'Não', 'notas_do_usuario': 'Ajuste realizado conforme documento encaminhado pelo servidor do MTE Gustavo Mesquita à Seplan em 14/03/2025.'}","{'meta_prevista_para_2024': 300.0, 'meta_prevista_para_2025': 600.0, 'meta_prevista_para_2026': 900.0, 'meta_prevista_para_2027': 2000.0, 'quantidade_alcancada': 56.0, 'data_de_referencia': 31122024.0}"
4df2923e-71a6-512f-9af8-171f03efabb3,c11b9579-45d1-58de-af90-2c8b6bc73152,231,table,8613b12b-d11d-5f8a-91ac-b54d8ee298e9,,,table,table_row,"{'publico': 'População Negra', 'meta_prevista_para_2024__raw': '3.000', 'meta_prevista_para_2025__raw': '6.000', 'meta_prevista_para_2026__raw': '9.000', 'meta_prevista_para_2027__raw': '20.000', 'quantidade_alcancada__raw': '4.656', 'data_de_referencia__raw': '31/12/2024', 'sinalizacao_de_necessidade_de_revisao_proximo_exercicio': 'Não', 'notas_do_usuario': 'Ajuste realizado conforme documento encaminhado pelo servidor do MTE Gustavo Mesquita à Seplan em 14/03/2025.'}","{'meta_prevista_para_2024': 3000.0, 'meta_prevista_para_2025': 6000.0, 'meta_prevista_para_2026': 9000.0, 'meta_prevista_para_2027': 20000.0, 'quantidade_alcancada': 4656.0, 'data_de_referencia': 31122024.0}"
793a8a2b-b171-5bfb-908e-c0b234dad4ac,c11b9579-45d1-58de-af90-2c8b6bc73152,231,table,8613b12b-d11d-5f8a-91ac-b54d8ee298e9,,,table,table_row,"{'publico': 'Povos e Comunidades Tradicionais', 'meta_prevista_para_2024__raw': '180', 'meta_prevista_para_2025__raw': '360', 'meta_prevista_para_2026__raw': '540', 'meta_prevista_para_2027__raw': '1.200', 'quantidade_alcancada__raw': '216', 'data_de_referencia__raw': '31/12/2024', 'sinalizacao_de_necessidade_de_revisao_proximo_exercicio': 'Não', 'notas_do_usuario': 'Ajuste realizado conforme documento encaminhado pelo servidor do MTE Gustavo Mesquita à Seplan em 14/03/2025.'}","{'meta_prevista_para_2024': 180.0, 'meta_prevista_para_2025': 360.0, 'meta_prevista_para_2026': 540.0, 'meta_prevista_para_2027': 1200.0, 'quantidade_alcancada': 216.0, 'data_de_referencia': 31122024.0}"
7ab3b4c0-c59c-5e84-adde-30497f3605c5,c11b9579-45d1-58de-af90-2c8b6bc73152,231,table,8613b12b-d11d-5f8a-91ac-b54d8ee298e9,,,table,table_row,"{'publico': 'Quilombolas', 'meta_prevista_para_2024__raw': '300', 'meta_prevista_para_2025__raw': '600', 'meta_prevista_para_2026__raw': '900', 'meta_prevista_para_2027__raw': '2.000', 'quantidade_alcancada__raw': '48', 'data_de_referencia__raw': '31/12/2024', 'sinalizacao_de_necessidade_de_revisao_proximo_exercicio': 'Não', 'notas_do_usuario': 'Ajuste realizado conforme documento encaminhado pelo servidor do MTE Gustavo Mesquita à Seplan em 14/03/2025.'}","{'meta_prevista_para_2024': 300.0, 'meta_prevista_para_2025': 600.0, 'meta_prevista_para_2026': 900.0, 'meta_prevista_para_2027': 2000.0, 'quantidade_alcancada': 48.0, 'data_de_referencia': 31122024.0}"
125a3121-86da-50d5-9931-6b81e4b17ec7,c11b9579-45d1-58de-af90-2c8b6bc73152,232,table,8992e24a-9463-5783-b06f-ff70d95c7e57,0f9adaf1-b60b-57d2-91ba-4b10a645c7c5,Informações do Monitoramento,informacoes_do_monitoramento,table_row,"{'regiao': 'Região Centro- Oeste', 'meta_prevista_para_2024__raw': '7', 'meta_prevista_para_2025__raw': '22', 'meta_prevista_para_2026__raw': '34', 'meta_prevista_para_2027__raw': '45', 'quantidade_alcancada__raw': '17', 'data_de_referencia__raw': '31/12/2024', 'sinalizacao_de_necessidade_de_revisao_proximo_exercicio': 'Não', 'notas_do_usuario': 'Não informado'}","{'meta_prevista_para_2024': 7.0, 'meta_prevista_para_2025': 22.0, 'meta_prevista_para_2026': 34.0, 'meta_prevista_para_2027': 45.0, 'quantidade_alcancada': 17.0, 'data_de_referencia': 31122024.0}"
5c7be8a4-f6f2-56de-ad00-bea2230ea6d2,c11b9579-45d1-58de-af90-2c8b6bc73152,232,table,8992e24a-9463-5783-b06f-ff70d95c7e57,0f9adaf1-b60b-57d2-91ba-4b10a645c7c5,Informações do Monitoramento,informacoes_do_monitoramento,table_row,"{'regiao': 'Região Nordeste', 'meta_prevista_para_2024__raw': '54', 'meta_prevista_para_2025__raw': '181', 'meta_prevista_para_2026__raw': '271', 'meta_prevista_para_2027__raw': '361', 'quantidade_alcancada__raw': '21', 'data_de_referencia__raw': '31/12/2024', 'sinalizacao_de_necessidade_de_revisao_proximo_exercicio': 'Não', 'notas_do_usuario': 'Não informado'}","{'meta_prevista_para_2024': 54.0, 'meta_prevista_para_2025': 181.0, 'meta_prevista_para_2026': 271.0, 'meta_prevista_para_2027': 361.0, 'quantidade_alcancada': 21.0, 'data_de_referencia': 31122024.0}"
f2f1b59f-4c8f-54d2-9f15-7ba47f6d8c70,c11b9579-45d1-58de-af90-2c8b6bc73152,233,table,2acc58ff-9690-5b31-a7e0-e8593c88541e,5c71211f-c90d-53b3-847e-25df10bc1ba1,"PROGRAMA: 5111 - EDUCAÇÃO BÁSICA DEMOCRÁTICA, COM QUALIDADE E EQUIDADE",programa_5111_educacao_basica_democratica_com_qualidade_e_equidade,table_row,"{'regiao_norte': 'Região Sudeste', '5__raw': '55', '17__raw': '184', '25__raw': '276', '33__raw': '368', '15__raw': '43', '31_12_2024__raw': '31/12/2024', 'nao': 'Não', 'nao_informado': 'Não informado'}","{'5': 55.0, '17': 184.0, '25': 276.0, '33': 368.0, '15': 43.0, '31_12_2024': 31122024.0}"
0534456e-9d54-5631-9646-70c5c34e2114,c11b9579-45d1-58de-af90-2c8b6bc73152,233,table,2acc58ff-9690-5b31-a7e0-e8593c88541e,5c71211f-c90d-53b3-847e-25df10bc1ba1,"PROGRAMA: 5111 - EDUCAÇÃO BÁSICA DEMOCRÁTICA, COM QUALIDADE E EQUIDADE",programa_5111_educacao_basica_democratica_com_qualidade_e_equidade,table_row,"{'regiao_norte': 'Região Sul', '5__raw': '29', '17__raw': '96', '25__raw': '144', '33__raw': '193', '15__raw': '8', '31_12_2024__raw': '31/12/2024', 'nao': 'Não', 'nao_informado': 'Não informado'}","{'5': 29.0, '17': 96.0, '25': 144.0, '33': 193.0, '15': 8.0, '31_12_2024': 31122024.0}"
3fa8adff-3968-5dcb-95cd-6aea0cb14f50,c11b9579-45d1-58de-af90-2c8b6bc73152,233,table,abde16cf-3c92-5141-9331-73621128f27f,5c71211f-c90d-53b3-847e-25df10bc1ba1,"PROGRAMA: 5111 - EDUCAÇÃO BÁSICA DEMOCRÁTICA, COM QUALIDADE E EQUIDADE",programa_5111_educacao_basica_democratica_com_qualidade_e_equidade,table_row,"{'publico': 'Homens', 'meta_prevista_para_2024__raw': '75', 'meta_prevista_para_2025__raw': '250', 'meta_prevista_para_2026__raw': '375', 'meta_prevista_para_2027__raw': '500', 'quantidade_alcancada__raw': '33', 'data_de_referencia__raw': '31/12/2024', 'sinalizacao_de_necessidade_de_revisao_proximo_exercicio': 'Não', 'notas_do_usuario': 'Não informado'}","{'meta_prevista_para_2024': 75.0, 'meta_prevista_para_2025': 250.0, 'meta_prevista_para_2026': 375.0, 'meta_prevista_para_2027': 500.0, 'quantidade_alcancada': 33.0, 'data_de_referencia': 31122024.0}"
a6032a6e-3aee-5fab-bdfb-f6b8c57d9c78,c11b9579-45d1-58de-af90-2c8b6bc73152,233,table,abde16cf-3c92-5141-9331-73621128f27f,5c71211f-c90d-53b3-847e-25df10bc1ba1,"PROGRAMA: 5111 - EDUCAÇÃO BÁSICA DEMOCRÁTICA, COM QUALIDADE E EQUIDADE",programa_5111_educacao_basica_democratica_com_qualidade_e_equidade,table_row,"{'publico': 'Mulheres', 'meta_prevista_para_2024__raw': '75', 'meta_prevista_para_2025__raw': '250', 'meta_prevista_para_2026__raw': '375', 'meta_prevista_para_2027__raw': '500', 'quantidade_alcancada__raw': '71', 'data_de_referencia__raw': '31/12/2024', 'sinalizacao_de_necessidade_de_revisao_proximo_exercicio': 'Não', 'notas_do_usuario': 'Não informado'}","{'meta_prevista_para_2024': 75.0, 'meta_prevista_para_2025': 250.0, 'meta_prevista_para_2026': 375.0, 'meta_prevista_para_2027': 500.0, 'quantidade_alcancada': 71.0, 'data_de_referencia': 31122024.0}"
4a3c023c-3afa-513c-aac7-8e9f13614419,c11b9579-45d1-58de-af90-2c8b6bc73152,233,table,abde16cf-3c92-5141-9331-73621128f27f,5c71211f-c90d-53b3-847e-25df10bc1ba1,"PROGRAMA: 5111 - EDUCAÇÃO BÁSICA DEMOCRÁTICA, COM QUALIDADE E EQUIDADE",programa_5111_educacao_basica_democratica_com_qualidade_e_equidade,table_row,"{'publico': 'População Negra', 'meta_prevista_para_2024__raw': '75', 'meta_prevista_para_2025__raw': '250', 'meta_prevista_para_2026__raw': '375', 'meta_prevista_para_2027__raw': '500', 'quantidade_alcancada__raw': '61', 'data_de_referencia__raw': '31/12/2024', 'sinalizacao_de_necessidade_de_revisao_proximo_exercicio': 'Não', 'notas_do_usuario': 'Não informado'}","{'meta_prevista_para_2024': 75.0, 'meta_prevista_para_2025': 250.0, 'meta_prevista_para_2026': 375.0, 'meta_prevista_para_2027': 500.0, 'quantidade_alcancada': 61.0, 'data_de_referencia': 31122024.0}"
7e963b1f-f918-5821-ba75-23d1bcc9baea,c11b9579-45d1-58de-af90-2c8b6bc73152,236,table,b8bacbad-1126-5f59-bd3f-c70d0b65f0e2,cb6a55df-2ac4-588a-baa9-4db33ef9f6ba,Regionalizações da Meta,regionalizacoes_da_meta,table_row,"{'regiao': 'Região Centro- Oeste', 'meta_prevista_para_2024': '-', 'meta_prevista_para_2025': '-', 'meta_prevista_para_2026': '-', 'meta_prevista_para_2027': '-', 'quantidade_alcancada__raw': '2.400', 'data_de_referencia__raw': '31/12/2024', 'sinalizacao_de_necessidade_de_revisao_proximo_exercicio': 'Não', 'notas_do_usuario': 'Não informado'}","{'quantidade_alcancada': 2400.0, 'data_de_referencia': 31122024.0}"
03227cef-bf21-5d30-b473-5d3c8af2fc07,c11b9579-45d1-58de-af90-2c8b6bc73152,236,table,b8bacbad-1126-5f59-bd3f-c70d0b65f0e2,cb6a55df-2ac4-588a-baa9-4db33ef9f6ba,Regionalizações da Meta,regionalizacoes_da_meta,table_row,"{'regiao': 'Região Nordeste', 'meta_prevista_para_2024': '-', 'meta_prevista_para_2025': '-', 'meta_prevista_para_2026': '-', 'meta_prevista_para_2027': '-', 'quantidade_alcancada__raw': '2.330', 'data_de_referencia__raw': '31/12/2024', 'sinalizacao_de_necessidade_de_revisao_proximo_exercicio': 'Não', 'notas_do_usuario': 'Não informado'}","{'quantidade_alcancada': 2330.0, 'data_de_referencia': 31122024.0}"
8e3ac45e-1bd9-5b21-af13-e475f438a9e9,c11b9579-45d1-58de-af90-2c8b6bc73152,236,table,b8bacbad-1126-5f59-bd3f-c70d0b65f0e2,cb6a55df-2ac4-588a-baa9-4db33ef9f6ba,Regionalizações da Meta,regionalizacoes_da_meta,table_row,"{'regiao': 'Região Norte', 'meta_prevista_para_2024': '-', 'meta_prevista_para_2025': '-', 'meta_prevista_para_2026': '-', 'meta_prevista_para_2027': '-', 'quantidade_alcancada__raw': '1.160', 'data_de_referencia__raw': '31/12/2024', 'sinalizacao_de_necessidade_de_revisao_proximo_exercicio': 'Não', 'notas_do_usuario': 'Não informado'}","{'quantidade_alcancada': 1160.0, 'data_de_referencia': 31122024.0}"
f08b2a1a-3642-5824-a94d-31e649945d64,c11b9579-45d1-58de-af90-2c8b6bc73152,236,table,b8bacbad-1126-5f59-bd3f-c70d0b65f0e2,cb6a55df-2ac4-588a-baa9-4db33ef9f6ba,Regionalizações da Meta,regionalizacoes_da_meta,table_row,"{'regiao': 'Região Sudeste', 'meta_prevista_para_2024': '-', 'meta_prevista_para_2025': '-', 'meta_prevista_para_2026': '-', 'meta_prevista_para_2027': '-', 'quantidade_alcancada__raw': '8.410', 'data_de_referencia__raw': '31/12/2024', 'sinalizacao_de_necessidade_de_revisao_proximo_exercicio': 'Não', 'notas_do_usuario': 'Não informado'}","{'quantidade_alcancada': 8410.0, 'data_de_referencia': 31122024.0}"
4a63e188-089a-54b6-83df-d7fbfa7c44ee,c11b9579-45d1-58de-af90-2c8b6bc73152,236,table,b8bacbad-1126-5f59-bd3f-c70d0b65f0e2,cb6a55df-2ac4-588a-baa9-4db33ef9f6ba,Regionalizações da Meta,regionalizacoes_da_meta,table_row,"{'regiao': 'Região Sul', 'meta_prevista_para_2024': '-', 'meta_prevista_para_2025': '-', 'meta_prevista_para_2026': '-', 'meta_prevista_para_2027': '-', 'quantidade_alcancada__raw': '2.250', 'data_de_referencia__raw': '31/12/2024', 'sinalizacao_de_necessidade_de_revisao_proximo_exercicio': 'Não', 'notas_do_usuario': 'Não informado'}","{'quantidade_alcancada': 2250.0, 'data_de_referencia': 31122024.0}"
abefbdc7-7855-5069-9215-a63bc0b19cbe,c11b9579-45d1-58de-af90-2c8b6bc73152,237,table,0cb4fdf2-4d2d-50c1-aaa1-234d6e94e699,a08d4910-0318-5acc-966e-e04f9bac9685,Informações do Monitoramento,informacoes_do_monitoramento,table_row,"{'regiao': 'Região Centro- Oeste', 'meta_prevista_para_2024': '-', 'meta_prevista_para_2025': '-', 'meta_prevista_para_2026': '-', 'meta_prevista_para_2027': '-', 'quantidade_alcancada__raw': '1.300', 'data_de_referencia__raw': '31/12/2024', 'sinalizacao_de_necessidade_de_revisao_proximo_exercicio': 'Não', 'notas_do_usuario': 'Não informado'}","{'quantidade_alcancada': 1300.0, 'data_de_referencia': 31122024.0}"
680e7615-ef31-5962-8efd-2d9696cc1925,c11b9579-45d1-58de-af90-2c8b6bc73152,237,table,0cb4fdf2-4d2d-50c1-aaa1-234d6e94e699,a08d4910-0318-5acc-966e-e04f9bac9685,Informações do Monitoramento,informacoes_do_monitoramento,table_row,"{'regiao': 'Região Nordeste', 'meta_prevista_para_2024': '-', 'meta_prevista_para_2025': '-', 'meta_prevista_para_2026': '-', 'meta_prevista_para_2027': '-', 'quantidade_alcancada__raw': '450', 'data_de_referencia__raw': '31/12/2024', 'sinalizacao_de_necessidade_de_revisao_proximo_exercicio': 'Não', 'notas_do_usuario': 'Não informado'}","{'quantidade_alcancada': 450.0, 'data_de_referencia': 31122024.0}"
2f3a545b-1ac0-54a3-981c-1d66ea1f223a,c11b9579-45d1-58de-af90-2c8b6bc73152,237,table,0cb4fdf2-4d2d-50c1-aaa1-234d6e94e699,a08d4910-0318-5acc-966e-e04f9bac9685,Informações do Monitoramento,informacoes_do_monitoramento,table_row,"{'regiao': 'Região Norte', 'meta_prevista_para_2024': '-', 'meta_prevista_para_2025': '-', 'meta_prevista_para_2026': '-', 'meta_prevista_para_2027': '-', 'quantidade_alcancada__raw': '200', 'data_de_referencia__raw': '31/12/2024', 'sinalizacao_de_necessidade_de_revisao_proximo_exercicio': 'Não', 'notas_do_usuario': 'Não informado'}","{'quantidade_alcancada': 200.0, 'data_de_referencia': 31122024.0}"
60e76934-34b5-5a1d-93bc-cb3e9ae593ed,c11b9579-45d1-58de-af90-2c8b6bc73152,237,table,0cb4fdf2-4d2d-50c1-aaa1-234d6e94e699,a08d4910-0318-5acc-966e-e04f9bac9685,Informações do Monitoramento,informacoes_do_monitoramento,table_row,"{'regiao': 'Região Sudeste', 'meta_prevista_para_2024': '-', 'meta_prevista_para_2025': '-', 'meta_prevista_para_2026': '-', 'meta_prevista_para_2027': '-', 'quantidade_alcancada__raw': '410', 'data_de_referencia__raw': '31/12/2024', 'sinalizacao_de_necessidade_de_revisao_proximo_exercicio': 'Não', 'notas_do_usuario': 'Não informado'}","{'quantidade_alcancada': 410.0, 'data_de_referencia': 31122024.0}"
3e60e3c0-0788-5ab4-9ad6-60581dab43f1,c11b9579-45d1-58de-af90-2c8b6bc73152,237,table,0cb4fdf2-4d2d-50c1-aaa1-234d6e94e699,a08d4910-0318-5acc-966e-e04f9bac9685,Informações do Monitoramento,informacoes_do_monitoramento,table_row,"{'regiao': 'Região Sul', 'meta_prevista_para_2024': '-', 'meta_prevista_para_2025': '-', 'meta_prevista_para_2026': '-', 'meta_prevista_para_2027': '-', 'quantidade_alcancada__raw': '300', 'data_de_referencia__raw': '31/12/2024', 'sinalizacao_de_necessidade_de_revisao_proximo_exercicio': 'Não', 'notas_do_usuario': 'Não informado'}","{'quantidade_alcancada': 300.0, 'data_de_referencia': 31122024.0}"
34c73097-3638-5d72-89b6-a7c9fbd4b144,c11b9579-45d1-58de-af90-2c8b6bc73152,239,table,0dee2199-a364-56bb-8b68-13824d7a8f8c,1286513f-035d-5df9-9319-a7679fd73ddf,Informações do Monitoramento,informacoes_do_monitoramento,table_row,"{'regiao': 'Região Centro- Oeste', 'meta_prevista_para_2024__raw': '229.291', 'meta_prevista_para_2025__raw': '311.809', 'meta_prevista_para_2026__raw': '412.896', 'meta_prevista_para_2027__raw': '521.850', 'quantidade_alcancada__raw': '158.232', 'data_de_referencia__raw': '31/12/2023', 'sinalizacao_de_necessidade_de_revisao_proximo_exercicio': 'Não', 'notas_do_usuario': 'Censo 2023.'}","{'meta_prevista_para_2024': 229291.0, 'meta_prevista_para_2025': 311809.0, 'meta_prevista_para_2026': 412896.0, 'meta_prevista_para_2027': 521850.0, 'quantidade_alcancada': 158232.0, 'data_de_referencia': 31122023.0}"
a40a171c-d4f9-5e8c-9471-4f3d39f4a799,c11b9579-45d1-58de-af90-2c8b6bc73152,239,table,0dee2199-a364-56bb-8b68-13824d7a8f8c,1286513f-035d-5df9-9319-a7679fd73ddf,Informações do Monitoramento,informacoes_do_monitoramento,table_row,"{'regiao': 'Região Nordeste', 'meta_prevista_para_2024__raw': '1.484.585', 'meta_prevista_para_2025__raw': '1.685.808', 'meta_prevista_para_2026__raw': '1.908.350', 'meta_prevista_para_2027__raw': '2.186.789', 'quantidade_alcancada__raw': '1.297.101', 'data_de_referencia__raw': '31/12/2023', 'sinalizacao_de_necessidade_de_revisao_proximo_exercicio': 'Não', 'notas_do_usuario': 'Censo 2023.'}","{'meta_prevista_para_2024': 1484585.0, 'meta_prevista_para_2025': 1685808.0, 'meta_prevista_para_2026': 1908350.0, 'meta_prevista_para_2027': 2186789.0, 'quantidade_alcancada': 1297101.0, 'data_de_referencia': 31122023.0}"
2d3b1de7-6d7d-50bd-b576-fd5f933d3244,c11b9579-45d1-58de-af90-2c8b6bc73152,239,table,0dee2199-a364-56bb-8b68-13824d7a8f8c,1286513f-035d-5df9-9319-a7679fd73ddf,Informações do Monitoramento,informacoes_do_monitoramento,table_row,"{'regiao': 'Região Norte', 'meta_prevista_para_2024__raw': '380.709', 'meta_prevista_para_2025__raw': '463.245', 'meta_prevista_para_2026__raw': '563.579', 'meta_prevista_para_2027__raw': '670.158', 'quantidade_alcancada__raw': '281.753', 'data_de_referencia__raw': '31/12/2023', 'sinalizacao_de_necessidade_de_revisao_proximo_exercicio': 'Não', 'notas_do_usuario': 'Censo 2023.'}","{'meta_prevista_para_2024': 380709.0, 'meta_prevista_para_2025': 463245.0, 'meta_prevista_para_2026': 563579.0, 'meta_prevista_para_2027': 670158.0, 'quantidade_alcancada': 281753.0, 'data_de_referencia': 31122023.0}"
91cb7abe-77b9-52ee-b2a2-c7d7a94c2087,c11b9579-45d1-58de-af90-2c8b6bc73152,239,table,0dee2199-a364-56bb-8b68-13824d7a8f8c,1286513f-035d-5df9-9319-a7679fd73ddf,Informações do Monitoramento,informacoes_do_monitoramento,table_row,"{'regiao': 'Região Sudeste', 'meta_prevista_para_2024__raw': '905.252', 'meta_prevista_para_2025__raw': '1.106.438', 'meta_prevista_para_2026__raw': '1.331.861', 'meta_prevista_para_2027__raw': '1.582.496', 'quantidade_alcancada__raw': '634.748', 'data_de_referencia__raw': '31/12/2023', 'sinalizacao_de_necessidade_de_revisao_proximo_exercicio': 'Não', 'notas_do_usuario': 'Censo 2023.'}","{'meta_prevista_para_2024': 905252.0, 'meta_prevista_para_2025': 1106438.0, 'meta_prevista_para_2026': 1331861.0, 'meta_prevista_para_2027': 1582496.0, 'quantidade_alcancada': 634748.0, 'data_de_referencia': 31122023.0}"
3b7b1452-ef0e-5fab-80b3-f03b7559911e,c11b9579-45d1-58de-af90-2c8b6bc73152,239,table,0dee2199-a364-56bb-8b68-13824d7a8f8c,1286513f-035d-5df9-9319-a7679fd73ddf,Informações do Monitoramento,informacoes_do_monitoramento,table_row,"{'regiao': 'Região Sul', 'meta_prevista_para_2024__raw': '324.592', 'meta_prevista_para_2025__raw': '407.128', 'meta_prevista_para_2026__raw': '507.742', 'meta_prevista_para_2027__raw': '616.325', 'quantidade_alcancada__raw': '217.981', 'data_de_referencia__raw': '31/12/2023', 'sinalizacao_de_necessidade_de_revisao_proximo_exercicio': 'Não', 'notas_do_usuario': 'Censo 2023.'}","{'meta_prevista_para_2024': 324592.0, 'meta_prevista_para_2025': 407128.0, 'meta_prevista_para_2026': 507742.0, 'meta_prevista_para_2027': 616325.0, 'quantidade_alcancada': 217981.0, 'data_de_referencia': 31122023.0}"
b477e0f2-30bd-5d1a-af5d-eb513e77b6b5,c11b9579-45d1-58de-af90-2c8b6bc73152,240,table,87f869b4-00b5-5cb1-9f3b-fd1424b13936,c2eb35e6-8b5e-52e4-af21-48e32b3e5295,Informações do Monitoramento,informacoes_do_monitoramento,table_row,"{'regiao': 'Região Centro- Oeste', 'meta_prevista_para_2024': '-', 'meta_prevista_para_2025': '-', 'meta_prevista_para_2026': '-', 'meta_prevista_para_2027': '-', 'quantidade_alcancada': '', 'data_de_referencia__raw': '0 31/12/2024', 'sinalizacao_de_necessidade_de_revisao_proximo_exercicio': 'Não', 'notas_do_usuario': 'Ajustado por Gestão PPA (CPRE/CGP/SPO/SE/MEC), conforme informações prestadas pela área finalística.'}",{'data_de_referencia': 31122024.0}
a8090cf7-50f7-54d2-bc8d-3d5182a284bf,c11b9579-45d1-58de-af90-2c8b6bc73152,241,table,e81b5587-4ae4-5df1-93ab-e3723b5c8301,8f4d4d10-987c-5a88-a8f0-f863491b1527,PROGRAMA: 5112 - EDUCAÇÃO PROFISSIONAL E TECNOLÓGICA QUE TRANSFORMA,programa_5112_educacao_profissional_e_tecnologica_que_transforma,table_row,"{'regiao_nordeste': '-', 'untitled': '-', 'untitled_2': '-', 'untitled_3': '-', '0__raw': '0', '31_12_2024__raw': '31/12/2024', 'nao': 'Não', 'ajustado_por_gestao_ppa_cpre_cgp_spo_se_mec_conforme_informacoes_prestadas_pela_area_finalistica': 'Região Norte (CPRE/CGP/SPO/SE/MEC), conforme informações prestadas pela área'}","{'0': 0.0, '31_12_2024': 31122024.0}"
c8be74e4-7cdd-5c77-a803-b5e0f174fd62,c11b9579-45d1-58de-af90-2c8b6bc73152,241,table,e81b5587-4ae4-5df1-93ab-e3723b5c8301,8f4d4d10-987c-5a88-a8f0-f863491b1527,PROGRAMA: 5112 - EDUCAÇÃO PROFISSIONAL E TECNOLÓGICA QUE TRANSFORMA,programa_5112_educacao_profissional_e_tecnologica_que_transforma,table_row,"{'regiao_nordeste': '-', 'untitled': '-', 'untitled_2': '-', 'untitled_3': '-', '0__raw': '0', '31_12_2024__raw': '31/12/2024', 'nao': 'Não', 'ajustado_por_gestao_ppa_cpre_cgp_spo_se_mec_conforme_informacoes_prestadas_pela_area_finalistica': 'Região Sudeste (CPRE/CGP/SPO/SE/MEC), conforme informações prestadas pela área'}","{'0': 0.0, '31_12_2024': 31122024.0}"
628318b3-a42e-5773-a262-8a93be38e724,c11b9579-45d1-58de-af90-2c8b6bc73152,241,table,e81b5587-4ae4-5df1-93ab-e3723b5c8301,8f4d4d10-987c-5a88-a8f0-f863491b1527,PROGRAMA: 5112 - EDUCAÇÃO PROFISSIONAL E TECNOLÓGICA QUE TRANSFORMA,programa_5112_educacao_profissional_e_tecnologica_que_transforma,table_row,"{'regiao_nordeste': '', 'untitled': '- -', 'untitled_2': '-', 'untitled_3': '-', '0__raw': '0', '31_12_2024__raw': '31/12/2024', 'nao': 'Não', 'ajustado_por_gestao_ppa_cpre_cgp_spo_se_mec_conforme_informacoes_prestadas_pela_area_finalistica': 'Região Sul (CPRE/CGP/SPO/SE/MEC), conforme informações prestadas pela área'}","{'0': 0.0, '31_12_2024': 31122024.0}"
2385a9dd-588f-5152-bd2c-3e736f00a296,c11b9579-45d1-58de-af90-2c8b6bc73152,243,table,5c7d20ef-4d2c-574c-812a-e329e4b279b5,b3d13c29-d3da-5a9a-ad57-4bd3307ef9f0,Informações do Monitoramento,informacoes_do_monitoramento,table_row,"{'regiao': 'Região Centro- Oeste', 'meta_prevista_para_2024__raw': '412.688', 'meta_prevista_para_2025__raw': '576.255', 'meta_prevista_para_2026__raw': '639.797', 'meta_prevista_para_2027__raw': '703.392', 'quantidade_alcancada__raw': '203.315', 'data_de_referencia__raw': '31/12/2023', 'sinalizacao_de_necessidade_de_revisao_proximo_exercicio': 'Não', 'notas_do_usuario': 'Preenchido por Unidade Orçamentária: Data/hora: 11/02/2025 18:22:08 Nome do usuário: Alessandra de Andrade Maneschy Ajustado por Gestão PPA (CPRE/CGP/SPO/SE/MEC)'}","{'meta_prevista_para_2024': 412688.0, 'meta_prevista_para_2025': 576255.0, 'meta_prevista_para_2026': 639797.0, 'meta_prevista_para_2027': 703392.0, 'quantidade_alcancada': 203315.0, 'data_de_referencia': 31122023.0}"
2f0628e8-59d0-5a0d-a534-6739e7902d75,c11b9579-45d1-58de-af90-2c8b6bc73152,243,table,5c7d20ef-4d2c-574c-812a-e329e4b279b5,b3d13c29-d3da-5a9a-ad57-4bd3307ef9f0,Informações do Monitoramento,informacoes_do_monitoramento,table_row,"{'regiao': 'Região Nordeste', 'meta_prevista_para_2024__raw': '1.134.256', 'meta_prevista_para_2025__raw': '1.410.686', 'meta_prevista_para_2026__raw': '1.587.116', 'meta_prevista_para_2027__raw': '1.763.544', 'quantidade_alcancada__raw': '876.800', 'data_de_referencia__raw': '31/12/2023', 'sinalizacao_de_necessidade_de_revisao_proximo_exercicio': 'Não', 'notas_do_usuario': 'Preenchido por Unidade Orçamentária: Data/hora: 11/02/2025 18:22:25 Nome do usuário: Alessandra de Andrade Maneschy Ajustado por Gestão PPA (CPRE/CGP/SPO/SE/MEC)'}","{'meta_prevista_para_2024': 1134256.0, 'meta_prevista_para_2025': 1410686.0, 'meta_prevista_para_2026': 1587116.0, 'meta_prevista_para_2027': 1763544.0, 'quantidade_alcancada': 876800.0, 'data_de_referencia': 31122023.0}"
f76ded49-dc43-5a72-9ebb-a3639e4b5292,c11b9579-45d1-58de-af90-2c8b6bc73152,243,table,5c7d20ef-4d2c-574c-812a-e329e4b279b5,b3d13c29-d3da-5a9a-ad57-4bd3307ef9f0,Informações do Monitoramento,informacoes_do_monitoramento,table_row,"{'regiao': 'Região Norte', 'meta_prevista_para_2024__raw': '418.018', 'meta_prevista_para_2025__raw': '582.842', 'meta_prevista_para_2026__raw': '647.667', 'meta_prevista_para_2027__raw': '712.492', 'quantidade_alcancada__raw': '346.077', 'data_de_referencia__raw': '31/12/2023', 'sinalizacao_de_necessidade_de_revisao_proximo_exercicio': 'Não', 'notas_do_usuario': 'Preenchido por Unidade Orçamentária: Data/hora: 11/02/2025 18:22:42 Nome do usuário: Alessandra de Andrade Maneschy Ajustado por Gestão PPA (CPRE/CGP/SPO/SE/MEC)'}","{'meta_prevista_para_2024': 418018.0, 'meta_prevista_para_2025': 582842.0, 'meta_prevista_para_2026': 647667.0, 'meta_prevista_para_2027': 712492.0, 'quantidade_alcancada': 346077.0, 'data_de_referencia': 31122023.0}"
45dec377-0d00-5fcf-a447-a3a34d84c267,c11b9579-45d1-58de-af90-2c8b6bc73152,243,table,5c7d20ef-4d2c-574c-812a-e329e4b279b5,b3d13c29-d3da-5a9a-ad57-4bd3307ef9f0,Informações do Monitoramento,informacoes_do_monitoramento,table_row,"{'regiao': 'Região Sudeste', 'meta_prevista_para_2024__raw': '2.101.875', 'meta_prevista_para_2025__raw': '2.522.320', 'meta_prevista_para_2026__raw': '2.842.763', 'meta_prevista_para_2027__raw': '3.163.207', 'quantidade_alcancada__raw': '1.280.048', 'data_de_referencia__raw': '31/12/2023', 'sinalizacao_de_necessidade_de_revisao_proximo_exercicio': 'Não', 'notas_do_usuario': 'Preenchido por Unidade Orçamentária: Data/hora: 11/02/2025 18:23:01 Nome do usuário: Alessandra de Andrade Maneschy Ajustado por Gestão PPA (CPRE/CGP/SPO/SE/MEC)'}","{'meta_prevista_para_2024': 2101875.0, 'meta_prevista_para_2025': 2522320.0, 'meta_prevista_para_2026': 2842763.0, 'meta_prevista_para_2027': 3163207.0, 'quantidade_alcancada': 1280048.0, 'data_de_referencia': 31122023.0}"
d61e2e2d-8d8b-5875-93dd-c0bf3bb75a18,c11b9579-45d1-58de-af90-2c8b6bc73152,243,table,5c7d20ef-4d2c-574c-812a-e329e4b279b5,b3d13c29-d3da-5a9a-ad57-4bd3307ef9f0,Informações do Monitoramento,informacoes_do_monitoramento,table_row,"{'regiao': 'Região Sul', 'meta_prevista_para_2024__raw': '811.571', 'meta_prevista_para_2025__raw': '1.036.305', 'meta_prevista_para_2026__raw': '1.161.038', 'meta_prevista_para_2027__raw': '1.285.773', 'quantidade_alcancada__raw': '491.432', 'data_de_referencia__raw': '31/12/2023', 'sinalizacao_de_necessidade_de_revisao_proximo_exercicio': 'Não', 'notas_do_usuario': 'Preenchido por Unidade Orçamentária: Data/hora: 11/02/2025 18:23:33 Nome do usuário: Alessandra de Andrade Maneschy'}","{'meta_prevista_para_2024': 811571.0, 'meta_prevista_para_2025': 1036305.0, 'meta_prevista_para_2026': 1161038.0, 'meta_prevista_para_2027': 1285773.0, 'quantidade_alcancada': 491432.0, 'data_de_referencia': 31122023.0}"
de91c46b-6d6b-5339-8f75-70ea6559b47d,c11b9579-45d1-58de-af90-2c8b6bc73152,244,table,c823972d-918b-56a4-b010-5a38410335b6,ab30a228-a941-5065-b2b9-2c1e585a1689,Informações do Monitoramento,informacoes_do_monitoramento,table_row,{'0': 'Ajustado por Gestão PPA (CPRE/CGP/SPO/SE/MEC).'},{}
677a3932-a54e-5b1e-9f69-f572d17475ca,c11b9579-45d1-58de-af90-2c8b6bc73152,244,table,589657a6-77e8-5104-9188-8f6c031932c8,ab30a228-a941-5065-b2b9-2c1e585a1689,Informações do Monitoramento,informacoes_do_monitoramento,table_row,"{'0': 'Região', '1': 'Meta prevista', '2': 'Meta prevista', '3': 'Meta prevista', '4': 'Meta prevista', '5': 'Quantidade alcançada', '6': 'Data de Referência', '7': 'Sinalização de necessidade de revisão -', '8': 'Notas do usuário'}",{}
baefe966-168b-54ba-b6c5-dce6dfa9f6ee,c11b9579-45d1-58de-af90-2c8b6bc73152,245,table,d0b53a1f-b859-5326-a731-903a15df8e4b,884e4806-3ab3-566d-aedc-727aa5a62cfe,Medida Institucional Normativa: 0548 - T. Ampliação das políticas afirmativas com impacto na oferta de EPT.,medida_institucional_normativa_0548_t_ampliacao_das_politicas_afirmativas_com_impacto_na_oferta_de_ept,table_row,"{'column_1': 'Região Centro- Oeste', 'para_2024__raw': '27.494', 'para_2025__raw': '54.988', 'para_2026__raw': '82.481', 'para_2027__raw': '109.975', 'column_6__raw': '2.313', 'column_7__raw': '31/12/2023', 'proximo_exercicio': 'Não', 'column_9': 'Campo de uso interno da Gestão PPA (CGP/SPO/SE/MEC).'}","{'para_2024': 27494.0, 'para_2025': 54988.0, 'para_2026': 82481.0, 'para_2027': 109975.0, 'column_6': 2313.0, 'column_7': 31122023.0}"
ea5b659f-dd2e-5a36-869c-fde9c585d49b,c11b9579-45d1-58de-af90-2c8b6bc73152,245,table,d0b53a1f-b859-5326-a731-903a15df8e4b,884e4806-3ab3-566d-aedc-727aa5a62cfe,Medida Institucional Normativa: 0548 - T. Ampliação das políticas afirmativas com impacto na oferta de EPT.,medida_institucional_normativa_0548_t_ampliacao_das_politicas_afirmativas_com_impacto_na_oferta_de_ept,table_row,"{'column_1': 'Região Nordeste', 'para_2024__raw': '85.782', 'para_2025__raw': '171.563', 'para_2026__raw': '257.345', 'para_2027__raw': '343.127', 'column_6__raw': '100.729', 'column_7__raw': '31/12/2023', 'proximo_exercicio': 'Não', 'column_9': 'Campo de uso interno da Gestão PPA (CGP/SPO/SE/MEC).'}","{'para_2024': 85782.0, 'para_2025': 171563.0, 'para_2026': 257345.0, 'para_2027': 343127.0, 'column_6': 100729.0, 'column_7': 31122023.0}"
30f1445a-ee7d-5c3e-b18d-040dd01b9ae3,c11b9579-45d1-58de-af90-2c8b6bc73152,245,table,d0b53a1f-b859-5326-a731-903a15df8e4b,884e4806-3ab3-566d-aedc-727aa5a62cfe,Medida Institucional Normativa: 0548 - T. Ampliação das políticas afirmativas com impacto na oferta de EPT.,medida_institucional_normativa_0548_t_ampliacao_das_politicas_afirmativas_com_impacto_na_oferta_de_ept,table_row,"{'column_1': 'Região Norte', 'para_2024__raw': '30.445', 'para_2025__raw': '60.890', 'para_2026__raw': '91.336', 'para_2027__raw': '121.781', 'column_6__raw': '4.533', 'column_7__raw': '31/12/2023', 'proximo_exercicio': 'Não', 'column_9': 'Campo de uso interno da Gestão PPA (CGP/SPO/SE/MEC).'}","{'para_2024': 30445.0, 'para_2025': 60890.0, 'para_2026': 91336.0, 'para_2027': 121781.0, 'column_6': 4533.0, 'column_7': 31122023.0}"
e1b67f82-49c7-5246-874b-53d2cf1d218a,c11b9579-45d1-58de-af90-2c8b6bc73152,245,table,d0b53a1f-b859-5326-a731-903a15df8e4b,884e4806-3ab3-566d-aedc-727aa5a62cfe,Medida Institucional Normativa: 0548 - T. Ampliação das políticas afirmativas com impacto na oferta de EPT.,medida_institucional_normativa_0548_t_ampliacao_das_politicas_afirmativas_com_impacto_na_oferta_de_ept,table_row,"{'column_1': 'Região Sudeste', 'para_2024__raw': '120.252', 'para_2025__raw': '240.504', 'para_2026__raw': '360.756', 'para_2027__raw': '481.008', 'column_6__raw': '7.645', 'column_7__raw': '31/12/2023', 'proximo_exercicio': 'Não', 'column_9': 'Campo de uso interno da Gestão PPA (CGP/SPO/SE/MEC).'}","{'para_2024': 120252.0, 'para_2025': 240504.0, 'para_2026': 360756.0, 'para_2027': 481008.0, 'column_6': 7645.0, 'column_7': 31122023.0}"
3e245afc-5840-58d4-bc65-352e88abfd4b,c11b9579-45d1-58de-af90-2c8b6bc73152,245,table,d0b53a1f-b859-5326-a731-903a15df8e4b,884e4806-3ab3-566d-aedc-727aa5a62cfe,Medida Institucional Normativa: 0548 - T. Ampliação das políticas afirmativas com impacto na oferta de EPT.,medida_institucional_normativa_0548_t_ampliacao_das_politicas_afirmativas_com_impacto_na_oferta_de_ept,table_row,"{'column_1': 'Região Sul', 'para_2024__raw': '52.422', 'para_2025__raw': '104.844', 'para_2026__raw': '157.266', 'para_2027__raw': '209.688', 'column_6__raw': '6.307', 'column_7__raw': '31/12/2023', 'proximo_exercicio': 'Não', 'column_9': 'Campo de uso interno da Gestão PPA (CGP/SPO/SE/MEC).'}","{'para_2024': 52422.0, 'para_2025': 104844.0, 'para_2026': 157266.0, 'para_2027': 209688.0, 'column_6': 6307.0, 'column_7': 31122023.0}"
848d13a7-3f87-57d2-8c2f-44dfb6d091b8,c11b9579-45d1-58de-af90-2c8b6bc73152,247,table,9cac847b-b973-5e4e-b98a-a633ec086516,4e9b2d57-844d-57c5-8d80-914f027cfed5,Informações do Monitoramento,informacoes_do_monitoramento,table_row,"{'regiao': 'Região Centro- Oeste', 'meta_prevista_para_2024__raw': '46,3', 'meta_prevista_para_2025__raw': '47,7', 'meta_prevista_para_2026__raw': '49,1', 'meta_prevista_para_2027__raw': '50,6', 'quantidade_alcancada__raw': '47,1', 'data_de_referencia__raw': '31/12/2023', 'sinalizacao_de_necessidade_de_revisao_proximo_exercicio': 'Não', 'notas_do_usuario': 'Valores de 2024 indisponíveis. Os resultados informados são de 2023. Dados disponíveis no Relatório de Monitoramento do PNE, indicador 12A, data de referência: 31/12/2023'}","{'meta_prevista_para_2024': 46.3, 'meta_prevista_para_2025': 47.7, 'meta_prevista_para_2026': 49.1, 'meta_prevista_para_2027': 50.6, 'quantidade_alcancada': 47.1, 'data_de_referencia': 31122023.0}"
16eeb0cc-214b-509b-b4ec-36c53e38d8a8,c11b9579-45d1-58de-af90-2c8b6bc73152,247,table,9cac847b-b973-5e4e-b98a-a633ec086516,4e9b2d57-844d-57c5-8d80-914f027cfed5,Informações do Monitoramento,informacoes_do_monitoramento,table_row,"{'regiao': 'Região Nordeste', 'meta_prevista_para_2024__raw': '30,4', 'meta_prevista_para_2025__raw': '31,5', 'meta_prevista_para_2026__raw': '32,7', 'meta_prevista_para_2027__raw': '33,9', 'quantidade_alcancada__raw': '32', 'data_de_referencia__raw': '31/12/2023', 'sinalizacao_de_necessidade_de_revisao_proximo_exercicio': 'Não', 'notas_do_usuario': 'Valores de 2024 indisponíveis. Os resultados informados são de 2023. Dados disponíveis no Relatório de Monitoramento do PNE, indicador 12A, data de referência: 31/12/2023'}","{'meta_prevista_para_2024': 30.4, 'meta_prevista_para_2025': 31.5, 'meta_prevista_para_2026': 32.7, 'meta_prevista_para_2027': 33.9, 'quantidade_alcancada': 32.0, 'data_de_referencia': 31122023.0}"
29155dc3-a7ad-5317-ae45-6b22a3550c36,c11b9579-45d1-58de-af90-2c8b6bc73152,247,table,9cac847b-b973-5e4e-b98a-a633ec086516,4e9b2d57-844d-57c5-8d80-914f027cfed5,Informações do Monitoramento,informacoes_do_monitoramento,table_row,"{'regiao': 'Região Norte', 'meta_prevista_para_2024__raw': '35,7', 'meta_prevista_para_2025__raw': '37,1', 'meta_prevista_para_2026__raw': '38,5', 'meta_prevista_para_2027__raw': '40,1', 'quantidade_alcancada__raw': '34,4', 'data_de_referencia__raw': '31/12/2023', 'sinalizacao_de_necessidade_de_revisao_proximo_exercicio': 'Não', 'notas_do_usuario': 'Valores de 2024 indisponíveis. Os resultados informados são de 2023. Dados disponíveis no Relatório de Monitoramento do PNE, indicador 12A, data de referência: 31/12/2023'}","{'meta_prevista_para_2024': 35.7, 'meta_prevista_para_2025': 37.1, 'meta_prevista_para_2026': 38.5, 'meta_prevista_para_2027': 40.1, 'quantidade_alcancada': 34.4, 'data_de_referencia': 31122023.0}"
861372ef-1856-5a84-bfde-1bc53b726f04,c11b9579-45d1-58de-af90-2c8b6bc73152,247,table,9cac847b-b973-5e4e-b98a-a633ec086516,4e9b2d57-844d-57c5-8d80-914f027cfed5,Informações do Monitoramento,informacoes_do_monitoramento,table_row,"{'regiao': 'Região Sudeste', 'meta_prevista_para_2024__raw': '42,8', 'meta_prevista_para_2025__raw': '43,7', 'meta_prevista_para_2026__raw': '44,6', 'meta_prevista_para_2027__raw': '45,6', 'quantidade_alcancada__raw': '44,4', 'data_de_referencia__raw': '31/12/2023', 'sinalizacao_de_necessidade_de_revisao_proximo_exercicio': 'Não', 'notas_do_usuario': 'Valores de 2024 indisponíveis. Os resultados informados são de 2023. Dados disponíveis no'}","{'meta_prevista_para_2024': 42.8, 'meta_prevista_para_2025': 43.7, 'meta_prevista_para_2026': 44.6, 'meta_prevista_para_2027': 45.6, 'quantidade_alcancada': 44.4, 'data_de_referencia': 31122023.0}"
464c99e2-e131-54f7-9074-c3b1e240fb0f,c11b9579-45d1-58de-af90-2c8b6bc73152,248,table,4b88998f-c069-5823-9f35-acf928ee6747,649cee74-ffa2-5999-851f-6d25dbac74ee,Desagregação da Meta,desagregacao_da_meta,table_row,"{'column_1': 'Região Sul', 'column_2__raw': '47,4', 'column_3__raw': '47,9', 'column_4__raw': '48,4', 'column_5__raw': '49', 'column_6__raw': '47,7', 'column_7__raw': '31/12/2023', 'column_8': 'Não', 'relatorio_de_monitoramento_do_pne_indicador_12a_data_de_referencia_31_12_2023': 'Valores de 2024 indisponíveis. Os resultados informados são de 2023. Dados disponíveis no Relatório de Monitoramento do PNE, indicador 12A, data de referência: 31/12/2023'}","{'column_2': 47.4, 'column_3': 47.9, 'column_4': 48.4, 'column_5': 49.0, 'column_6': 47.7, 'column_7': 31122023.0}"
f8e53337-f7ac-5ee7-b4c4-24287ff22efc,c11b9579-45d1-58de-af90-2c8b6bc73152,248,table,374c92a7-f504-5dbe-976c-6054a9c4abeb,649cee74-ffa2-5999-851f-6d25dbac74ee,Desagregação da Meta,desagregacao_da_meta,table_row,"{'publico': 'População Negra', 'meta_prevista_para_2024__raw': '31,8', 'meta_prevista_para_2025__raw': '33,4', 'meta_prevista_para_2026__raw': '35,1', 'meta_prevista_para_2027__raw': '36,9', 'quantidade_alcancada__raw': '32,6', 'data_de_referencia__raw': '31/12/2023', 'sinalizacao_de_necessidade_de_revisao_proximo_exercicio': 'Não', 'notas_do_usuario': 'Preenchido por Unidade Orçamentária: Data/hora: 03/02/2025 15:40:49 Nome do usuário: Luciana Alves de Azevedo Ajustado por Gestão PPA (CPRE/CGP/SPO/SE/MEC), conforme informações prestadas pelas áreas finalísticas para a PCPR e o Relatório de Gestão, exercício 2024.'}","{'meta_prevista_para_2024': 31.8, 'meta_prevista_para_2025': 33.4, 'meta_prevista_para_2026': 35.1, 'meta_prevista_para_2027': 36.9, 'quantidade_alcancada': 32.6, 'data_de_referencia': 31122023.0}"
060f76aa-a668-5c94-992b-127f4d42422a,c11b9579-45d1-58de-af90-2c8b6bc73152,249,table,de2ca834-ec36-57ce-b4fb-c88ce03dbacc,cebc320d-a04f-52b5-81cb-a3817454d713,Entrega: 0777 - Aumento do número de contratos de financiamento estudantil (FIES),entrega_0777_aumento_do_numero_de_contratos_de_financiamento_estudantil_fies,table_row,"{'regiao': 'Região Centro- Oeste', 'meta_prevista_para_2024__raw': '64', 'meta_prevista_para_2025__raw': '66', 'meta_prevista_para_2026__raw': '69', 'meta_prevista_para_2027__raw': '72', 'quantidade_alcancada__raw': '56', 'data_de_referencia__raw': '31/12/2024', 'sinalizacao_de_necessidade_de_revisao_proximo_exercicio': 'Não', 'notas_do_usuario': 'Não informado'}","{'meta_prevista_para_2024': 64.0, 'meta_prevista_para_2025': 66.0, 'meta_prevista_para_2026': 69.0, 'meta_prevista_para_2027': 72.0, 'quantidade_alcancada': 56.0, 'data_de_referencia': 31122024.0}"
bd6ab945-a1e5-54bb-87cd-7c19ac4851c4,c11b9579-45d1-58de-af90-2c8b6bc73152,249,table,de2ca834-ec36-57ce-b4fb-c88ce03dbacc,cebc320d-a04f-52b5-81cb-a3817454d713,Entrega: 0777 - Aumento do número de contratos de financiamento estudantil (FIES),entrega_0777_aumento_do_numero_de_contratos_de_financiamento_estudantil_fies,table_row,"{'regiao': 'Região Nordeste', 'meta_prevista_para_2024__raw': '79', 'meta_prevista_para_2025__raw': '82', 'meta_prevista_para_2026__raw': '85', 'meta_prevista_para_2027__raw': '89', 'quantidade_alcancada__raw': '74', 'data_de_referencia__raw': '31/12/2024', 'sinalizacao_de_necessidade_de_revisao_proximo_exercicio': 'Não', 'notas_do_usuario': 'Não informado'}","{'meta_prevista_para_2024': 79.0, 'meta_prevista_para_2025': 82.0, 'meta_prevista_para_2026': 85.0, 'meta_prevista_para_2027': 89.0, 'quantidade_alcancada': 74.0, 'data_de_referencia': 31122024.0}"
47fe3f31-fa7e-5991-99c6-868fb42d079a,c11b9579-45d1-58de-af90-2c8b6bc73152,249,table,de2ca834-ec36-57ce-b4fb-c88ce03dbacc,cebc320d-a04f-52b5-81cb-a3817454d713,Entrega: 0777 - Aumento do número de contratos de financiamento estudantil (FIES),entrega_0777_aumento_do_numero_de_contratos_de_financiamento_estudantil_fies,table_row,"{'regiao': 'Região Norte', 'meta_prevista_para_2024__raw': '80', 'meta_prevista_para_2025__raw': '83', 'meta_prevista_para_2026__raw': '87', 'meta_prevista_para_2027__raw': '90', 'quantidade_alcancada__raw': '83', 'data_de_referencia__raw': '31/12/2024', 'sinalizacao_de_necessidade_de_revisao_proximo_exercicio': 'Não', 'notas_do_usuario': 'Não informado'}","{'meta_prevista_para_2024': 80.0, 'meta_prevista_para_2025': 83.0, 'meta_prevista_para_2026': 87.0, 'meta_prevista_para_2027': 90.0, 'quantidade_alcancada': 83.0, 'data_de_referencia': 31122024.0}"
e6161eef-d05b-5f4b-a2bd-b7790a870cbb,c11b9579-45d1-58de-af90-2c8b6bc73152,249,table,de2ca834-ec36-57ce-b4fb-c88ce03dbacc,cebc320d-a04f-52b5-81cb-a3817454d713,Entrega: 0777 - Aumento do número de contratos de financiamento estudantil (FIES),entrega_0777_aumento_do_numero_de_contratos_de_financiamento_estudantil_fies,table_row,"{'regiao': 'Região Sudeste', 'meta_prevista_para_2024__raw': '89', 'meta_prevista_para_2025__raw': '92', 'meta_prevista_para_2026__raw': '96', 'meta_prevista_para_2027__raw': '100', 'quantidade_alcancada__raw': '84', 'data_de_referencia__raw': '31/12/2024', 'sinalizacao_de_necessidade_de_revisao_proximo_exercicio': 'Não', 'notas_do_usuario': 'Não informado'}","{'meta_prevista_para_2024': 89.0, 'meta_prevista_para_2025': 92.0, 'meta_prevista_para_2026': 96.0, 'meta_prevista_para_2027': 100.0, 'quantidade_alcancada': 84.0, 'data_de_referencia': 31122024.0}"
0ebd1be3-b610-5433-8e7f-519dbcc7b483,c11b9579-45d1-58de-af90-2c8b6bc73152,249,table,de2ca834-ec36-57ce-b4fb-c88ce03dbacc,cebc320d-a04f-52b5-81cb-a3817454d713,Entrega: 0777 - Aumento do número de contratos de financiamento estudantil (FIES),entrega_0777_aumento_do_numero_de_contratos_de_financiamento_estudantil_fies,table_row,"{'regiao': 'Região Sul', 'meta_prevista_para_2024__raw': '61', 'meta_prevista_para_2025__raw': '63', 'meta_prevista_para_2026__raw': '66', 'meta_prevista_para_2027__raw': '68', 'quantidade_alcancada__raw': '64', 'data_de_referencia__raw': '31/12/2024', 'sinalizacao_de_necessidade_de_revisao_proximo_exercicio': 'Não', 'notas_do_usuario': 'Não informado'}","{'meta_prevista_para_2024': 61.0, 'meta_prevista_para_2025': 63.0, 'meta_prevista_para_2026': 66.0, 'meta_prevista_para_2027': 68.0, 'quantidade_alcancada': 64.0, 'data_de_referencia': 31122024.0}"
6fadee03-351e-5702-afc7-60c8c9b0d3ed,c11b9579-45d1-58de-af90-2c8b6bc73152,250,table,482decfb-ee78-5ea0-bbb9-ad2915b62a89,a3bf70d4-9b43-5369-b0ba-f1b6c4009f72,Informações do Monitoramento,informacoes_do_monitoramento,table_row,"{'regiao': 'Região Centro- Oeste', 'meta_prevista_para_2024__raw': '3.798', 'meta_prevista_para_2025__raw': '4.178', 'meta_prevista_para_2026__raw': '4.596', 'meta_prevista_para_2027__raw': '5.055', 'quantidade_alcancada__raw': '2.146', 'data_de_referencia__raw': '31/12/2024', 'sinalizacao_de_necessidade_de_revisao_proximo_exercicio': 'Não', 'notas_do_usuario': 'Fonte: Sisfies'}","{'meta_prevista_para_2024': 3798.0, 'meta_prevista_para_2025': 4178.0, 'meta_prevista_para_2026': 4596.0, 'meta_prevista_para_2027': 5055.0, 'quantidade_alcancada': 2146.0, 'data_de_referencia': 31122024.0}"
5cefd3ab-a278-545f-bef1-5b0b2715a054,c11b9579-45d1-58de-af90-2c8b6bc73152,250,table,482decfb-ee78-5ea0-bbb9-ad2915b62a89,a3bf70d4-9b43-5369-b0ba-f1b6c4009f72,Informações do Monitoramento,informacoes_do_monitoramento,table_row,"{'regiao': 'Região Nordeste', 'meta_prevista_para_2024__raw': '28.976', 'meta_prevista_para_2025__raw': '31.873', 'meta_prevista_para_2026__raw': '35.061', 'meta_prevista_para_2027__raw': '38.567', 'quantidade_alcancada__raw': '23.834', 'data_de_referencia__raw': '31/12/2024', 'sinalizacao_de_necessidade_de_revisao_proximo_exercicio': 'Não', 'notas_do_usuario': 'Fonte: Sisfies'}","{'meta_prevista_para_2024': 28976.0, 'meta_prevista_para_2025': 31873.0, 'meta_prevista_para_2026': 35061.0, 'meta_prevista_para_2027': 38567.0, 'quantidade_alcancada': 23834.0, 'data_de_referencia': 31122024.0}"
3adbe091-1efd-5d78-a290-015a523e075a,c11b9579-45d1-58de-af90-2c8b6bc73152,250,table,482decfb-ee78-5ea0-bbb9-ad2915b62a89,a3bf70d4-9b43-5369-b0ba-f1b6c4009f72,Informações do Monitoramento,informacoes_do_monitoramento,table_row,"{'regiao': 'Região Norte', 'meta_prevista_para_2024__raw': '7.408', 'meta_prevista_para_2025__raw': '8.148', 'meta_prevista_para_2026__raw': '8.963', 'meta_prevista_para_2027__raw': '9.860', 'quantidade_alcancada__raw': '5.110', 'data_de_referencia__raw': '31/12/2024', 'sinalizacao_de_necessidade_de_revisao_proximo_exercicio': 'Não', 'notas_do_usuario': 'Fonte: Sisfies'}","{'meta_prevista_para_2024': 7408.0, 'meta_prevista_para_2025': 8148.0, 'meta_prevista_para_2026': 8963.0, 'meta_prevista_para_2027': 9860.0, 'quantidade_alcancada': 5110.0, 'data_de_referencia': 31122024.0}"
9a47d454-3409-5e89-bb7e-d24f931de3e3,c11b9579-45d1-58de-af90-2c8b6bc73152,250,table,482decfb-ee78-5ea0-bbb9-ad2915b62a89,a3bf70d4-9b43-5369-b0ba-f1b6c4009f72,Informações do Monitoramento,informacoes_do_monitoramento,table_row,"{'regiao': 'Região Sudeste', 'meta_prevista_para_2024__raw': '16.489', 'meta_prevista_para_2025__raw': '18.138', 'meta_prevista_para_2026__raw': '19.951', 'meta_prevista_para_2027__raw': '21.946', 'quantidade_alcancada__raw': '10.607', 'data_de_referencia__raw': '31/12/2024', 'sinalizacao_de_necessidade_de_revisao_proximo_exercicio': 'Não', 'notas_do_usuario': 'Fonte: Sisfies'}","{'meta_prevista_para_2024': 16489.0, 'meta_prevista_para_2025': 18138.0, 'meta_prevista_para_2026': 19951.0, 'meta_prevista_para_2027': 21946.0, 'quantidade_alcancada': 10607.0, 'data_de_referencia': 31122024.0}"
bc641f7b-27ae-5057-a9ea-991b8d15ce69,c11b9579-45d1-58de-af90-2c8b6bc73152,250,table,482decfb-ee78-5ea0-bbb9-ad2915b62a89,a3bf70d4-9b43-5369-b0ba-f1b6c4009f72,Informações do Monitoramento,informacoes_do_monitoramento,table_row,"{'regiao': 'Região Sul', 'meta_prevista_para_2024__raw': '4.940', 'meta_prevista_para_2025__raw': '5.434', 'meta_prevista_para_2026__raw': '5.978', 'meta_prevista_para_2027__raw': '6.576', 'quantidade_alcancada__raw': '2.153', 'data_de_referencia__raw': '31/12/2024', 'sinalizacao_de_necessidade_de_revisao_proximo_exercicio': 'Não', 'notas_do_usuario': 'Fonte: Sisfies'}","{'meta_prevista_para_2024': 4940.0, 'meta_prevista_para_2025': 5434.0, 'meta_prevista_para_2026': 5978.0, 'meta_prevista_para_2027': 6576.0, 'quantidade_alcancada': 2153.0, 'data_de_referencia': 31122024.0}"
79f5f5ab-040e-5503-ba3a-5862162a4f43,c11b9579-45d1-58de-af90-2c8b6bc73152,251,table,941efc74-178a-5061-8ee2-833ff7a7df89,22a86dbb-4d87-57f7-925f-d51e6e5057bd,Informações do Monitoramento,informacoes_do_monitoramento,table_row,"{'regiao': 'Região Centro- Oeste', 'meta_prevista_para_2024__raw': '25', 'meta_prevista_para_2025__raw': '26', 'meta_prevista_para_2026__raw': '28', 'meta_prevista_para_2027__raw': '29', 'quantidade_alcancada__raw': '30', 'data_de_referencia__raw': '31/12/2024', 'sinalizacao_de_necessidade_de_revisao_proximo_exercicio': 'Não', 'notas_do_usuario': 'Fonte: Sisprouni'}","{'meta_prevista_para_2024': 25.0, 'meta_prevista_para_2025': 26.0, 'meta_prevista_para_2026': 28.0, 'meta_prevista_para_2027': 29.0, 'quantidade_alcancada': 30.0, 'data_de_referencia': 31122024.0}"
bcb13bad-9294-59b4-82ff-03fd17f83699,c11b9579-45d1-58de-af90-2c8b6bc73152,251,table,941efc74-178a-5061-8ee2-833ff7a7df89,22a86dbb-4d87-57f7-925f-d51e6e5057bd,Informações do Monitoramento,informacoes_do_monitoramento,table_row,"{'regiao': 'Região Nordeste', 'meta_prevista_para_2024__raw': '37', 'meta_prevista_para_2025__raw': '39', 'meta_prevista_para_2026__raw': '41', 'meta_prevista_para_2027__raw': '43', 'quantidade_alcancada__raw': '47', 'data_de_referencia__raw': '31/12/2024', 'sinalizacao_de_necessidade_de_revisao_proximo_exercicio': 'Não', 'notas_do_usuario': 'Fonte: Sisprouni'}","{'meta_prevista_para_2024': 37.0, 'meta_prevista_para_2025': 39.0, 'meta_prevista_para_2026': 41.0, 'meta_prevista_para_2027': 43.0, 'quantidade_alcancada': 47.0, 'data_de_referencia': 31122024.0}"
bb515ac6-2357-5972-943d-9fe84381b3d2,c11b9579-45d1-58de-af90-2c8b6bc73152,251,table,941efc74-178a-5061-8ee2-833ff7a7df89,22a86dbb-4d87-57f7-925f-d51e6e5057bd,Informações do Monitoramento,informacoes_do_monitoramento,table_row,"{'regiao': 'Região Norte', 'meta_prevista_para_2024__raw': '41', 'meta_prevista_para_2025__raw': '43', 'meta_prevista_para_2026__raw': '45', 'meta_prevista_para_2027__raw': '47', 'quantidade_alcancada__raw': '22', 'data_de_referencia__raw': '31/12/2024', 'sinalizacao_de_necessidade_de_revisao_proximo_exercicio': 'Não', 'notas_do_usuario': 'Fonte: Sisprouni'}","{'meta_prevista_para_2024': 41.0, 'meta_prevista_para_2025': 43.0, 'meta_prevista_para_2026': 45.0, 'meta_prevista_para_2027': 47.0, 'quantidade_alcancada': 22.0, 'data_de_referencia': 31122024.0}"
0521e8fa-ddcf-5c8b-8086-053bb93d0c30,c11b9579-45d1-58de-af90-2c8b6bc73152,251,table,941efc74-178a-5061-8ee2-833ff7a7df89,22a86dbb-4d87-57f7-925f-d51e6e5057bd,Informações do Monitoramento,informacoes_do_monitoramento,table_row,"{'regiao': 'Região Sudeste', 'meta_prevista_para_2024__raw': '38', 'meta_prevista_para_2025__raw': '40', 'meta_prevista_para_2026__raw': '42', 'meta_prevista_para_2027__raw': '44', 'quantidade_alcancada__raw': '32', 'data_de_referencia__raw': '31/12/2024', 'sinalizacao_de_necessidade_de_revisao_proximo_exercicio': 'Não', 'notas_do_usuario': 'Fonte: Sisprouni'}","{'meta_prevista_para_2024': 38.0, 'meta_prevista_para_2025': 40.0, 'meta_prevista_para_2026': 42.0, 'meta_prevista_para_2027': 44.0, 'quantidade_alcancada': 32.0, 'data_de_referencia': 31122024.0}"
b9947762-232c-50e8-a9fd-1226d3e0b33d,c11b9579-45d1-58de-af90-2c8b6bc73152,251,table,941efc74-178a-5061-8ee2-833ff7a7df89,22a86dbb-4d87-57f7-925f-d51e6e5057bd,Informações do Monitoramento,informacoes_do_monitoramento,table_row,"{'regiao': 'Região Sul', 'meta_prevista_para_2024__raw': '28', 'meta_prevista_para_2025__raw': '29', 'meta_prevista_para_2026__raw': '31', 'meta_prevista_para_2027__raw': '32', 'quantidade_alcancada__raw': '27', 'data_de_referencia__raw': '31/12/2024', 'sinalizacao_de_necessidade_de_revisao_proximo_exercicio': 'Não', 'notas_do_usuario': 'Fonte: Sisprouni'}","{'meta_prevista_para_2024': 28.0, 'meta_prevista_para_2025': 29.0, 'meta_prevista_para_2026': 31.0, 'meta_prevista_para_2027': 32.0, 'quantidade_alcancada': 27.0, 'data_de_referencia': 31122024.0}"
835fa2b3-482d-56ac-8103-f54a78c132e2,c11b9579-45d1-58de-af90-2c8b6bc73152,252,table,0efece19-d381-5f3f-be16-9c29dd5cb0b6,83be2075-1c7d-5133-9792-9b3ab4b5ea66,Informações do Monitoramento,informacoes_do_monitoramento,table_row,{'0': 'Órgão Responsável: 26000 - Ministério da Educação'},{}
ca41d94e-2c90-5be0-923c-3f782a46f107,c11b9579-45d1-58de-af90-2c8b6bc73152,254,table,035c3522-5687-5a61-9d27-616c79babc8f,a8dc8ef1-b6c4-5e9e-93ca-c6706c15efca,Regionalizações da Meta,regionalizacoes_da_meta,table_row,"{'regiao': 'Região Centro- Oeste', 'meta_prevista_para_2024__raw': '2.860', 'meta_prevista_para_2025__raw': '3.120', 'meta_prevista_para_2026__raw': '3.120', 'meta_prevista_para_2027__raw': '3.120', 'quantidade_alcancada__raw': '2.191', 'data_de_referencia__raw': '10/01/2025', 'sinalizacao_de_necessidade_de_revisao_proximo_exercicio': 'Não', 'notas_do_usuario': 'Não informado'}","{'meta_prevista_para_2024': 2860.0, 'meta_prevista_para_2025': 3120.0, 'meta_prevista_para_2026': 3120.0, 'meta_prevista_para_2027': 3120.0, 'quantidade_alcancada': 2191.0, 'data_de_referencia': 10012025.0}"
2b564184-29c4-5b00-ac6d-9267dba0b828,c11b9579-45d1-58de-af90-2c8b6bc73152,254,table,035c3522-5687-5a61-9d27-616c79babc8f,a8dc8ef1-b6c4-5e9e-93ca-c6706c15efca,Regionalizações da Meta,regionalizacoes_da_meta,table_row,"{'regiao': 'Região Nordeste', 'meta_prevista_para_2024__raw': '6.380', 'meta_prevista_para_2025__raw': '6.960', 'meta_prevista_para_2026__raw': '6.960', 'meta_prevista_para_2027__raw': '6.960', 'quantidade_alcancada__raw': '4.572', 'data_de_referencia__raw': '10/01/2025', 'sinalizacao_de_necessidade_de_revisao_proximo_exercicio': 'Não', 'notas_do_usuario': 'Não informado'}","{'meta_prevista_para_2024': 6380.0, 'meta_prevista_para_2025': 6960.0, 'meta_prevista_para_2026': 6960.0, 'meta_prevista_para_2027': 6960.0, 'quantidade_alcancada': 4572.0, 'data_de_referencia': 10012025.0}"
4cfd648b-5c8b-58d7-b8b2-039abe30a7ca,c11b9579-45d1-58de-af90-2c8b6bc73152,254,table,035c3522-5687-5a61-9d27-616c79babc8f,a8dc8ef1-b6c4-5e9e-93ca-c6706c15efca,Regionalizações da Meta,regionalizacoes_da_meta,table_row,"{'regiao': 'Região Norte', 'meta_prevista_para_2024__raw': '9.460', 'meta_prevista_para_2025__raw': '10.320', 'meta_prevista_para_2026__raw': '10.320', 'meta_prevista_para_2027__raw': '10.320', 'quantidade_alcancada__raw': '8.067', 'data_de_referencia__raw': '10/01/2025', 'sinalizacao_de_necessidade_de_revisao_proximo_exercicio': 'Não', 'notas_do_usuario': 'Não informado'}","{'meta_prevista_para_2024': 9460.0, 'meta_prevista_para_2025': 10320.0, 'meta_prevista_para_2026': 10320.0, 'meta_prevista_para_2027': 10320.0, 'quantidade_alcancada': 8067.0, 'data_de_referencia': 10012025.0}"
2536473c-efe0-594a-9d6b-d5776c35e19d,c11b9579-45d1-58de-af90-2c8b6bc73152,254,table,035c3522-5687-5a61-9d27-616c79babc8f,a8dc8ef1-b6c4-5e9e-93ca-c6706c15efca,Regionalizações da Meta,regionalizacoes_da_meta,table_row,"{'regiao': 'Região Sudeste', 'meta_prevista_para_2024__raw': '1.980', 'meta_prevista_para_2025__raw': '2.160', 'meta_prevista_para_2026__raw': '2.160', 'meta_prevista_para_2027__raw': '2.160', 'quantidade_alcancada__raw': '1.398', 'data_de_referencia__raw': '10/01/2025', 'sinalizacao_de_necessidade_de_revisao_proximo_exercicio': 'Não', 'notas_do_usuario': 'Não informado'}","{'meta_prevista_para_2024': 1980.0, 'meta_prevista_para_2025': 2160.0, 'meta_prevista_para_2026': 2160.0, 'meta_prevista_para_2027': 2160.0, 'quantidade_alcancada': 1398.0, 'data_de_referencia': 10012025.0}"
e32cccb4-90ef-5f7c-9035-ed1abb95d773,c11b9579-45d1-58de-af90-2c8b6bc73152,254,table,035c3522-5687-5a61-9d27-616c79babc8f,a8dc8ef1-b6c4-5e9e-93ca-c6706c15efca,Regionalizações da Meta,regionalizacoes_da_meta,table_row,"{'regiao': 'Região Sul', 'meta_prevista_para_2024__raw': '1.320', 'meta_prevista_para_2025__raw': '1.440', 'meta_prevista_para_2026__raw': '1.440', 'meta_prevista_para_2027__raw': '1.440', 'quantidade_alcancada__raw': '1.236', 'data_de_referencia__raw': '10/01/2025', 'sinalizacao_de_necessidade_de_revisao_proximo_exercicio': 'Não', 'notas_do_usuario': 'Não informado'}","{'meta_prevista_para_2024': 1320.0, 'meta_prevista_para_2025': 1440.0, 'meta_prevista_para_2026': 1440.0, 'meta_prevista_para_2027': 1440.0, 'quantidade_alcancada': 1236.0, 'data_de_referencia': 10012025.0}"
081e2dc0-530e-5ab9-90da-ffa1b4a1f9a5,c11b9579-45d1-58de-af90-2c8b6bc73152,256,table,7077d2a2-6d92-5496-b9b2-e361fc956765,ceee6e53-d3de-59e3-ac87-8b920e9fde90,Informações do Monitoramento,informacoes_do_monitoramento,table_row,"{'regiao': 'Região Centro- Oeste', 'meta_prevista_para_2024__raw': '928', 'meta_prevista_para_2025__raw': '1.103', 'meta_prevista_para_2026__raw': '1.253', 'meta_prevista_para_2027__raw': '1.428', 'quantidade_alcancada__raw': '688', 'data_de_referencia__raw': '31/12/2024', 'sinalizacao_de_necessidade_de_revisao_proximo_exercicio': 'Não', 'notas_do_usuario': 'Não informado'}","{'meta_prevista_para_2024': 928.0, 'meta_prevista_para_2025': 1103.0, 'meta_prevista_para_2026': 1253.0, 'meta_prevista_para_2027': 1428.0, 'quantidade_alcancada': 688.0, 'data_de_referencia': 31122024.0}"
2c5fe692-4887-5e92-bb6e-cea3186edf65,c11b9579-45d1-58de-af90-2c8b6bc73152,256,table,7077d2a2-6d92-5496-b9b2-e361fc956765,ceee6e53-d3de-59e3-ac87-8b920e9fde90,Informações do Monitoramento,informacoes_do_monitoramento,table_row,"{'regiao': 'Região Nordeste', 'meta_prevista_para_2024__raw': '2.389', 'meta_prevista_para_2025__raw': '2.414', 'meta_prevista_para_2026__raw': '2.464', 'meta_prevista_para_2027__raw': '2.489', 'quantidade_alcancada__raw': '2.346', 'data_de_referencia__raw': '31/12/2023', 'sinalizacao_de_necessidade_de_revisao_proximo_exercicio': 'Não', 'notas_do_usuario': 'Não informado'}","{'meta_prevista_para_2024': 2389.0, 'meta_prevista_para_2025': 2414.0, 'meta_prevista_para_2026': 2464.0, 'meta_prevista_para_2027': 2489.0, 'quantidade_alcancada': 2346.0, 'data_de_referencia': 31122023.0}"
2a410f8b-12ca-517c-b54c-bc36c93de956,c11b9579-45d1-58de-af90-2c8b6bc73152,256,table,7077d2a2-6d92-5496-b9b2-e361fc956765,ceee6e53-d3de-59e3-ac87-8b920e9fde90,Informações do Monitoramento,informacoes_do_monitoramento,table_row,"{'regiao': 'Região Norte', 'meta_prevista_para_2024__raw': '864', 'meta_prevista_para_2025__raw': '1.039', 'meta_prevista_para_2026__raw': '1.189', 'meta_prevista_para_2027__raw': '1.364', 'quantidade_alcancada__raw': '735', 'data_de_referencia__raw': '31/12/2023', 'sinalizacao_de_necessidade_de_revisao_proximo_exercicio': 'Não', 'notas_do_usuario': 'Não informado'}","{'meta_prevista_para_2024': 864.0, 'meta_prevista_para_2025': 1039.0, 'meta_prevista_para_2026': 1189.0, 'meta_prevista_para_2027': 1364.0, 'quantidade_alcancada': 735.0, 'data_de_referencia': 31122023.0}"
71f98960-8537-5a8b-b3c3-7686b9cea7dd,c11b9579-45d1-58de-af90-2c8b6bc73152,256,table,7077d2a2-6d92-5496-b9b2-e361fc956765,ceee6e53-d3de-59e3-ac87-8b920e9fde90,Informações do Monitoramento,informacoes_do_monitoramento,table_row,"{'regiao': 'Região Sudeste', 'meta_prevista_para_2024__raw': '2.357', 'meta_prevista_para_2025__raw': '2.382', 'meta_prevista_para_2026__raw': '2.432', 'meta_prevista_para_2027__raw': '2.457', 'quantidade_alcancada__raw': '2.211', 'data_de_referencia__raw': '31/12/2024', 'sinalizacao_de_necessidade_de_revisao_proximo_exercicio': 'Não', 'notas_do_usuario': 'Não informado'}","{'meta_prevista_para_2024': 2357.0, 'meta_prevista_para_2025': 2382.0, 'meta_prevista_para_2026': 2432.0, 'meta_prevista_para_2027': 2457.0, 'quantidade_alcancada': 2211.0, 'data_de_referencia': 31122024.0}"
34422578-d76c-5079-8442-449bec42b22e,c11b9579-45d1-58de-af90-2c8b6bc73152,256,table,7077d2a2-6d92-5496-b9b2-e361fc956765,ceee6e53-d3de-59e3-ac87-8b920e9fde90,Informações do Monitoramento,informacoes_do_monitoramento,table_row,"{'regiao': 'Região Sul', 'meta_prevista_para_2024__raw': '1.320', 'meta_prevista_para_2025__raw': '1.420', 'meta_prevista_para_2026__raw': '1.520', 'meta_prevista_para_2027__raw': '1.620', 'quantidade_alcancada__raw': '1.374', 'data_de_referencia__raw': '31/12/2023', 'sinalizacao_de_necessidade_de_revisao_proximo_exercicio': 'Não', 'notas_do_usuario': 'Não informado'}","{'meta_prevista_para_2024': 1320.0, 'meta_prevista_para_2025': 1420.0, 'meta_prevista_para_2026': 1520.0, 'meta_prevista_para_2027': 1620.0, 'quantidade_alcancada': 1374.0, 'data_de_referencia': 31122023.0}"
9b075024-9357-520c-a90a-9a6378fc6b29,c11b9579-45d1-58de-af90-2c8b6bc73152,257,table,2906b8aa-bec8-5317-ba29-a046a002d039,9ba5f75f-4285-597f-9e3a-6d1465936c25,Informações do Monitoramento,informacoes_do_monitoramento,table_row,"{'regiao': 'Região Centro- Oeste', 'meta_prevista_para_2024__raw': '50', 'meta_prevista_para_2025__raw': '52', 'meta_prevista_para_2026__raw': '54', 'meta_prevista_para_2027__raw': '56', 'quantidade_alcancada__raw': '61', 'data_de_referencia__raw': '31/12/2024', 'sinalizacao_de_necessidade_de_revisao_proximo_exercicio': 'Não', 'notas_do_usuario': 'Fonte: SisFIES'}","{'meta_prevista_para_2024': 50.0, 'meta_prevista_para_2025': 52.0, 'meta_prevista_para_2026': 54.0, 'meta_prevista_para_2027': 56.0, 'quantidade_alcancada': 61.0, 'data_de_referencia': 31122024.0}"
489a959f-9170-5d9f-8756-dd7fe035b9f5,c11b9579-45d1-58de-af90-2c8b6bc73152,257,table,2906b8aa-bec8-5317-ba29-a046a002d039,9ba5f75f-4285-597f-9e3a-6d1465936c25,Informações do Monitoramento,informacoes_do_monitoramento,table_row,"{'regiao': 'Região Nordeste', 'meta_prevista_para_2024__raw': '55', 'meta_prevista_para_2025__raw': '58', 'meta_prevista_para_2026__raw': '60', 'meta_prevista_para_2027__raw': '62', 'quantidade_alcancada__raw': '67', 'data_de_referencia__raw': '31/12/2024', 'sinalizacao_de_necessidade_de_revisao_proximo_exercicio': 'Não', 'notas_do_usuario': 'Fonte: SisFIES'}","{'meta_prevista_para_2024': 55.0, 'meta_prevista_para_2025': 58.0, 'meta_prevista_para_2026': 60.0, 'meta_prevista_para_2027': 62.0, 'quantidade_alcancada': 67.0, 'data_de_referencia': 31122024.0}"
5ca4bd16-aa77-570b-ae95-cc319512a2d4,c11b9579-45d1-58de-af90-2c8b6bc73152,257,table,2906b8aa-bec8-5317-ba29-a046a002d039,9ba5f75f-4285-597f-9e3a-6d1465936c25,Informações do Monitoramento,informacoes_do_monitoramento,table_row,"{'regiao': 'Região Norte', 'meta_prevista_para_2024__raw': '62,2', 'meta_prevista_para_2025__raw': '63,7', 'meta_prevista_para_2026__raw': '65,4', 'meta_prevista_para_2027__raw': '67,3', 'quantidade_alcancada__raw': '54', 'data_de_referencia__raw': '31/12/2024', 'sinalizacao_de_necessidade_de_revisao_proximo_exercicio': 'Não', 'notas_do_usuario': 'Fonte: SisFIES'}","{'meta_prevista_para_2024': 62.2, 'meta_prevista_para_2025': 63.7, 'meta_prevista_para_2026': 65.4, 'meta_prevista_para_2027': 67.3, 'quantidade_alcancada': 54.0, 'data_de_referencia': 31122024.0}"
2c2d2453-ac37-5084-b7c7-a35ef275cd0e,c11b9579-45d1-58de-af90-2c8b6bc73152,257,table,2906b8aa-bec8-5317-ba29-a046a002d039,9ba5f75f-4285-597f-9e3a-6d1465936c25,Informações do Monitoramento,informacoes_do_monitoramento,table_row,"{'regiao': 'Região Sudeste', 'meta_prevista_para_2024__raw': '41', 'meta_prevista_para_2025__raw': '43', 'meta_prevista_para_2026__raw': '45', 'meta_prevista_para_2027__raw': '47', 'quantidade_alcancada__raw': '65', 'data_de_referencia__raw': '31/12/2024', 'sinalizacao_de_necessidade_de_revisao_proximo_exercicio': 'Não', 'notas_do_usuario': 'Fonte: SisFIES'}","{'meta_prevista_para_2024': 41.0, 'meta_prevista_para_2025': 43.0, 'meta_prevista_para_2026': 45.0, 'meta_prevista_para_2027': 47.0, 'quantidade_alcancada': 65.0, 'data_de_referencia': 31122024.0}"
77fdc70b-7164-52c5-b6c3-60814cbeb7ca,c11b9579-45d1-58de-af90-2c8b6bc73152,257,table,2906b8aa-bec8-5317-ba29-a046a002d039,9ba5f75f-4285-597f-9e3a-6d1465936c25,Informações do Monitoramento,informacoes_do_monitoramento,table_row,"{'regiao': 'Região Sul', 'meta_prevista_para_2024__raw': '37', 'meta_prevista_para_2025__raw': '39', 'meta_prevista_para_2026__raw': '41', 'meta_prevista_para_2027__raw': '43', 'quantidade_alcancada__raw': '70', 'data_de_referencia__raw': '31/12/2024', 'sinalizacao_de_necessidade_de_revisao_proximo_exercicio': 'Não', 'notas_do_usuario': 'Fonte:'}","{'meta_prevista_para_2024': 37.0, 'meta_prevista_para_2025': 39.0, 'meta_prevista_para_2026': 41.0, 'meta_prevista_para_2027': 43.0, 'quantidade_alcancada': 70.0, 'data_de_referencia': 31122024.0}"
cdaf49fb-05d8-54a3-860a-941cffcf43a4,c11b9579-45d1-58de-af90-2c8b6bc73152,258,table,98774c00-2cb0-5516-8844-80f1e83b9bf8,731a3afd-3e23-5910-824c-7f0b402ba323,Sinalização de necessidade de revisão - próximo exercício: Sim,sinalizacao_de_necessidade_de_revisao_proximo_exercicio_sim,table_row,{'0': 'SisFIES'},{}
06c692a0-72ce-55ae-ab13-8f50cf3517fb,c11b9579-45d1-58de-af90-2c8b6bc73152,259,table,23bbd077-1244-51a2-8fbd-d82c5ed8ba2d,2e777efc-52d2-52a5-a53c-dff869bd77f4,Informações do Monitoramento,informacoes_do_monitoramento,table_row,{'0': 'Quantidade alcançada: Valor não disponível'},{}
c2b2dfa5-fb13-5563-8396-0398cf645491,c11b9579-45d1-58de-af90-2c8b6bc73152,259,table,3d8882a3-8506-5c1d-85a2-ffecb63294ef,2e777efc-52d2-52a5-a53c-dff869bd77f4,Informações do Monitoramento,informacoes_do_monitoramento,table_row,"{'regiao': 'Região Centro- Oeste', 'meta_prevista_para_2024__raw': '32,7', 'meta_prevista_para_2025__raw': '33,3', 'meta_prevista_para_2026__raw': '33,9', 'meta_prevista_para_2027__raw': '34,5', 'quantidade_alcancada__raw': '36,08', 'data_de_referencia__raw': '31/12/2023', 'sinalizacao_de_necessidade_de_revisao_proximo_exercicio': 'Não', 'notas_do_usuario': 'Preenchido por Unidade Orçamentária: Data/hora: 27/01/2025 10:31:40 Nome do usuário: Elivelton Oliveira Santa Cruz Ajustado por Gestão PPA (CPRE/CGP/SPO/SE/MEC) conforme informações prestadas pela área finalística.'}","{'meta_prevista_para_2024': 32.7, 'meta_prevista_para_2025': 33.3, 'meta_prevista_para_2026': 33.9, 'meta_prevista_para_2027': 34.5, 'quantidade_alcancada': 36.08, 'data_de_referencia': 31122023.0}"
14512071-5902-50a0-93f5-2f310a0b422f,c11b9579-45d1-58de-af90-2c8b6bc73152,259,table,3d8882a3-8506-5c1d-85a2-ffecb63294ef,2e777efc-52d2-52a5-a53c-dff869bd77f4,Informações do Monitoramento,informacoes_do_monitoramento,table_row,"{'regiao': 'Região Nordeste', 'meta_prevista_para_2024__raw': '23,2', 'meta_prevista_para_2025__raw': '23,9', 'meta_prevista_para_2026__raw': '24,5', 'meta_prevista_para_2027__raw': '25,1', 'quantidade_alcancada__raw': '25,91', 'data_de_referencia__raw': '31/12/2023', 'sinalizacao_de_necessidade_de_revisao_proximo_exercicio': 'Não', 'notas_do_usuario': 'Preenchido por Unidade Orçamentária: Data/hora: 27/01/2025 10:32:09 Nome do usuário: Elivelton Oliveira Santa Cruz Ajustado por Gestão PPA (CPRE/CGP/SPO/SE/MEC) conforme informações prestadas pela área finalística.'}","{'meta_prevista_para_2024': 23.2, 'meta_prevista_para_2025': 23.9, 'meta_prevista_para_2026': 24.5, 'meta_prevista_para_2027': 25.1, 'quantidade_alcancada': 25.91, 'data_de_referencia': 31122023.0}"
41babc6c-acfe-5d5e-a5d4-69d5dcd50a9f,c11b9579-45d1-58de-af90-2c8b6bc73152,259,table,3d8882a3-8506-5c1d-85a2-ffecb63294ef,2e777efc-52d2-52a5-a53c-dff869bd77f4,Informações do Monitoramento,informacoes_do_monitoramento,table_row,"{'regiao': 'Região Norte', 'meta_prevista_para_2024__raw': '23,5', 'meta_prevista_para_2025__raw': '25', 'meta_prevista_para_2026__raw': '26,6', 'meta_prevista_para_2027__raw': '28,2', 'quantidade_alcancada__raw': '24,29', 'data_de_referencia__raw': '31/12/2023', 'sinalizacao_de_necessidade_de_revisao_proximo_exercicio': 'Não', 'notas_do_usuario': 'Preenchido por Unidade Orçamentária: Data/hora: 27/01/2025 10:32:26 Nome do usuário: Elivelton Oliveira Santa Cruz Ajustado por Gestão PPA (CPRE/CGP/SPO/SE/MEC) conforme informações prestadas pela área finalística.'}","{'meta_prevista_para_2024': 23.5, 'meta_prevista_para_2025': 25.0, 'meta_prevista_para_2026': 26.6, 'meta_prevista_para_2027': 28.2, 'quantidade_alcancada': 24.29, 'data_de_referencia': 31122023.0}"
99b1f702-4775-50c6-8b5b-afc546ca476a,c11b9579-45d1-58de-af90-2c8b6bc73152,259,table,3d8882a3-8506-5c1d-85a2-ffecb63294ef,2e777efc-52d2-52a5-a53c-dff869bd77f4,Informações do Monitoramento,informacoes_do_monitoramento,table_row,"{'regiao': 'Região Sudeste', 'meta_prevista_para_2024__raw': '30,2', 'meta_prevista_para_2025__raw': '30,1', 'meta_prevista_para_2026__raw': '30,1', 'meta_prevista_para_2027__raw': '30,1', 'quantidade_alcancada__raw': '33,36', 'data_de_referencia__raw': '31/12/2023', 'sinalizacao_de_necessidade_de_revisao_proximo_exercicio': 'Não', 'notas_do_usuario': 'Preenchido por Unidade Orçamentária: Data/hora: 27/01/2025 10:32:49 Nome do usuário: Elivelton Oliveira Santa Cruz Ajustado por Gestão PPA (CPRE/CGP/SPO/SE/MEC), conforme informações prestadas pelas áreas finalísticas para a PCPR e o Relatório de Gestão, exercício 2024.'}","{'meta_prevista_para_2024': 30.2, 'meta_prevista_para_2025': 30.1, 'meta_prevista_para_2026': 30.1, 'meta_prevista_para_2027': 30.1, 'quantidade_alcancada': 33.36, 'data_de_referencia': 31122023.0}"
c525dd20-ff98-5ff8-aecd-34dd7bee246b,c11b9579-45d1-58de-af90-2c8b6bc73152,259,table,3d8882a3-8506-5c1d-85a2-ffecb63294ef,2e777efc-52d2-52a5-a53c-dff869bd77f4,Informações do Monitoramento,informacoes_do_monitoramento,table_row,"{'regiao': 'Região Sul', 'meta_prevista_para_2024__raw': '44,3', 'meta_prevista_para_2025__raw': '44,9', 'meta_prevista_para_2026__raw': '45,5', 'meta_prevista_para_2027__raw': '46,2', 'quantidade_alcancada__raw': '44,64', 'data_de_referencia__raw': '31/12/2023', 'sinalizacao_de_necessidade_de_revisao_proximo_exercicio': 'Não', 'notas_do_usuario': 'Preenchido por Unidade Orçamentária: Data/hora: 27/01/2025 10:33:06 Nome do usuário: Elivelton Oliveira Santa Cruz Ajustado por Gestão PPA (CPRE/CGP/SPO/SE/MEC), conforme informações prestadas pelas áreas finalísticas para a PCPR e o'}","{'meta_prevista_para_2024': 44.3, 'meta_prevista_para_2025': 44.9, 'meta_prevista_para_2026': 45.5, 'meta_prevista_para_2027': 46.2, 'quantidade_alcancada': 44.64, 'data_de_referencia': 31122023.0}"
49168fbc-70a9-5180-8ff5-4cb568d2a1ca,c11b9579-45d1-58de-af90-2c8b6bc73152,260,table,b58d9d45-5b4c-550c-a463-cbd590037e90,77a10434-5522-5799-a58d-41fb71663fbe,Entrega: 0821 - Apoio a editais que contemplem a incorporação de políticas de ações afirmativas,entrega_0821_apoio_a_editais_que_contemplem_a_incorporacao_de_politicas_de_acoes_afirmativas,table_row,"{'0': 'Relatório de Gestão, exercício 2024.'}",{}
eef3a7d4-34c9-532b-8ade-66fe256f59ca,c11b9579-45d1-58de-af90-2c8b6bc73152,261,table,6ebf30a9-84b0-5a7e-a02e-b8f56d48be1d,629901d1-866c-5be1-9134-1a3904a52838,Informações do Monitoramento,informacoes_do_monitoramento,table_row,"{'regiao': 'Região Centro- Oeste', 'meta_prevista_para_2024': '-', 'meta_prevista_para_2025': '-', 'meta_prevista_para_2026': '-', 'meta_prevista_para_2027': '-', 'quantidade_alcancada__raw': '18', 'data_de_referencia__raw': '31/12/2024', 'sinalizacao_de_necessidade_de_revisao_proximo_exercicio': 'Não', 'notas_do_usuario': 'Não informado'}","{'quantidade_alcancada': 18.0, 'data_de_referencia': 31122024.0}"
5d5d8030-2c73-54a1-9eaa-9a65ea033290,c11b9579-45d1-58de-af90-2c8b6bc73152,261,table,6ebf30a9-84b0-5a7e-a02e-b8f56d48be1d,629901d1-866c-5be1-9134-1a3904a52838,Informações do Monitoramento,informacoes_do_monitoramento,table_row,"{'regiao': 'Região Nordeste', 'meta_prevista_para_2024': '-', 'meta_prevista_para_2025': '-', 'meta_prevista_para_2026': '-', 'meta_prevista_para_2027': '-', 'quantidade_alcancada__raw': '26', 'data_de_referencia__raw': '31/12/2024', 'sinalizacao_de_necessidade_de_revisao_proximo_exercicio': 'Não', 'notas_do_usuario': 'Não informado'}","{'quantidade_alcancada': 26.0, 'data_de_referencia': 31122024.0}"
7d8081b9-5cee-5be8-92e5-71605273094f,c11b9579-45d1-58de-af90-2c8b6bc73152,261,table,6ebf30a9-84b0-5a7e-a02e-b8f56d48be1d,629901d1-866c-5be1-9134-1a3904a52838,Informações do Monitoramento,informacoes_do_monitoramento,table_row,"{'regiao': 'Região Norte', 'meta_prevista_para_2024': '-', 'meta_prevista_para_2025': '-', 'meta_prevista_para_2026': '-', 'meta_prevista_para_2027': '-', 'quantidade_alcancada__raw': '20', 'data_de_referencia__raw': '31/12/2024', 'sinalizacao_de_necessidade_de_revisao_proximo_exercicio': 'Não', 'notas_do_usuario': 'Não informado'}","{'quantidade_alcancada': 20.0, 'data_de_referencia': 31122024.0}"
662ab78a-0996-51cc-8655-8bbb7eca769b,c11b9579-45d1-58de-af90-2c8b6bc73152,261,table,6ebf30a9-84b0-5a7e-a02e-b8f56d48be1d,629901d1-866c-5be1-9134-1a3904a52838,Informações do Monitoramento,informacoes_do_monitoramento,table_row,"{'regiao': 'Região Sudeste', 'meta_prevista_para_2024': '-', 'meta_prevista_para_2025': '-', 'meta_prevista_para_2026': '-', 'meta_prevista_para_2027': '-', 'quantidade_alcancada__raw': '20', 'data_de_referencia__raw': '31/12/2024', 'sinalizacao_de_necessidade_de_revisao_proximo_exercicio': 'Não', 'notas_do_usuario': 'Não informado'}","{'quantidade_alcancada': 20.0, 'data_de_referencia': 31122024.0}"
f8540e2e-9ead-58ae-bd36-551af7d39a26,c11b9579-45d1-58de-af90-2c8b6bc73152,261,table,6ebf30a9-84b0-5a7e-a02e-b8f56d48be1d,629901d1-866c-5be1-9134-1a3904a52838,Informações do Monitoramento,informacoes_do_monitoramento,table_row,"{'regiao': 'Região Sul', 'meta_prevista_para_2024': '-', 'meta_prevista_para_2025': '-', 'meta_prevista_para_2026': '-', 'meta_prevista_para_2027': '-', 'quantidade_alcancada__raw': '11', 'data_de_referencia__raw': '31/12/2024', 'sinalizacao_de_necessidade_de_revisao_proximo_exercicio': 'Não', 'notas_do_usuario': 'Não informado'}","{'quantidade_alcancada': 11.0, 'data_de_referencia': 31122024.0}"
3c11d56f-c9af-530d-b9db-c2bea735af6c,c11b9579-45d1-58de-af90-2c8b6bc73152,262,table,909ea903-8191-5c3f-b286-ec143c2d3211,f1a850b1-65d0-5b24-a2b8-783cfc037c47,Informações do Monitoramento,informacoes_do_monitoramento,table_row,"{'regiao': 'Região Centro- Oeste', 'meta_prevista_para_2024__raw': '10,8', 'meta_prevista_para_2025__raw': '11,5', 'meta_prevista_para_2026__raw': '12,2', 'meta_prevista_para_2027__raw': '12,9', 'quantidade_alcancada__raw': '10,71', 'data_de_referencia__raw': '31/12/2024', 'sinalizacao_de_necessidade_de_revisao_proximo_exercicio': 'Não', 'notas_do_usuario': 'Não informado'}","{'meta_prevista_para_2024': 10.8, 'meta_prevista_para_2025': 11.5, 'meta_prevista_para_2026': 12.2, 'meta_prevista_para_2027': 12.9, 'quantidade_alcancada': 10.71, 'data_de_referencia': 31122024.0}"
91008664-dcad-5ccc-a666-3c2271db331b,c11b9579-45d1-58de-af90-2c8b6bc73152,262,table,909ea903-8191-5c3f-b286-ec143c2d3211,f1a850b1-65d0-5b24-a2b8-783cfc037c47,Informações do Monitoramento,informacoes_do_monitoramento,table_row,"{'regiao': 'Região Nordeste', 'meta_prevista_para_2024__raw': '7,7', 'meta_prevista_para_2025__raw': '8,2', 'meta_prevista_para_2026__raw': '8,8', 'meta_prevista_para_2027__raw': '9,4', 'quantidade_alcancada__raw': '7,7', 'data_de_referencia__raw': '31/12/2024', 'sinalizacao_de_necessidade_de_revisao_proximo_exercicio': 'Não', 'notas_do_usuario': 'Não informado'}","{'meta_prevista_para_2024': 7.7, 'meta_prevista_para_2025': 8.2, 'meta_prevista_para_2026': 8.8, 'meta_prevista_para_2027': 9.4, 'quantidade_alcancada': 7.7, 'data_de_referencia': 31122024.0}"
bcfb2eef-b3c4-53d8-8d04-c58170f9b0a5,c11b9579-45d1-58de-af90-2c8b6bc73152,262,table,909ea903-8191-5c3f-b286-ec143c2d3211,f1a850b1-65d0-5b24-a2b8-783cfc037c47,Informações do Monitoramento,informacoes_do_monitoramento,table_row,"{'regiao': 'Região Norte', 'meta_prevista_para_2024__raw': '5,7', 'meta_prevista_para_2025__raw': '6,3', 'meta_prevista_para_2026__raw': '7,1', 'meta_prevista_para_2027__raw': '8', 'quantidade_alcancada__raw': '5,24', 'data_de_referencia__raw': '31/12/2024', 'sinalizacao_de_necessidade_de_revisao_proximo_exercicio': 'Não', 'notas_do_usuario': 'Não informado'}","{'meta_prevista_para_2024': 5.7, 'meta_prevista_para_2025': 6.3, 'meta_prevista_para_2026': 7.1, 'meta_prevista_para_2027': 8.0, 'quantidade_alcancada': 5.24, 'data_de_referencia': 31122024.0}"
ce096f42-6c29-5066-a3df-2fa317d11956,c11b9579-45d1-58de-af90-2c8b6bc73152,262,table,909ea903-8191-5c3f-b286-ec143c2d3211,f1a850b1-65d0-5b24-a2b8-783cfc037c47,Informações do Monitoramento,informacoes_do_monitoramento,table_row,"{'regiao': 'Região Sudeste', 'meta_prevista_para_2024__raw': '14,8', 'meta_prevista_para_2025__raw': '15,1', 'meta_prevista_para_2026__raw': '15,4', 'meta_prevista_para_2027__raw': '15,8', 'quantidade_alcancada__raw': '15,12', 'data_de_referencia__raw': '31/12/2024', 'sinalizacao_de_necessidade_de_revisao_proximo_exercicio': 'Não', 'notas_do_usuario': 'Não informado'}","{'meta_prevista_para_2024': 14.8, 'meta_prevista_para_2025': 15.1, 'meta_prevista_para_2026': 15.4, 'meta_prevista_para_2027': 15.8, 'quantidade_alcancada': 15.12, 'data_de_referencia': 31122024.0}"
e5a6a8eb-cc87-5f0f-a34b-990f45fd9ea7,c11b9579-45d1-58de-af90-2c8b6bc73152,262,table,909ea903-8191-5c3f-b286-ec143c2d3211,f1a850b1-65d0-5b24-a2b8-783cfc037c47,Informações do Monitoramento,informacoes_do_monitoramento,table_row,"{'regiao': 'Região Sul', 'meta_prevista_para_2024__raw': '18,9', 'meta_prevista_para_2025__raw': '20,1', 'meta_prevista_para_2026__raw': '21,3', 'meta_prevista_para_2027__raw': '22,7', 'quantidade_alcancada__raw': '17,66', 'data_de_referencia__raw': '31/12/2024', 'sinalizacao_de_necessidade_de_revisao_proximo_exercicio': 'Não', 'notas_do_usuario': 'Não informado'}","{'meta_prevista_para_2024': 18.9, 'meta_prevista_para_2025': 20.1, 'meta_prevista_para_2026': 21.3, 'meta_prevista_para_2027': 22.7, 'quantidade_alcancada': 17.66, 'data_de_referencia': 31122024.0}"
afca35e1-e0ee-53dc-abb4-a2dff49085e6,c11b9579-45d1-58de-af90-2c8b6bc73152,263,table,61909f70-1a73-5aff-98e0-cc0c634d61d6,c57e5fe1-a157-5808-a6b5-b4c1a51c6655,Entrega: 0835 - Apoio a editais que contemplem a incorporação de políticas de ações afirmativas,entrega_0835_apoio_a_editais_que_contemplem_a_incorporacao_de_politicas_de_acoes_afirmativas,table_row,"{'regiao': 'Região Centro- Oeste', 'meta_prevista_para_2024': '-', 'meta_prevista_para_2025': '-', 'meta_prevista_para_2026': '-', 'meta_prevista_para_2027': '', 'quantidade_alcancada__raw': '13', 'data_de_referencia__raw': '31/12/2024', 'sinalizacao_de_necessidade_de_revisao_proximo_exercicio': 'Não', 'notas_do_usuario': 'Não informado'}","{'quantidade_alcancada': 13.0, 'data_de_referencia': 31122024.0}"
7813cbc6-2d09-5439-a21b-4d2dd143f557,c11b9579-45d1-58de-af90-2c8b6bc73152,264,table,a042be52-3bb1-5d99-913a-25963828792e,619510af-7c80-5f5f-968c-3a9575d40648,Medida Institucional Normativa: 06BA - P. Realização do Censo da Pós-Graduação stricto sensu,medida_institucional_normativa_06ba_p_realizacao_do_censo_da_pos_graduacao_stricto_sensu,table_row,"{'regiao_nordeste': 'Região Norte', 'untitled': '-', 'untitled_2': '- -', 'untitled_3': '', 'untitled_4': '-', '11__raw': '4', '31_12_2024__raw': '31/12/2024', 'nao': 'Não', 'nao_informado': 'Não informado'}","{'11': 4.0, '31_12_2024': 31122024.0}"
77216fb1-5599-540a-8930-71304dfb74fc,c11b9579-45d1-58de-af90-2c8b6bc73152,264,table,a042be52-3bb1-5d99-913a-25963828792e,619510af-7c80-5f5f-968c-3a9575d40648,Medida Institucional Normativa: 06BA - P. Realização do Censo da Pós-Graduação stricto sensu,medida_institucional_normativa_06ba_p_realizacao_do_censo_da_pos_graduacao_stricto_sensu,table_row,"{'regiao_nordeste': 'Região Sudeste', 'untitled': '-', 'untitled_2': '-', 'untitled_3': '-', 'untitled_4': '-', '11__raw': '12', '31_12_2024__raw': '31/12/2024', 'nao': 'Não', 'nao_informado': 'Não informado'}","{'11': 12.0, '31_12_2024': 31122024.0}"
915ebc04-13b8-59e3-89d2-b4653dbe7aa7,c11b9579-45d1-58de-af90-2c8b6bc73152,264,table,a042be52-3bb1-5d99-913a-25963828792e,619510af-7c80-5f5f-968c-3a9575d40648,Medida Institucional Normativa: 06BA - P. Realização do Censo da Pós-Graduação stricto sensu,medida_institucional_normativa_06ba_p_realizacao_do_censo_da_pos_graduacao_stricto_sensu,table_row,"{'regiao_nordeste': 'Região Sul', 'untitled': '-', 'untitled_2': '-', 'untitled_3': '-', 'untitled_4': '-', '11__raw': '14', '31_12_2024__raw': '31/12/2024', 'nao': 'Não', 'nao_informado': 'Não informado'}","{'11': 14.0, '31_12_2024': 31122024.0}"
5e873522-7669-5e54-80dc-4af9490400ff,c11b9579-45d1-58de-af90-2c8b6bc73152,268,table,9223b3a1-c54d-55eb-92d7-e7448b49f756,ac2c57e8-82ed-5406-af50-0456fdfabd4d,Informações do Monitoramento,informacoes_do_monitoramento,table_row,"{'regiao': 'Exterior', 'meta_prevista_para_2024': '-', 'meta_prevista_para_2025': '-', 'meta_prevista_para_2026': '-', 'meta_prevista_para_2027': '-', 'quantidade_alcancada__raw': '557', 'data_de_referencia__raw': '09/01/2025', 'sinalizacao_de_necessidade_de_revisao_proximo_exercicio': 'Não', 'notas_do_usuario': 'Não informado'}","{'quantidade_alcancada': 557.0, 'data_de_referencia': 9012025.0}"
1ecedf46-5880-5b91-97f0-0a7d63a1d711,c11b9579-45d1-58de-af90-2c8b6bc73152,268,table,9223b3a1-c54d-55eb-92d7-e7448b49f756,ac2c57e8-82ed-5406-af50-0456fdfabd4d,Informações do Monitoramento,informacoes_do_monitoramento,table_row,"{'regiao': 'No Distrito Federal', 'meta_prevista_para_2024': '-', 'meta_prevista_para_2025': '-', 'meta_prevista_para_2026': '-', 'meta_prevista_para_2027': '-', 'quantidade_alcancada__raw': '1.105', 'data_de_referencia__raw': '09/01/2025', 'sinalizacao_de_necessidade_de_revisao_proximo_exercicio': 'Não', 'notas_do_usuario': 'Não informado'}","{'quantidade_alcancada': 1105.0, 'data_de_referencia': 9012025.0}"
4ac9f76e-2361-5b2c-992e-d08970233d85,c11b9579-45d1-58de-af90-2c8b6bc73152,268,table,9223b3a1-c54d-55eb-92d7-e7448b49f756,ac2c57e8-82ed-5406-af50-0456fdfabd4d,Informações do Monitoramento,informacoes_do_monitoramento,table_row,"{'regiao': 'No Estado da Bahia', 'meta_prevista_para_2024': '-', 'meta_prevista_para_2025': '-', 'meta_prevista_para_2026': '-', 'meta_prevista_para_2027': '-', 'quantidade_alcancada__raw': '1.529', 'data_de_referencia__raw': '09/01/2025', 'sinalizacao_de_necessidade_de_revisao_proximo_exercicio': 'Não', 'notas_do_usuario': 'Não informado'}","{'quantidade_alcancada': 1529.0, 'data_de_referencia': 9012025.0}"
937dfcc7-f988-5274-bd61-c1f89603a6a6,c11b9579-45d1-58de-af90-2c8b6bc73152,268,table,9223b3a1-c54d-55eb-92d7-e7448b49f756,ac2c57e8-82ed-5406-af50-0456fdfabd4d,Informações do Monitoramento,informacoes_do_monitoramento,table_row,"{'regiao': 'No Estado da Paraíba', 'meta_prevista_para_2024': '-', 'meta_prevista_para_2025': '-', 'meta_prevista_para_2026': '-', 'meta_prevista_para_2027': '-', 'quantidade_alcancada__raw': '516', 'data_de_referencia__raw': '09/01/2025', 'sinalizacao_de_necessidade_de_revisao_proximo_exercicio': 'Não', 'notas_do_usuario': 'Não informado'}","{'quantidade_alcancada': 516.0, 'data_de_referencia': 9012025.0}"
5970168a-7f58-5b01-9659-79d2166474b3,c11b9579-45d1-58de-af90-2c8b6bc73152,268,table,9223b3a1-c54d-55eb-92d7-e7448b49f756,ac2c57e8-82ed-5406-af50-0456fdfabd4d,Informações do Monitoramento,informacoes_do_monitoramento,table_row,"{'regiao': 'No Estado de Alagoas', 'meta_prevista_para_2024': '-', 'meta_prevista_para_2025': '-', 'meta_prevista_para_2026': '-', 'meta_prevista_para_2027': '-', 'quantidade_alcancada__raw': '276', 'data_de_referencia__raw': '09/01/2025', 'sinalizacao_de_necessidade_de_revisao_proximo_exercicio': 'Não', 'notas_do_usuario': 'Não informado'}","{'quantidade_alcancada': 276.0, 'data_de_referencia': 9012025.0}"
9f0ca7c9-6995-5065-9679-f45b34926e59,c11b9579-45d1-58de-af90-2c8b6bc73152,268,table,9223b3a1-c54d-55eb-92d7-e7448b49f756,ac2c57e8-82ed-5406-af50-0456fdfabd4d,Informações do Monitoramento,informacoes_do_monitoramento,table_row,"{'regiao': 'No Estado de Goiás', 'meta_prevista_para_2024': '-', 'meta_prevista_para_2025': '-', 'meta_prevista_para_2026': '-', 'meta_prevista_para_2027': '-', 'quantidade_alcancada__raw': '861', 'data_de_referencia__raw': '09/01/2025', 'sinalizacao_de_necessidade_de_revisao_proximo_exercicio': 'Não', 'notas_do_usuario': 'Não informado'}","{'quantidade_alcancada': 861.0, 'data_de_referencia': 9012025.0}"
7427ce4a-b6cb-5efc-8216-49e22f602a02,c11b9579-45d1-58de-af90-2c8b6bc73152,268,table,9223b3a1-c54d-55eb-92d7-e7448b49f756,ac2c57e8-82ed-5406-af50-0456fdfabd4d,Informações do Monitoramento,informacoes_do_monitoramento,table_row,"{'regiao': 'No Estado de Mato Grosso', 'meta_prevista_para_2024': '-', 'meta_prevista_para_2025': '-', 'meta_prevista_para_2026': '-', 'meta_prevista_para_2027': '-', 'quantidade_alcancada__raw': '389', 'data_de_referencia__raw': '09/01/2025', 'sinalizacao_de_necessidade_de_revisao_proximo_exercicio': 'Não', 'notas_do_usuario': 'Não informado'}","{'quantidade_alcancada': 389.0, 'data_de_referencia': 9012025.0}"
b08e48f8-725d-5642-bda0-871d54d68209,c11b9579-45d1-58de-af90-2c8b6bc73152,268,table,9223b3a1-c54d-55eb-92d7-e7448b49f756,ac2c57e8-82ed-5406-af50-0456fdfabd4d,Informações do Monitoramento,informacoes_do_monitoramento,table_row,"{'regiao': 'No Estado de Mato Grosso do Sul', 'meta_prevista_para_2024': '-', 'meta_prevista_para_2025': '-', 'meta_prevista_para_2026': '-', 'meta_prevista_para_2027': '-', 'quantidade_alcancada__raw': '395', 'data_de_referencia__raw': '09/01/2025', 'sinalizacao_de_necessidade_de_revisao_proximo_exercicio': 'Não', 'notas_do_usuario': 'Não informado'}","{'quantidade_alcancada': 395.0, 'data_de_referencia': 9012025.0}"
e81a7671-2a35-59f4-b1fe-db6401037b5d,c11b9579-45d1-58de-af90-2c8b6bc73152,268,table,9223b3a1-c54d-55eb-92d7-e7448b49f756,ac2c57e8-82ed-5406-af50-0456fdfabd4d,Informações do Monitoramento,informacoes_do_monitoramento,table_row,"{'regiao': 'No Estado de Minas Gerais', 'meta_prevista_para_2024': '-', 'meta_prevista_para_2025': '-', 'meta_prevista_para_2026': '-', 'meta_prevista_para_2027': '-', 'quantidade_alcancada__raw': '2.395', 'data_de_referencia__raw': '09/01/2025', 'sinalizacao_de_necessidade_de_revisao_proximo_exercicio': 'Não', 'notas_do_usuario': 'Não informado'}","{'quantidade_alcancada': 2395.0, 'data_de_referencia': 9012025.0}"
59d656e4-4756-5452-8d46-9c5c908158a0,c11b9579-45d1-58de-af90-2c8b6bc73152,268,table,9223b3a1-c54d-55eb-92d7-e7448b49f756,ac2c57e8-82ed-5406-af50-0456fdfabd4d,Informações do Monitoramento,informacoes_do_monitoramento,table_row,"{'regiao': 'No Estado de Pernambuco', 'meta_prevista_para_2024': '-', 'meta_prevista_para_2025': '-', 'meta_prevista_para_2026': '-', 'meta_prevista_para_2027': '-', 'quantidade_alcancada__raw': '1.427', 'data_de_referencia__raw': '09/01/2025', 'sinalizacao_de_necessidade_de_revisao_proximo_exercicio': 'Não', 'notas_do_usuario': 'Não informado'}","{'quantidade_alcancada': 1427.0, 'data_de_referencia': 9012025.0}"
b16d3072-c699-5fc6-bf21-06030388a8d4,c11b9579-45d1-58de-af90-2c8b6bc73152,268,table,9223b3a1-c54d-55eb-92d7-e7448b49f756,ac2c57e8-82ed-5406-af50-0456fdfabd4d,Informações do Monitoramento,informacoes_do_monitoramento,table_row,"{'regiao': 'No Estado de Rondônia', 'meta_prevista_para_2024': '-', 'meta_prevista_para_2025': '-', 'meta_prevista_para_2026': '-', 'meta_prevista_para_2027': '-', 'quantidade_alcancada__raw': '333', 'data_de_referencia__raw': '09/01/2025', 'sinalizacao_de_necessidade_de_revisao_proximo_exercicio': 'Não', 'notas_do_usuario': 'Não informado'}","{'quantidade_alcancada': 333.0, 'data_de_referencia': 9012025.0}"
ca27dbf2-847e-5bea-9c59-5d18088ad650,c11b9579-45d1-58de-af90-2c8b6bc73152,268,table,9223b3a1-c54d-55eb-92d7-e7448b49f756,ac2c57e8-82ed-5406-af50-0456fdfabd4d,Informações do Monitoramento,informacoes_do_monitoramento,table_row,"{'regiao': 'No Estado de Roraima', 'meta_prevista_para_2024': '-', 'meta_prevista_para_2025': '-', 'meta_prevista_para_2026': '-', 'meta_prevista_para_2027': '-', 'quantidade_alcancada__raw': '127', 'data_de_referencia__raw': '09/01/2025', 'sinalizacao_de_necessidade_de_revisao_proximo_exercicio': 'Não', 'notas_do_usuario': 'Não informado'}","{'quantidade_alcancada': 127.0, 'data_de_referencia': 9012025.0}"
ad2996e4-fd19-53d3-8f2d-ef22625ec233,c11b9579-45d1-58de-af90-2c8b6bc73152,268,table,9223b3a1-c54d-55eb-92d7-e7448b49f756,ac2c57e8-82ed-5406-af50-0456fdfabd4d,Informações do Monitoramento,informacoes_do_monitoramento,table_row,"{'regiao': 'No Estado de Santa Catarina', 'meta_prevista_para_2024': '-', 'meta_prevista_para_2025': '-', 'meta_prevista_para_2026': '-', 'meta_prevista_para_2027': '-', 'quantidade_alcancada__raw': '779', 'data_de_referencia__raw': '09/01/2025', 'sinalizacao_de_necessidade_de_revisao_proximo_exercicio': 'Não', 'notas_do_usuario': 'Não informado'}","{'quantidade_alcancada': 779.0, 'data_de_referencia': 9012025.0}"
a2d8ebb2-5b91-5b93-aac2-213ca8193b65,c11b9579-45d1-58de-af90-2c8b6bc73152,268,table,9223b3a1-c54d-55eb-92d7-e7448b49f756,ac2c57e8-82ed-5406-af50-0456fdfabd4d,Informações do Monitoramento,informacoes_do_monitoramento,table_row,"{'regiao': 'No Estado de São Paulo', 'meta_prevista_para_2024': '-', 'meta_prevista_para_2025': '-', 'meta_prevista_para_2026': '-', 'meta_prevista_para_2027': '-', 'quantidade_alcancada__raw': '3.253', 'data_de_referencia__raw': '09/01/2025', 'sinalizacao_de_necessidade_de_revisao_proximo_exercicio': 'Não', 'notas_do_usuario': 'Não informado'}","{'quantidade_alcancada': 3253.0, 'data_de_referencia': 9012025.0}"
d64b2e2f-02dd-52e5-a9ff-b21760f9aa9d,c11b9579-45d1-58de-af90-2c8b6bc73152,269,table,05081fbb-ccea-5c1b-af9d-27a8e780f755,,,table,table_row,"{'no_estado_de_sergipe': 'No Estado do Acre', 'untitled': '-', 'untitled_2': '-', 'untitled_3': '-', 'untitled_4': '-', '465__raw': '173', '09_01_2025__raw': '09/01/2025', 'nao': 'Não', 'nao_informado': 'Não informado'}","{'465': 173.0, '09_01_2025': 9012025.0}"
c85726b4-5007-5165-9a2a-930fca05a9f7,c11b9579-45d1-58de-af90-2c8b6bc73152,269,table,05081fbb-ccea-5c1b-af9d-27a8e780f755,,,table,table_row,"{'no_estado_de_sergipe': 'No Estado do Amapá', 'untitled': '-', 'untitled_2': '-', 'untitled_3': '-', 'untitled_4': '-', '465__raw': '134', '09_01_2025__raw': '09/01/2025', 'nao': 'Não', 'nao_informado': 'Não informado'}","{'465': 134.0, '09_01_2025': 9012025.0}"
493c50cc-c3d7-5eac-9a87-2184d0f4ab1d,c11b9579-45d1-58de-af90-2c8b6bc73152,269,table,05081fbb-ccea-5c1b-af9d-27a8e780f755,,,table,table_row,"{'no_estado_de_sergipe': 'No Estado do Amazonas', 'untitled': '-', 'untitled_2': '-', 'untitled_3': '-', 'untitled_4': '-', '465__raw': '464', '09_01_2025__raw': '09/01/2025', 'nao': 'Não', 'nao_informado': 'Não informado'}","{'465': 464.0, '09_01_2025': 9012025.0}"
b787089a-4e96-5782-9dfb-238158edb61d,c11b9579-45d1-58de-af90-2c8b6bc73152,269,table,05081fbb-ccea-5c1b-af9d-27a8e780f755,,,table,table_row,"{'no_estado_de_sergipe': 'No Estado do Ceará', 'untitled': '-', 'untitled_2': '-', 'untitled_3': '-', 'untitled_4': '-', '465__raw': '1.402', '09_01_2025__raw': '09/01/2025', 'nao': 'Não', 'nao_informado': 'Não informado'}","{'465': 1402.0, '09_01_2025': 9012025.0}"
3afaee85-cfa8-5bcc-a10f-887c1f44ac13,c11b9579-45d1-58de-af90-2c8b6bc73152,269,table,05081fbb-ccea-5c1b-af9d-27a8e780f755,,,table,table_row,"{'no_estado_de_sergipe': 'No Estado do Espírito Santo', 'untitled': '-', 'untitled_2': '-', 'untitled_3': '-', 'untitled_4': '-', '465__raw': '895', '09_01_2025__raw': '09/01/2025', 'nao': 'Não', 'nao_informado': 'Não informado'}","{'465': 895.0, '09_01_2025': 9012025.0}"
6077674a-63cc-585f-8029-6c7502c196be,c11b9579-45d1-58de-af90-2c8b6bc73152,269,table,05081fbb-ccea-5c1b-af9d-27a8e780f755,,,table,table_row,"{'no_estado_de_sergipe': 'No Estado do Maranhão', 'untitled': '-', 'untitled_2': '-', 'untitled_3': '-', 'untitled_4': '-', '465__raw': '595', '09_01_2025__raw': '09/01/2025', 'nao': 'Não', 'nao_informado': 'Não informado'}","{'465': 595.0, '09_01_2025': 9012025.0}"
84516d41-47b6-5799-a07f-968472230a7a,c11b9579-45d1-58de-af90-2c8b6bc73152,269,table,05081fbb-ccea-5c1b-af9d-27a8e780f755,,,table,table_row,"{'no_estado_de_sergipe': 'No Estado do Pará', 'untitled': '-', 'untitled_2': '-', 'untitled_3': '-', 'untitled_4': '-', '465__raw': '786', '09_01_2025__raw': '09/01/2025', 'nao': 'Não', 'nao_informado': 'Não informado Não'}","{'465': 786.0, '09_01_2025': 9012025.0}"
26a316db-0755-52e0-9ae4-2a8eaabe6081,c11b9579-45d1-58de-af90-2c8b6bc73152,269,table,05081fbb-ccea-5c1b-af9d-27a8e780f755,,,table,table_row,"{'no_estado_de_sergipe': 'No Estado do Paraná', 'untitled': '-', 'untitled_2': '-', 'untitled_3': '-', 'untitled_4': '-', '465__raw': '1.291', '09_01_2025__raw': '09/01/2025', 'nao': 'Não', 'nao_informado': 'informado'}","{'465': 1291.0, '09_01_2025': 9012025.0}"
f9f3d197-3e41-5a34-b940-94a1f26d83ef,c11b9579-45d1-58de-af90-2c8b6bc73152,269,table,05081fbb-ccea-5c1b-af9d-27a8e780f755,,,table,table_row,"{'no_estado_de_sergipe': 'No Estado do Piauí', 'untitled': '-', 'untitled_2': '-', 'untitled_3': '-', 'untitled_4': '-', '465__raw': '515', '09_01_2025__raw': '09/01/2025', 'nao': 'Não', 'nao_informado': 'Não informado'}","{'465': 515.0, '09_01_2025': 9012025.0}"
f4859a4b-95ce-5b69-a25f-714aadf30d70,c11b9579-45d1-58de-af90-2c8b6bc73152,269,table,05081fbb-ccea-5c1b-af9d-27a8e780f755,,,table,table_row,"{'no_estado_de_sergipe': 'No Estado do Rio de Janeiro', 'untitled': '-', 'untitled_2': '-', 'untitled_3': '-', 'untitled_4': '-', '465__raw': '3.345', '09_01_2025__raw': '09/01/2025', 'nao': 'Não', 'nao_informado': 'Não informado'}","{'465': 3345.0, '09_01_2025': 9012025.0}"
3aa89f6e-e61d-50fc-bd92-adc69d58e526,c11b9579-45d1-58de-af90-2c8b6bc73152,269,table,05081fbb-ccea-5c1b-af9d-27a8e780f755,,,table,table_row,"{'no_estado_de_sergipe': 'No Estado do Rio Grande do Norte', 'untitled': '-', 'untitled_2': '-', 'untitled_3': '-', 'untitled_4': '-', '465__raw': '309', '09_01_2025__raw': '09/01/2025', 'nao': 'Não', 'nao_informado': 'Não informado'}","{'465': 309.0, '09_01_2025': 9012025.0}"
8ecec272-1bea-5ff7-b2e1-f76be3d3d43c,c11b9579-45d1-58de-af90-2c8b6bc73152,269,table,05081fbb-ccea-5c1b-af9d-27a8e780f755,,,table,table_row,"{'no_estado_de_sergipe': 'No Estado do Rio Grande do Sul', 'untitled': '-', 'untitled_2': '-', 'untitled_3': '-', 'untitled_4': '-', '465__raw': '929', '09_01_2025__raw': '09/01/2025', 'nao': 'Não', 'nao_informado': 'Não informado'}","{'465': 929.0, '09_01_2025': 9012025.0}"
d017aa21-333c-5f61-a1bd-732d0a4303b0,c11b9579-45d1-58de-af90-2c8b6bc73152,269,table,05081fbb-ccea-5c1b-af9d-27a8e780f755,,,table,table_row,"{'no_estado_de_sergipe': 'No Estado do Tocantins', 'untitled': '-', 'untitled_2': '-', 'untitled_3': '-', 'untitled_4': '-', '465__raw': '265', '09_01_2025__raw': '09/01/2025', 'nao': 'Não', 'nao_informado': 'Não informado'}","{'465': 265.0, '09_01_2025': 9012025.0}"
363061f2-893f-5989-8ee2-d09b063a7015,c11b9579-45d1-58de-af90-2c8b6bc73152,270,table,3d0cdab3-1f2a-5800-a898-68b49dce7ffe,33da3eb0-2ad2-55dd-9e99-b757ad5476bb,Informações do Monitoramento,informacoes_do_monitoramento,table_row,"{'regiao': 'Exterior', 'meta_prevista_para_2024': '-', 'meta_prevista_para_2025': '-', 'meta_prevista_para_2026': '-', 'meta_prevista_para_2027': '-', 'quantidade_alcancada__raw': '297', 'data_de_referencia__raw': '09/01/2025', 'sinalizacao_de_necessidade_de_revisao_proximo_exercicio': 'Não', 'notas_do_usuario': 'Não informado'}","{'quantidade_alcancada': 297.0, 'data_de_referencia': 9012025.0}"
70d91681-91a4-5683-a993-64d8a4a5690e,c11b9579-45d1-58de-af90-2c8b6bc73152,270,table,3d0cdab3-1f2a-5800-a898-68b49dce7ffe,33da3eb0-2ad2-55dd-9e99-b757ad5476bb,Informações do Monitoramento,informacoes_do_monitoramento,table_row,"{'regiao': 'No Distrito Federal', 'meta_prevista_para_2024': '-', 'meta_prevista_para_2025': '-', 'meta_prevista_para_2026': '-', 'meta_prevista_para_2027': '-', 'quantidade_alcancada__raw': '506', 'data_de_referencia__raw': '09/01/2025', 'sinalizacao_de_necessidade_de_revisao_proximo_exercicio': 'Não', 'notas_do_usuario': 'Não informado'}","{'quantidade_alcancada': 506.0, 'data_de_referencia': 9012025.0}"
bc8f974b-af5b-5260-a461-2c31e7150c27,c11b9579-45d1-58de-af90-2c8b6bc73152,270,table,3d0cdab3-1f2a-5800-a898-68b49dce7ffe,33da3eb0-2ad2-55dd-9e99-b757ad5476bb,Informações do Monitoramento,informacoes_do_monitoramento,table_row,"{'regiao': 'No Estado da Bahia', 'meta_prevista_para_2024': '-', 'meta_prevista_para_2025': '-', 'meta_prevista_para_2026': '-', 'meta_prevista_para_2027': '-', 'quantidade_alcancada__raw': '527', 'data_de_referencia__raw': '09/01/2025', 'sinalizacao_de_necessidade_de_revisao_proximo_exercicio': 'Não', 'notas_do_usuario': 'Não informado'}","{'quantidade_alcancada': 527.0, 'data_de_referencia': 9012025.0}"
477f14c0-92d7-5733-b271-60cb3d26736e,c11b9579-45d1-58de-af90-2c8b6bc73152,270,table,3d0cdab3-1f2a-5800-a898-68b49dce7ffe,33da3eb0-2ad2-55dd-9e99-b757ad5476bb,Informações do Monitoramento,informacoes_do_monitoramento,table_row,"{'regiao': 'No Estado da Paraíba', 'meta_prevista_para_2024': '-', 'meta_prevista_para_2025': '-', 'meta_prevista_para_2026': '-', 'meta_prevista_para_2027': '-', 'quantidade_alcancada__raw': '150', 'data_de_referencia__raw': '09/01/2025', 'sinalizacao_de_necessidade_de_revisao_proximo_exercicio': 'Não', 'notas_do_usuario': 'Não informado'}","{'quantidade_alcancada': 150.0, 'data_de_referencia': 9012025.0}"
6db5fe5d-3145-5de2-847b-c26689d0d38b,c11b9579-45d1-58de-af90-2c8b6bc73152,270,table,3d0cdab3-1f2a-5800-a898-68b49dce7ffe,33da3eb0-2ad2-55dd-9e99-b757ad5476bb,Informações do Monitoramento,informacoes_do_monitoramento,table_row,"{'regiao': 'No Estado de Alagoas', 'meta_prevista_para_2024': '-', 'meta_prevista_para_2025': '-', 'meta_prevista_para_2026': '-', 'meta_prevista_para_2027': '-', 'quantidade_alcancada__raw': '75', 'data_de_referencia__raw': '09/01/2025', 'sinalizacao_de_necessidade_de_revisao_proximo_exercicio': 'Não', 'notas_do_usuario': 'Não informado'}","{'quantidade_alcancada': 75.0, 'data_de_referencia': 9012025.0}"
430359aa-3c4b-5913-85d0-503ec2c5ef79,c11b9579-45d1-58de-af90-2c8b6bc73152,270,table,3d0cdab3-1f2a-5800-a898-68b49dce7ffe,33da3eb0-2ad2-55dd-9e99-b757ad5476bb,Informações do Monitoramento,informacoes_do_monitoramento,table_row,"{'regiao': 'No Estado de Goiás', 'meta_prevista_para_2024': '-', 'meta_prevista_para_2025': '-', 'meta_prevista_para_2026': '-', 'meta_prevista_para_2027': '-', 'quantidade_alcancada__raw': '300', 'data_de_referencia__raw': '09/01/2025', 'sinalizacao_de_necessidade_de_revisao_proximo_exercicio': 'Não', 'notas_do_usuario': 'Não informado'}","{'quantidade_alcancada': 300.0, 'data_de_referencia': 9012025.0}"
73683ac0-bb87-574b-a67d-9e6160cfd6e6,c11b9579-45d1-58de-af90-2c8b6bc73152,270,table,3d0cdab3-1f2a-5800-a898-68b49dce7ffe,33da3eb0-2ad2-55dd-9e99-b757ad5476bb,Informações do Monitoramento,informacoes_do_monitoramento,table_row,"{'regiao': 'No Estado de Mato Grosso', 'meta_prevista_para_2024': '-', 'meta_prevista_para_2025': '-', 'meta_prevista_para_2026': '-', 'meta_prevista_para_2027': '-', 'quantidade_alcancada__raw': '135', 'data_de_referencia__raw': '09/01/2025', 'sinalizacao_de_necessidade_de_revisao_proximo_exercicio': 'Não', 'notas_do_usuario': 'Não informado'}","{'quantidade_alcancada': 135.0, 'data_de_referencia': 9012025.0}"
e38cb2b7-2bf9-572d-b8ee-00155b03ce88,c11b9579-45d1-58de-af90-2c8b6bc73152,270,table,3d0cdab3-1f2a-5800-a898-68b49dce7ffe,33da3eb0-2ad2-55dd-9e99-b757ad5476bb,Informações do Monitoramento,informacoes_do_monitoramento,table_row,"{'regiao': 'No Estado de Mato', 'meta_prevista_para_2024': '-', 'meta_prevista_para_2025': '-', 'meta_prevista_para_2026': '-', 'meta_prevista_para_2027': '-', 'quantidade_alcancada__raw': '135', 'data_de_referencia__raw': '09/01/2025', 'sinalizacao_de_necessidade_de_revisao_proximo_exercicio': 'Não', 'notas_do_usuario': 'Não'}","{'quantidade_alcancada': 135.0, 'data_de_referencia': 9012025.0}"
5b8b88dc-7fe0-5e16-9b8a-9c7621e7af3c,c11b9579-45d1-58de-af90-2c8b6bc73152,271,table,13223ac2-9f4c-5390-9cac-8e74a86e8432,,,table,table_row,"{'grosso_do_sul': 'No Estado de Minas Gerais', 'column_2': '-', 'column_3': '-', 'column_4': '-', 'column_5': '-', 'column_6__raw': '732', 'column_7__raw': '09/01/2025', 'column_8': 'Não', 'informado': 'Não informado'}","{'column_6': 732.0, 'column_7': 9012025.0}"
8a13ce61-f025-5b5b-973a-3cecc717c83d,c11b9579-45d1-58de-af90-2c8b6bc73152,271,table,13223ac2-9f4c-5390-9cac-8e74a86e8432,,,table,table_row,"{'grosso_do_sul': 'No Estado de Pernambuco', 'column_2': '-', 'column_3': '-', 'column_4': '-', 'column_5': '-', 'column_6__raw': '406', 'column_7__raw': '09/01/2025', 'column_8': 'Não', 'informado': 'Não informado'}","{'column_6': 406.0, 'column_7': 9012025.0}"
838538c0-1460-5fbd-ba02-e61fa109aff2,c11b9579-45d1-58de-af90-2c8b6bc73152,271,table,13223ac2-9f4c-5390-9cac-8e74a86e8432,,,table,table_row,"{'grosso_do_sul': 'No Estado de Rondônia', 'column_2': '-', 'column_3': '-', 'column_4': '-', 'column_5': '-', 'column_6__raw': '117', 'column_7__raw': '09/01/2025', 'column_8': 'Não', 'informado': 'Não informado'}","{'column_6': 117.0, 'column_7': 9012025.0}"
fc4aa6c2-a2ad-59a2-8ca5-a7a914268f42,c11b9579-45d1-58de-af90-2c8b6bc73152,271,table,13223ac2-9f4c-5390-9cac-8e74a86e8432,,,table,table_row,"{'grosso_do_sul': 'No Estado de Roraima', 'column_2': '-', 'column_3': '-', 'column_4': '-', 'column_5': '-', 'column_6__raw': '47', 'column_7__raw': '09/01/2025', 'column_8': 'Não', 'informado': 'Não informado'}","{'column_6': 47.0, 'column_7': 9012025.0}"
2fff175b-4e4d-563e-a01c-f3b5d9cc54d4,c11b9579-45d1-58de-af90-2c8b6bc73152,271,table,13223ac2-9f4c-5390-9cac-8e74a86e8432,,,table,table_row,"{'grosso_do_sul': 'No Estado de Santa Catarina', 'column_2': '-', 'column_3': '-', 'column_4': '-', 'column_5': '-', 'column_6__raw': '356', 'column_7__raw': '09/01/2025', 'column_8': 'Não', 'informado': 'Não informado'}","{'column_6': 356.0, 'column_7': 9012025.0}"
050d5a8f-417e-50e6-a01a-5ad62c746299,c11b9579-45d1-58de-af90-2c8b6bc73152,271,table,13223ac2-9f4c-5390-9cac-8e74a86e8432,,,table,table_row,"{'grosso_do_sul': 'No Estado de São Paulo', 'column_2': '-', 'column_3': '-', 'column_4': '-', 'column_5': '-', 'column_6__raw': '1.238', 'column_7__raw': '09/01/2025', 'column_8': 'Não', 'informado': 'Não informado'}","{'column_6': 1238.0, 'column_7': 9012025.0}"
c3f6419c-a6ce-520a-8485-2cfb15dff67d,c11b9579-45d1-58de-af90-2c8b6bc73152,271,table,13223ac2-9f4c-5390-9cac-8e74a86e8432,,,table,table_row,"{'grosso_do_sul': 'No Estado de Sergipe', 'column_2': '-', 'column_3': '-', 'column_4': '-', 'column_5': '-', 'column_6__raw': '184', 'column_7__raw': '09/01/2025', 'column_8': 'Não', 'informado': 'Não informado'}","{'column_6': 184.0, 'column_7': 9012025.0}"
af7cc97a-322e-5317-989d-21235be54688,c11b9579-45d1-58de-af90-2c8b6bc73152,271,table,13223ac2-9f4c-5390-9cac-8e74a86e8432,,,table,table_row,"{'grosso_do_sul': 'No Estado do Acre', 'column_2': '-', 'column_3': '-', 'column_4': '-', 'column_5': '-', 'column_6__raw': '62', 'column_7__raw': '09/01/2025', 'column_8': 'Não', 'informado': 'Não informado'}","{'column_6': 62.0, 'column_7': 9012025.0}"
9b9432ee-5030-5cfc-b402-abe762d05da5,c11b9579-45d1-58de-af90-2c8b6bc73152,271,table,13223ac2-9f4c-5390-9cac-8e74a86e8432,,,table,table_row,"{'grosso_do_sul': 'No Estado do Amapá', 'column_2': '-', 'column_3': '-', 'column_4': '-', 'column_5': '-', 'column_6__raw': '81', 'column_7__raw': '09/01/2025', 'column_8': 'Não', 'informado': 'Não informado'}","{'column_6': 81.0, 'column_7': 9012025.0}"
37d96df7-964a-50aa-a5d3-fdc9ba3907d9,c11b9579-45d1-58de-af90-2c8b6bc73152,271,table,13223ac2-9f4c-5390-9cac-8e74a86e8432,,,table,table_row,"{'grosso_do_sul': 'No Estado do Amazonas', 'column_2': '-', 'column_3': '-', 'column_4': '-', 'column_5': '-', 'column_6__raw': '179', 'column_7__raw': '09/01/2025', 'column_8': 'Não', 'informado': 'Não informado'}","{'column_6': 179.0, 'column_7': 9012025.0}"
e833c1e9-ff99-5b82-b0df-684c89845a2a,c11b9579-45d1-58de-af90-2c8b6bc73152,271,table,13223ac2-9f4c-5390-9cac-8e74a86e8432,,,table,table_row,"{'grosso_do_sul': 'No Estado do Ceará', 'column_2': '-', 'column_3': '-', 'column_4': '-', 'column_5': '-', 'column_6__raw': '297', 'column_7__raw': '09/01/2025', 'column_8': 'Não', 'informado': 'Não informado'}","{'column_6': 297.0, 'column_7': 9012025.0}"
ff8e8a34-a25a-50d3-9a6b-a9b0668b0f6f,c11b9579-45d1-58de-af90-2c8b6bc73152,271,table,13223ac2-9f4c-5390-9cac-8e74a86e8432,,,table,table_row,"{'grosso_do_sul': 'No Estado do Espírito Santo', 'column_2': '-', 'column_3': '-', 'column_4': '-', 'column_5': '-', 'column_6__raw': '249', 'column_7__raw': '09/01/2025', 'column_8': 'Não', 'informado': 'Não informado'}","{'column_6': 249.0, 'column_7': 9012025.0}"
e0cab066-cd3d-5444-a105-1d3e39fb0835,c11b9579-45d1-58de-af90-2c8b6bc73152,271,table,13223ac2-9f4c-5390-9cac-8e74a86e8432,,,table,table_row,"{'grosso_do_sul': 'No Estado do Maranhão', 'column_2': '-', 'column_3': '-', 'column_4': '-', 'column_5': '-', 'column_6__raw': '179', 'column_7__raw': '09/01/2025', 'column_8': 'Não', 'informado': 'Não informado'}","{'column_6': 179.0, 'column_7': 9012025.0}"
8acc4c51-91e1-54e3-9a2e-9e68f3a5ccb0,c11b9579-45d1-58de-af90-2c8b6bc73152,271,table,13223ac2-9f4c-5390-9cac-8e74a86e8432,,,table,table_row,"{'grosso_do_sul': 'No Estado do Pará', 'column_2': '-', 'column_3': '-', 'column_4': '-', 'column_5': '-', 'column_6__raw': '230', 'column_7__raw': '09/01/2025', 'column_8': 'Não', 'informado': 'Não informado'}","{'column_6': 230.0, 'column_7': 9012025.0}"
527b7b66-8455-5adc-b2f6-b6ce699e8ee3,c11b9579-45d1-58de-af90-2c8b6bc73152,271,table,13223ac2-9f4c-5390-9cac-8e74a86e8432,,,table,table_row,"{'grosso_do_sul': 'No Estado do Paraná', 'column_2': '-', 'column_3': '-', 'column_4': '-', 'column_5': '-', 'column_6__raw': '401', 'column_7__raw': '09/01/2025', 'column_8': 'Não', 'informado': 'Não informado'}","{'column_6': 401.0, 'column_7': 9012025.0}"
293d4c99-9973-5ef0-8f47-ea48654cf113,c11b9579-45d1-58de-af90-2c8b6bc73152,271,table,13223ac2-9f4c-5390-9cac-8e74a86e8432,,,table,table_row,"{'grosso_do_sul': 'No Estado do Piauí', 'column_2': '-', 'column_3': '-', 'column_4': '-', 'column_5': '-', 'column_6__raw': '177', 'column_7__raw': '09/01/2025', 'column_8': 'Não', 'informado': 'Não informado'}","{'column_6': 177.0, 'column_7': 9012025.0}"
ccab0d21-9997-5162-a91e-12c8d438aa4d,c11b9579-45d1-58de-af90-2c8b6bc73152,271,table,13223ac2-9f4c-5390-9cac-8e74a86e8432,,,table,table_row,"{'grosso_do_sul': 'No Estado do Rio de Janeiro', 'column_2': '-', 'column_3': '-', 'column_4': '-', 'column_5': '-', 'column_6__raw': '1.363', 'column_7__raw': '09/01/2025', 'column_8': 'Não', 'informado': 'Não informado'}","{'column_6': 1363.0, 'column_7': 9012025.0}"
69a27d65-6c79-5d44-be47-7c02d25c1988,c11b9579-45d1-58de-af90-2c8b6bc73152,271,table,13223ac2-9f4c-5390-9cac-8e74a86e8432,,,table,table_row,"{'grosso_do_sul': 'No Estado do Rio Grande do Norte', 'column_2': '-', 'column_3': '-', 'column_4': '-', 'column_5': '-', 'column_6__raw': '135', 'column_7__raw': '09/01/2025', 'column_8': 'Não', 'informado': 'Não informado'}","{'column_6': 135.0, 'column_7': 9012025.0}"
92f00c6a-aaca-54d1-a422-b0438e4801a8,c11b9579-45d1-58de-af90-2c8b6bc73152,271,table,13223ac2-9f4c-5390-9cac-8e74a86e8432,,,table,table_row,"{'grosso_do_sul': 'No Estado do Rio Grande do Sul', 'column_2': '-', 'column_3': '-', 'column_4': '-', 'column_5': '-', 'column_6__raw': '320', 'column_7__raw': '09/01/2025', 'column_8': 'Não', 'informado': 'Não informado'}","{'column_6': 320.0, 'column_7': 9012025.0}"
ea7cffae-628c-5038-9b12-a703ece37b9e,c11b9579-45d1-58de-af90-2c8b6bc73152,271,table,13223ac2-9f4c-5390-9cac-8e74a86e8432,,,table,table_row,"{'grosso_do_sul': 'No Estado do', 'column_2': '-', 'column_3': '-', 'column_4': '-', 'column_5': '-', 'column_6__raw': '94', 'column_7__raw': '09/01/2025', 'column_8': 'Não', 'informado': 'Não'}","{'column_6': 94.0, 'column_7': 9012025.0}"
2cee4fdd-adb2-5fe9-ad42-effb8cfb570b,c11b9579-45d1-58de-af90-2c8b6bc73152,272,table,77f88a3a-74f3-5596-ba77-f52f6a3eef41,af5c4ab4-5739-55d3-a14b-99e3bd0ef98a,Informações do Monitoramento,informacoes_do_monitoramento,table_row,"{'0': 'Tocantins', '1': 'informado'}",{}
1c87f0ec-4596-58d1-8c50-7a689f19a5d7,c11b9579-45d1-58de-af90-2c8b6bc73152,275,table,9a28289d-b472-5971-be26-2e8405cfe792,4464ccb9-5afe-5fb5-8260-1c2fdfcd2402,Indicador: 11125 - Projetos Apoiados,indicador_11125_projetos_apoiados,table_row,"{'regiao': 'Região Centro- Oeste', 'meta_prevista_para_2024__raw': '246', 'meta_prevista_para_2025__raw': '246', 'meta_prevista_para_2026__raw': '246', 'meta_prevista_para_2027__raw': '246', 'quantidade_alcancada__raw': '2', 'data_de_referencia__raw': '21/02/2025', 'sinalizacao_de_necessidade_de_revisao_proximo_exercicio': 'Sim', 'notas_do_usuario': 'Quantidade alcançada informada em email enviado em 19/03/2025 por Glenio Cerqueira de França.'}","{'meta_prevista_para_2024': 246.0, 'meta_prevista_para_2025': 246.0, 'meta_prevista_para_2026': 246.0, 'meta_prevista_para_2027': 246.0, 'quantidade_alcancada': 2.0, 'data_de_referencia': 21022025.0}"
61b8bd48-bdc6-50f7-b126-316fe1d42a5c,c11b9579-45d1-58de-af90-2c8b6bc73152,276,table,09d8062c-3a8a-51ae-9578-02bd601d8881,f5d33b46-701e-56cd-a81d-645e54252759,Medida Institucional Normativa: 08DB - Elaboração do Programa Nacional de Ações Afirmativas na Cultura.,medida_institucional_normativa_08db_elaboracao_do_programa_nacional_de_acoes_afirmativas_na_cultura,table_row,"{'regiao_nordeste': 'Região Norte', '818__raw': '258', '818_2__raw': '258', '818_3__raw': '258', '818_4__raw': '258', '0__raw': '0', '21_02_2025__raw': '21/02/2025', 'sim': 'Sim', 'quantidade_alcancada_informada_em_email_enviado_em_19_03_2025_por_glenio_cerqueira_de_franca': 'Quantidade alcançada informada em email enviado em 19/03/2025 por Glenio Cerqueira de França.'}","{'818': 258.0, '818_2': 258.0, '818_3': 258.0, '818_4': 258.0, '0': 0.0, '21_02_2025': 21022025.0}"
99f29765-faaa-5726-9799-a688f52b91b6,c11b9579-45d1-58de-af90-2c8b6bc73152,276,table,09d8062c-3a8a-51ae-9578-02bd601d8881,f5d33b46-701e-56cd-a81d-645e54252759,Medida Institucional Normativa: 08DB - Elaboração do Programa Nacional de Ações Afirmativas na Cultura.,medida_institucional_normativa_08db_elaboracao_do_programa_nacional_de_acoes_afirmativas_na_cultura,table_row,"{'regiao_nordeste': 'Região Sudeste', '818__raw': '1.271', '818_2__raw': '1.271', '818_3__raw': '1.271', '818_4__raw': '1.271', '0__raw': '2', '21_02_2025__raw': '21/02/2025', 'sim': 'Sim', 'quantidade_alcancada_informada_em_email_enviado_em_19_03_2025_por_glenio_cerqueira_de_franca': 'Quantidade alcançada informada em email enviado em 19/03/2025 por Glenio Cerqueira de França.'}","{'818': 1271.0, '818_2': 1271.0, '818_3': 1271.0, '818_4': 1271.0, '0': 2.0, '21_02_2025': 21022025.0}"
7fc68566-42ce-53b8-aefd-c3565849d8d1,c11b9579-45d1-58de-af90-2c8b6bc73152,276,table,09d8062c-3a8a-51ae-9578-02bd601d8881,f5d33b46-701e-56cd-a81d-645e54252759,Medida Institucional Normativa: 08DB - Elaboração do Programa Nacional de Ações Afirmativas na Cultura.,medida_institucional_normativa_08db_elaboracao_do_programa_nacional_de_acoes_afirmativas_na_cultura,table_row,"{'regiao_nordeste': 'Região Sul', '818__raw': '447', '818_2__raw': '447', '818_3__raw': '447', '818_4__raw': '447', '0__raw': '2', '21_02_2025__raw': '21/02/2025', 'sim': 'Sim', 'quantidade_alcancada_informada_em_email_enviado_em_19_03_2025_por_glenio_cerqueira_de_franca': 'Quantidade alcançada informada em email enviado em 19/03/2025 por Glenio Cerqueira de França.'}","{'818': 447.0, '818_2': 447.0, '818_3': 447.0, '818_4': 447.0, '0': 2.0, '21_02_2025': 21022025.0}"
aaa56f71-6345-5f23-bcca-cb612311b968,c11b9579-45d1-58de-af90-2c8b6bc73152,278,table,25254b8e-b7f6-5d01-9ca5-f89d7356695c,9f82b207-da4c-5d13-839e-17db42911a3f,Regionalizações da Meta,regionalizacoes_da_meta,table_row,"{'regiao': 'Região Centro- Oeste', 'meta_prevista_para_2024__raw': '1.157', 'meta_prevista_para_2025__raw': '1.411', 'meta_prevista_para_2026__raw': '1.701', 'meta_prevista_para_2027__raw': '2.031', 'quantidade_alcancada__raw': '6.055', 'data_de_referencia__raw': '31/12/2024', 'sinalizacao_de_necessidade_de_revisao_proximo_exercicio': 'Não', 'notas_do_usuario': 'A meta prevista para a região centro-oeste em 2024 era de 1.157 atletas. No entanto, foram beneficiados 6.055 atletas por meio dos programas finalísticos desta Secretaria Nacional de Excelência Esportiva, com isso a meta foi superada em aproximadamente 523%. Esse fato ocorreu devido à destinação de emendas parlamentares e à priorização de modalidades estratégicas na região, permitindo a ampliação do atendimento aos atletas. A alocação eficiente dos recursos disponíveis e a otimização das ações desenvolvidas foram determinantes para esse resultado expressivo.'}","{'meta_prevista_para_2024': 1157.0, 'meta_prevista_para_2025': 1411.0, 'meta_prevista_para_2026': 1701.0, 'meta_prevista_para_2027': 2031.0, 'quantidade_alcancada': 6055.0, 'data_de_referencia': 31122024.0}"
df7e635d-8d09-5a38-a784-9b21539cd4cb,c11b9579-45d1-58de-af90-2c8b6bc73152,278,table,25254b8e-b7f6-5d01-9ca5-f89d7356695c,9f82b207-da4c-5d13-839e-17db42911a3f,Regionalizações da Meta,regionalizacoes_da_meta,table_row,"{'regiao': 'Região Nordeste', 'meta_prevista_para_2024__raw': '1.736', 'meta_prevista_para_2025__raw': '2.038', 'meta_prevista_para_2026__raw': '2.381', 'meta_prevista_para_2027__raw': '2.770', 'quantidade_alcancada__raw': '1.306', 'data_de_referencia__raw': '31/12/2024', 'sinalizacao_de_necessidade_de_revisao_proximo_exercicio': 'Não', 'notas_do_usuario': 'Apesar de a meta não ter sido totalmente alcançada, os investimentos e iniciativas implementadas contribuíram para fortalecer a base esportiva da região. O impacto positivo do Programa Revelar Talentos e o apoio aos centros de treinamento de basquete em Campina Grande/PB e ginástica rítmica em Aracaju/SE demonstram o compromisso da Secretaria Nacional de Excelência Esportiva com o desenvolvimento sustentável do esporte no Nordeste. Esses avanços são fundamentais para a ampliação das oportunidades e para a formação de atletas de excelência, consolidando um legado duradouro para o esporte nacional.'}","{'meta_prevista_para_2024': 1736.0, 'meta_prevista_para_2025': 2038.0, 'meta_prevista_para_2026': 2381.0, 'meta_prevista_para_2027': 2770.0, 'quantidade_alcancada': 1306.0, 'data_de_referencia': 31122024.0}"
c3e85136-8974-5af0-858f-19675408c300,c11b9579-45d1-58de-af90-2c8b6bc73152,278,table,25254b8e-b7f6-5d01-9ca5-f89d7356695c,9f82b207-da4c-5d13-839e-17db42911a3f,Regionalizações da Meta,regionalizacoes_da_meta,table_row,"{'regiao': 'Região Norte', 'meta_prevista_para_2024__raw': '437', 'meta_prevista_para_2025__raw': '627', 'meta_prevista_para_2026__raw': '850', 'meta_prevista_para_2027__raw': '1.108', 'quantidade_alcancada__raw': '374', 'data_de_referencia__raw': '31/12/2024', 'sinalizacao_de_necessidade_de_revisao_proximo_exercicio': 'Não', 'notas_do_usuario': 'Apesar de a meta não ter sido totalmente alcançada, os investimentos e iniciativas implementadas contribuíram para fortalecer a base esportiva da região. O impacto positivo do Programa Revelar Talentos com a implantação de núcelos no Estado do Amazonas e o'}","{'meta_prevista_para_2024': 437.0, 'meta_prevista_para_2025': 627.0, 'meta_prevista_para_2026': 850.0, 'meta_prevista_para_2027': 1108.0, 'quantidade_alcancada': 374.0, 'data_de_referencia': 31122024.0}"
e680725a-883b-5854-bc5f-2e28388c12bf,c11b9579-45d1-58de-af90-2c8b6bc73152,279,table,5351569c-908a-5807-8474-006e0b8eddd0,f20b48e1-ebbf-5f3a-a875-3a153380009f,Desagregação da Meta,desagregacao_da_meta,table_row,"{'regiao_sudeste': 'Região Sul', '7959__raw': '3.183', '8310__raw': '3.293', '8674__raw': '3.401', '8788__raw': '3.770', '10726__raw': '2.047', '31_12_2024__raw': '31/12/2024', 'nao': 'Não', 'apoio_as_modalidades_de_basquete_3x3_e_atletismo_demonstram_o_compromisso_da_secretaria_nacional_de_excelencia_esportiva_com_o_desenvolvimento_sustentavel_do_esporte_no_norte_esses_avancos_sao_fundamentais_para_a_ampliacao_das_oportunidades_e_para_a_formacao_de_atletas_de_excelencia_consolidando_um_legado_duradouro_para_o_esporte_nacional_alem_disso_o_programa_bolsa_atleta_contribuiusignificativamente_para_a_mensuracao_da_meta_a_regiao_sudeste_superou_suas_metas_devido_a_realizacao_de_eventos_esportivos_internacionais_e_classificatorios_para_as_olimpiadas_aproveitando_a_infraestrutura_de_legado_esportivo_dos_jogos_olimpicos_rio_2016_a_presenca_de_instalacoes_esportivas_de_alto_nivel_na_regiao_facilitou_a_organizacao_desses_eventos_e_fortaleceu_o_desenvolvimento_esportivo_local_alem_disso_o_programa_bolsa_atleta_registrou_o_maior_numero_de_contemplados_na_regiao_contribuindo_significativamente_para_o_aumento_da_meta_o_aporte_de_emendas_parlamentares_tambem_possibilitou_a_ampliacao_do_atendimento_resultando_em_um_desempenho_superior_ao_esperado_para_a_regiao_esses_fatores_demonstram_a_importancia_de_investimentos_continuos_e_da_manutencao_da_infraestrutura_esportiva_para_o_fortalecimento_do_esporte_nacional': 'Na região Sul, a meta prevista era de 3.183 atletas, mas 2.047 atletas foram beneficiados, principalmente devido ao apoio recebido por meio do Programa Bolsa Atleta. Embora a região não tenha sediado eventos esportivos internacionais em 2024, o foco no apoio direto aos atletas, com a concessão de bolsas, contribuiu de forma significativa para o progresso da região. Além disso, houve a implantação de um núcleo do Programa Revelar Talentos para a modalidade de rugby, em parceria com a Universidade Federal de Pelotas, ampliando as oportunidades de desenvolvimento de novos talentos esportivos.'}","{'7959': 3183.0, '8310': 3293.0, '8674': 3401.0, '8788': 3770.0, '10726': 2047.0, '31_12_2024': 31122024.0}"
571050e7-3254-57aa-ae5c-bd94e0bd4a23,c11b9579-45d1-58de-af90-2c8b6bc73152,279,table,6cdc985f-1384-5565-ab4b-72125cc08060,f20b48e1-ebbf-5f3a-a875-3a153380009f,Desagregação da Meta,desagregacao_da_meta,table_row,"{'0': 'Público', '1': 'Meta', '2': 'Meta', '3': 'Meta', '4': 'Meta', '5': 'Quantidade', '6': 'Data de', '7': 'Sinalização', '8': 'Notas do usuário'}",{}
71940c3b-855a-53af-b571-26dc0a03a788,c11b9579-45d1-58de-af90-2c8b6bc73152,280,table,c6c07b5b-54fe-5bdf-bd73-2ba4f4e200f6,,,table,table_row,"{'column_1': 'Homens', 'prevista_para_2024__raw': '7.236', 'prevista_para_2025__raw': '7.839', 'prevista_para_2026__raw': '8.505', 'prevista_para_2027__raw': '9.102', 'alcancada__raw': '10.976', 'referencia__raw': '31/12/2024', 'de_necessidade_de_revisao_proximo_exercicio': 'Não', 'column_9': 'Em 2024, foram apoiados 10.976 atletas masculinos por meio das ações e programas desenvolvidos pela Secretaria Nacional de Excelência Esportiva. A meta para atendimento de atletas homens era de 7.236, e o resultado alcançado superou essa meta de forma expressiva. Esse aumento significativo se deve, principalmente, ao apoio oferecido aos atletas por meio do Programa Bolsa Atleta, além do aporte de recursos provenientes de emendas parlamentares, que permitiram a ampliação do atendimento e o alcance de um número maior de beneficiados. Essa superação reflete o compromisso da Secretaria em garantir o suporte necessário para o desenvolvimento de atletas de excelência e a competitividade do esporte nacional.'}","{'prevista_para_2024': 7236.0, 'prevista_para_2025': 7839.0, 'prevista_para_2026': 8505.0, 'prevista_para_2027': 9102.0, 'alcancada': 10976.0, 'referencia': 31122024.0}"
eb895d16-5c14-53b7-87bf-9083fe142d1c,c11b9579-45d1-58de-af90-2c8b6bc73152,280,table,c6c07b5b-54fe-5bdf-bd73-2ba4f4e200f6,,,table,table_row,"{'column_1': 'Mulheres', 'prevista_para_2024__raw': '7.236', 'prevista_para_2025__raw': '7.839', 'prevista_para_2026__raw': '8.505', 'prevista_para_2027__raw': '9.102', 'alcancada__raw': '9.532', 'referencia__raw': '31/12/2024', 'de_necessidade_de_revisao_proximo_exercicio': 'Não', 'column_9': 'Em 2024, foram apoiadas 9.532 atletas mulheres por meio das ações e programas desenvolvidos pela Secretaria Nacional de Excelência Esportiva. A meta para o atendimento de mulheres era de 7.236, e o resultado alcançado superou essa meta devido ao apoio significativo recebido. Esse avanço foi possível, principalmente, pelo expressivo aporte de recursos provenientes de emendas parlamentares e ao fortalecimento do Programa Bolsa Atleta, que ampliou o atendimento e proporcionou o desenvolvimento de atletas de excelência esportiva. Esse suporte foi fundamental para elevar a competitividade do esporte nacional, contribuindo para o crescimento e reconhecimento das atletas brasileiras no cenário internacional.'}","{'prevista_para_2024': 7236.0, 'prevista_para_2025': 7839.0, 'prevista_para_2026': 8505.0, 'prevista_para_2027': 9102.0, 'alcancada': 9532.0, 'referencia': 31122024.0}"
14abad6c-3baa-5db1-87a5-5cae69767f10,c11b9579-45d1-58de-af90-2c8b6bc73152,281,table,2c99223b-51f4-5b7a-bc90-77cafeb0c4cb,ddb06c13-ecd4-5df3-baea-376ce2014541,Informações do Monitoramento,informacoes_do_monitoramento,table_row,"{'regiao': 'Região Centro- Oeste', 'meta_prevista_para_2024__raw': '200', 'meta_prevista_para_2025__raw': '200', 'meta_prevista_para_2026__raw': '200', 'meta_prevista_para_2027__raw': '200', 'quantidade_alcancada__raw': '0', 'data_de_referencia__raw': '31/12/2024', 'sinalizacao_de_necessidade_de_revisao_proximo_exercicio': 'Não', 'notas_do_usuario': 'A meta para a implantação do programa não foi cumprida porque o programa ainda está sendo elaborado e, portanto, não possui uma estrutura e diretrizes completamente definidas e unificadas. A regionalização exigiria um modelo claro e uniforme que ainda não está disponível, o que poderia levar a inconsistências na aplicação e na qualidade do programa entre diferentes regiões. Sem um modelo'}","{'meta_prevista_para_2024': 200.0, 'meta_prevista_para_2025': 200.0, 'meta_prevista_para_2026': 200.0, 'meta_prevista_para_2027': 200.0, 'quantidade_alcancada': 0.0, 'data_de_referencia': 31122024.0}"
81d60d4b-c0ce-5dee-9497-46a6f41a34cd,c11b9579-45d1-58de-af90-2c8b6bc73152,282,table,1c6028d9-cd16-5032-8097-d27ceae47649,,,table,table_row,"{'0': '', '1': '', '2': '', '3': '', '4': '', '5': '', '6': '', '7': '', '8': 'consolidado, a implementação regionalizada poderia resultar em desigualdades e dificuldades na aplicação eficaz das políticas de transição e dupla carreira esportiva.'}",{}
6967d72b-2e48-55b2-bc51-8b932ec51026,c11b9579-45d1-58de-af90-2c8b6bc73152,282,table,1c6028d9-cd16-5032-8097-d27ceae47649,,,table,table_row,"{'0': 'Região Nordeste', '1__raw': '380', '2__raw': '380', '3__raw': '380', '4__raw': '380', '5__raw': '0', '6__raw': '31/12/2024', '7': 'Não', '8': 'A meta para a implantação do programa não foi cumprida porque o programa ainda está sendo elaborado e, portanto, não possui uma estrutura e diretrizes completamente definidas e unificadas. A regionalização exigiria um modelo claro e uniforme que ainda não está disponível, o que poderia levar a inconsistências na aplicação e na qualidade do programa entre diferentes regiões. Sem um modelo consolidado, a implementação regionalizada poderia resultar em desigualdades e dificuldades na aplicação eficaz das políticas de transição e dupla carreira esportiva.'}","{'1': 380.0, '2': 380.0, '3': 380.0, '4': 380.0, '5': 0.0, '6': 31122024.0}"
e9b89929-c762-5992-a242-36b57e62e82c,c11b9579-45d1-58de-af90-2c8b6bc73152,282,table,1c6028d9-cd16-5032-8097-d27ceae47649,,,table,table_row,"{'0': 'Região Norte', '1__raw': '210', '2__raw': '210', '3__raw': '210', '4__raw': '210', '5__raw': '0', '6__raw': '31/12/2024', '7': 'Não', '8': 'A meta para a implantação do programa não foi cumprida porque o programa ainda está sendo elaborado e, portanto, não possui uma estrutura e diretrizes completamente definidas e unificadas. A regionalização exigiria um modelo claro e uniforme que ainda não está disponível, o que poderia levar a inconsistências na aplicação e na qualidade do programa entre diferentes regiões. Sem um modelo consolidado, a implementação regionalizada poderia resultar em desigualdades e dificuldades na aplicação eficaz das políticas de transição e dupla carreira esportiva.'}","{'1': 210.0, '2': 210.0, '3': 210.0, '4': 210.0, '5': 0.0, '6': 31122024.0}"
25ee972e-a0a8-5d80-a9b2-33e04dbc4ce5,c11b9579-45d1-58de-af90-2c8b6bc73152,282,table,1c6028d9-cd16-5032-8097-d27ceae47649,,,table,table_row,"{'0': 'Região Sudeste', '1__raw': '115', '2__raw': '115', '3__raw': '115', '4__raw': '115', '5__raw': '0', '6__raw': '31/12/2024', '7': 'Não', '8': 'A meta para a implantação do programa não foi cumprida porque o programa ainda está sendo elaborado e, portanto, não possui uma estrutura e diretrizes completamente definidas e unificadas. A regionalização exigiria um modelo claro e uniforme que ainda não está disponível, o que poderia levar a inconsistências na aplicação e na qualidade do programa entre diferentes regiões. Sem um modelo consolidado, a implementação regionalizada poderia resultar em desigualdades e dificuldades na aplicação eficaz das políticas de transição e dupla carreira esportiva.'}","{'1': 115.0, '2': 115.0, '3': 115.0, '4': 115.0, '5': 0.0, '6': 31122024.0}"
d3792b5b-cbf7-5352-81a2-db5e4101af35,c11b9579-45d1-58de-af90-2c8b6bc73152,282,table,1c6028d9-cd16-5032-8097-d27ceae47649,,,table,table_row,"{'0': 'Região Sul', '1__raw': '95', '2__raw': '95', '3__raw': '95', '4__raw': '95', '5__raw': '0', '6__raw': '31/12/2024', '7': 'Não', '8': 'A meta para a implantação do programa não foi cumprida porque o programa ainda está sendo elaborado e, portanto, não possui uma estrutura e'}","{'1': 95.0, '2': 95.0, '3': 95.0, '4': 95.0, '5': 0.0, '6': 31122024.0}"
06413a6f-5c37-5a2b-9781-1ad49f112b27,c11b9579-45d1-58de-af90-2c8b6bc73152,283,table,74616aee-b608-50c1-9549-ba3d0075247c,bab71220-8aef-5703-9ec8-991a5f30032c,Desagregação da Meta,desagregacao_da_meta,table_row,"{'0': 'diretrizes completamente definidas e unificadas. A regionalização exigiria um modelo claro e uniforme que ainda não está disponível, o que poderia levar a inconsistências na aplicação e na qualidade do programa entre diferentes regiões. Sem um modelo consolidado, a implementação regionalizada poderia resultar em desigualdades e dificuldades na aplicação eficaz das políticas de transição e dupla carreira esportiva.'}",{}
f424caa2-0b76-5c12-afe4-cc6af84715f2,c11b9579-45d1-58de-af90-2c8b6bc73152,283,table,9f2f7862-7e7e-50d6-907a-ed80bfcfa72d,bab71220-8aef-5703-9ec8-991a5f30032c,Desagregação da Meta,desagregacao_da_meta,table_row,"{'publico': 'Indígenas', 'meta_prevista_para_2024__raw': '100', 'meta_prevista_para_2025__raw': '100', 'meta_prevista_para_2026__raw': '100', 'meta_prevista_para_2027__raw': '100', 'quantidade_alcancada__raw': '0', 'data_de_referencia__raw': '31/12/2024', 'sinalizacao_de_necessidade_de_revisao_proximo_exercicio': 'Não', 'notas_do_usuario': 'A meta para a implantação do programa não foi cumprida porque o programa ainda está sendo elaborado e, portanto, não possui uma estrutura e diretrizes completamente definidas e unificadas. A falta de uma abordagem detalhada e desagregada por gênero, raça e etnia impede a elaboração de estratégias eficazes e inclusivas. Sem um modelo consolidado e uma análise detalhada das necessidades específicas de diferentes grupos, a implementação por desagregação poderia resultar em desigualdades e dificuldades na aplicação eficaz das políticas de transição e dupla carreira esportiva.'}","{'meta_prevista_para_2024': 100.0, 'meta_prevista_para_2025': 100.0, 'meta_prevista_para_2026': 100.0, 'meta_prevista_para_2027': 100.0, 'quantidade_alcancada': 0.0, 'data_de_referencia': 31122024.0}"
74733507-f6d6-57e7-a725-32e0ed4c51af,c11b9579-45d1-58de-af90-2c8b6bc73152,283,table,9f2f7862-7e7e-50d6-907a-ed80bfcfa72d,bab71220-8aef-5703-9ec8-991a5f30032c,Desagregação da Meta,desagregacao_da_meta,table_row,"{'publico': 'População Negra', 'meta_prevista_para_2024__raw': '200', 'meta_prevista_para_2025__raw': '200', 'meta_prevista_para_2026__raw': '200', 'meta_prevista_para_2027__raw': '200', 'quantidade_alcancada__raw': '0', 'data_de_referencia__raw': '31/12/2024', 'sinalizacao_de_necessidade_de_revisao_proximo_exercicio': 'Não', 'notas_do_usuario': 'A meta para a implantação do programa não foi cumprida porque o programa ainda está sendo elaborado e, portanto, não possui uma estrutura e diretrizes completamente definidas e unificadas. A falta de uma abordagem detalhada e desagregada por gênero, raça e etnia impede a elaboração de estratégias eficazes e inclusivas. Sem um modelo consolidado e uma análise detalhada das necessidades específicas de diferentes grupos, a implementação por desagregação poderia resultar em desigualdades e dificuldades na aplicação eficaz das políticas de transição e dupla carreira esportiva.'}","{'meta_prevista_para_2024': 200.0, 'meta_prevista_para_2025': 200.0, 'meta_prevista_para_2026': 200.0, 'meta_prevista_para_2027': 200.0, 'quantidade_alcancada': 0.0, 'data_de_referencia': 31122024.0}"
f15d958f-a418-5fef-bff4-3cccc0aa3db6,c11b9579-45d1-58de-af90-2c8b6bc73152,285,table,bb174f96-a6e7-536a-9bbc-abab62eee8e9,b242323d-c7f2-5201-a2cd-ca177fa485a1,Entrega: 0091 - Cursos de Qualificação Profissional para Mulheres,entrega_0091_cursos_de_qualificacao_profissional_para_mulheres,table_row,"{'regiao': 'Região Centro- Oeste', 'meta_prevista_para_2024__raw': '9', 'meta_prevista_para_2025__raw': '9', 'meta_prevista_para_2026__raw': '9', 'meta_prevista_para_2027__raw': '3', 'quantidade_alcancada__raw': '20', 'data_de_referencia__raw': '31/12/2024', 'sinalizacao_de_necessidade_de_revisao_proximo_exercicio': 'Não', 'notas_do_usuario': 'Não informado'}","{'meta_prevista_para_2024': 9.0, 'meta_prevista_para_2025': 9.0, 'meta_prevista_para_2026': 9.0, 'meta_prevista_para_2027': 3.0, 'quantidade_alcancada': 20.0, 'data_de_referencia': 31122024.0}"
0a2e9191-6b1c-5c1f-8cec-e8376c03ebb8,c11b9579-45d1-58de-af90-2c8b6bc73152,286,table,9ba444be-4893-5929-9c1d-552bb09beafa,3c914268-f66c-5689-bcb2-26b5b17be96b,Entrega: 0187 - Ações de formação e qualificação para as trabalhadoras domésticas,entrega_0187_acoes_de_formacao_e_qualificacao_para_as_trabalhadoras_domesticas,table_row,"{'regiao_nordeste': 'Região Norte', '16__raw': '6', '16_2__raw': '6', '16_3__raw': '6', '5__raw': '2', '31__raw': '3', '31_12_2024__raw': '31/12/2024', 'nao': 'Não', 'nao_informado': 'Não informado'}","{'16': 6.0, '16_2': 6.0, '16_3': 6.0, '5': 2.0, '31': 3.0, '31_12_2024': 31122024.0}"
6e67d5c6-1b57-5c15-8055-6cf8c81b449c,c11b9579-45d1-58de-af90-2c8b6bc73152,286,table,9ba444be-4893-5929-9c1d-552bb09beafa,3c914268-f66c-5689-bcb2-26b5b17be96b,Entrega: 0187 - Ações de formação e qualificação para as trabalhadoras domésticas,entrega_0187_acoes_de_formacao_e_qualificacao_para_as_trabalhadoras_domesticas,table_row,"{'regiao_nordeste': 'Região Sudeste', '16__raw': '41', '16_2__raw': '41', '16_3__raw': '41', '5__raw': '12', '31__raw': '60', '31_12_2024__raw': '31/12/2024', 'nao': 'Não', 'nao_informado': 'Não informado'}","{'16': 41.0, '16_2': 41.0, '16_3': 41.0, '5': 12.0, '31': 60.0, '31_12_2024': 31122024.0}"
3210c459-be97-59fe-a2c0-e961465bec52,c11b9579-45d1-58de-af90-2c8b6bc73152,286,table,9ba444be-4893-5929-9c1d-552bb09beafa,3c914268-f66c-5689-bcb2-26b5b17be96b,Entrega: 0187 - Ações de formação e qualificação para as trabalhadoras domésticas,entrega_0187_acoes_de_formacao_e_qualificacao_para_as_trabalhadoras_domesticas,table_row,"{'regiao_nordeste': 'Região Sul', '16__raw': '28', '16_2__raw': '28', '16_3__raw': '28', '5__raw': '9', '31__raw': '2', '31_12_2024__raw': '31/12/2024', 'nao': 'Não', 'nao_informado': 'Não informado'}","{'16': 28.0, '16_2': 28.0, '16_3': 28.0, '5': 9.0, '31': 2.0, '31_12_2024': 31122024.0}"
54444237-544e-5d49-a49f-4b91108581c8,c11b9579-45d1-58de-af90-2c8b6bc73152,286,table,73d7afeb-d20f-51d2-af33-102bbcf454ed,3c914268-f66c-5689-bcb2-26b5b17be96b,Entrega: 0187 - Ações de formação e qualificação para as trabalhadoras domésticas,entrega_0187_acoes_de_formacao_e_qualificacao_para_as_trabalhadoras_domesticas,table_row,"{'publico': 'População Negra', 'meta_prevista_para_2024__raw': '16.500', 'meta_prevista_para_2025__raw': '16.500', 'meta_prevista_para_2026__raw': '16.500', 'meta_prevista_para_2027': '5.500 Não', 'quantidade_alcancada': 'informado', 'data_de_referencia': 'Não informado', 'sinalizacao_de_necessidade_de_revisao_proximo_exercicio': 'Não informado', 'notas_do_usuario': 'Não informado'}","{'meta_prevista_para_2024': 16500.0, 'meta_prevista_para_2025': 16500.0, 'meta_prevista_para_2026': 16500.0}"
a201b2d1-95f8-59de-911d-07d593cc4d65,c11b9579-45d1-58de-af90-2c8b6bc73152,287,table,e2f394a1-5f33-5626-9970-6a4ca893844e,e34e0d30-ab7d-57d9-9d76-b467c61e12ea,Regionalizações da Meta,regionalizacoes_da_meta,table_row,"{'regiao': 'Região Centro- Oeste', 'meta_prevista_para_2024__raw': '17', 'meta_prevista_para_2025__raw': '17', 'meta_prevista_para_2026__raw': '17', 'meta_prevista_para_2027__raw': '17', 'quantidade_alcancada__raw': '17', 'data_de_referencia__raw': '31/10/2024', 'sinalizacao_de_necessidade_de_revisao_proximo_exercicio': 'Não', 'notas_do_usuario': 'Não informado'}","{'meta_prevista_para_2024': 17.0, 'meta_prevista_para_2025': 17.0, 'meta_prevista_para_2026': 17.0, 'meta_prevista_para_2027': 17.0, 'quantidade_alcancada': 17.0, 'data_de_referencia': 31102024.0}"
ca1b7dd5-506e-530a-acf2-444ab5978f68,c11b9579-45d1-58de-af90-2c8b6bc73152,287,table,e2f394a1-5f33-5626-9970-6a4ca893844e,e34e0d30-ab7d-57d9-9d76-b467c61e12ea,Regionalizações da Meta,regionalizacoes_da_meta,table_row,"{'regiao': 'Região Nordeste', 'meta_prevista_para_2024__raw': '21', 'meta_prevista_para_2025__raw': '21', 'meta_prevista_para_2026__raw': '21', 'meta_prevista_para_2027__raw': '21', 'quantidade_alcancada__raw': '21', 'data_de_referencia__raw': '31/12/2024', 'sinalizacao_de_necessidade_de_revisao_proximo_exercicio': 'Sim', 'notas_do_usuario': 'Não informado'}","{'meta_prevista_para_2024': 21.0, 'meta_prevista_para_2025': 21.0, 'meta_prevista_para_2026': 21.0, 'meta_prevista_para_2027': 21.0, 'quantidade_alcancada': 21.0, 'data_de_referencia': 31122024.0}"
e6b0bb09-4453-506a-8958-fecbecea8257,c11b9579-45d1-58de-af90-2c8b6bc73152,287,table,e2f394a1-5f33-5626-9970-6a4ca893844e,e34e0d30-ab7d-57d9-9d76-b467c61e12ea,Regionalizações da Meta,regionalizacoes_da_meta,table_row,"{'regiao': 'Região Norte', 'meta_prevista_para_2024__raw': '18', 'meta_prevista_para_2025__raw': '18', 'meta_prevista_para_2026__raw': '18', 'meta_prevista_para_2027__raw': '18', 'quantidade_alcancada__raw': '18', 'data_de_referencia__raw': '31/10/2024', 'sinalizacao_de_necessidade_de_revisao_proximo_exercicio': 'Não', 'notas_do_usuario': 'Não informado'}","{'meta_prevista_para_2024': 18.0, 'meta_prevista_para_2025': 18.0, 'meta_prevista_para_2026': 18.0, 'meta_prevista_para_2027': 18.0, 'quantidade_alcancada': 18.0, 'data_de_referencia': 31102024.0}"
7d6ff9e7-29e0-5ce6-abbe-18202934ea25,c11b9579-45d1-58de-af90-2c8b6bc73152,287,table,e2f394a1-5f33-5626-9970-6a4ca893844e,e34e0d30-ab7d-57d9-9d76-b467c61e12ea,Regionalizações da Meta,regionalizacoes_da_meta,table_row,"{'regiao': 'Região Sudeste', 'meta_prevista_para_2024__raw': '23', 'meta_prevista_para_2025__raw': '23', 'meta_prevista_para_2026__raw': '23', 'meta_prevista_para_2027__raw': '23', 'quantidade_alcancada__raw': '25', 'data_de_referencia__raw': '31/10/2024', 'sinalizacao_de_necessidade_de_revisao_proximo_exercicio': 'Não', 'notas_do_usuario': 'Não informado'}","{'meta_prevista_para_2024': 23.0, 'meta_prevista_para_2025': 23.0, 'meta_prevista_para_2026': 23.0, 'meta_prevista_para_2027': 23.0, 'quantidade_alcancada': 25.0, 'data_de_referencia': 31102024.0}"
877ae494-b420-5c62-93a2-a8b84f39cb71,c11b9579-45d1-58de-af90-2c8b6bc73152,287,table,e2f394a1-5f33-5626-9970-6a4ca893844e,e34e0d30-ab7d-57d9-9d76-b467c61e12ea,Regionalizações da Meta,regionalizacoes_da_meta,table_row,"{'regiao': 'Região Sul', 'meta_prevista_para_2024__raw': '21', 'meta_prevista_para_2025__raw': '21', 'meta_prevista_para_2026__raw': '21', 'meta_prevista_para_2027__raw': '21', 'quantidade_alcancada__raw': '21', 'data_de_referencia__raw': '31/10/2024', 'sinalizacao_de_necessidade_de_revisao_proximo_exercicio': 'Não', 'notas_do_usuario': 'Não informado'}","{'meta_prevista_para_2024': 21.0, 'meta_prevista_para_2025': 21.0, 'meta_prevista_para_2026': 21.0, 'meta_prevista_para_2027': 21.0, 'quantidade_alcancada': 21.0, 'data_de_referencia': 31102024.0}"
84a062b0-bd62-56f9-a86b-6494a3a74ce1,c11b9579-45d1-58de-af90-2c8b6bc73152,287,table,e8274015-1318-5ace-9d3d-2b0a2634ce6c,e34e0d30-ab7d-57d9-9d76-b467c61e12ea,Regionalizações da Meta,regionalizacoes_da_meta,table_row,"{'publico': 'População Negra', 'meta_prevista_para_2024__raw': '60', 'meta_prevista_para_2025__raw': '60', 'meta_prevista_para_2026__raw': '60', 'meta_prevista_para_2027': '', 'quantidade_alcancada': '60 Não informado', 'data_de_referencia': 'Não informado', 'sinalizacao_de_necessidade_de_revisao_proximo_exercicio': 'Não informado', 'notas_do_usuario': 'Não informado'}","{'meta_prevista_para_2024': 60.0, 'meta_prevista_para_2025': 60.0, 'meta_prevista_para_2026': 60.0}"
592ffc81-f5ce-57e0-a245-e1315a4d5819,c11b9579-45d1-58de-af90-2c8b6bc73152,289,table,1c2ece26-d545-5c18-b276-7e376970fcb9,f1785b07-584b-5895-8a36-98aa6aeaf34f,Informações do Monitoramento,informacoes_do_monitoramento,table_row,"{'regiao': 'Exterior', 'meta_prevista_para_2024__raw': '15', 'meta_prevista_para_2025__raw': '15', 'meta_prevista_para_2026__raw': '15', 'meta_prevista_para_2027__raw': '15', 'quantidade_alcancada__raw': '0', 'data_de_referencia__raw': '31/12/2024', 'sinalizacao_de_necessidade_de_revisao_proximo_exercicio': 'Não', 'notas_do_usuario': 'Não informado'}","{'meta_prevista_para_2024': 15.0, 'meta_prevista_para_2025': 15.0, 'meta_prevista_para_2026': 15.0, 'meta_prevista_para_2027': 15.0, 'quantidade_alcancada': 0.0, 'data_de_referencia': 31122024.0}"
c8d9bd2a-cbc4-5f19-baab-cda227c8b1a3,c11b9579-45d1-58de-af90-2c8b6bc73152,289,table,1c2ece26-d545-5c18-b276-7e376970fcb9,f1785b07-584b-5895-8a36-98aa6aeaf34f,Informações do Monitoramento,informacoes_do_monitoramento,table_row,"{'regiao': 'Região Centro- Oeste', 'meta_prevista_para_2024__raw': '8', 'meta_prevista_para_2025__raw': '8', 'meta_prevista_para_2026__raw': '8', 'meta_prevista_para_2027__raw': '8', 'quantidade_alcancada__raw': '0', 'data_de_referencia__raw': '31/12/2024', 'sinalizacao_de_necessidade_de_revisao_proximo_exercicio': 'Não', 'notas_do_usuario': 'Não informado'}","{'meta_prevista_para_2024': 8.0, 'meta_prevista_para_2025': 8.0, 'meta_prevista_para_2026': 8.0, 'meta_prevista_para_2027': 8.0, 'quantidade_alcancada': 0.0, 'data_de_referencia': 31122024.0}"
4f6cf712-f2ae-5b69-bac7-d4c8ab254dc9,c11b9579-45d1-58de-af90-2c8b6bc73152,289,table,1c2ece26-d545-5c18-b276-7e376970fcb9,f1785b07-584b-5895-8a36-98aa6aeaf34f,Informações do Monitoramento,informacoes_do_monitoramento,table_row,"{'regiao': 'Região Nordeste', 'meta_prevista_para_2024__raw': '27', 'meta_prevista_para_2025__raw': '27', 'meta_prevista_para_2026__raw': '27', 'meta_prevista_para_2027__raw': '27', 'quantidade_alcancada__raw': '0', 'data_de_referencia__raw': '31/12/2024', 'sinalizacao_de_necessidade_de_revisao_proximo_exercicio': 'Não', 'notas_do_usuario': 'Não informado'}","{'meta_prevista_para_2024': 27.0, 'meta_prevista_para_2025': 27.0, 'meta_prevista_para_2026': 27.0, 'meta_prevista_para_2027': 27.0, 'quantidade_alcancada': 0.0, 'data_de_referencia': 31122024.0}"
72f35023-88cb-57ed-aa59-c6897fc7b942,c11b9579-45d1-58de-af90-2c8b6bc73152,289,table,1c2ece26-d545-5c18-b276-7e376970fcb9,f1785b07-584b-5895-8a36-98aa6aeaf34f,Informações do Monitoramento,informacoes_do_monitoramento,table_row,"{'regiao': 'Região Norte', 'meta_prevista_para_2024__raw': '9', 'meta_prevista_para_2025__raw': '9', 'meta_prevista_para_2026__raw': '9', 'meta_prevista_para_2027__raw': '9', 'quantidade_alcancada__raw': '0', 'data_de_referencia__raw': '31/12/2024', 'sinalizacao_de_necessidade_de_revisao_proximo_exercicio': 'Não', 'notas_do_usuario': 'Não informado'}","{'meta_prevista_para_2024': 9.0, 'meta_prevista_para_2025': 9.0, 'meta_prevista_para_2026': 9.0, 'meta_prevista_para_2027': 9.0, 'quantidade_alcancada': 0.0, 'data_de_referencia': 31122024.0}"
a78ccc03-1672-507f-a0ff-40eea3cbf0f9,c11b9579-45d1-58de-af90-2c8b6bc73152,289,table,1c2ece26-d545-5c18-b276-7e376970fcb9,f1785b07-584b-5895-8a36-98aa6aeaf34f,Informações do Monitoramento,informacoes_do_monitoramento,table_row,"{'regiao': 'Região Sudeste', 'meta_prevista_para_2024__raw': '41', 'meta_prevista_para_2025__raw': '41', 'meta_prevista_para_2026__raw': '41', 'meta_prevista_para_2027__raw': '41', 'quantidade_alcancada__raw': '100', 'data_de_referencia__raw': '31/12/2024', 'sinalizacao_de_necessidade_de_revisao_proximo_exercicio': 'Não', 'notas_do_usuario': 'Não informado'}","{'meta_prevista_para_2024': 41.0, 'meta_prevista_para_2025': 41.0, 'meta_prevista_para_2026': 41.0, 'meta_prevista_para_2027': 41.0, 'quantidade_alcancada': 100.0, 'data_de_referencia': 31122024.0}"
c2ec8e5b-7a3f-58cd-9e2e-982bb004dc5d,c11b9579-45d1-58de-af90-2c8b6bc73152,289,table,283c3b23-c502-5792-b865-fd0b40f97df4,f1785b07-584b-5895-8a36-98aa6aeaf34f,Informações do Monitoramento,informacoes_do_monitoramento,table_row,"{'publico': 'População Negra', 'meta_prevista_para_2024__raw': '60', 'meta_prevista_para_2025__raw': '60', 'meta_prevista_para_2026__raw': '60', 'meta_prevista_para_2027__raw': '60', 'quantidade_alcancada': 'Não informado', 'data_de_referencia': 'Não informado', 'sinalizacao_de_necessidade_de_revisao_proximo_exercicio': 'Não informado', 'notas_do_usuario': 'Não informado'}","{'meta_prevista_para_2024': 60.0, 'meta_prevista_para_2025': 60.0, 'meta_prevista_para_2026': 60.0, 'meta_prevista_para_2027': 60.0}"
ee5f0ce0-eecf-5709-b184-ab2867ac8019,c11b9579-45d1-58de-af90-2c8b6bc73152,290,table,7ade65fd-c2ef-541c-a737-f9db2d519b4a,43ff8682-5998-5f13-b2fc-0841d5a13d46,Entrega: 2326 - Bolsa qualificação para jovens mulheres em situação de pobreza,entrega_2326_bolsa_qualificacao_para_jovens_mulheres_em_situacao_de_pobreza,table_row,"{'regiao': 'Região Centro- Oeste', 'meta_prevista_para_2024__raw': '300', 'meta_prevista_para_2025__raw': '300', 'meta_prevista_para_2026__raw': '300', 'meta_prevista_para_2027__raw': '50', 'quantidade_alcancada__raw': '0', 'data_de_referencia__raw': '31/12/2024', 'sinalizacao_de_necessidade_de_revisao_proximo_exercicio': 'Não', 'notas_do_usuario': 'Não informado'}","{'meta_prevista_para_2024': 300.0, 'meta_prevista_para_2025': 300.0, 'meta_prevista_para_2026': 300.0, 'meta_prevista_para_2027': 50.0, 'quantidade_alcancada': 0.0, 'data_de_referencia': 31122024.0}"
c50d011b-f758-5a66-91af-73a4ae1cb1a0,c11b9579-45d1-58de-af90-2c8b6bc73152,290,table,7ade65fd-c2ef-541c-a737-f9db2d519b4a,43ff8682-5998-5f13-b2fc-0841d5a13d46,Entrega: 2326 - Bolsa qualificação para jovens mulheres em situação de pobreza,entrega_2326_bolsa_qualificacao_para_jovens_mulheres_em_situacao_de_pobreza,table_row,"{'regiao': 'Região Nordeste', 'meta_prevista_para_2024__raw': '900', 'meta_prevista_para_2025__raw': '900', 'meta_prevista_para_2026__raw': '900', 'meta_prevista_para_2027__raw': '275', 'quantidade_alcancada__raw': '50', 'data_de_referencia__raw': '31/12/2024', 'sinalizacao_de_necessidade_de_revisao_proximo_exercicio': 'Não', 'notas_do_usuario': 'Não informado'}","{'meta_prevista_para_2024': 900.0, 'meta_prevista_para_2025': 900.0, 'meta_prevista_para_2026': 900.0, 'meta_prevista_para_2027': 275.0, 'quantidade_alcancada': 50.0, 'data_de_referencia': 31122024.0}"
496c307f-6801-5992-85c6-efab0441f44b,c11b9579-45d1-58de-af90-2c8b6bc73152,290,table,7ade65fd-c2ef-541c-a737-f9db2d519b4a,43ff8682-5998-5f13-b2fc-0841d5a13d46,Entrega: 2326 - Bolsa qualificação para jovens mulheres em situação de pobreza,entrega_2326_bolsa_qualificacao_para_jovens_mulheres_em_situacao_de_pobreza,table_row,"{'regiao': 'Região Norte', 'meta_prevista_para_2024__raw': '200', 'meta_prevista_para_2025__raw': '200', 'meta_prevista_para_2026__raw': '200', 'meta_prevista_para_2027__raw': '50', 'quantidade_alcancada__raw': '0', 'data_de_referencia__raw': '31/12/2024', 'sinalizacao_de_necessidade_de_revisao_proximo_exercicio': 'Não', 'notas_do_usuario': 'Não informado'}","{'meta_prevista_para_2024': 200.0, 'meta_prevista_para_2025': 200.0, 'meta_prevista_para_2026': 200.0, 'meta_prevista_para_2027': 50.0, 'quantidade_alcancada': 0.0, 'data_de_referencia': 31122024.0}"
94a6e74d-9c49-5c0e-80a0-cda612031c5a,c11b9579-45d1-58de-af90-2c8b6bc73152,290,table,7ade65fd-c2ef-541c-a737-f9db2d519b4a,43ff8682-5998-5f13-b2fc-0841d5a13d46,Entrega: 2326 - Bolsa qualificação para jovens mulheres em situação de pobreza,entrega_2326_bolsa_qualificacao_para_jovens_mulheres_em_situacao_de_pobreza,table_row,"{'regiao': 'Região Sudeste', 'meta_prevista_para_2024__raw': '1.000', 'meta_prevista_para_2025__raw': '1.000', 'meta_prevista_para_2026__raw': '1.000', 'meta_prevista_para_2027__raw': '275', 'quantidade_alcancada__raw': '25', 'data_de_referencia__raw': '31/12/2024', 'sinalizacao_de_necessidade_de_revisao_proximo_exercicio': 'Não', 'notas_do_usuario': 'Não'}","{'meta_prevista_para_2024': 1000.0, 'meta_prevista_para_2025': 1000.0, 'meta_prevista_para_2026': 1000.0, 'meta_prevista_para_2027': 275.0, 'quantidade_alcancada': 25.0, 'data_de_referencia': 31122024.0}"
e9b77f54-bfe4-5c99-b292-7a0fa7613fd3,c11b9579-45d1-58de-af90-2c8b6bc73152,291,table,19e43e9f-6404-5024-9b3e-0aae49b042f6,215180a0-c91e-5b11-be04-1c00a1aa6781,"PROGRAMA: 5804 - PROMOÇÃO DA IGUALDADE ÉTNICO-RACIAL, COMBATE E SUPERAÇÃO DO RACISMO",programa_5804_promocao_da_igualdade_etnico_racial_combate_e_superacao_do_racismo,table_row,"{'column_1': 'Região Sul', 'column_2__raw': '300', 'column_3__raw': '300', 'column_4__raw': '300', 'column_5__raw': '50', 'column_6__raw': '0 31/12/2024', 'column_7': 'Não', 'informado': 'Não informado'}","{'column_2': 300.0, 'column_3': 300.0, 'column_4': 300.0, 'column_5': 50.0, 'column_6': 31122024.0}"
a157b909-0a4a-57ab-8956-eb9282ab25ea,c11b9579-45d1-58de-af90-2c8b6bc73152,291,table,b5df00f6-f827-5191-96a3-3d96d81f6fa9,215180a0-c91e-5b11-be04-1c00a1aa6781,"PROGRAMA: 5804 - PROMOÇÃO DA IGUALDADE ÉTNICO-RACIAL, COMBATE E SUPERAÇÃO DO RACISMO",programa_5804_promocao_da_igualdade_etnico_racial_combate_e_superacao_do_racismo,table_row,"{'publico': 'População Negra', 'meta_prevista_para_2024__raw': '60', 'meta_prevista_para_2025__raw': '60', 'meta_prevista_para_2026__raw': '60', 'meta_prevista_para_2027__raw': '60', 'quantidade_alcancada__raw': '0,06', 'data_de_referencia__raw': '31/12/2024', 'sinalizacao_de_necessidade_de_revisao_proximo_exercicio': 'Não', 'notas_do_usuario': 'Não informado'}","{'meta_prevista_para_2024': 60.0, 'meta_prevista_para_2025': 60.0, 'meta_prevista_para_2026': 60.0, 'meta_prevista_para_2027': 60.0, 'quantidade_alcancada': 0.06, 'data_de_referencia': 31122024.0}"
f16565b1-5828-5b4a-9523-925da6a34cfa,c11b9579-45d1-58de-af90-2c8b6bc73152,309,table,7b46a3e9-5a8c-5274-baf0-e6d1d1170979,52980b63-3640-5619-88e6-234f2c598c63,Informações do Monitoramento,informacoes_do_monitoramento,table_row,"{'regiao': 'No Estado de São Paulo', 'meta_prevista_para_2024': '-', 'meta_prevista_para_2025': '', 'meta_prevista_para_2026': '', 'meta_prevista_para_2027': '-', 'quantidade_alcancada__raw': '1', 'data_de_referencia__raw': '17/02/2025', 'sinalizacao_de_necessidade_de_revisao_proximo_exercicio': 'Não', 'notas_do_usuario': 'Não informado'}","{'quantidade_alcancada': 1.0, 'data_de_referencia': 17022025.0}"
170045c6-5b40-560b-b540-780f1c17401e,c11b9579-45d1-58de-af90-2c8b6bc73152,309,table,7b46a3e9-5a8c-5274-baf0-e6d1d1170979,52980b63-3640-5619-88e6-234f2c598c63,Informações do Monitoramento,informacoes_do_monitoramento,table_row,"{'regiao': 'No Estado do Rio de Janeiro', 'meta_prevista_para_2024': '-', 'meta_prevista_para_2025': '', 'meta_prevista_para_2026': '', 'meta_prevista_para_2027': '-', 'quantidade_alcancada__raw': '1', 'data_de_referencia__raw': '17/02/2025', 'sinalizacao_de_necessidade_de_revisao_proximo_exercicio': 'Não', 'notas_do_usuario': 'Não informado'}","{'quantidade_alcancada': 1.0, 'data_de_referencia': 17022025.0}"
200e753a-b435-597f-86f8-83c71867e225,c11b9579-45d1-58de-af90-2c8b6bc73152,312,table,9941a9ae-9b38-5bf9-9145-afcc44b9c4d1,93d34a73-de5f-59ea-b355-a0cbd737911a,Informações do Monitoramento,informacoes_do_monitoramento,table_row,"{'regiao': 'No Distrito Federal', 'meta_prevista_para_2024': '-', 'meta_prevista_para_2025': '-', 'meta_prevista_para_2026': '-', 'meta_prevista_para_2027': '-', 'quantidade_alcancada__raw': '12', 'data_de_referencia__raw': '31/12/2024', 'sinalizacao_de_necessidade_de_revisao_proximo_exercicio': 'Não', 'notas_do_usuario': 'Os ajustes foram realizados de acordo com as informações da Secretaria de Inspeção do Trabalho (SIT/MTE), conforme registrado no processo SEI 19955.200451/2025-51.'}","{'quantidade_alcancada': 12.0, 'data_de_referencia': 31122024.0}"
5a2e0102-4844-5f9c-88b4-b79c54fb37d3,c11b9579-45d1-58de-af90-2c8b6bc73152,312,table,9941a9ae-9b38-5bf9-9145-afcc44b9c4d1,93d34a73-de5f-59ea-b355-a0cbd737911a,Informações do Monitoramento,informacoes_do_monitoramento,table_row,"{'regiao': 'No Estado da Bahia', 'meta_prevista_para_2024': '-', 'meta_prevista_para_2025': '-', 'meta_prevista_para_2026': '-', 'meta_prevista_para_2027': '-', 'quantidade_alcancada__raw': '53', 'data_de_referencia__raw': '31/12/2024', 'sinalizacao_de_necessidade_de_revisao_proximo_exercicio': 'Não', 'notas_do_usuario': 'Os ajustes foram realizados de acordo com as informações da Secretaria de Inspeção do Trabalho (SIT/MTE), conforme registrado no processo SEI 19955.200451/2025-51.'}","{'quantidade_alcancada': 53.0, 'data_de_referencia': 31122024.0}"
a3ed3da2-e398-5428-aa89-dbdcf1c11ca2,c11b9579-45d1-58de-af90-2c8b6bc73152,313,table,fc2025c8-5dca-58a4-83d8-963deae6cbf3,,,table,table_row,"{'no_estado_da_paraiba': 'No Estado de Alagoas', 'untitled': '-', 'untitled_2': '-', 'untitled_3': '-', 'untitled_4': '-', '124__raw': '24', '31_12_2024__raw': '31/12/2024', 'nao': 'Não', 'os_ajustes_foram_realizados_de_acordo_com_as_informacoes_da_secretaria_de_inspecao_do_trabalho_sit_mte_conforme_registrado_no_processo_sei_19955200451_2025_51': 'Os ajustes foram realizados de acordo com as informações da Secretaria de Inspeção do Trabalho (SIT/MTE), conforme registrado no processo SEI 19955.200451/2025-51.'}","{'124': 24.0, '31_12_2024': 31122024.0}"
dc355898-63e4-5c90-a660-263cd30046df,c11b9579-45d1-58de-af90-2c8b6bc73152,313,table,fc2025c8-5dca-58a4-83d8-963deae6cbf3,,,table,table_row,"{'no_estado_da_paraiba': 'No Estado de Goiás', 'untitled': '-', 'untitled_2': '-', 'untitled_3': '-', 'untitled_4': '-', '124__raw': '43', '31_12_2024__raw': '31/12/2024', 'nao': 'Não', 'os_ajustes_foram_realizados_de_acordo_com_as_informacoes_da_secretaria_de_inspecao_do_trabalho_sit_mte_conforme_registrado_no_processo_sei_19955200451_2025_51': 'Os ajustes foram realizados de acordo com as informações da Secretaria de Inspeção do Trabalho (SIT/MTE), conforme registrado no processo SEI 19955.200451/2025-51.'}","{'124': 43.0, '31_12_2024': 31122024.0}"
c801c3f6-5c80-54b4-8d62-219d325c35fc,c11b9579-45d1-58de-af90-2c8b6bc73152,313,table,fc2025c8-5dca-58a4-83d8-963deae6cbf3,,,table,table_row,"{'no_estado_da_paraiba': 'No Estado de Mato Grosso', 'untitled': '-', 'untitled_2': '-', 'untitled_3': '-', 'untitled_4': '-', '124__raw': '37', '31_12_2024__raw': '31/12/2024', 'nao': 'Não', 'os_ajustes_foram_realizados_de_acordo_com_as_informacoes_da_secretaria_de_inspecao_do_trabalho_sit_mte_conforme_registrado_no_processo_sei_19955200451_2025_51': 'Os ajustes foram realizados de acordo com as informações da Secretaria de Inspeção do Trabalho (SIT/MTE), conforme registrado no processo SEI 19955.200451/2025-51.'}","{'124': 37.0, '31_12_2024': 31122024.0}"
31059601-8718-5ede-8ca2-4eb9c3a2f065,c11b9579-45d1-58de-af90-2c8b6bc73152,313,table,fc2025c8-5dca-58a4-83d8-963deae6cbf3,,,table,table_row,"{'no_estado_da_paraiba': 'No Estado de Mato Grosso do Sul', 'untitled': '-', 'untitled_2': '-', 'untitled_3': '-', 'untitled_4': '-', '124__raw': '266', '31_12_2024__raw': '31/12/2024', 'nao': 'Não', 'os_ajustes_foram_realizados_de_acordo_com_as_informacoes_da_secretaria_de_inspecao_do_trabalho_sit_mte_conforme_registrado_no_processo_sei_19955200451_2025_51': 'Os ajustes foram realizados de acordo com as informações da Secretaria de Inspeção do Trabalho (SIT/MTE), conforme registrado no processo SEI 19955.200451/2025-51.'}","{'124': 266.0, '31_12_2024': 31122024.0}"
c4b43deb-f3d4-5cd4-bdcc-5e8dea752609,c11b9579-45d1-58de-af90-2c8b6bc73152,313,table,fc2025c8-5dca-58a4-83d8-963deae6cbf3,,,table,table_row,"{'no_estado_da_paraiba': 'No Estado de Minas Gerais', 'untitled': '-', 'untitled_2': '-', 'untitled_3': '-', 'untitled_4': '-', '124__raw': '488', '31_12_2024__raw': '31/12/2024', 'nao': 'Não', 'os_ajustes_foram_realizados_de_acordo_com_as_informacoes_da_secretaria_de_inspecao_do_trabalho_sit_mte_conforme_registrado_no_processo_sei_19955200451_2025_51': 'Os ajustes foram realizados de acordo com as informações da Secretaria de Inspeção do Trabalho (SIT/MTE), conforme registrado no processo SEI 19955.200451/2025-51.'}","{'124': 488.0, '31_12_2024': 31122024.0}"
ed557d39-d42b-525c-81ea-7c6401a2b1bf,c11b9579-45d1-58de-af90-2c8b6bc73152,313,table,fc2025c8-5dca-58a4-83d8-963deae6cbf3,,,table,table_row,"{'no_estado_da_paraiba': 'No Estado de Pernambuco', 'untitled': '-', 'untitled_2': '-', 'untitled_3': '-', 'untitled_4': '-', '124__raw': '383', '31_12_2024__raw': '31/12/2024', 'nao': 'Não', 'os_ajustes_foram_realizados_de_acordo_com_as_informacoes_da_secretaria_de_inspecao_do_trabalho_sit_mte_conforme_registrado_no_processo_sei_19955200451_2025_51': 'Os ajustes foram realizados de acordo com as informações da Secretaria de Inspeção do Trabalho (SIT/MTE), conforme registrado no processo SEI 19955.200451/2025-51.'}","{'124': 383.0, '31_12_2024': 31122024.0}"
215a35b3-ceaf-57d1-a0c2-17fc17bb9b4b,c11b9579-45d1-58de-af90-2c8b6bc73152,313,table,fc2025c8-5dca-58a4-83d8-963deae6cbf3,,,table,table_row,"{'no_estado_da_paraiba': 'No Estado de Rondônia', 'untitled': '-', 'untitled_2': '-', 'untitled_3': '-', 'untitled_4': '-', '124__raw': '44', '31_12_2024__raw': '31/12/2024', 'nao': 'Não', 'os_ajustes_foram_realizados_de_acordo_com_as_informacoes_da_secretaria_de_inspecao_do_trabalho_sit_mte_conforme_registrado_no_processo_sei_19955200451_2025_51': 'Os ajustes foram realizados de acordo com as informações da Secretaria de Inspeção do Trabalho (SIT/MTE), conforme registrado no processo SEI 19955.200451/2025-51.'}","{'124': 44.0, '31_12_2024': 31122024.0}"
e188bc97-e79e-5f66-8e5e-8f7022d8d517,c11b9579-45d1-58de-af90-2c8b6bc73152,313,table,fc2025c8-5dca-58a4-83d8-963deae6cbf3,,,table,table_row,"{'no_estado_da_paraiba': 'No Estado de Roraima', 'untitled': '-', 'untitled_2': '-', 'untitled_3': '-', 'untitled_4': '-', '124__raw': '128', '31_12_2024__raw': '31/12/2024', 'nao': 'Não', 'os_ajustes_foram_realizados_de_acordo_com_as_informacoes_da_secretaria_de_inspecao_do_trabalho_sit_mte_conforme_registrado_no_processo_sei_19955200451_2025_51': 'Os ajustes foram realizados de acordo com as informações da Secretaria de Inspeção do Trabalho (SIT/MTE), conforme registrado no processo SEI 19955.200451/2025-51.'}","{'124': 128.0, '31_12_2024': 31122024.0}"
6f6ebbca-02d9-5e07-ae66-cdfe13ad53ad,c11b9579-45d1-58de-af90-2c8b6bc73152,313,table,fc2025c8-5dca-58a4-83d8-963deae6cbf3,,,table,table_row,"{'no_estado_da_paraiba': 'No Estado de Santa Catarina', 'untitled': '-', 'untitled_2': '-', 'untitled_3': '-', 'untitled_4': '-', '124__raw': '75', '31_12_2024__raw': '31/12/2024', 'nao': 'Não', 'os_ajustes_foram_realizados_de_acordo_com_as_informacoes_da_secretaria_de_inspecao_do_trabalho_sit_mte_conforme_registrado_no_processo_sei_19955200451_2025_51': 'Os ajustes foram realizados de acordo com as informações da Secretaria de Inspeção do Trabalho (SIT/MTE), conforme registrado no processo SEI 19955.200451/2025-51.'}","{'124': 75.0, '31_12_2024': 31122024.0}"
74cc827b-73d6-5254-b0ba-8c1f22760e72,c11b9579-45d1-58de-af90-2c8b6bc73152,313,table,fc2025c8-5dca-58a4-83d8-963deae6cbf3,,,table,table_row,"{'no_estado_da_paraiba': 'No Estado de', 'untitled': '-', 'untitled_2': '-', 'untitled_3': '-', 'untitled_4': '-', '124__raw': '272', '31_12_2024__raw': '31/12/2024', 'nao': 'Não', 'os_ajustes_foram_realizados_de_acordo_com_as_informacoes_da_secretaria_de_inspecao_do_trabalho_sit_mte_conforme_registrado_no_processo_sei_19955200451_2025_51': 'Os ajustes foram realizados de acordo com as'}","{'124': 272.0, '31_12_2024': 31122024.0}"
37067cc5-fe67-50d4-b436-d1b32619694d,c11b9579-45d1-58de-af90-2c8b6bc73152,314,table,f8f76e2d-8db5-5aea-8fe9-4f2e7b5bee71,,,table,table_row,"{'0': 'São Paulo', '1': '', '2': '', '3': '', '4': '', '5': '', '6': '', '7': '', '8': 'informações da Secretaria de Inspeção do Trabalho (SIT/MTE), conforme registrado no processo SEI 19955.200451/2025-51.'}",{}
0b142f63-fba7-5368-8ad6-bf4f7f57daed,c11b9579-45d1-58de-af90-2c8b6bc73152,314,table,f8f76e2d-8db5-5aea-8fe9-4f2e7b5bee71,,,table,table_row,"{'0': 'No Estado de Sergipe', '1': '-', '2': '-', '3': '-', '4': '-', '5__raw': '11', '6__raw': '31/12/2024', '7': 'Não', '8': 'Os ajustes foram realizados de acordo com as informações da Secretaria de Inspeção do Trabalho (SIT/MTE), conforme registrado no processo SEI 19955.200451/2025-51.'}","{'5': 11.0, '6': 31122024.0}"
9ce5ac3d-9ad4-5bf0-81f4-6ead73a8a6f1,c11b9579-45d1-58de-af90-2c8b6bc73152,314,table,f8f76e2d-8db5-5aea-8fe9-4f2e7b5bee71,,,table,table_row,"{'0': 'No Estado do Acre', '1': '-', '2': '-', '3': '-', '4': '-', '5__raw': '0', '6__raw': '31/12/2024', '7': 'Não', '8': 'Os ajustes foram realizados de acordo com as informações da Secretaria de Inspeção do Trabalho (SIT/MTE), conforme registrado no processo SEI 19955.200451/2025-51.'}","{'5': 0.0, '6': 31122024.0}"
b5eb4fd9-445e-5b66-8181-52b0977b8bda,c11b9579-45d1-58de-af90-2c8b6bc73152,314,table,f8f76e2d-8db5-5aea-8fe9-4f2e7b5bee71,,,table,table_row,"{'0': 'No Estado do Amapá', '1': '-', '2': '-', '3': '-', '4': '-', '5__raw': '5', '6__raw': '31/12/2024', '7': 'Não', '8': 'Os ajustes foram realizados de acordo com as informações da Secretaria de Inspeção do Trabalho (SIT/MTE), conforme registrado no processo SEI 19955.200451/2025-51.'}","{'5': 5.0, '6': 31122024.0}"
6d17d654-2a0d-5a34-9500-d31fc6d4802c,c11b9579-45d1-58de-af90-2c8b6bc73152,314,table,f8f76e2d-8db5-5aea-8fe9-4f2e7b5bee71,,,table,table_row,"{'0': 'No Estado do Amazonas', '1': '-', '2': '-', '3': '-', '4': '-', '5__raw': '33', '6__raw': '31/12/2024', '7': 'Não', '8': 'Os ajustes foram realizados de acordo com as informações da Secretaria de Inspeção do Trabalho (SIT/MTE), conforme registrado no processo SEI 19955.200451/2025-51.'}","{'5': 33.0, '6': 31122024.0}"
eeb06632-046a-50d7-b371-709e3484ec9b,c11b9579-45d1-58de-af90-2c8b6bc73152,314,table,f8f76e2d-8db5-5aea-8fe9-4f2e7b5bee71,,,table,table_row,"{'0': 'No Estado do Ceará', '1': '-', '2': '-', '3': '-', '4': '-', '5__raw': '121', '6__raw': '31/12/2024', '7': 'Não', '8': 'Os ajustes foram realizados de acordo com as informações da Secretaria de Inspeção do Trabalho (SIT/MTE), conforme registrado no processo SEI 19955.200451/2025-51.'}","{'5': 121.0, '6': 31122024.0}"
1f629d83-af4c-5178-b1b5-b235fbd5bbae,c11b9579-45d1-58de-af90-2c8b6bc73152,314,table,f8f76e2d-8db5-5aea-8fe9-4f2e7b5bee71,,,table,table_row,"{'0': 'No Estado do Espírito Santo', '1': '-', '2': '-', '3': '-', '4': '-', '5__raw': '166', '6__raw': '31/12/2024', '7': 'Não', '8': 'Os ajustes foram realizados de acordo com as informações da Secretaria de Inspeção do Trabalho (SIT/MTE), conforme registrado no processo SEI 19955.200451/2025-51.'}","{'5': 166.0, '6': 31122024.0}"
47b5526d-de52-59be-ab23-a54959d33f78,c11b9579-45d1-58de-af90-2c8b6bc73152,314,table,f8f76e2d-8db5-5aea-8fe9-4f2e7b5bee71,,,table,table_row,"{'0': 'No Estado do Maranhão', '1': '-', '2': '-', '3': '-', '4': '-', '5__raw': '142', '6__raw': '31/12/2024', '7': 'Não', '8': 'Os ajustes foram realizados de acordo com as informações da Secretaria de Inspeção do Trabalho (SIT/MTE), conforme registrado no processo SEI 19955.200451/2025-51.'}","{'5': 142.0, '6': 31122024.0}"
7bc2b6f2-eaac-5c9a-8e32-ab1b7b4c3f8c,c11b9579-45d1-58de-af90-2c8b6bc73152,314,table,f8f76e2d-8db5-5aea-8fe9-4f2e7b5bee71,,,table,table_row,"{'0': 'No Estado do Pará', '1': '-', '2': '-', '3': '-', '4': '-', '5__raw': '17', '6__raw': '31/12/2024', '7': 'Não', '8': 'Os ajustes foram realizados de acordo com as informações da Secretaria de Inspeção do Trabalho (SIT/MTE), conforme registrado no processo SEI 19955.200451/2025-51.'}","{'5': 17.0, '6': 31122024.0}"
5b6f58a7-51c8-5fd5-b297-8c7aafa6e5b8,c11b9579-45d1-58de-af90-2c8b6bc73152,314,table,f8f76e2d-8db5-5aea-8fe9-4f2e7b5bee71,,,table,table_row,"{'0': 'No Estado do Paraná', '1': '-', '2': '-', '3': '-', '4': '-', '5__raw': '47', '6__raw': '31/12/2024', '7': 'Não', '8': 'Os ajustes foram realizados de acordo com as informações da Secretaria de Inspeção do Trabalho (SIT/MTE), conforme registrado no processo SEI 19955.200451/2025-51.'}","{'5': 47.0, '6': 31122024.0}"
0dfd2a57-cdb9-5050-afb8-dd9769aadcb5,c11b9579-45d1-58de-af90-2c8b6bc73152,314,table,f8f76e2d-8db5-5aea-8fe9-4f2e7b5bee71,,,table,table_row,"{'0': 'No Estado do Piauí', '1': '-', '2': '-', '3': '-', '4': '-', '5__raw': '11', '6__raw': '31/12/2024', '7': 'Não', '8': 'Os ajustes foram realizados de acordo com as informações da Secretaria de Inspeção do Trabalho'}","{'5': 11.0, '6': 31122024.0}"
26c1fbe0-9636-5cc5-9c3d-43517e768260,c11b9579-45d1-58de-af90-2c8b6bc73152,315,table,99a80add-73da-55bb-bd17-41cf14da3817,36eb76a7-d8c4-54b3-9e41-8b0c9a5e423f,Entrega: 1024 - Ações fiscais efetivas para o combate ao trabalho infantil ampliadas,entrega_1024_acoes_fiscais_efetivas_para_o_combate_ao_trabalho_infantil_ampliadas,table_row,"{'0': '', '1': '', '2': '', '3': '', '4': '', '5': '', '6': '', '7': '', '8': '(SIT/MTE), conforme registrado no processo SEI 19955.200451/2025-51.'}",{}
882dd7aa-d27b-5c2d-82a7-e5d146f926a7,c11b9579-45d1-58de-af90-2c8b6bc73152,315,table,99a80add-73da-55bb-bd17-41cf14da3817,36eb76a7-d8c4-54b3-9e41-8b0c9a5e423f,Entrega: 1024 - Ações fiscais efetivas para o combate ao trabalho infantil ampliadas,entrega_1024_acoes_fiscais_efetivas_para_o_combate_ao_trabalho_infantil_ampliadas,table_row,"{'0': 'No Estado do Rio de Janeiro', '1': '-', '2': '-', '3': '-', '4': '-', '5__raw': '54', '6__raw': '31/12/2024', '7': 'Não', '8': 'Os ajustes foram realizados de acordo com as informações da Secretaria de Inspeção do Trabalho (SIT/MTE), conforme registrado no processo SEI 19955.200451/2025-51.'}","{'5': 54.0, '6': 31122024.0}"
fd998683-5f8c-5ee7-a57d-c6e8898b1ca6,c11b9579-45d1-58de-af90-2c8b6bc73152,315,table,99a80add-73da-55bb-bd17-41cf14da3817,36eb76a7-d8c4-54b3-9e41-8b0c9a5e423f,Entrega: 1024 - Ações fiscais efetivas para o combate ao trabalho infantil ampliadas,entrega_1024_acoes_fiscais_efetivas_para_o_combate_ao_trabalho_infantil_ampliadas,table_row,"{'0': 'No Estado do Rio Grande do Norte', '1': '-', '2': '-', '3': '-', '4': '-', '5__raw': '41', '6__raw': '31/12/2024', '7': 'Não', '8': 'Os ajustes foram realizados de acordo com as informações da Secretaria de Inspeção do Trabalho (SIT/MTE), conforme registrado no processo SEI 19955.200451/2025-51.'}","{'5': 41.0, '6': 31122024.0}"
0ebd101e-5bb3-5c12-b93e-ef4660aa05a9,c11b9579-45d1-58de-af90-2c8b6bc73152,315,table,99a80add-73da-55bb-bd17-41cf14da3817,36eb76a7-d8c4-54b3-9e41-8b0c9a5e423f,Entrega: 1024 - Ações fiscais efetivas para o combate ao trabalho infantil ampliadas,entrega_1024_acoes_fiscais_efetivas_para_o_combate_ao_trabalho_infantil_ampliadas,table_row,"{'0': 'No Estado do Rio Grande do Sul', '1': '-', '2': '-', '3': '-', '4': '-', '5__raw': '143', '6__raw': '31/12/2024', '7': 'Não', '8': 'Os ajustes foram realizados de acordo com as informações da Secretaria de Inspeção do Trabalho (SIT/MTE), conforme registrado no processo SEI 19955.200451/2025-51.'}","{'5': 143.0, '6': 31122024.0}"
b8d96631-b666-5bd2-97d7-0d63f5eedcf3,c11b9579-45d1-58de-af90-2c8b6bc73152,315,table,99a80add-73da-55bb-bd17-41cf14da3817,36eb76a7-d8c4-54b3-9e41-8b0c9a5e423f,Entrega: 1024 - Ações fiscais efetivas para o combate ao trabalho infantil ampliadas,entrega_1024_acoes_fiscais_efetivas_para_o_combate_ao_trabalho_infantil_ampliadas,table_row,"{'0': 'No Estado do Tocantins', '1': '-', '2': '-', '3': '-', '4': '-', '5__raw': '5', '6__raw': '31/12/2024', '7': 'Não', '8': 'Os ajustes foram realizados de acordo com as informações da Secretaria de Inspeção do Trabalho (SIT/MTE), conforme registrado no processo SEI 19955.200451/2025-51.'}","{'5': 5.0, '6': 31122024.0}"
8b771ac5-a319-5372-8e41-28b73f21107b,c11b9579-45d1-58de-af90-2c8b6bc73152,316,table,7ce17bad-fd0d-57b2-a901-5b766f7b50cc,96d178bd-da32-5c6c-8853-ebe1fbb8d235,Regionalizações da Meta,regionalizacoes_da_meta,table_row,"{'regiao': 'No Distrito Federal', 'meta_prevista_para_2024': '-', 'meta_prevista_para_2025': '-', 'meta_prevista_para_2026': '-', 'meta_prevista_para_2027': '-', 'quantidade_alcancada__raw': '10', 'data_de_referencia__raw': '31/12/2024', 'sinalizacao_de_necessidade_de_revisao_proximo_exercicio': 'Não', 'notas_do_usuario': 'Os ajustes foram realizados de acordo com as informações da Secretaria de Inspeção do Trabalho (SIT/MTE), conforme registrado no processo SEI 19955.200451/2025-51.'}","{'quantidade_alcancada': 10.0, 'data_de_referencia': 31122024.0}"
6db3d46e-26d2-5e4c-bf83-c32a79373f6b,c11b9579-45d1-58de-af90-2c8b6bc73152,316,table,7ce17bad-fd0d-57b2-a901-5b766f7b50cc,96d178bd-da32-5c6c-8853-ebe1fbb8d235,Regionalizações da Meta,regionalizacoes_da_meta,table_row,"{'regiao': 'No Estado da Bahia', 'meta_prevista_para_2024': '-', 'meta_prevista_para_2025': '-', 'meta_prevista_para_2026': '-', 'meta_prevista_para_2027': '-', 'quantidade_alcancada__raw': '25', 'data_de_referencia__raw': '31/12/2024', 'sinalizacao_de_necessidade_de_revisao_proximo_exercicio': 'Não', 'notas_do_usuario': 'Os ajustes foram realizados de acordo com as informações da Secretaria de Inspeção do Trabalho (SIT/MTE), conforme registrado no processo SEI 19955.200451/2025-51.'}","{'quantidade_alcancada': 25.0, 'data_de_referencia': 31122024.0}"
f8e7366e-32bf-55a1-8d34-120094e6c682,c11b9579-45d1-58de-af90-2c8b6bc73152,316,table,7ce17bad-fd0d-57b2-a901-5b766f7b50cc,96d178bd-da32-5c6c-8853-ebe1fbb8d235,Regionalizações da Meta,regionalizacoes_da_meta,table_row,"{'regiao': 'No Estado da Paraíba', 'meta_prevista_para_2024': '-', 'meta_prevista_para_2025': '-', 'meta_prevista_para_2026': '-', 'meta_prevista_para_2027': '-', 'quantidade_alcancada__raw': '19', 'data_de_referencia__raw': '31/12/2024', 'sinalizacao_de_necessidade_de_revisao_proximo_exercicio': 'Não', 'notas_do_usuario': 'Os ajustes foram realizados de acordo com as informações da Secretaria de Inspeção do Trabalho (SIT/MTE), conforme registrado no processo SEI 19955.200451/2025-51.'}","{'quantidade_alcancada': 19.0, 'data_de_referencia': 31122024.0}"
5c5decfa-c72a-5ec1-a360-b2a309b84e66,c11b9579-45d1-58de-af90-2c8b6bc73152,316,table,7ce17bad-fd0d-57b2-a901-5b766f7b50cc,96d178bd-da32-5c6c-8853-ebe1fbb8d235,Regionalizações da Meta,regionalizacoes_da_meta,table_row,"{'regiao': 'No Estado de Alagoas', 'meta_prevista_para_2024': '-', 'meta_prevista_para_2025': '-', 'meta_prevista_para_2026': '-', 'meta_prevista_para_2027': '-', 'quantidade_alcancada__raw': '5', 'data_de_referencia__raw': '31/12/2024', 'sinalizacao_de_necessidade_de_revisao_proximo_exercicio': 'Não', 'notas_do_usuario': 'Os ajustes foram realizados de acordo com as informações da Secretaria de Inspeção do Trabalho (SIT/MTE), conforme registrado no processo SEI 19955.200451/2025-51.'}","{'quantidade_alcancada': 5.0, 'data_de_referencia': 31122024.0}"
e968da61-a02f-5e79-8d94-750c07b76609,c11b9579-45d1-58de-af90-2c8b6bc73152,316,table,7ce17bad-fd0d-57b2-a901-5b766f7b50cc,96d178bd-da32-5c6c-8853-ebe1fbb8d235,Regionalizações da Meta,regionalizacoes_da_meta,table_row,"{'regiao': 'No Estado de Goiás', 'meta_prevista_para_2024': '-', 'meta_prevista_para_2025': '-', 'meta_prevista_para_2026': '-', 'meta_prevista_para_2027': '-', 'quantidade_alcancada__raw': '37', 'data_de_referencia__raw': '31/12/2024', 'sinalizacao_de_necessidade_de_revisao_proximo_exercicio': 'Não', 'notas_do_usuario': 'Os ajustes foram realizados de acordo com as informações da Secretaria de Inspeção do Trabalho (SIT/MTE), conforme registrado no processo SEI 19955.200451/2025-51.'}","{'quantidade_alcancada': 37.0, 'data_de_referencia': 31122024.0}"
7e6aa1e0-1ba5-5033-9b8d-ee9f98d35403,c11b9579-45d1-58de-af90-2c8b6bc73152,316,table,7ce17bad-fd0d-57b2-a901-5b766f7b50cc,96d178bd-da32-5c6c-8853-ebe1fbb8d235,Regionalizações da Meta,regionalizacoes_da_meta,table_row,"{'regiao': 'No Estado de Mato Grosso', 'meta_prevista_para_2024': '-', 'meta_prevista_para_2025': '-', 'meta_prevista_para_2026': '-', 'meta_prevista_para_2027': '-', 'quantidade_alcancada__raw': '35', 'data_de_referencia__raw': '31/12/2024', 'sinalizacao_de_necessidade_de_revisao_proximo_exercicio': 'Não', 'notas_do_usuario': 'Os ajustes foram realizados de acordo com as informações da Secretaria de Inspeção do Trabalho (SIT/MTE), conforme registrado no processo SEI 19955.200451/2025-51.'}","{'quantidade_alcancada': 35.0, 'data_de_referencia': 31122024.0}"
3dc78671-8f6f-58aa-a468-1b9004928340,c11b9579-45d1-58de-af90-2c8b6bc73152,316,table,7ce17bad-fd0d-57b2-a901-5b766f7b50cc,96d178bd-da32-5c6c-8853-ebe1fbb8d235,Regionalizações da Meta,regionalizacoes_da_meta,table_row,"{'regiao': 'No Estado de', 'meta_prevista_para_2024': '-', 'meta_prevista_para_2025': '-', 'meta_prevista_para_2026': '-', 'meta_prevista_para_2027': '-', 'quantidade_alcancada__raw': '160', 'data_de_referencia__raw': '31/12/2024', 'sinalizacao_de_necessidade_de_revisao_proximo_exercicio': 'Não', 'notas_do_usuario': 'Os ajustes foram realizados de acordo com as'}","{'quantidade_alcancada': 160.0, 'data_de_referencia': 31122024.0}"
eaae78d6-e56f-5e46-b073-fbe928af4266,c11b9579-45d1-58de-af90-2c8b6bc73152,317,table,56acec35-bd81-57fc-9a33-8553431cac42,,,table,table_row,"{'mato_grosso_do_sul': 'No Estado de Minas Gerais', 'column_2': '-', 'column_3': '-', 'column_4': '-', 'column_5': '-', 'column_6__raw': '241', 'column_7__raw': '31/12/2024', 'column_8': 'Não', 'informacoes_da_secretaria_de_inspecao_do_trabalho_sit_mte_conforme_registrado_no_processo_sei_19955200451_2025_51': 'Os ajustes foram realizados de acordo com as informações da Secretaria de Inspeção do Trabalho (SIT/MTE), conforme registrado no processo SEI 19955.200451/2025-51.'}","{'column_6': 241.0, 'column_7': 31122024.0}"
15a36f0f-235f-537e-a21a-d9d465d77cf1,c11b9579-45d1-58de-af90-2c8b6bc73152,317,table,56acec35-bd81-57fc-9a33-8553431cac42,,,table,table_row,"{'mato_grosso_do_sul': 'No Estado de Pernambuco', 'column_2': '-', 'column_3': '-', 'column_4': '-', 'column_5': '-', 'column_6__raw': '97', 'column_7__raw': '31/12/2024', 'column_8': 'Não', 'informacoes_da_secretaria_de_inspecao_do_trabalho_sit_mte_conforme_registrado_no_processo_sei_19955200451_2025_51': 'Os ajustes foram realizados de acordo com as informações da Secretaria de Inspeção do Trabalho (SIT/MTE), conforme registrado no processo SEI 19955.200451/2025-51.'}","{'column_6': 97.0, 'column_7': 31122024.0}"
0a13378b-ada5-5db2-8900-405bf86719a6,c11b9579-45d1-58de-af90-2c8b6bc73152,317,table,56acec35-bd81-57fc-9a33-8553431cac42,,,table,table_row,"{'mato_grosso_do_sul': 'No Estado de Rondônia', 'column_2': '-', 'column_3': '-', 'column_4': '-', 'column_5': '-', 'column_6__raw': '36', 'column_7__raw': '31/12/2024', 'column_8': 'Não', 'informacoes_da_secretaria_de_inspecao_do_trabalho_sit_mte_conforme_registrado_no_processo_sei_19955200451_2025_51': 'Os ajustes foram realizados de acordo com as informações da Secretaria de Inspeção do Trabalho (SIT/MTE), conforme registrado no processo SEI 19955.200451/2025-51.'}","{'column_6': 36.0, 'column_7': 31122024.0}"
aef92685-8c52-5300-afc7-d1d76e302e83,c11b9579-45d1-58de-af90-2c8b6bc73152,317,table,56acec35-bd81-57fc-9a33-8553431cac42,,,table,table_row,"{'mato_grosso_do_sul': 'No Estado de Roraima', 'column_2': '-', 'column_3': '-', 'column_4': '-', 'column_5': '-', 'column_6__raw': '14', 'column_7__raw': '31/12/2024', 'column_8': 'Não', 'informacoes_da_secretaria_de_inspecao_do_trabalho_sit_mte_conforme_registrado_no_processo_sei_19955200451_2025_51': 'Os ajustes foram realizados de acordo com as informações da Secretaria de Inspeção do Trabalho (SIT/MTE), conforme registrado no processo SEI 19955.200451/2025-51.'}","{'column_6': 14.0, 'column_7': 31122024.0}"
8121972d-0507-517b-a149-f1aa31b76c7f,c11b9579-45d1-58de-af90-2c8b6bc73152,317,table,56acec35-bd81-57fc-9a33-8553431cac42,,,table,table_row,"{'mato_grosso_do_sul': 'No Estado de Santa Catarina', 'column_2': '-', 'column_3': '-', 'column_4': '-', 'column_5': '-', 'column_6__raw': '51', 'column_7__raw': '31/12/2024', 'column_8': 'Não', 'informacoes_da_secretaria_de_inspecao_do_trabalho_sit_mte_conforme_registrado_no_processo_sei_19955200451_2025_51': 'Os ajustes foram realizados de acordo com as informações da Secretaria de Inspeção do Trabalho (SIT/MTE), conforme registrado no processo SEI 19955.200451/2025-51.'}","{'column_6': 51.0, 'column_7': 31122024.0}"
d1db4e5e-17d0-53a6-87e7-7ad93dfacc98,c11b9579-45d1-58de-af90-2c8b6bc73152,317,table,56acec35-bd81-57fc-9a33-8553431cac42,,,table,table_row,"{'mato_grosso_do_sul': 'No Estado de São Paulo', 'column_2': '-', 'column_3': '-', 'column_4': '-', 'column_5': '-', 'column_6__raw': '136', 'column_7__raw': '31/12/2024', 'column_8': 'Não', 'informacoes_da_secretaria_de_inspecao_do_trabalho_sit_mte_conforme_registrado_no_processo_sei_19955200451_2025_51': 'Os ajustes foram realizados de acordo com as informações da Secretaria de Inspeção do Trabalho (SIT/MTE), conforme registrado no processo SEI 19955.200451/2025-51.'}","{'column_6': 136.0, 'column_7': 31122024.0}"
d9ee1fdc-81a6-5ad2-9e88-b3302199c7f0,c11b9579-45d1-58de-af90-2c8b6bc73152,317,table,56acec35-bd81-57fc-9a33-8553431cac42,,,table,table_row,"{'mato_grosso_do_sul': 'No Estado de Sergipe', 'column_2': '-', 'column_3': '-', 'column_4': '-', 'column_5': '-', 'column_6__raw': '5', 'column_7__raw': '31/12/2024', 'column_8': 'Não', 'informacoes_da_secretaria_de_inspecao_do_trabalho_sit_mte_conforme_registrado_no_processo_sei_19955200451_2025_51': 'Os ajustes foram realizados de acordo com as informações da Secretaria de Inspeção do Trabalho (SIT/MTE), conforme registrado no processo SEI 19955.200451/2025-51.'}","{'column_6': 5.0, 'column_7': 31122024.0}"
40693d03-8a33-5c01-8807-92b11db362b2,c11b9579-45d1-58de-af90-2c8b6bc73152,317,table,56acec35-bd81-57fc-9a33-8553431cac42,,,table,table_row,"{'mato_grosso_do_sul': 'No Estado do Acre', 'column_2': '-', 'column_3': '-', 'column_4': '-', 'column_5': '-', 'column_6__raw': '0', 'column_7__raw': '31/12/2024', 'column_8': 'Não', 'informacoes_da_secretaria_de_inspecao_do_trabalho_sit_mte_conforme_registrado_no_processo_sei_19955200451_2025_51': 'Os ajustes foram realizados de acordo com as informações da Secretaria de Inspeção do Trabalho (SIT/MTE), conforme registrado no processo SEI 19955.200451/2025-51.'}","{'column_6': 0.0, 'column_7': 31122024.0}"
a01213bb-7694-5998-84d2-908bf68429e4,c11b9579-45d1-58de-af90-2c8b6bc73152,317,table,56acec35-bd81-57fc-9a33-8553431cac42,,,table,table_row,"{'mato_grosso_do_sul': 'No Estado do Amapá', 'column_2': '-', 'column_3': '-', 'column_4': '-', 'column_5': '-', 'column_6__raw': '5', 'column_7__raw': '31/12/2024', 'column_8': 'Não', 'informacoes_da_secretaria_de_inspecao_do_trabalho_sit_mte_conforme_registrado_no_processo_sei_19955200451_2025_51': 'Os ajustes foram realizados de acordo com as informações da Secretaria de Inspeção do Trabalho (SIT/MTE), conforme registrado no processo SEI 19955.200451/2025-51.'}","{'column_6': 5.0, 'column_7': 31122024.0}"
7f890bfd-2ac9-587b-ae41-218da4b0808d,c11b9579-45d1-58de-af90-2c8b6bc73152,317,table,56acec35-bd81-57fc-9a33-8553431cac42,,,table,table_row,"{'mato_grosso_do_sul': 'No Estado do Amazonas', 'column_2': '-', 'column_3': '-', 'column_4': '-', 'column_5': '-', 'column_6__raw': '26', 'column_7__raw': '31/12/2024', 'column_8': 'Não', 'informacoes_da_secretaria_de_inspecao_do_trabalho_sit_mte_conforme_registrado_no_processo_sei_19955200451_2025_51': 'Os ajustes foram realizados de acordo com as informações da Secretaria de Inspeção do Trabalho'}","{'column_6': 26.0, 'column_7': 31122024.0}"
8586362d-179b-5ca6-be4b-b16dcd41ad46,c11b9579-45d1-58de-af90-2c8b6bc73152,318,table,3c905fef-1f88-5d26-a383-1f95c020272b,,,table,table_row,"{'0': '', '1': '', '2': '', '3': '', '4': '', '5': '', '6': '', '7': '', '8': '(SIT/MTE), conforme registrado no processo SEI 19955.200451/2025-51.'}",{}
9000b6a8-2364-5f5a-9c41-566876d78cfa,c11b9579-45d1-58de-af90-2c8b6bc73152,318,table,3c905fef-1f88-5d26-a383-1f95c020272b,,,table,table_row,"{'0': 'No Estado do Ceará', '1': '-', '2': '-', '3': '-', '4': '-', '5__raw': '80', '6__raw': '31/12/2024', '7': 'Não', '8': 'Os ajustes foram realizados de acordo com as informações da Secretaria de Inspeção do Trabalho (SIT/MTE), conforme registrado no processo SEI 19955.200451/2025-51.'}","{'5': 80.0, '6': 31122024.0}"
1f33130e-0db8-5200-ba9b-36829990104e,c11b9579-45d1-58de-af90-2c8b6bc73152,318,table,3c905fef-1f88-5d26-a383-1f95c020272b,,,table,table_row,"{'0': 'No Estado do Espírito Santo', '1': '-', '2': '-', '3': '-', '4': '-', '5__raw': '69', '6__raw': '31/12/2024', '7': 'Não', '8': 'Os ajustes foram realizados de acordo com as informações da Secretaria de Inspeção do Trabalho (SIT/MTE), conforme registrado no processo SEI 19955.200451/2025-51.'}","{'5': 69.0, '6': 31122024.0}"
8a7c8a73-dc24-5bca-b4f7-a7faaab3b4f4,c11b9579-45d1-58de-af90-2c8b6bc73152,318,table,3c905fef-1f88-5d26-a383-1f95c020272b,,,table,table_row,"{'0': 'No Estado do Maranhão', '1': '-', '2': '-', '3': '-', '4': '-', '5__raw': '66', '6__raw': '31/12/2024', '7': 'Não', '8': 'Os ajustes foram realizados de acordo com as informações da Secretaria de Inspeção do Trabalho (SIT/MTE), conforme registrado no processo SEI 19955.200451/2025-51.'}","{'5': 66.0, '6': 31122024.0}"
c2f3f50a-8f1e-5bd9-93cf-040546ec5c6f,c11b9579-45d1-58de-af90-2c8b6bc73152,318,table,3c905fef-1f88-5d26-a383-1f95c020272b,,,table,table_row,"{'0': 'No Estado do Pará', '1': '-', '2': '-', '3': '-', '4': '-', '5__raw': '16', '6__raw': '31/12/2024', '7': 'Não', '8': 'Os ajustes foram realizados de acordo com as informações da Secretaria de Inspeção do Trabalho (SIT/MTE), conforme registrado no processo SEI 19955.200451/2025-51.'}","{'5': 16.0, '6': 31122024.0}"
458fa2d3-9f4b-5042-9f74-5f47a440a438,c11b9579-45d1-58de-af90-2c8b6bc73152,318,table,3c905fef-1f88-5d26-a383-1f95c020272b,,,table,table_row,"{'0': 'No Estado do Paraná', '1': '-', '2': '-', '3': '-', '4': '-', '5__raw': '36', '6__raw': '31/12/2024', '7': 'Não', '8': 'Os ajustes foram realizados de acordo com as informações da Secretaria de Inspeção do Trabalho (SIT/MTE), conforme registrado no processo SEI 19955.200451/2025-51.'}","{'5': 36.0, '6': 31122024.0}"
897ad1a7-2ac1-5d64-8730-f4e0a6fab277,c11b9579-45d1-58de-af90-2c8b6bc73152,318,table,3c905fef-1f88-5d26-a383-1f95c020272b,,,table,table_row,"{'0': 'No Estado do Piauí', '1': '-', '2': '-', '3': '-', '4': '-', '5__raw': '10', '6__raw': '31/12/2024', '7': 'Não', '8': 'Os ajustes foram realizados de acordo com as informações da Secretaria de Inspeção do Trabalho (SIT/MTE), conforme registrado no processo SEI 19955.200451/2025-51.'}","{'5': 10.0, '6': 31122024.0}"
9dfd45c7-4bc8-5aca-84b9-21a8b90a2e7d,c11b9579-45d1-58de-af90-2c8b6bc73152,318,table,3c905fef-1f88-5d26-a383-1f95c020272b,,,table,table_row,"{'0': 'No Estado do Rio de Janeiro', '1': '-', '2': '-', '3': '-', '4': '-', '5__raw': '43', '6__raw': '31/12/2024', '7': 'Não', '8': 'Os ajustes foram realizados de acordo com as informações da Secretaria de Inspeção do Trabalho (SIT/MTE), conforme registrado no processo SEI 19955.200451/2025-51.'}","{'5': 43.0, '6': 31122024.0}"
0f1574e2-9abe-5b54-88a9-c61bce84daf9,c11b9579-45d1-58de-af90-2c8b6bc73152,318,table,3c905fef-1f88-5d26-a383-1f95c020272b,,,table,table_row,"{'0': 'No Estado do Rio Grande do Norte', '1': '-', '2': '-', '3': '-', '4': '-', '5__raw': '31', '6__raw': '31/12/2024', '7': 'Não', '8': 'Os ajustes foram realizados de acordo com as informações da Secretaria de Inspeção do Trabalho (SIT/MTE), conforme registrado no processo SEI 19955.200451/2025-51.'}","{'5': 31.0, '6': 31122024.0}"
786a4681-8056-5821-8f43-e22e3955012d,c11b9579-45d1-58de-af90-2c8b6bc73152,318,table,3c905fef-1f88-5d26-a383-1f95c020272b,,,table,table_row,"{'0': 'No Estado do Rio Grande do Sul', '1': '-', '2': '-', '3': '-', '4': '-', '5__raw': '102', '6__raw': '31/12/2024', '7': 'Não', '8': 'Os ajustes foram realizados de acordo com as informações da Secretaria de Inspeção do Trabalho (SIT/MTE), conforme registrado no processo SEI 19955.200451/2025-51.'}","{'5': 102.0, '6': 31122024.0}"
0fe01977-180b-5b1e-b1fc-559f8abcfe00,c11b9579-45d1-58de-af90-2c8b6bc73152,318,table,3c905fef-1f88-5d26-a383-1f95c020272b,,,table,table_row,"{'0': 'No Estado do Tocantins', '1': '-', '2': '-', '3': '-', '4': '-', '5__raw': '2', '6__raw': '31/12/2024', '7': 'Não', '8': 'Os ajustes foram realizados de acordo com as informações da Secretaria de Inspeção do Trabalho (SIT/MTE), conforme registrado no processo SEI'}","{'5': 2.0, '6': 31122024.0}"
5db49fd2-3e77-5c87-9184-90b020f3484f,c11b9579-45d1-58de-af90-2c8b6bc73152,319,table,6faf8b6e-1ddf-5470-9292-5fa6a0ea93a6,d928dfe1-4fac-59b7-9d25-530ac433504e,Entrega: 1030 - Crianças e adolescentes retirados nas piores formas de trabalho infantil,entrega_1030_criancas_e_adolescentes_retirados_nas_piores_formas_de_trabalho_infantil,table_row,{'0': '19955.200451/2025-51.'},{}
8817003b-d2d1-561c-b52b-799726938b73,c11b9579-45d1-58de-af90-2c8b6bc73152,320,table,b1e152c7-cef2-5046-af1f-d5dba09edea4,,,table,table_row,"{'no_distrito_federal': 'No Estado da Bahia', 'untitled': '-', 'untitled_2': '-', 'untitled_3': '-', 'untitled_4': '-', '75__raw': '83,02', '31_12_2024__raw': '31/12/2024', 'nao': 'Não', 'os_ajustes_foram_realizados_de_acordo_com_as_informacoes_da_secretaria_de_inspecao_do_trabalho_sit_mte_conforme_registrado_no_processo_sei_19955200451_2025_51': 'Os ajustes foram realizados de acordo com as informações da Secretaria de Inspeção do Trabalho (SIT/MTE), conforme registrado no processo SEI 19955.200451/2025-51.'}","{'75': 83.02, '31_12_2024': 31122024.0}"
dd37507f-83ce-5b81-afc6-157f34a39c88,c11b9579-45d1-58de-af90-2c8b6bc73152,320,table,b1e152c7-cef2-5046-af1f-d5dba09edea4,,,table,table_row,"{'no_distrito_federal': 'No Estado da Paraíba', 'untitled': '-', 'untitled_2': '-', 'untitled_3': '-', 'untitled_4': '-', '75__raw': '98,39', '31_12_2024__raw': '31/12/2024', 'nao': 'Não', 'os_ajustes_foram_realizados_de_acordo_com_as_informacoes_da_secretaria_de_inspecao_do_trabalho_sit_mte_conforme_registrado_no_processo_sei_19955200451_2025_51': 'Os ajustes foram realizados de acordo com as informações da Secretaria de Inspeção do Trabalho (SIT/MTE), conforme registrado no processo SEI 19955.200451/2025-51.'}","{'75': 98.39, '31_12_2024': 31122024.0}"
e8f283a4-f685-5bdd-ab54-ea4995d37ded,c11b9579-45d1-58de-af90-2c8b6bc73152,320,table,b1e152c7-cef2-5046-af1f-d5dba09edea4,,,table,table_row,"{'no_distrito_federal': 'No Estado de Alagoas', 'untitled': '-', 'untitled_2': '-', 'untitled_3': '-', 'untitled_4': '-', '75__raw': '95,83', '31_12_2024__raw': '31/12/2024', 'nao': 'Não', 'os_ajustes_foram_realizados_de_acordo_com_as_informacoes_da_secretaria_de_inspecao_do_trabalho_sit_mte_conforme_registrado_no_processo_sei_19955200451_2025_51': 'Os ajustes foram realizados de acordo com as informações da Secretaria de Inspeção do Trabalho (SIT/MTE), conforme registrado no processo SEI 19955.200451/2025-51.'}","{'75': 95.83, '31_12_2024': 31122024.0}"
6226fe15-20e6-534e-899b-1935e2007b05,c11b9579-45d1-58de-af90-2c8b6bc73152,320,table,b1e152c7-cef2-5046-af1f-d5dba09edea4,,,table,table_row,"{'no_distrito_federal': 'No Estado de Goiás', 'untitled': '-', 'untitled_2': '-', 'untitled_3': '-', 'untitled_4': '-', '75__raw': '81,4', '31_12_2024__raw': '31/12/2024', 'nao': 'Não', 'os_ajustes_foram_realizados_de_acordo_com_as_informacoes_da_secretaria_de_inspecao_do_trabalho_sit_mte_conforme_registrado_no_processo_sei_19955200451_2025_51': 'Os ajustes foram realizados de acordo com as informações da Secretaria de Inspeção do Trabalho (SIT/MTE), conforme registrado no processo SEI 19955.200451/2025-51.'}","{'75': 81.4, '31_12_2024': 31122024.0}"
79fce9c8-a46f-5b36-80ae-afbfc880066a,c11b9579-45d1-58de-af90-2c8b6bc73152,320,table,b1e152c7-cef2-5046-af1f-d5dba09edea4,,,table,table_row,"{'no_distrito_federal': 'No Estado de Mato Grosso', 'untitled': '-', 'untitled_2': '-', 'untitled_3': '-', 'untitled_4': '-', '75__raw': '21,62', '31_12_2024__raw': '31/12/2024', 'nao': 'Não', 'os_ajustes_foram_realizados_de_acordo_com_as_informacoes_da_secretaria_de_inspecao_do_trabalho_sit_mte_conforme_registrado_no_processo_sei_19955200451_2025_51': 'Os ajustes foram realizados de acordo com as informações da Secretaria de Inspeção do Trabalho (SIT/MTE), conforme registrado no processo SEI 19955.200451/2025-51.'}","{'75': 21.62, '31_12_2024': 31122024.0}"
58caa0b6-edb2-5efe-836e-a5949bf95546,c11b9579-45d1-58de-af90-2c8b6bc73152,320,table,b1e152c7-cef2-5046-af1f-d5dba09edea4,,,table,table_row,"{'no_distrito_federal': 'No Estado de Mato Grosso do Sul', 'untitled': '-', 'untitled_2': '-', 'untitled_3': '-', 'untitled_4': '-', '75__raw': '94,36', '31_12_2024__raw': '31/12/2024', 'nao': 'Não', 'os_ajustes_foram_realizados_de_acordo_com_as_informacoes_da_secretaria_de_inspecao_do_trabalho_sit_mte_conforme_registrado_no_processo_sei_19955200451_2025_51': 'Os ajustes foram realizados de acordo com as informações da Secretaria de Inspeção do Trabalho (SIT/MTE), conforme registrado no processo SEI 19955.200451/2025-51.'}","{'75': 94.36, '31_12_2024': 31122024.0}"
ce5bd388-6c38-5ad9-a7af-4781c5b49185,c11b9579-45d1-58de-af90-2c8b6bc73152,320,table,b1e152c7-cef2-5046-af1f-d5dba09edea4,,,table,table_row,"{'no_distrito_federal': 'No Estado de Minas Gerais', 'untitled': '-', 'untitled_2': '-', 'untitled_3': '-', 'untitled_4': '-', '75__raw': '73,57', '31_12_2024__raw': '31/12/2024', 'nao': 'Não', 'os_ajustes_foram_realizados_de_acordo_com_as_informacoes_da_secretaria_de_inspecao_do_trabalho_sit_mte_conforme_registrado_no_processo_sei_19955200451_2025_51': 'Os ajustes foram realizados de acordo com as informações da Secretaria de Inspeção do Trabalho (SIT/MTE), conforme registrado no processo SEI 19955.200451/2025-51.'}","{'75': 73.57, '31_12_2024': 31122024.0}"
1ec6afb8-451a-5799-9ccf-25b300e2ef7a,c11b9579-45d1-58de-af90-2c8b6bc73152,320,table,b1e152c7-cef2-5046-af1f-d5dba09edea4,,,table,table_row,"{'no_distrito_federal': 'No Estado de Pernambuco', 'untitled': '-', 'untitled_2': '-', 'untitled_3': '-', 'untitled_4': '-', '75__raw': '97,65', '31_12_2024__raw': '31/12/2024', 'nao': 'Não', 'os_ajustes_foram_realizados_de_acordo_com_as_informacoes_da_secretaria_de_inspecao_do_trabalho_sit_mte_conforme_registrado_no_processo_sei_19955200451_2025_51': 'Os ajustes foram realizados de acordo com as informações da Secretaria de Inspeção do Trabalho (SIT/MTE), conforme registrado no processo SEI 19955.200451/2025-51.'}","{'75': 97.65, '31_12_2024': 31122024.0}"
d1de8452-991b-5c7f-8564-26cc249814b1,c11b9579-45d1-58de-af90-2c8b6bc73152,320,table,b1e152c7-cef2-5046-af1f-d5dba09edea4,,,table,table_row,"{'no_distrito_federal': 'No Estado de Rondônia', 'untitled': '-', 'untitled_2': '-', 'untitled_3': '-', 'untitled_4': '-', '75__raw': '36,36', '31_12_2024__raw': '31/12/2024', 'nao': 'Não', 'os_ajustes_foram_realizados_de_acordo_com_as_informacoes_da_secretaria_de_inspecao_do_trabalho_sit_mte_conforme_registrado_no_processo_sei_19955200451_2025_51': 'Os ajustes foram realizados de acordo com as informações da Secretaria de Inspeção do Trabalho (SIT/MTE), conforme registrado no processo SEI 19955.200451/2025-51.'}","{'75': 36.36, '31_12_2024': 31122024.0}"
d070cba0-5720-55cd-8792-26d86b6628df,c11b9579-45d1-58de-af90-2c8b6bc73152,320,table,b1e152c7-cef2-5046-af1f-d5dba09edea4,,,table,table_row,"{'no_distrito_federal': 'No Estado de', 'untitled': '-', 'untitled_2': '-', 'untitled_3': '-', 'untitled_4': '-', '75__raw': '99,22', '31_12_2024__raw': '31/12/2024', 'nao': 'Não', 'os_ajustes_foram_realizados_de_acordo_com_as_informacoes_da_secretaria_de_inspecao_do_trabalho_sit_mte_conforme_registrado_no_processo_sei_19955200451_2025_51': 'Os ajustes foram realizados de acordo com as'}","{'75': 99.22, '31_12_2024': 31122024.0}"
70781ce9-27db-5bc6-9a15-5bb5a99fb57f,c11b9579-45d1-58de-af90-2c8b6bc73152,321,table,154857e8-0757-5a12-ab05-6b7d108aa422,,,table,table_row,"{'0': 'Roraima', '1': '', '2': '', '3': '', '4': '', '5': '', '6': '', '7': '', '8': 'informações da Secretaria de Inspeção do Trabalho (SIT/MTE), conforme registrado no processo SEI 19955.200451/2025-51.'}",{}
fc0e77d6-15eb-502d-9214-ab422c03d55c,c11b9579-45d1-58de-af90-2c8b6bc73152,321,table,154857e8-0757-5a12-ab05-6b7d108aa422,,,table,table_row,"{'0': 'No Estado de Santa Catarina', '1': '-', '2': '-', '3': '-', '4': '-', '5__raw': '49,33', '6__raw': '31/12/2024', '7': 'Não', '8': 'Os ajustes foram realizados de acordo com as informações da Secretaria de Inspeção do Trabalho (SIT/MTE), conforme registrado no processo SEI 19955.200451/2025-51.'}","{'5': 49.33, '6': 31122024.0}"
0590434a-f47c-5b5b-b5a0-4f8186f8ee90,c11b9579-45d1-58de-af90-2c8b6bc73152,321,table,154857e8-0757-5a12-ab05-6b7d108aa422,,,table,table_row,"{'0': 'No Estado de São Paulo', '1': '-', '2': '-', '3': '-', '4': '-', '5__raw': '71,32', '6__raw': '31/12/2024', '7': 'Não', '8': 'Os ajustes foram realizados de acordo com as informações da Secretaria de Inspeção do Trabalho (SIT/MTE), conforme registrado no processo SEI 19955.200451/2025-51.'}","{'5': 71.32, '6': 31122024.0}"
b6197320-8e89-5628-90d1-27fa7789bdc4,c11b9579-45d1-58de-af90-2c8b6bc73152,321,table,154857e8-0757-5a12-ab05-6b7d108aa422,,,table,table_row,"{'0': 'No Estado de Sergipe', '1': '-', '2': '-', '3': '-', '4': '-', '5__raw': '90,91', '6__raw': '31/12/2024', '7': 'Não', '8': 'Os ajustes foram realizados de acordo com as informações da Secretaria de Inspeção do Trabalho (SIT/MTE), conforme registrado no processo SEI 19955.200451/2025-51.'}","{'5': 90.91, '6': 31122024.0}"
0f0e0b30-2dbc-500d-8ac5-008079b0462d,c11b9579-45d1-58de-af90-2c8b6bc73152,321,table,154857e8-0757-5a12-ab05-6b7d108aa422,,,table,table_row,"{'0': 'No Estado do Acre', '1': '-', '2': '-', '3': '-', '4': '-', '5__raw': '0', '6__raw': '31/12/2024', '7': 'Não', '8': 'Os ajustes foram realizados de acordo com as informações da Secretaria de Inspeção do Trabalho (SIT/MTE), conforme registrado no processo SEI 19955.200451/2025-51.'}","{'5': 0.0, '6': 31122024.0}"
9804cf02-cf9d-56ce-b14d-7f4d2b18320c,c11b9579-45d1-58de-af90-2c8b6bc73152,321,table,154857e8-0757-5a12-ab05-6b7d108aa422,,,table,table_row,"{'0': 'No Estado do Amapá', '1': '-', '2': '-', '3': '-', '4': '-', '5__raw': '100', '6__raw': '31/12/2024', '7': 'Não', '8': 'Os ajustes foram realizados de acordo com as informações da Secretaria de Inspeção do Trabalho (SIT/MTE), conforme registrado no processo SEI 19955.200451/2025-51.'}","{'5': 100.0, '6': 31122024.0}"
e9e247e0-b309-5d99-925b-fead410f3db5,c11b9579-45d1-58de-af90-2c8b6bc73152,321,table,154857e8-0757-5a12-ab05-6b7d108aa422,,,table,table_row,"{'0': 'No Estado do Amazonas', '1': '-', '2': '-', '3': '-', '4': '-', '5__raw': '100', '6__raw': '31/12/2024', '7': 'Não', '8': 'Os ajustes foram realizados de acordo com as informações da Secretaria de Inspeção do Trabalho (SIT/MTE), conforme registrado no processo SEI 19955.200451/2025-51.'}","{'5': 100.0, '6': 31122024.0}"
362bc968-0ee6-5856-b502-b59e076ae9a5,c11b9579-45d1-58de-af90-2c8b6bc73152,321,table,154857e8-0757-5a12-ab05-6b7d108aa422,,,table,table_row,"{'0': 'No Estado do Ceará', '1': '-', '2': '-', '3': '-', '4': '-', '5__raw': '96,69', '6__raw': '31/12/2024', '7': 'Não', '8': 'Os ajustes foram realizados de acordo com as informações da Secretaria de Inspeção do Trabalho (SIT/MTE), conforme registrado no processo SEI 19955.200451/2025-51.'}","{'5': 96.69, '6': 31122024.0}"
7a751236-9ad4-51b7-832e-3ab5556e2a11,c11b9579-45d1-58de-af90-2c8b6bc73152,321,table,154857e8-0757-5a12-ab05-6b7d108aa422,,,table,table_row,"{'0': 'No Estado do Espírito Santo', '1': '-', '2': '-', '3': '-', '4': '-', '5__raw': '81,33', '6__raw': '31/12/2024', '7': 'Não', '8': 'Os ajustes foram realizados de acordo com as informações da Secretaria de Inspeção do Trabalho (SIT/MTE), conforme registrado no processo SEI 19955.200451/2025-51.'}","{'5': 81.33, '6': 31122024.0}"
b841b91a-d981-5c3d-af76-bae4703b8f33,c11b9579-45d1-58de-af90-2c8b6bc73152,321,table,154857e8-0757-5a12-ab05-6b7d108aa422,,,table,table_row,"{'0': 'No Estado do Maranhão', '1': '-', '2': '-', '3': '-', '4': '-', '5__raw': '94,37', '6__raw': '31/12/2024', '7': 'Não', '8': 'Os ajustes foram realizados de acordo com as informações da Secretaria de Inspeção do Trabalho (SIT/MTE), conforme registrado no processo SEI 19955.200451/2025-51.'}","{'5': 94.37, '6': 31122024.0}"
d99a1692-68c9-547e-ade5-273cacfb3c74,c11b9579-45d1-58de-af90-2c8b6bc73152,321,table,154857e8-0757-5a12-ab05-6b7d108aa422,,,table,table_row,"{'0': 'No Estado do Pará', '1': '-', '2': '-', '3': '-', '4': '-', '5__raw': '100', '6__raw': '31/12/2024', '7': 'Não', '8': 'Os ajustes foram realizados de acordo com as informações da Secretaria de Inspeção do Trabalho'}","{'5': 100.0, '6': 31122024.0}"
d2cfa2a3-3f11-5bbe-a970-674d0e862af5,c11b9579-45d1-58de-af90-2c8b6bc73152,322,table,4f1e6e53-db2d-533d-b943-703ad06a5d65,,,table,table_row,"{'0': '', '1': '', '2': '', '3': '', '4': '', '5': '', '6': '', '7': '', '8': '(SIT/MTE), conforme registrado no processo SEI 19955.200451/2025-51.'}",{}
830f8908-82fa-580a-9bb4-501131ec78a6,c11b9579-45d1-58de-af90-2c8b6bc73152,322,table,4f1e6e53-db2d-533d-b943-703ad06a5d65,,,table,table_row,"{'0': 'No Estado do Paraná', '1': '-', '2': '-', '3': '-', '4': '-', '5__raw': '85,11', '6__raw': '31/12/2024', '7': 'Não', '8': 'Os ajustes foram realizados de acordo com as informações da Secretaria de Inspeção do Trabalho (SIT/MTE), conforme registrado no processo SEI 19955.200451/2025-51.'}","{'5': 85.11, '6': 31122024.0}"
5007bfae-04c6-5f44-999c-a101bd2322f4,c11b9579-45d1-58de-af90-2c8b6bc73152,322,table,4f1e6e53-db2d-533d-b943-703ad06a5d65,,,table,table_row,"{'0': 'No Estado do Piauí', '1': '-', '2': '-', '3': '-', '4': '-', '5__raw': '100', '6__raw': '31/12/2024', '7': 'Não', '8': 'Os ajustes foram realizados de acordo com as informações da Secretaria de Inspeção do Trabalho (SIT/MTE), conforme registrado no processo SEI 19955.200451/2025-51.'}","{'5': 100.0, '6': 31122024.0}"
705d9386-6d96-5279-a068-a7c137508d8e,c11b9579-45d1-58de-af90-2c8b6bc73152,322,table,4f1e6e53-db2d-533d-b943-703ad06a5d65,,,table,table_row,"{'0': 'No Estado do Rio de Janeiro', '1': '-', '2': '-', '3': '-', '4': '-', '5__raw': '81,48', '6__raw': '31/12/2024', '7': 'Não', '8': 'Os ajustes foram realizados de acordo com as informações da Secretaria de Inspeção do Trabalho (SIT/MTE), conforme registrado no processo SEI 19955.200451/2025-51.'}","{'5': 81.48, '6': 31122024.0}"
4af83e64-d30a-5a26-ad76-15fa727bbe31,c11b9579-45d1-58de-af90-2c8b6bc73152,322,table,4f1e6e53-db2d-533d-b943-703ad06a5d65,,,table,table_row,"{'0': 'No Estado do Rio Grande do Norte', '1': '-', '2': '-', '3': '-', '4': '-', '5__raw': '100', '6__raw': '31/12/2024', '7': 'Não', '8': 'Os ajustes foram realizados de acordo com as informações da Secretaria de Inspeção do Trabalho (SIT/MTE), conforme registrado no processo SEI 19955.200451/2025-51.'}","{'5': 100.0, '6': 31122024.0}"
edf8c4ca-60f9-50bd-8baa-8d05ad96cbf5,c11b9579-45d1-58de-af90-2c8b6bc73152,322,table,4f1e6e53-db2d-533d-b943-703ad06a5d65,,,table,table_row,"{'0': 'No Estado do Rio Grande do Sul', '1': '-', '2': '-', '3': '-', '4': '-', '5__raw': '77,62', '6__raw': '31/12/2024', '7': 'Não', '8': 'Os ajustes foram realizados de acordo com as informações da Secretaria de Inspeção do Trabalho (SIT/MTE), conforme registrado no processo SEI 19955.200451/2025-51.'}","{'5': 77.62, '6': 31122024.0}"
b93dae84-9dfd-5349-8f5b-9d02f66a3206,c11b9579-45d1-58de-af90-2c8b6bc73152,322,table,4f1e6e53-db2d-533d-b943-703ad06a5d65,,,table,table_row,"{'0': 'No Estado do Tocantins', '1': '-', '2': '-', '3': '-', '4': '-', '5__raw': '100', '6__raw': '31/12/2024', '7': 'Não', '8': 'Os ajustes foram realizados de acordo com as informações da Secretaria de Inspeção do Trabalho (SIT/MTE), conforme registrado no processo SEI 19955.200451/2025-51.'}","{'5': 100.0, '6': 31122024.0}"
0ee85e0a-d4ee-5008-8c87-c6d543a10484,c11b9579-45d1-58de-af90-2c8b6bc73152,331,table,63ef5668-3dfa-5305-8cb2-459467e58d11,1293292b-2745-5597-b69b-b9189e8d0833,Informações do Monitoramento,informacoes_do_monitoramento,table_row,"{'regiao': 'No Estado do Rio Grande do Sul', 'meta_prevista_para_2024': '-', 'meta_prevista_para_2025': '-', 'meta_prevista_para_2026': '-', 'meta_prevista_para_2027': '-', 'quantidade_alcancada__raw': '1', 'data_de_referencia__raw': '31/12/2024', 'sinalizacao_de_necessidade_de_revisao_proximo_exercicio': 'Não', 'notas_do_usuario': 'Não informado'}","{'quantidade_alcancada': 1.0, 'data_de_referencia': 31122024.0}"
220bc9a9-85da-5b41-b030-aad309a9e044,c11b9579-45d1-58de-af90-2c8b6bc73152,333,table,21ce798f-801c-502a-a836-15cdf350f28a,d8b948da-80d4-55b8-9c35-9e5707c1958f,Informações do Monitoramento,informacoes_do_monitoramento,table_row,"{'regiao': 'Região Centro- Oeste', 'meta_prevista_para_2024__raw': '3.713.528', 'meta_prevista_para_2025__raw': '3.784.942', 'meta_prevista_para_2026__raw': '3.856.356', 'meta_prevista_para_2027__raw': '3.927.770', 'quantidade_alcancada': 'Valor não disponível', 'data_de_referencia__raw': '21/02/2025', 'sinalizacao_de_necessidade_de_revisao_proximo_exercicio': 'Não', 'notas_do_usuario': 'Não informado'}","{'meta_prevista_para_2024': 3713528.0, 'meta_prevista_para_2025': 3784942.0, 'meta_prevista_para_2026': 3856356.0, 'meta_prevista_para_2027': 3927770.0, 'data_de_referencia': 21022025.0}"
7ad682d4-fb1c-5476-84cd-eeee198a1945,c11b9579-45d1-58de-af90-2c8b6bc73152,333,table,21ce798f-801c-502a-a836-15cdf350f28a,d8b948da-80d4-55b8-9c35-9e5707c1958f,Informações do Monitoramento,informacoes_do_monitoramento,table_row,"{'regiao': 'Região Nordeste', 'meta_prevista_para_2024__raw': '14.475.604', 'meta_prevista_para_2025__raw': '14.753.981', 'meta_prevista_para_2026__raw': '15.032.358', 'meta_prevista_para_2027__raw': '15.310.735', 'quantidade_alcancada': 'Valor não disponível', 'data_de_referencia__raw': '21/02/2025', 'sinalizacao_de_necessidade_de_revisao_proximo_exercicio': 'Não', 'notas_do_usuario': 'Não informado'}","{'meta_prevista_para_2024': 14475604.0, 'meta_prevista_para_2025': 14753981.0, 'meta_prevista_para_2026': 15032358.0, 'meta_prevista_para_2027': 15310735.0, 'data_de_referencia': 21022025.0}"
1abe09ad-3c70-5101-816e-5f51a1ae9be2,c11b9579-45d1-58de-af90-2c8b6bc73152,333,table,21ce798f-801c-502a-a836-15cdf350f28a,d8b948da-80d4-55b8-9c35-9e5707c1958f,Informações do Monitoramento,informacoes_do_monitoramento,table_row,"{'regiao': 'Região Norte', 'meta_prevista_para_2024__raw': '3.783.433', 'meta_prevista_para_2025__raw': '3.856.191', 'meta_prevista_para_2026__raw': '3.928.950', 'meta_prevista_para_2027__raw': '4.001.708', 'quantidade_alcancada': 'Valor não disponível', 'data_de_referencia__raw': '21/02/2025', 'sinalizacao_de_necessidade_de_revisao_proximo_exercicio': 'Não', 'notas_do_usuario': 'Não informado'}","{'meta_prevista_para_2024': 3783433.0, 'meta_prevista_para_2025': 3856191.0, 'meta_prevista_para_2026': 3928950.0, 'meta_prevista_para_2027': 4001708.0, 'data_de_referencia': 21022025.0}"
16b4f5dd-52da-586a-884f-6a29c5edd6b2,c11b9579-45d1-58de-af90-2c8b6bc73152,333,table,21ce798f-801c-502a-a836-15cdf350f28a,d8b948da-80d4-55b8-9c35-9e5707c1958f,Informações do Monitoramento,informacoes_do_monitoramento,table_row,"{'regiao': 'Região Sudeste', 'meta_prevista_para_2024__raw': '20.920.571', 'meta_prevista_para_2025__raw': '21.322.890', 'meta_prevista_para_2026__raw': '21.725.208', 'meta_prevista_para_2027__raw': '22.127.527', 'quantidade_alcancada': 'Valor não disponível', 'data_de_referencia__raw': '21/02/2025', 'sinalizacao_de_necessidade_de_revisao_proximo_exercicio': 'Não', 'notas_do_usuario': 'Não informado'}","{'meta_prevista_para_2024': 20920571.0, 'meta_prevista_para_2025': 21322890.0, 'meta_prevista_para_2026': 21725208.0, 'meta_prevista_para_2027': 22127527.0, 'data_de_referencia': 21022025.0}"
fa433b09-6688-5e9a-8444-4abf4d44d9e1,c11b9579-45d1-58de-af90-2c8b6bc73152,333,table,21ce798f-801c-502a-a836-15cdf350f28a,d8b948da-80d4-55b8-9c35-9e5707c1958f,Informações do Monitoramento,informacoes_do_monitoramento,table_row,"{'regiao': 'Região Sul', 'meta_prevista_para_2024__raw': '9.106.864', 'meta_prevista_para_2025__raw': '9.281.996', 'meta_prevista_para_2026__raw': '9.457.128', 'meta_prevista_para_2027__raw': '9.632.260', 'quantidade_alcancada': 'Valor não disponível', 'data_de_referencia__raw': '21/02/2025', 'sinalizacao_de_necessidade_de_revisao_proximo_exercicio': 'Não', 'notas_do_usuario': 'Não informado'}","{'meta_prevista_para_2024': 9106864.0, 'meta_prevista_para_2025': 9281996.0, 'meta_prevista_para_2026': 9457128.0, 'meta_prevista_para_2027': 9632260.0, 'data_de_referencia': 21022025.0}"
da358f90-ffec-5028-a5bf-a470eb133ced,c11b9579-45d1-58de-af90-2c8b6bc73152,335,table,89b76aef-6c86-5b30-9ab5-f04ae52fa41a,9a9f7adb-03dd-525d-bbe1-626e76353a00,PROGRAMA: 5115 - PROMOÇÃO DO ACESSO À JUSTIÇA E DA DEFESA DOS DIREITOS,programa_5115_promocao_do_acesso_a_justica_e_da_defesa_dos_direitos,table_row,"{'publico': 'População Negra', 'meta_prevista_para_2024__raw': '1', 'meta_prevista_para_2025': '-', 'meta_prevista_para_2026': '-', 'meta_prevista_para_2027': '-', 'quantidade_alcancada__raw': '0', 'data_de_referencia__raw': '31/12/2024', 'sinalizacao_de_necessidade_de_revisao_proximo_exercicio': 'Não', 'notas_do_usuario': 'Não informado'}","{'meta_prevista_para_2024': 1.0, 'quantidade_alcancada': 0.0, 'data_de_referencia': 31122024.0}"
483a34a7-3d90-5c5a-8530-6231b0042366,c11b9579-45d1-58de-af90-2c8b6bc73152,335,table,89b76aef-6c86-5b30-9ab5-f04ae52fa41a,9a9f7adb-03dd-525d-bbe1-626e76353a00,PROGRAMA: 5115 - PROMOÇÃO DO ACESSO À JUSTIÇA E DA DEFESA DOS DIREITOS,programa_5115_promocao_do_acesso_a_justica_e_da_defesa_dos_direitos,table_row,"{'publico': 'Povos e Comunidades Tradicionais', 'meta_prevista_para_2024': '-', 'meta_prevista_para_2025': '-', 'meta_prevista_para_2026': '-', 'meta_prevista_para_2027': '-', 'quantidade_alcancada__raw': '1', 'data_de_referencia__raw': '31/12/2024', 'sinalizacao_de_necessidade_de_revisao_proximo_exercicio': 'Não', 'notas_do_usuario': 'Não informado'}","{'quantidade_alcancada': 1.0, 'data_de_referencia': 31122024.0}"
9ca55fc7-47b6-5dde-a34e-690690a1581e,c11b9579-45d1-58de-af90-2c8b6bc73152,335,table,89b76aef-6c86-5b30-9ab5-f04ae52fa41a,9a9f7adb-03dd-525d-bbe1-626e76353a00,PROGRAMA: 5115 - PROMOÇÃO DO ACESSO À JUSTIÇA E DA DEFESA DOS DIREITOS,programa_5115_promocao_do_acesso_a_justica_e_da_defesa_dos_direitos,table_row,"{'publico': 'Quilombolas', 'meta_prevista_para_2024': '-', 'meta_prevista_para_2025': '-', 'meta_prevista_para_2026': '-', 'meta_prevista_para_2027': '-', 'quantidade_alcancada__raw': '0', 'data_de_referencia__raw': '31/12/2024', 'sinalizacao_de_necessidade_de_revisao_proximo_exercicio': 'Não', 'notas_do_usuario': 'Não informado'}","{'quantidade_alcancada': 0.0, 'data_de_referencia': 31122024.0}"
b156237c-8f11-54d7-95c8-a80af79058fb,c11b9579-45d1-58de-af90-2c8b6bc73152,337,table,5274157c-7b63-54cf-895f-1fbc2d957797,ab179d3f-86fe-57ad-ad06-a034545d85bb,Informações do Monitoramento,informacoes_do_monitoramento,table_row,"{'no_estado_do_amazonas': 'No Estado do Rio Grande do Sul', 'untitled': '-', 'untitled_2': '-', 'untitled_3': '-', 'untitled_4': '-', '1__raw': '1', '31_12_2024__raw': '31/12/2024', 'nao': 'Não', 'nao_informado': 'Não informado'}","{'1': 1.0, '31_12_2024': 31122024.0}"
35376d28-bd8d-54f5-8c7e-701042503e07,c11b9579-45d1-58de-af90-2c8b6bc73152,337,table,5274157c-7b63-54cf-895f-1fbc2d957797,ab179d3f-86fe-57ad-ad06-a034545d85bb,Informações do Monitoramento,informacoes_do_monitoramento,table_row,"{'no_estado_do_amazonas': 'No Estado do Tocantins', 'untitled': '-', 'untitled_2': '-', 'untitled_3': '-', 'untitled_4': '-', '1__raw': '1', '31_12_2024__raw': '31/12/2024', 'nao': 'Não', 'nao_informado': 'Não informado'}","{'1': 1.0, '31_12_2024': 31122024.0}"
6bde5999-a746-5162-9dc3-0ea8571b9602,c11b9579-45d1-58de-af90-2c8b6bc73152,338,table,3d1a2ae7-8e3d-5e7d-91aa-1cb1f5e11217,856b550c-203a-5532-acd0-89c3dd08424e,PROGRAMA: 5116 - SEGURANÇA PÚBLICA COM CIDADANIA,programa_5116_seguranca_publica_com_cidadania,table_row,"{'regiao': 'No Estado do Amazonas', 'meta_prevista_para_2024': '-', 'meta_prevista_para_2025': '-', 'meta_prevista_para_2026': '-', 'meta_prevista_para_2027': '-', 'quantidade_alcancada__raw': '1', 'data_de_referencia__raw': '31/12/2024', 'sinalizacao_de_necessidade_de_revisao_proximo_exercicio': 'Não', 'notas_do_usuario': 'Não informado'}","{'quantidade_alcancada': 1.0, 'data_de_referencia': 31122024.0}"
73d5ccb4-cc18-599a-8a12-76f22a06cc7b,c11b9579-45d1-58de-af90-2c8b6bc73152,338,table,3d1a2ae7-8e3d-5e7d-91aa-1cb1f5e11217,856b550c-203a-5532-acd0-89c3dd08424e,PROGRAMA: 5116 - SEGURANÇA PÚBLICA COM CIDADANIA,programa_5116_seguranca_publica_com_cidadania,table_row,"{'regiao': 'No Estado do Rio Grande do Sul', 'meta_prevista_para_2024': '-', 'meta_prevista_para_2025': '-', 'meta_prevista_para_2026': '-', 'meta_prevista_para_2027': '-', 'quantidade_alcancada__raw': '1', 'data_de_referencia__raw': '31/12/2024', 'sinalizacao_de_necessidade_de_revisao_proximo_exercicio': 'Não', 'notas_do_usuario': 'Não informado'}","{'quantidade_alcancada': 1.0, 'data_de_referencia': 31122024.0}"
2e37a61a-44b8-5e75-a830-ce8b2f116521,c11b9579-45d1-58de-af90-2c8b6bc73152,338,table,3d1a2ae7-8e3d-5e7d-91aa-1cb1f5e11217,856b550c-203a-5532-acd0-89c3dd08424e,PROGRAMA: 5116 - SEGURANÇA PÚBLICA COM CIDADANIA,programa_5116_seguranca_publica_com_cidadania,table_row,"{'regiao': 'No Estado do Tocantins', 'meta_prevista_para_2024': '-', 'meta_prevista_para_2025': '-', 'meta_prevista_para_2026': '-', 'meta_prevista_para_2027': '-', 'quantidade_alcancada__raw': '1', 'data_de_referencia__raw': '31/12/2024', 'sinalizacao_de_necessidade_de_revisao_proximo_exercicio': 'Não', 'notas_do_usuario': 'Não informado'}","{'quantidade_alcancada': 1.0, 'data_de_referencia': 31122024.0}"
9eed47d2-a7f7-5aa4-95a5-14b7be443a19,c11b9579-45d1-58de-af90-2c8b6bc73152,342,table,0a136a2d-ef4d-5a73-a919-ba85e6d14c33,c6dcba39-08dd-552a-9727-43f5e43d91be,Informações do Monitoramento,informacoes_do_monitoramento,table_row,"{'regiao': 'No Distrito Federal', 'meta_prevista_para_2024': '-', 'meta_prevista_para_2025': '-', 'meta_prevista_para_2026': '-', 'meta_prevista_para_2027': '-', 'quantidade_alcancada__raw': '2.186', 'data_de_referencia__raw': '31/12/2024', 'sinalizacao_de_necessidade_de_revisao_proximo_exercicio': 'Não', 'notas_do_usuario': 'Não informado'}","{'quantidade_alcancada': 2186.0, 'data_de_referencia': 31122024.0}"
7db48c21-b9bd-56da-81b1-bedb033032d6,c11b9579-45d1-58de-af90-2c8b6bc73152,342,table,0a136a2d-ef4d-5a73-a919-ba85e6d14c33,c6dcba39-08dd-552a-9727-43f5e43d91be,Informações do Monitoramento,informacoes_do_monitoramento,table_row,"{'regiao': 'No Estado da Bahia', 'meta_prevista_para_2024': '-', 'meta_prevista_para_2025': '-', 'meta_prevista_para_2026': '-', 'meta_prevista_para_2027': '-', 'quantidade_alcancada__raw': '166', 'data_de_referencia__raw': '31/12/2024', 'sinalizacao_de_necessidade_de_revisao_proximo_exercicio': 'Não', 'notas_do_usuario': 'Não informado'}","{'quantidade_alcancada': 166.0, 'data_de_referencia': 31122024.0}"
e3ca679d-34eb-5d7a-8942-dbbbc5591529,c11b9579-45d1-58de-af90-2c8b6bc73152,342,table,0a136a2d-ef4d-5a73-a919-ba85e6d14c33,c6dcba39-08dd-552a-9727-43f5e43d91be,Informações do Monitoramento,informacoes_do_monitoramento,table_row,"{'regiao': 'No Estado da Paraíba', 'meta_prevista_para_2024': '-', 'meta_prevista_para_2025': '-', 'meta_prevista_para_2026': '-', 'meta_prevista_para_2027': '-', 'quantidade_alcancada__raw': '64', 'data_de_referencia__raw': '31/12/2024', 'sinalizacao_de_necessidade_de_revisao_proximo_exercicio': 'Não', 'notas_do_usuario': 'Não informado'}","{'quantidade_alcancada': 64.0, 'data_de_referencia': 31122024.0}"
0ecec477-7450-54ee-9e14-b864e241b8a9,c11b9579-45d1-58de-af90-2c8b6bc73152,342,table,0a136a2d-ef4d-5a73-a919-ba85e6d14c33,c6dcba39-08dd-552a-9727-43f5e43d91be,Informações do Monitoramento,informacoes_do_monitoramento,table_row,"{'regiao': 'No Estado de Alagoas', 'meta_prevista_para_2024': '-', 'meta_prevista_para_2025': '-', 'meta_prevista_para_2026': '-', 'meta_prevista_para_2027': '-', 'quantidade_alcancada__raw': '174', 'data_de_referencia__raw': '31/12/2024', 'sinalizacao_de_necessidade_de_revisao_proximo_exercicio': 'Não', 'notas_do_usuario': 'Não informado'}","{'quantidade_alcancada': 174.0, 'data_de_referencia': 31122024.0}"
7fe77773-b0bf-5a91-a045-9d15a8bba532,c11b9579-45d1-58de-af90-2c8b6bc73152,342,table,0a136a2d-ef4d-5a73-a919-ba85e6d14c33,c6dcba39-08dd-552a-9727-43f5e43d91be,Informações do Monitoramento,informacoes_do_monitoramento,table_row,"{'regiao': 'No Estado de Goiás', 'meta_prevista_para_2024': '-', 'meta_prevista_para_2025': '-', 'meta_prevista_para_2026': '-', 'meta_prevista_para_2027': '-', 'quantidade_alcancada__raw': '112', 'data_de_referencia__raw': '31/12/2024', 'sinalizacao_de_necessidade_de_revisao_proximo_exercicio': 'Não', 'notas_do_usuario': 'Não informado'}","{'quantidade_alcancada': 112.0, 'data_de_referencia': 31122024.0}"
e5bbc9d3-61d0-58e7-8e35-dc7aea132fc2,c11b9579-45d1-58de-af90-2c8b6bc73152,342,table,0a136a2d-ef4d-5a73-a919-ba85e6d14c33,c6dcba39-08dd-552a-9727-43f5e43d91be,Informações do Monitoramento,informacoes_do_monitoramento,table_row,"{'regiao': 'No Estado de Mato Grosso', 'meta_prevista_para_2024': '-', 'meta_prevista_para_2025': '-', 'meta_prevista_para_2026': '-', 'meta_prevista_para_2027': '-', 'quantidade_alcancada__raw': '69', 'data_de_referencia__raw': '31/12/2024', 'sinalizacao_de_necessidade_de_revisao_proximo_exercicio': 'Não', 'notas_do_usuario': 'Não informado'}","{'quantidade_alcancada': 69.0, 'data_de_referencia': 31122024.0}"
cd2fc52f-dc79-5ab5-83ba-75320899b125,c11b9579-45d1-58de-af90-2c8b6bc73152,342,table,0a136a2d-ef4d-5a73-a919-ba85e6d14c33,c6dcba39-08dd-552a-9727-43f5e43d91be,Informações do Monitoramento,informacoes_do_monitoramento,table_row,"{'regiao': 'No Estado de Mato Grosso do Sul', 'meta_prevista_para_2024': '-', 'meta_prevista_para_2025': '-', 'meta_prevista_para_2026': '-', 'meta_prevista_para_2027': '-', 'quantidade_alcancada__raw': '83', 'data_de_referencia__raw': '31/12/2024', 'sinalizacao_de_necessidade_de_revisao_proximo_exercicio': 'Não', 'notas_do_usuario': 'Não informado'}","{'quantidade_alcancada': 83.0, 'data_de_referencia': 31122024.0}"
85b994f1-857c-5ff8-965c-240257c5ed7a,c11b9579-45d1-58de-af90-2c8b6bc73152,342,table,0a136a2d-ef4d-5a73-a919-ba85e6d14c33,c6dcba39-08dd-552a-9727-43f5e43d91be,Informações do Monitoramento,informacoes_do_monitoramento,table_row,"{'regiao': 'No Estado de Minas Gerais', 'meta_prevista_para_2024': '-', 'meta_prevista_para_2025': '-', 'meta_prevista_para_2026': '-', 'meta_prevista_para_2027': '-', 'quantidade_alcancada__raw': '581', 'data_de_referencia__raw': '31/12/2024', 'sinalizacao_de_necessidade_de_revisao_proximo_exercicio': 'Não', 'notas_do_usuario': 'Não informado'}","{'quantidade_alcancada': 581.0, 'data_de_referencia': 31122024.0}"
212c6073-4f36-5bc8-98d6-c9e0dd4340d2,c11b9579-45d1-58de-af90-2c8b6bc73152,342,table,0a136a2d-ef4d-5a73-a919-ba85e6d14c33,c6dcba39-08dd-552a-9727-43f5e43d91be,Informações do Monitoramento,informacoes_do_monitoramento,table_row,"{'regiao': 'No Estado de', 'meta_prevista_para_2024': '-', 'meta_prevista_para_2025': '-', 'meta_prevista_para_2026': '-', 'meta_prevista_para_2027': '-', 'quantidade_alcancada__raw': '263', 'data_de_referencia__raw': '31/12/2024', 'sinalizacao_de_necessidade_de_revisao_proximo_exercicio': 'Não', 'notas_do_usuario': 'Não'}","{'quantidade_alcancada': 263.0, 'data_de_referencia': 31122024.0}"
28946a55-9e65-5bb5-a37a-d35aa4a94747,c11b9579-45d1-58de-af90-2c8b6bc73152,343,table,41a4bc87-18f7-5853-899e-3017601a5faa,,,table,table_row,"{'pernambuco': 'No Estado de Rondônia', 'column_2': '-', 'column_3': '-', 'column_4': '-', 'column_5': '-', 'column_6__raw': '25', 'column_7__raw': '31/12/2024', 'column_8': 'Não', 'informado': 'Não informado'}","{'column_6': 25.0, 'column_7': 31122024.0}"
c81e7534-db86-5018-a77e-5bcd03d97302,c11b9579-45d1-58de-af90-2c8b6bc73152,343,table,41a4bc87-18f7-5853-899e-3017601a5faa,,,table,table_row,"{'pernambuco': 'No Estado de Roraima', 'column_2': '-', 'column_3': '-', 'column_4': '-', 'column_5': '-', 'column_6__raw': '18', 'column_7__raw': '31/12/2024', 'column_8': 'Não', 'informado': 'Não informado'}","{'column_6': 18.0, 'column_7': 31122024.0}"
87af2f5e-598a-5e1b-b21d-b8ab752b478c,c11b9579-45d1-58de-af90-2c8b6bc73152,343,table,41a4bc87-18f7-5853-899e-3017601a5faa,,,table,table_row,"{'pernambuco': 'No Estado de Santa Catarina', 'column_2': '-', 'column_3': '-', 'column_4': '-', 'column_5': '-', 'column_6__raw': '245', 'column_7__raw': '31/12/2024', 'column_8': 'Não', 'informado': 'Não informado'}","{'column_6': 245.0, 'column_7': 31122024.0}"
806bb40c-bacc-5d88-8a0b-e882b6bcb52d,c11b9579-45d1-58de-af90-2c8b6bc73152,343,table,41a4bc87-18f7-5853-899e-3017601a5faa,,,table,table_row,"{'pernambuco': 'No Estado de São Paulo', 'column_2': '-', 'column_3': '-', 'column_4': '-', 'column_5': '-', 'column_6__raw': '2.633', 'column_7__raw': '31/12/2024', 'column_8': 'Não', 'informado': 'Não informado'}","{'column_6': 2633.0, 'column_7': 31122024.0}"
e6727a67-fb7d-54a3-9d33-e48d8b6b6e13,c11b9579-45d1-58de-af90-2c8b6bc73152,343,table,41a4bc87-18f7-5853-899e-3017601a5faa,,,table,table_row,"{'pernambuco': 'No Estado de Sergipe', 'column_2': '-', 'column_3': '-', 'column_4': '-', 'column_5': '-', 'column_6__raw': '37', 'column_7__raw': '31/12/2024', 'column_8': 'Não', 'informado': 'Não informado'}","{'column_6': 37.0, 'column_7': 31122024.0}"
ffacaca7-42db-5ab0-8b55-32eee79ae7ab,c11b9579-45d1-58de-af90-2c8b6bc73152,343,table,41a4bc87-18f7-5853-899e-3017601a5faa,,,table,table_row,"{'pernambuco': 'No Estado do Acre', 'column_2': '-', 'column_3': '-', 'column_4': '-', 'column_5': '-', 'column_6__raw': '12', 'column_7__raw': '31/12/2024', 'column_8': 'Não', 'informado': 'Não informado'}","{'column_6': 12.0, 'column_7': 31122024.0}"
e01f2334-2b62-59ea-b500-462fb7146553,c11b9579-45d1-58de-af90-2c8b6bc73152,343,table,41a4bc87-18f7-5853-899e-3017601a5faa,,,table,table_row,"{'pernambuco': 'No Estado do Amapá', 'column_2': '-', 'column_3': '-', 'column_4': '-', 'column_5': '-', 'column_6__raw': '12', 'column_7__raw': '31/12/2024', 'column_8': 'Não', 'informado': 'Não informado'}","{'column_6': 12.0, 'column_7': 31122024.0}"
bb9b153c-7789-5711-bec7-2a083f8b27fa,c11b9579-45d1-58de-af90-2c8b6bc73152,343,table,41a4bc87-18f7-5853-899e-3017601a5faa,,,table,table_row,"{'pernambuco': 'No Estado do Amazonas', 'column_2': '-', 'column_3': '-', 'column_4': '-', 'column_5': '-', 'column_6__raw': '64', 'column_7__raw': '31/12/2024', 'column_8': 'Não', 'informado': 'Não informado'}","{'column_6': 64.0, 'column_7': 31122024.0}"
00064413-c316-5055-a013-8be5073f1439,c11b9579-45d1-58de-af90-2c8b6bc73152,343,table,41a4bc87-18f7-5853-899e-3017601a5faa,,,table,table_row,"{'pernambuco': 'No Estado do Ceará', 'column_2': '-', 'column_3': '-', 'column_4': '-', 'column_5': '-', 'column_6__raw': '207', 'column_7__raw': '31/12/2024', 'column_8': 'Não', 'informado': 'Não informado'}","{'column_6': 207.0, 'column_7': 31122024.0}"
43391490-3c3a-58ab-96ba-7a1ccb59d030,c11b9579-45d1-58de-af90-2c8b6bc73152,343,table,41a4bc87-18f7-5853-899e-3017601a5faa,,,table,table_row,"{'pernambuco': 'No Estado do Espírito Santo', 'column_2': '-', 'column_3': '-', 'column_4': '-', 'column_5': '-', 'column_6__raw': '117', 'column_7__raw': '31/12/2024', 'column_8': 'Não', 'informado': 'Não informado'}","{'column_6': 117.0, 'column_7': 31122024.0}"
2d84ede9-5189-5284-9cad-86a4d2931cb4,c11b9579-45d1-58de-af90-2c8b6bc73152,343,table,41a4bc87-18f7-5853-899e-3017601a5faa,,,table,table_row,"{'pernambuco': 'No Estado do Maranhão', 'column_2': '-', 'column_3': '-', 'column_4': '-', 'column_5': '-', 'column_6__raw': '27', 'column_7__raw': '31/12/2024', 'column_8': 'Não', 'informado': 'Não informado'}","{'column_6': 27.0, 'column_7': 31122024.0}"
0e760449-d215-5631-a619-4c7c073be481,c11b9579-45d1-58de-af90-2c8b6bc73152,343,table,41a4bc87-18f7-5853-899e-3017601a5faa,,,table,table_row,"{'pernambuco': 'No Estado do Pará', 'column_2': '-', 'column_3': '-', 'column_4': '-', 'column_5': '-', 'column_6__raw': '62', 'column_7__raw': '31/12/2024', 'column_8': 'Não', 'informado': 'Não informado'}","{'column_6': 62.0, 'column_7': 31122024.0}"
bdebed2b-b050-5908-a2dc-b81653b2b888,c11b9579-45d1-58de-af90-2c8b6bc73152,343,table,41a4bc87-18f7-5853-899e-3017601a5faa,,,table,table_row,"{'pernambuco': 'No Estado do Paraná', 'column_2': '-', 'column_3': '-', 'column_4': '-', 'column_5': '-', 'column_6__raw': '519', 'column_7__raw': '31/12/2024', 'column_8': 'Não', 'informado': 'Não informado'}","{'column_6': 519.0, 'column_7': 31122024.0}"
23076e28-7461-5077-a62d-96f58148bb4b,c11b9579-45d1-58de-af90-2c8b6bc73152,343,table,41a4bc87-18f7-5853-899e-3017601a5faa,,,table,table_row,"{'pernambuco': 'No Estado do Piauí', 'column_2': '-', 'column_3': '-', 'column_4': '-', 'column_5': '-', 'column_6__raw': '25', 'column_7__raw': '31/12/2024', 'column_8': 'Não', 'informado': 'Não informado'}","{'column_6': 25.0, 'column_7': 31122024.0}"
90c1e727-1b26-5999-b2b7-38cdc93faa14,c11b9579-45d1-58de-af90-2c8b6bc73152,343,table,41a4bc87-18f7-5853-899e-3017601a5faa,,,table,table_row,"{'pernambuco': 'No Estado do Rio de Janeiro', 'column_2': '-', 'column_3': '-', 'column_4': '-', 'column_5': '-', 'column_6__raw': '1.133', 'column_7__raw': '31/12/2024', 'column_8': 'Não', 'informado': 'Não informado'}","{'column_6': 1133.0, 'column_7': 31122024.0}"
916f8778-c9d5-527c-a80c-9377009cffd6,c11b9579-45d1-58de-af90-2c8b6bc73152,343,table,41a4bc87-18f7-5853-899e-3017601a5faa,,,table,table_row,"{'pernambuco': 'No Estado do Rio Grande do Norte', 'column_2': '-', 'column_3': '-', 'column_4': '-', 'column_5': '-', 'column_6__raw': '48', 'column_7__raw': '31/12/2024', 'column_8': 'Não', 'informado': 'Não informado'}","{'column_6': 48.0, 'column_7': 31122024.0}"
88d6afde-9bbc-520c-90f3-3464dff5e536,c11b9579-45d1-58de-af90-2c8b6bc73152,343,table,41a4bc87-18f7-5853-899e-3017601a5faa,,,table,table_row,"{'pernambuco': 'No Estado do Rio Grande do Sul', 'column_2': '-', 'column_3': '-', 'column_4': '-', 'column_5': '-', 'column_6__raw': '1.068', 'column_7__raw': '31/12/2024', 'column_8': 'Não', 'informado': 'Não informado'}","{'column_6': 1068.0, 'column_7': 31122024.0}"
8602a81a-e40b-57c2-99aa-f3f2490369fa,c11b9579-45d1-58de-af90-2c8b6bc73152,343,table,41a4bc87-18f7-5853-899e-3017601a5faa,,,table,table_row,"{'pernambuco': 'No Estado do Tocantins', 'column_2': '-', 'column_3': '-', 'column_4': '-', 'column_5': '-', 'column_6__raw': '57', 'column_7__raw': '31/12/2024', 'column_8': 'Não', 'informado': 'Não informado'}","{'column_6': 57.0, 'column_7': 31122024.0}"
c1452037-dccc-532d-9088-a1e38bfdfe4d,c11b9579-45d1-58de-af90-2c8b6bc73152,344,table,a66134fe-0ee1-5542-b586-33d4b5bd3b6d,229f1523-7741-5c41-b911-bf1925e22b9f,Entrega: 1389 - Concessão de Bolsa-Formação para os profissionais de segurança pública,entrega_1389_concessao_de_bolsa_formacao_para_os_profissionais_de_seguranca_publica,table_row,"{'0': 'Região', '1': 'Meta prevista Meta prevista Meta prevista Meta prevista Quantidade Data de Sinalização de necessidade de Notas do'}",{}
48a23459-6e76-5283-bb93-6d421181e95f,c11b9579-45d1-58de-af90-2c8b6bc73152,345,table,c3eb0ef3-9463-5f4f-a15a-cb9ce0a41d2e,,,table,table_row,"{'column_1': 'No Distrito Federal', 'para_2024': '-', 'para_2025': '-', 'para_2026': '-', 'para_2027': '-', 'alcancada__raw': '682', 'referencia__raw': '31/12/2024', 'revisao_proximo_exercicio': 'Não', 'usuario': 'Não informado'}","{'alcancada': 682.0, 'referencia': 31122024.0}"
f09fb99b-2592-56cb-b6ee-abcb5700a3de,c11b9579-45d1-58de-af90-2c8b6bc73152,345,table,c3eb0ef3-9463-5f4f-a15a-cb9ce0a41d2e,,,table,table_row,"{'column_1': 'No Estado da Bahia', 'para_2024': '-', 'para_2025': '-', 'para_2026': '-', 'para_2027': '-', 'alcancada__raw': '3.538', 'referencia__raw': '31/12/2024', 'revisao_proximo_exercicio': 'Não', 'usuario': 'Não informado'}","{'alcancada': 3538.0, 'referencia': 31122024.0}"
d4fd2e42-d96b-5b58-b7e6-2a336efb175e,c11b9579-45d1-58de-af90-2c8b6bc73152,345,table,c3eb0ef3-9463-5f4f-a15a-cb9ce0a41d2e,,,table,table_row,"{'column_1': 'No Estado da Paraíba', 'para_2024': '-', 'para_2025': '-', 'para_2026': '-', 'para_2027': '-', 'alcancada__raw': '1.483', 'referencia__raw': '31/12/2024', 'revisao_proximo_exercicio': 'Não', 'usuario': 'Não informado'}","{'alcancada': 1483.0, 'referencia': 31122024.0}"
dd3826ed-667f-5730-9c65-6600bfd51f8f,c11b9579-45d1-58de-af90-2c8b6bc73152,345,table,c3eb0ef3-9463-5f4f-a15a-cb9ce0a41d2e,,,table,table_row,"{'column_1': 'No Estado de Alagoas', 'para_2024': '-', 'para_2025': '-', 'para_2026': '-', 'para_2027': '-', 'alcancada__raw': '1.687', 'referencia__raw': '31/12/2024', 'revisao_proximo_exercicio': 'Não', 'usuario': 'Não informado'}","{'alcancada': 1687.0, 'referencia': 31122024.0}"
4fbd5469-f630-5064-b67a-f9cce5cf80f6,c11b9579-45d1-58de-af90-2c8b6bc73152,345,table,c3eb0ef3-9463-5f4f-a15a-cb9ce0a41d2e,,,table,table_row,"{'column_1': 'No Estado de Goiás', 'para_2024': '-', 'para_2025': '-', 'para_2026': '-', 'para_2027': '-', 'alcancada__raw': '952', 'referencia__raw': '31/12/2024', 'revisao_proximo_exercicio': 'Não', 'usuario': 'Não informado'}","{'alcancada': 952.0, 'referencia': 31122024.0}"
ec6a0867-c657-52cf-af9b-bbcf1e791749,c11b9579-45d1-58de-af90-2c8b6bc73152,345,table,c3eb0ef3-9463-5f4f-a15a-cb9ce0a41d2e,,,table,table_row,"{'column_1': 'No Estado de Mato Grosso', 'para_2024': '-', 'para_2025': '-', 'para_2026': '-', 'para_2027': '-', 'alcancada__raw': '283', 'referencia__raw': '31/12/2024', 'revisao_proximo_exercicio': 'Não', 'usuario': 'Não informado'}","{'alcancada': 283.0, 'referencia': 31122024.0}"
e4de8c63-4314-5d51-9adc-160e39923baf,c11b9579-45d1-58de-af90-2c8b6bc73152,345,table,c3eb0ef3-9463-5f4f-a15a-cb9ce0a41d2e,,,table,table_row,"{'column_1': 'No Estado de Mato Grosso do Sul', 'para_2024': '-', 'para_2025': '-', 'para_2026': '-', 'para_2027': '-', 'alcancada__raw': '984', 'referencia__raw': '31/12/2024', 'revisao_proximo_exercicio': 'Não', 'usuario': 'Não informado'}","{'alcancada': 984.0, 'referencia': 31122024.0}"
6e832ae9-91ae-5e19-929f-1b2325c21c1c,c11b9579-45d1-58de-af90-2c8b6bc73152,345,table,c3eb0ef3-9463-5f4f-a15a-cb9ce0a41d2e,,,table,table_row,"{'column_1': 'No Estado de Minas Gerais', 'para_2024': '-', 'para_2025': '-', 'para_2026': '-', 'para_2027': '-', 'alcancada__raw': '7.129', 'referencia__raw': '31/12/2024', 'revisao_proximo_exercicio': 'Não', 'usuario': 'Não informado'}","{'alcancada': 7129.0, 'referencia': 31122024.0}"
00053188-ae40-512c-80dd-4401204a1d8e,c11b9579-45d1-58de-af90-2c8b6bc73152,345,table,c3eb0ef3-9463-5f4f-a15a-cb9ce0a41d2e,,,table,table_row,"{'column_1': 'No Estado de Pernambuco', 'para_2024': '-', 'para_2025': '-', 'para_2026': '-', 'para_2027': '-', 'alcancada__raw': '3.763', 'referencia__raw': '31/12/2024', 'revisao_proximo_exercicio': 'Não', 'usuario': 'Não informado'}","{'alcancada': 3763.0, 'referencia': 31122024.0}"
64b34578-4088-5748-8bb0-9b6d5212f04c,c11b9579-45d1-58de-af90-2c8b6bc73152,345,table,c3eb0ef3-9463-5f4f-a15a-cb9ce0a41d2e,,,table,table_row,"{'column_1': 'No Estado de Rondônia', 'para_2024': '-', 'para_2025': '-', 'para_2026': '-', 'para_2027': '-', 'alcancada__raw': '576', 'referencia__raw': '31/12/2024', 'revisao_proximo_exercicio': 'Não', 'usuario': 'Não informado'}","{'alcancada': 576.0, 'referencia': 31122024.0}"
6982a5fa-1d76-5cc0-80f8-7b8319642e91,c11b9579-45d1-58de-af90-2c8b6bc73152,345,table,c3eb0ef3-9463-5f4f-a15a-cb9ce0a41d2e,,,table,table_row,"{'column_1': 'No Estado de Roraima', 'para_2024': '-', 'para_2025': '-', 'para_2026': '-', 'para_2027': '-', 'alcancada__raw': '121', 'referencia__raw': '31/12/2024', 'revisao_proximo_exercicio': 'Não', 'usuario': 'Não informado'}","{'alcancada': 121.0, 'referencia': 31122024.0}"
d74468fa-8603-5a4e-9a9d-b76016187afb,c11b9579-45d1-58de-af90-2c8b6bc73152,345,table,c3eb0ef3-9463-5f4f-a15a-cb9ce0a41d2e,,,table,table_row,"{'column_1': 'No Estado de Santa Catarina', 'para_2024': '-', 'para_2025': '-', 'para_2026': '-', 'para_2027': '-', 'alcancada__raw': '2.649', 'referencia__raw': '31/12/2024', 'revisao_proximo_exercicio': 'Não', 'usuario': 'Não informado'}","{'alcancada': 2649.0, 'referencia': 31122024.0}"
687d9b24-e610-5999-a9ee-985954be35ff,c11b9579-45d1-58de-af90-2c8b6bc73152,345,table,c3eb0ef3-9463-5f4f-a15a-cb9ce0a41d2e,,,table,table_row,"{'column_1': 'No Estado de São Paulo', 'para_2024': '-', 'para_2025': '-', 'para_2026': '-', 'para_2027': '-', 'alcancada__raw': '2.722', 'referencia__raw': '31/12/2024', 'revisao_proximo_exercicio': 'Não', 'usuario': 'Não informado'}","{'alcancada': 2722.0, 'referencia': 31122024.0}"
4c83cecd-3082-5e9c-b1a1-7c47e4eb00fc,c11b9579-45d1-58de-af90-2c8b6bc73152,345,table,c3eb0ef3-9463-5f4f-a15a-cb9ce0a41d2e,,,table,table_row,"{'column_1': 'No Estado de Sergipe', 'para_2024': '-', 'para_2025': '-', 'para_2026': '-', 'para_2027': '-', 'alcancada__raw': '1.116', 'referencia__raw': '31/12/2024', 'revisao_proximo_exercicio': 'Não', 'usuario': 'Não informado'}","{'alcancada': 1116.0, 'referencia': 31122024.0}"
f028b463-2c7a-50ae-b6d0-ec0ed901be75,c11b9579-45d1-58de-af90-2c8b6bc73152,345,table,c3eb0ef3-9463-5f4f-a15a-cb9ce0a41d2e,,,table,table_row,"{'column_1': 'No Estado do Acre', 'para_2024': '-', 'para_2025': '-', 'para_2026': '-', 'para_2027': '-', 'alcancada__raw': '772', 'referencia__raw': '31/12/2024', 'revisao_proximo_exercicio': 'Não', 'usuario': 'Não informado'}","{'alcancada': 772.0, 'referencia': 31122024.0}"
f3eadbca-b44c-5a5a-a038-734e8364f615,c11b9579-45d1-58de-af90-2c8b6bc73152,345,table,c3eb0ef3-9463-5f4f-a15a-cb9ce0a41d2e,,,table,table_row,"{'column_1': 'No Estado do Amapá', 'para_2024': '-', 'para_2025': '-', 'para_2026': '-', 'para_2027': '-', 'alcancada__raw': '280', 'referencia__raw': '31/12/2024', 'revisao_proximo_exercicio': 'Não', 'usuario': 'Não informado'}","{'alcancada': 280.0, 'referencia': 31122024.0}"
d0d82d8b-bcfe-5635-a84f-0596447700e5,c11b9579-45d1-58de-af90-2c8b6bc73152,345,table,c3eb0ef3-9463-5f4f-a15a-cb9ce0a41d2e,,,table,table_row,"{'column_1': 'No Estado do Amazonas', 'para_2024': '-', 'para_2025': '-', 'para_2026': '-', 'para_2027': '-', 'alcancada__raw': '529', 'referencia__raw': '31/12/2024', 'revisao_proximo_exercicio': 'Não', 'usuario': 'Não informado'}","{'alcancada': 529.0, 'referencia': 31122024.0}"
2ffa1ff7-af72-50eb-931e-25ba4b6a3d92,c11b9579-45d1-58de-af90-2c8b6bc73152,345,table,c3eb0ef3-9463-5f4f-a15a-cb9ce0a41d2e,,,table,table_row,"{'column_1': 'No Estado do Ceará', 'para_2024': '-', 'para_2025': '-', 'para_2026': '-', 'para_2027': '-', 'alcancada__raw': '5.011', 'referencia__raw': '31/12/2024', 'revisao_proximo_exercicio': 'Não', 'usuario': 'Não informado'}","{'alcancada': 5011.0, 'referencia': 31122024.0}"
a08596ca-0c5e-5b27-a3e6-0085bb0c9c3c,c11b9579-45d1-58de-af90-2c8b6bc73152,345,table,c3eb0ef3-9463-5f4f-a15a-cb9ce0a41d2e,,,table,table_row,"{'column_1': 'No Estado do Espírito Santo', 'para_2024': '-', 'para_2025': '-', 'para_2026': '-', 'para_2027': '-', 'alcancada__raw': '1.615', 'referencia__raw': '31/12/2024', 'revisao_proximo_exercicio': 'Não', 'usuario': 'Não informado'}","{'alcancada': 1615.0, 'referencia': 31122024.0}"
54bce7ad-0731-51e7-9ea0-81ad3ca8c183,c11b9579-45d1-58de-af90-2c8b6bc73152,345,table,c3eb0ef3-9463-5f4f-a15a-cb9ce0a41d2e,,,table,table_row,"{'column_1': 'No Estado do', 'para_2024': '-', 'para_2025': '-', 'para_2026': '-', 'para_2027': '-', 'alcancada__raw': '706', 'referencia__raw': '31/12/2024', 'revisao_proximo_exercicio': 'Não', 'usuario': 'Não'}","{'alcancada': 706.0, 'referencia': 31122024.0}"
559e473b-2f9c-5dd5-8c1e-8f03aad72c00,c11b9579-45d1-58de-af90-2c8b6bc73152,346,table,2a87bd34-5c96-5c8a-ac20-18390360d175,32323b4e-442c-507b-8df6-2e3dc31b9ff0,PROGRAMA: 5119 - ATENÇÃO PRIMÁRIA À SAÚDE,programa_5119_atencao_primaria_a_saude,table_row,"{'maranhao': 'No Estado do Pará', 'column_2': '-', 'column_3': '-', 'column_4': '-', 'column_5': '-', 'column_6__raw': '528', 'column_7__raw': '31/12/2024', 'column_8': 'Não', 'informado': 'Não informado'}","{'column_6': 528.0, 'column_7': 31122024.0}"
41a5c105-a9e4-5cf2-b27b-b43d36addc7c,c11b9579-45d1-58de-af90-2c8b6bc73152,346,table,2a87bd34-5c96-5c8a-ac20-18390360d175,32323b4e-442c-507b-8df6-2e3dc31b9ff0,PROGRAMA: 5119 - ATENÇÃO PRIMÁRIA À SAÚDE,programa_5119_atencao_primaria_a_saude,table_row,"{'maranhao': 'No Estado do Paraná', 'column_2': '-', 'column_3': '-', 'column_4': '-', 'column_5': '-', 'column_6__raw': '1.636', 'column_7__raw': '31/12/2024', 'column_8': 'Não', 'informado': 'Não informado'}","{'column_6': 1636.0, 'column_7': 31122024.0}"
8428f585-2f2b-5501-9972-8152ab95e91b,c11b9579-45d1-58de-af90-2c8b6bc73152,346,table,2a87bd34-5c96-5c8a-ac20-18390360d175,32323b4e-442c-507b-8df6-2e3dc31b9ff0,PROGRAMA: 5119 - ATENÇÃO PRIMÁRIA À SAÚDE,programa_5119_atencao_primaria_a_saude,table_row,"{'maranhao': 'No Estado do Piauí', 'column_2': '-', 'column_3': '-', 'column_4': '-', 'column_5': '-', 'column_6__raw': '1.085', 'column_7__raw': '31/12/2024', 'column_8': 'Não', 'informado': 'Não informado'}","{'column_6': 1085.0, 'column_7': 31122024.0}"
4e1dee9e-b5f7-56ac-801d-df41112e921e,c11b9579-45d1-58de-af90-2c8b6bc73152,346,table,2a87bd34-5c96-5c8a-ac20-18390360d175,32323b4e-442c-507b-8df6-2e3dc31b9ff0,PROGRAMA: 5119 - ATENÇÃO PRIMÁRIA À SAÚDE,programa_5119_atencao_primaria_a_saude,table_row,"{'maranhao': 'No Estado do Rio de Janeiro', 'column_2': '-', 'column_3': '-', 'column_4': '-', 'column_5': '-', 'column_6__raw': '3.594', 'column_7__raw': '31/12/2024', 'column_8': 'Não', 'informado': 'Não informado'}","{'column_6': 3594.0, 'column_7': 31122024.0}"
a7854142-4208-5794-9f92-1d81c138c5db,c11b9579-45d1-58de-af90-2c8b6bc73152,346,table,2a87bd34-5c96-5c8a-ac20-18390360d175,32323b4e-442c-507b-8df6-2e3dc31b9ff0,PROGRAMA: 5119 - ATENÇÃO PRIMÁRIA À SAÚDE,programa_5119_atencao_primaria_a_saude,table_row,"{'maranhao': 'No Estado do Rio Grande do Norte', 'column_2': '-', 'column_3': '-', 'column_4': '-', 'column_5': '-', 'column_6__raw': '2.359', 'column_7__raw': '31/12/2024', 'column_8': 'Não', 'informado': 'Não informado'}","{'column_6': 2359.0, 'column_7': 31122024.0}"
074daecd-a543-5975-83d9-59e3e31af548,c11b9579-45d1-58de-af90-2c8b6bc73152,346,table,2a87bd34-5c96-5c8a-ac20-18390360d175,32323b4e-442c-507b-8df6-2e3dc31b9ff0,PROGRAMA: 5119 - ATENÇÃO PRIMÁRIA À SAÚDE,programa_5119_atencao_primaria_a_saude,table_row,"{'maranhao': 'No Estado do Rio Grande do Sul', 'column_2': '-', 'column_3': '-', 'column_4': '-', 'column_5': '-', 'column_6__raw': '5.091', 'column_7__raw': '31/12/2024', 'column_8': 'Não', 'informado': 'Não informado'}","{'column_6': 5091.0, 'column_7': 31122024.0}"
a8537074-70a6-5124-8f56-70ab817cb96f,c11b9579-45d1-58de-af90-2c8b6bc73152,346,table,2a87bd34-5c96-5c8a-ac20-18390360d175,32323b4e-442c-507b-8df6-2e3dc31b9ff0,PROGRAMA: 5119 - ATENÇÃO PRIMÁRIA À SAÚDE,programa_5119_atencao_primaria_a_saude,table_row,"{'maranhao': 'No Estado do Tocantins', 'column_2': '-', 'column_3': '-', 'column_4': '-', 'column_5': '-', 'column_6__raw': '278', 'column_7__raw': '31/12/2024', 'column_8': 'Não', 'informado': 'Não informado'}","{'column_6': 278.0, 'column_7': 31122024.0}"
f2dd8d46-7293-5875-b544-c8bf0dd139a3,c11b9579-45d1-58de-af90-2c8b6bc73152,347,table,a4c3113a-cb56-5043-a3e8-ab9551574f41,0f3dcc8e-248c-5c80-beda-76ff8e276f2d,Indicador: 8871 - Cobertura populacional estimada da Atenção Primária à Saúde,indicador_8871_cobertura_populacional_estimada_da_atencao_primaria_a_saude,table_row,"{'regiao': 'No Distrito Federal', 'meta_prevista_para_2024': '-', 'meta_prevista_para_2025': '-', 'meta_prevista_para_2026': '-', 'meta_prevista_para_2027': '-', 'quantidade_alcancada__raw': '65', 'data_de_referencia__raw': '31/12/2024', 'sinalizacao_de_necessidade_de_revisao_proximo_exercicio': 'Não', 'notas_do_usuario': 'Não'}","{'quantidade_alcancada': 65.0, 'data_de_referencia': 31122024.0}"
b92309f7-816b-50c7-8e07-10bcc2527ff1,c11b9579-45d1-58de-af90-2c8b6bc73152,348,table,382d97f7-50d5-5ad2-8e0e-035a4e1dfb1e,,,table,table_row,"{'column_1': 'No Estado da Bahia', 'column_2': '-', 'column_3': '-', 'column_4': '-', 'column_5': '-', 'column_6__raw': '77', 'column_7__raw': '31/12/2024', 'column_8': 'Não', 'informado': 'Não informado'}","{'column_6': 77.0, 'column_7': 31122024.0}"
672a9666-dea3-5439-991d-58706b1ad6ca,c11b9579-45d1-58de-af90-2c8b6bc73152,348,table,382d97f7-50d5-5ad2-8e0e-035a4e1dfb1e,,,table,table_row,"{'column_1': 'No Estado da Paraíba', 'column_2': '-', 'column_3': '-', 'column_4': '-', 'column_5': '-', 'column_6__raw': '90', 'column_7__raw': '31/12/2024', 'column_8': 'Não', 'informado': 'Não informado'}","{'column_6': 90.0, 'column_7': 31122024.0}"
57f589e2-f4e0-5668-93a3-f8b2b6ff4a8e,c11b9579-45d1-58de-af90-2c8b6bc73152,348,table,382d97f7-50d5-5ad2-8e0e-035a4e1dfb1e,,,table,table_row,"{'column_1': 'No Estado de Alagoas', 'column_2': '-', 'column_3': '-', 'column_4': '-', 'column_5': '-', 'column_6__raw': '77', 'column_7__raw': '31/12/2024', 'column_8': 'Não', 'informado': 'Não informado'}","{'column_6': 77.0, 'column_7': 31122024.0}"
3a6ac155-2a87-51c0-86a7-f5b0bad72347,c11b9579-45d1-58de-af90-2c8b6bc73152,348,table,382d97f7-50d5-5ad2-8e0e-035a4e1dfb1e,,,table,table_row,"{'column_1': 'No Estado de Goiás', 'column_2': '-', 'column_3': '-', 'column_4': '-', 'column_5': '-', 'column_6__raw': '66', 'column_7__raw': '31/12/2024', 'column_8': 'Não', 'informado': 'Não informado'}","{'column_6': 66.0, 'column_7': 31122024.0}"
97ba7f59-99a4-51a1-ad94-0e99735ea99c,c11b9579-45d1-58de-af90-2c8b6bc73152,348,table,382d97f7-50d5-5ad2-8e0e-035a4e1dfb1e,,,table,table_row,"{'column_1': 'No Estado de Mato Grosso', 'column_2': '-', 'column_3': '-', 'column_4': '-', 'column_5': '-', 'column_6__raw': '72', 'column_7__raw': '31/12/2024', 'column_8': 'Não', 'informado': 'Não informado'}","{'column_6': 72.0, 'column_7': 31122024.0}"
5eb083f4-0305-54bb-b6be-f9731c2fddea,c11b9579-45d1-58de-af90-2c8b6bc73152,348,table,382d97f7-50d5-5ad2-8e0e-035a4e1dfb1e,,,table,table_row,"{'column_1': 'No Estado de Mato Grosso do Sul', 'column_2': '-', 'column_3': '-', 'column_4': '-', 'column_5': '-', 'column_6__raw': '72', 'column_7': 'Não informado', 'column_8': 'Não', 'informado': 'Não informado'}",{'column_6': 72.0}
8f41b749-0694-5553-b7c9-8dd0aae51527,c11b9579-45d1-58de-af90-2c8b6bc73152,348,table,382d97f7-50d5-5ad2-8e0e-035a4e1dfb1e,,,table,table_row,"{'column_1': 'No Estado de Minas Gerais', 'column_2': '-', 'column_3': '-', 'column_4': '-', 'column_5': '-', 'column_6__raw': '79', 'column_7__raw': '31/12/2024', 'column_8': 'Não', 'informado': 'Não informado'}","{'column_6': 79.0, 'column_7': 31122024.0}"
e5dd4985-1bd5-58a6-8eca-a5787b43ea64,c11b9579-45d1-58de-af90-2c8b6bc73152,348,table,382d97f7-50d5-5ad2-8e0e-035a4e1dfb1e,,,table,table_row,"{'column_1': 'No Estado de Pernambuco', 'column_2': '-', 'column_3': '-', 'column_4': '-', 'column_5': '-', 'column_6__raw': '81', 'column_7__raw': '31/12/2024', 'column_8': 'Não', 'informado': 'Não informado'}","{'column_6': 81.0, 'column_7': 31122024.0}"
89307ca8-3607-5230-99a8-37898b9663eb,c11b9579-45d1-58de-af90-2c8b6bc73152,348,table,382d97f7-50d5-5ad2-8e0e-035a4e1dfb1e,,,table,table_row,"{'column_1': 'No Estado de Rondônia', 'column_2': '-', 'column_3': '-', 'column_4': '-', 'column_5': '-', 'column_6__raw': '70', 'column_7__raw': '31/12/2024', 'column_8': 'Não', 'informado': 'Não informado'}","{'column_6': 70.0, 'column_7': 31122024.0}"
1914a018-665f-5cc1-8853-1ab13f3e554d,c11b9579-45d1-58de-af90-2c8b6bc73152,348,table,382d97f7-50d5-5ad2-8e0e-035a4e1dfb1e,,,table,table_row,"{'column_1': 'No Estado de Roraima', 'column_2': '-', 'column_3': '-', 'column_4': '-', 'column_5': '-', 'column_6__raw': '95', 'column_7__raw': '31/12/2024', 'column_8': 'Não', 'informado': 'Não informado'}","{'column_6': 95.0, 'column_7': 31122024.0}"
6105e682-cbf6-5913-a742-9ec251d4bbec,c11b9579-45d1-58de-af90-2c8b6bc73152,348,table,382d97f7-50d5-5ad2-8e0e-035a4e1dfb1e,,,table,table_row,"{'column_1': 'No Estado de Santa Catarina', 'column_2': '-', 'column_3': '-', 'column_4': '-', 'column_5': '-', 'column_6__raw': '82', 'column_7__raw': '31/12/2024', 'column_8': 'Não', 'informado': 'Não informado'}","{'column_6': 82.0, 'column_7': 31122024.0}"
c8e4cab0-ef68-50ad-8d83-5a246c3eac2a,c11b9579-45d1-58de-af90-2c8b6bc73152,348,table,382d97f7-50d5-5ad2-8e0e-035a4e1dfb1e,,,table,table_row,"{'column_1': 'No Estado de São Paulo', 'column_2': '-', 'column_3': '-', 'column_4': '-', 'column_5': '-', 'column_6__raw': '54', 'column_7__raw': '31/12/2024', 'column_8': 'Não', 'informado': 'Não informado'}","{'column_6': 54.0, 'column_7': 31122024.0}"
d8064554-1473-5196-8d1c-18d2763fd28c,c11b9579-45d1-58de-af90-2c8b6bc73152,348,table,382d97f7-50d5-5ad2-8e0e-035a4e1dfb1e,,,table,table_row,"{'column_1': 'No Estado de Sergipe', 'column_2': '-', 'column_3': '-', 'column_4': '-', 'column_5': '-', 'column_6__raw': '85', 'column_7__raw': '31/12/2024', 'column_8': 'Não', 'informado': 'Não informado'}","{'column_6': 85.0, 'column_7': 31122024.0}"
fd90527b-745a-5016-abcf-a70b1809f926,c11b9579-45d1-58de-af90-2c8b6bc73152,348,table,382d97f7-50d5-5ad2-8e0e-035a4e1dfb1e,,,table,table_row,"{'column_1': 'No Estado do Acre', 'column_2': '-', 'column_3': '-', 'column_4': '-', 'column_5': '-', 'column_6__raw': '80', 'column_7__raw': '31/12/2024', 'column_8': 'Não', 'informado': 'Não informado'}","{'column_6': 80.0, 'column_7': 31122024.0}"
5e33def2-4caf-5589-8b7e-dd8a214fd8b0,c11b9579-45d1-58de-af90-2c8b6bc73152,348,table,382d97f7-50d5-5ad2-8e0e-035a4e1dfb1e,,,table,table_row,"{'column_1': 'No Estado do Amapá', 'column_2': '-', 'column_3': '-', 'column_4': '-', 'column_5': '-', 'column_6__raw': '90', 'column_7__raw': '31/12/2024', 'column_8': 'Não', 'informado': 'Não informado'}","{'column_6': 90.0, 'column_7': 31122024.0}"
dd4bd6a1-3d5e-5076-8f29-453659bf3889,c11b9579-45d1-58de-af90-2c8b6bc73152,348,table,382d97f7-50d5-5ad2-8e0e-035a4e1dfb1e,,,table,table_row,"{'column_1': 'No Estado do Amazonas', 'column_2': '-', 'column_3': '-', 'column_4': '-', 'column_5': '-', 'column_6__raw': '71', 'column_7__raw': '31/12/2024', 'column_8': 'Não', 'informado': 'Não informado'}","{'column_6': 71.0, 'column_7': 31122024.0}"
3eb2240f-00dd-5f06-819e-0b6d646c6f7b,c11b9579-45d1-58de-af90-2c8b6bc73152,348,table,382d97f7-50d5-5ad2-8e0e-035a4e1dfb1e,,,table,table_row,"{'column_1': 'No Estado do Ceará', 'column_2': '-', 'column_3': '-', 'column_4': '-', 'column_5': '-', 'column_6__raw': '85', 'column_7__raw': '31/12/2024', 'column_8': 'Não', 'informado': 'Não informado'}","{'column_6': 85.0, 'column_7': 31122024.0}"
9a76628a-812a-5b5c-94fe-fd2bf1670c29,c11b9579-45d1-58de-af90-2c8b6bc73152,348,table,382d97f7-50d5-5ad2-8e0e-035a4e1dfb1e,,,table,table_row,"{'column_1': 'No Estado do Espírito Santo', 'column_2': '-', 'column_3': '-', 'column_4': '-', 'column_5': '-', 'column_6__raw': '77', 'column_7__raw': '31/12/2024', 'column_8': 'Não', 'informado': 'Não informado'}","{'column_6': 77.0, 'column_7': 31122024.0}"
003fd99e-7633-578f-8d55-cfe9034451a2,c11b9579-45d1-58de-af90-2c8b6bc73152,348,table,382d97f7-50d5-5ad2-8e0e-035a4e1dfb1e,,,table,table_row,"{'column_1': 'No Estado do Maranhão', 'column_2': '-', 'column_3': '-', 'column_4': '-', 'column_5': '-', 'column_6__raw': '87', 'column_7__raw': '31/12/2024', 'column_8': 'Não', 'informado': 'Não informado'}","{'column_6': 87.0, 'column_7': 31122024.0}"
ab60c2eb-f2bb-5f34-a9bf-0d3bf2ff23b8,c11b9579-45d1-58de-af90-2c8b6bc73152,348,table,382d97f7-50d5-5ad2-8e0e-035a4e1dfb1e,,,table,table_row,"{'column_1': 'No Estado do Pará', 'column_2': '-', 'column_3': '-', 'column_4': '-', 'column_5': '-', 'column_6__raw': '78', 'column_7__raw': '31/12/2024', 'column_8': 'Não', 'informado': 'Não'}","{'column_6': 78.0, 'column_7': 31122024.0}"
9e1a4c18-8c94-5e86-bf30-cec65622bff8,c11b9579-45d1-58de-af90-2c8b6bc73152,349,table,15d8bbc6-9510-5180-9896-1c73cdd5f186,da32eeec-de2e-5111-867f-b8c22905a01e,"PROGRAMA: 5120 - PESQUISA, DESENVOLVIMENTO, INOVAÇÃO, PRODUÇÃO E AVALIAÇÃO DE TECNOLOGIAS EM SAÚDE",programa_5120_pesquisa_desenvolvimento_inovacao_producao_e_avaliacao_de_tecnologias_em_saude,table_row,"{'column_1': 'No Estado do Paraná', 'column_2': '-', 'column_3': '-', 'column_4': '-', 'column_5': '-', 'column_6__raw': '69', 'column_7__raw': '31/12/2024', 'column_8': 'Não', 'informado': 'Não informado'}","{'column_6': 69.0, 'column_7': 31122024.0}"
3cead366-1cb7-527d-83f7-f2cbb517ec3f,c11b9579-45d1-58de-af90-2c8b6bc73152,349,table,15d8bbc6-9510-5180-9896-1c73cdd5f186,da32eeec-de2e-5111-867f-b8c22905a01e,"PROGRAMA: 5120 - PESQUISA, DESENVOLVIMENTO, INOVAÇÃO, PRODUÇÃO E AVALIAÇÃO DE TECNOLOGIAS EM SAÚDE",programa_5120_pesquisa_desenvolvimento_inovacao_producao_e_avaliacao_de_tecnologias_em_saude,table_row,"{'column_1': 'No Estado do Piauí', 'column_2': '-', 'column_3': '-', 'column_4': '-', 'column_5': '-', 'column_6__raw': '94', 'column_7__raw': '31/12/2024', 'column_8': 'Não', 'informado': 'Não informado'}","{'column_6': 94.0, 'column_7': 31122024.0}"
baed0235-357b-5523-9c6c-8893a054bdda,c11b9579-45d1-58de-af90-2c8b6bc73152,349,table,15d8bbc6-9510-5180-9896-1c73cdd5f186,da32eeec-de2e-5111-867f-b8c22905a01e,"PROGRAMA: 5120 - PESQUISA, DESENVOLVIMENTO, INOVAÇÃO, PRODUÇÃO E AVALIAÇÃO DE TECNOLOGIAS EM SAÚDE",programa_5120_pesquisa_desenvolvimento_inovacao_producao_e_avaliacao_de_tecnologias_em_saude,table_row,"{'column_1': 'No Estado do Rio de Janeiro', 'column_2': '-', 'column_3': '-', 'column_4': '-', 'column_5': '-', 'column_6__raw': '64', 'column_7__raw': '31/12/2024', 'column_8': 'Não', 'informado': 'Não informado'}","{'column_6': 64.0, 'column_7': 31122024.0}"
ac63cd1b-f95a-5268-ac7a-8f6447b11427,c11b9579-45d1-58de-af90-2c8b6bc73152,349,table,15d8bbc6-9510-5180-9896-1c73cdd5f186,da32eeec-de2e-5111-867f-b8c22905a01e,"PROGRAMA: 5120 - PESQUISA, DESENVOLVIMENTO, INOVAÇÃO, PRODUÇÃO E AVALIAÇÃO DE TECNOLOGIAS EM SAÚDE",programa_5120_pesquisa_desenvolvimento_inovacao_producao_e_avaliacao_de_tecnologias_em_saude,table_row,"{'column_1': 'No Estado do Rio Grande do Norte', 'column_2': '-', 'column_3': '-', 'column_4': '-', 'column_5': '-', 'column_6__raw': '84', 'column_7__raw': '31/12/2024', 'column_8': 'Não', 'informado': 'Não informado'}","{'column_6': 84.0, 'column_7': 31122024.0}"
3d2e7e66-9466-509e-8af0-52e03a281d8e,c11b9579-45d1-58de-af90-2c8b6bc73152,349,table,15d8bbc6-9510-5180-9896-1c73cdd5f186,da32eeec-de2e-5111-867f-b8c22905a01e,"PROGRAMA: 5120 - PESQUISA, DESENVOLVIMENTO, INOVAÇÃO, PRODUÇÃO E AVALIAÇÃO DE TECNOLOGIAS EM SAÚDE",programa_5120_pesquisa_desenvolvimento_inovacao_producao_e_avaliacao_de_tecnologias_em_saude,table_row,"{'column_1': 'No Estado do Rio Grande do Sul', 'column_2': '-', 'column_3': '-', 'column_4': '-', 'column_5': '-', 'column_6__raw': '69', 'column_7__raw': '31/12/2024', 'column_8': 'Não', 'informado': 'Não informado'}","{'column_6': 69.0, 'column_7': 31122024.0}"
21d61179-d225-5f6d-87c3-409cd62362e2,c11b9579-45d1-58de-af90-2c8b6bc73152,349,table,15d8bbc6-9510-5180-9896-1c73cdd5f186,da32eeec-de2e-5111-867f-b8c22905a01e,"PROGRAMA: 5120 - PESQUISA, DESENVOLVIMENTO, INOVAÇÃO, PRODUÇÃO E AVALIAÇÃO DE TECNOLOGIAS EM SAÚDE",programa_5120_pesquisa_desenvolvimento_inovacao_producao_e_avaliacao_de_tecnologias_em_saude,table_row,"{'column_1': 'No Estado do Tocantins', 'column_2': '-', 'column_3': '-', 'column_4': '-', 'column_5': '-', 'column_6__raw': '91', 'column_7__raw': '31/12/2024', 'column_8': 'Não', 'informado': 'Não informado'}","{'column_6': 91.0, 'column_7': 31122024.0}"
cada7303-51f0-566b-99c3-db99288e197c,c11b9579-45d1-58de-af90-2c8b6bc73152,354,table,958df55b-8f8c-55e5-821e-6dd5a67a7e91,14b2a42d-28e5-5b69-adc2-617c511a37ac,"Meta: 06NE - Ampliar o número de pessoas inscritas nos Programas PST Padrão e Universitário, PELC, Vida Saudável, SKATE e das parcerias Piloto da Rede Nacional do Esporte",meta_06ne_ampliar_o_numero_de_pessoas_inscritas_nos_programas_pst_padrao_e_universitario_pelc_vida_saudavel_skate_e_das_parcerias_piloto_da_rede_nacional_do_esporte,table_row,"{'regiao': 'Região Centro- Oeste', 'meta_prevista_para_2024__raw': '83.081', 'meta_prevista_para_2025__raw': '87.235', 'meta_prevista_para_2026__raw': '91.597', 'meta_prevista_para_2027__raw': '100.986', 'quantidade_alcancada__raw': '14', 'data_de_referencia__raw': '31/12/2024', 'sinalizacao_de_necessidade_de_revisao_proximo_exercicio': 'Sim', 'notas_do_usuario': 'Houve restrições do alcance da meta, devido a insuficiência orçamentária, que impediu a celebração de parcerias dos Editais dos Programas Esporte e Lazer da Cidade, Vida Saudável, PST padrão e Universitário. Faz-se necessário a exclusão da previsão de parcerias piloto da Rede Nacional do Esporte. Para manter as metas previstas para os anos subsequentes, é necessário a destinação de recurso discricionário para a implantação os Programas Sociais citados na meta.'}","{'meta_prevista_para_2024': 83081.0, 'meta_prevista_para_2025': 87235.0, 'meta_prevista_para_2026': 91597.0, 'meta_prevista_para_2027': 100986.0, 'quantidade_alcancada': 14.0, 'data_de_referencia': 31122024.0}"
8952c438-ccfe-57ba-8b97-9740b378c607,c11b9579-45d1-58de-af90-2c8b6bc73152,354,table,958df55b-8f8c-55e5-821e-6dd5a67a7e91,14b2a42d-28e5-5b69-adc2-617c511a37ac,"Meta: 06NE - Ampliar o número de pessoas inscritas nos Programas PST Padrão e Universitário, PELC, Vida Saudável, SKATE e das parcerias Piloto da Rede Nacional do Esporte",meta_06ne_ampliar_o_numero_de_pessoas_inscritas_nos_programas_pst_padrao_e_universitario_pelc_vida_saudavel_skate_e_das_parcerias_piloto_da_rede_nacional_do_esporte,table_row,"{'regiao': 'Região Nordeste', 'meta_prevista_para_2024__raw': '110.775', 'meta_prevista_para_2025__raw': '116.314', 'meta_prevista_para_2026__raw': '122.129', 'meta_prevista_para_2027__raw': '134.648', 'quantidade_alcancada__raw': '128', 'data_de_referencia__raw': '31/12/2024', 'sinalizacao_de_necessidade_de_revisao_proximo_exercicio': 'Sim', 'notas_do_usuario': 'Houve restrições do alcance da meta, devido a insuficiência orçamentária, que impediu a celebração de parcerias dos Editais dos Programas Esporte e Lazer da Cidade, Vida Saudável, PST padrão e Universitário. Faz-se necessário a exclusão da previsão de parcerias piloto da Rede Nacional do'}","{'meta_prevista_para_2024': 110775.0, 'meta_prevista_para_2025': 116314.0, 'meta_prevista_para_2026': 122129.0, 'meta_prevista_para_2027': 134648.0, 'quantidade_alcancada': 128.0, 'data_de_referencia': 31122024.0}"
f70e4a84-4bfb-5bc3-9774-1ceb53e46af4,c11b9579-45d1-58de-af90-2c8b6bc73152,355,table,8895a83d-1b0b-553d-b6eb-2aab348be363,,,table,table_row,"{'0': '', '1': '', '2': '', '3': '', '4': '', '5': '', '6': '', '7': '', '8': 'Esporte. Para manter as metas previstas para os anos subsequentes, é necessário a destinação de recurso discricionário para a implantação os Programas Sociais citados na meta.'}",{}
b1590da1-ac43-5c4a-9019-e3cb42f3a01b,c11b9579-45d1-58de-af90-2c8b6bc73152,355,table,8895a83d-1b0b-553d-b6eb-2aab348be363,,,table,table_row,"{'0': 'Região Norte', '1__raw': '110.775', '2__raw': '116.314', '3__raw': '122.129', '4__raw': '134.648', '5__raw': '64', '6__raw': '30/12/2024', '7': 'Sim', '8': 'Houve restrições do alcance da meta, devido a insuficiência orçamentária, que impediu a celebração de parcerias dos Editais dos Programas Esporte e Lazer da Cidade, Vida Saudável, PST padrão e Universitário. Faz-se necessário a exclusão da previsão de parcerias piloto da Rede Nacional do Esporte. Para manter as metas previstas para os anos subsequentes, é necessário a destinação de recurso discricionário para a implantação os Programas Sociais citados na meta.'}","{'1': 110775.0, '2': 116314.0, '3': 122129.0, '4': 134648.0, '5': 64.0, '6': 30122024.0}"
cb318f2e-a568-5810-a5a6-24254b0eac46,c11b9579-45d1-58de-af90-2c8b6bc73152,355,table,8895a83d-1b0b-553d-b6eb-2aab348be363,,,table,table_row,"{'0': 'Região Sudeste', '1__raw': '166.163', '2__raw': '17.447', '3__raw': '183.194', '4__raw': '20.197', '5': 'Valor não disponível', '6__raw': '31/12/2024', '7': 'Sim', '8': 'Houve restrições do alcance da meta, devido a insuficiência orçamentária, que impediu a celebração de parcerias dos Editais dos Programas Esporte e Lazer da Cidade, Vida Saudável, PST padrão e Universitário. Faz-se necessário a exclusão da previsão de parcerias piloto da Rede Nacional do Esporte. Para manter as metas previstas para os anos subsequentes, é necessário a destinação de recurso discricionário para a implantação os Programas Sociais citados na meta.'}","{'1': 166163.0, '2': 17447.0, '3': 183194.0, '4': 20197.0, '6': 31122024.0}"
53cc843f-6732-58c2-9c79-252a8005e8f9,c11b9579-45d1-58de-af90-2c8b6bc73152,355,table,8895a83d-1b0b-553d-b6eb-2aab348be363,,,table,table_row,"{'0': 'Região Sul', '1__raw': '83.081', '2__raw': '87.235', '3__raw': '91.597', '4__raw': '100.986', '5__raw': '0', '6__raw': '31/12/2024', '7': 'Sim', '8': 'Houve restrições do alcance da meta, devido a insuficiência orçamentária, que impediu a celebração de parcerias dos Editais dos Programas Esporte e Lazer da Cidade, Vida Saudável, PST padrão e Universitário. Faz-se necessário a exclusão da previsão de parcerias piloto da Rede Nacional do Esporte. Para manter as metas previstas para os anos subsequentes, é necessário a destinação de recurso discricionário para a implantação os Programas Sociais citados na meta.'}","{'1': 83081.0, '2': 87235.0, '3': 91597.0, '4': 100986.0, '5': 0.0, '6': 31122024.0}"
1537d0de-917f-5cef-b8c9-0a634f91b20d,c11b9579-45d1-58de-af90-2c8b6bc73152,356,table,26a31cb8-f6a5-51e8-9074-2c3bbf6558fc,827f08a8-e876-55a0-afb7-88f848976b65,Informações do Monitoramento,informacoes_do_monitoramento,table_row,"{'regiao': 'Região Centro- Oeste', 'meta_prevista_para_2024__raw': '19', 'meta_prevista_para_2025__raw': '21', 'meta_prevista_para_2026__raw': '31', 'meta_prevista_para_2027__raw': '25', 'quantidade_alcancada': 'Valor não disponível', 'data_de_referencia__raw': '31/12/2024', 'sinalizacao_de_necessidade_de_revisao_proximo_exercicio': 'Sim', 'notas_do_usuario': 'Não informado'}","{'meta_prevista_para_2024': 19.0, 'meta_prevista_para_2025': 21.0, 'meta_prevista_para_2026': 31.0, 'meta_prevista_para_2027': 25.0, 'data_de_referencia': 31122024.0}"
23b2739f-5686-5bca-9ce7-4a95cbb28764,c11b9579-45d1-58de-af90-2c8b6bc73152,356,table,26a31cb8-f6a5-51e8-9074-2c3bbf6558fc,827f08a8-e876-55a0-afb7-88f848976b65,Informações do Monitoramento,informacoes_do_monitoramento,table_row,"{'regiao': 'Região Nordeste', 'meta_prevista_para_2024__raw': '25', 'meta_prevista_para_2025__raw': '28', 'meta_prevista_para_2026__raw': '31', 'meta_prevista_para_2027__raw': '34', 'quantidade_alcancada': 'Valor não disponível', 'data_de_referencia__raw': '31/12/2024', 'sinalizacao_de_necessidade_de_revisao_proximo_exercicio': 'Sim', 'notas_do_usuario': 'Não informado'}","{'meta_prevista_para_2024': 25.0, 'meta_prevista_para_2025': 28.0, 'meta_prevista_para_2026': 31.0, 'meta_prevista_para_2027': 34.0, 'data_de_referencia': 31122024.0}"
975d2b80-e5a1-5ebb-bbdb-916c3be7fc82,c11b9579-45d1-58de-af90-2c8b6bc73152,356,table,26a31cb8-f6a5-51e8-9074-2c3bbf6558fc,827f08a8-e876-55a0-afb7-88f848976b65,Informações do Monitoramento,informacoes_do_monitoramento,table_row,"{'regiao': 'Região Norte', 'meta_prevista_para_2024__raw': '25', 'meta_prevista_para_2025__raw': '28', 'meta_prevista_para_2026__raw': '31', 'meta_prevista_para_2027__raw': '34', 'quantidade_alcancada': 'Valor não disponível', 'data_de_referencia__raw': '31/12/2024', 'sinalizacao_de_necessidade_de_revisao_proximo_exercicio': 'Sim', 'notas_do_usuario': 'Não informado'}","{'meta_prevista_para_2024': 25.0, 'meta_prevista_para_2025': 28.0, 'meta_prevista_para_2026': 31.0, 'meta_prevista_para_2027': 34.0, 'data_de_referencia': 31122024.0}"
1726169b-6d0d-51fc-9038-bf2e7d8b0bb2,c11b9579-45d1-58de-af90-2c8b6bc73152,356,table,26a31cb8-f6a5-51e8-9074-2c3bbf6558fc,827f08a8-e876-55a0-afb7-88f848976b65,Informações do Monitoramento,informacoes_do_monitoramento,table_row,"{'regiao': 'Região Sudeste', 'meta_prevista_para_2024__raw': '38', 'meta_prevista_para_2025__raw': '42', 'meta_prevista_para_2026__raw': '46', 'meta_prevista_para_2027__raw': '50', 'quantidade_alcancada': 'Valor não disponível', 'data_de_referencia__raw': '31/12/2024', 'sinalizacao_de_necessidade_de_revisao_proximo_exercicio': 'Sim', 'notas_do_usuario': 'Não informado'}","{'meta_prevista_para_2024': 38.0, 'meta_prevista_para_2025': 42.0, 'meta_prevista_para_2026': 46.0, 'meta_prevista_para_2027': 50.0, 'data_de_referencia': 31122024.0}"
15b824f1-8d51-5d46-a5df-9c08d33d238b,c11b9579-45d1-58de-af90-2c8b6bc73152,356,table,26a31cb8-f6a5-51e8-9074-2c3bbf6558fc,827f08a8-e876-55a0-afb7-88f848976b65,Informações do Monitoramento,informacoes_do_monitoramento,table_row,"{'regiao': 'Região Sul', 'meta_prevista_para_2024__raw': '19', 'meta_prevista_para_2025__raw': '21', 'meta_prevista_para_2026__raw': '31', 'meta_prevista_para_2027__raw': '25', 'quantidade_alcancada': 'Valor não disponível', 'data_de_referencia__raw': '31/12/2024', 'sinalizacao_de_necessidade_de_revisao_proximo_exercicio': 'Sim', 'notas_do_usuario': 'Não informado'}","{'meta_prevista_para_2024': 19.0, 'meta_prevista_para_2025': 21.0, 'meta_prevista_para_2026': 31.0, 'meta_prevista_para_2027': 25.0, 'data_de_referencia': 31122024.0}"
12eb0940-f318-5619-8f94-66d2d4ffb3f0,c11b9579-45d1-58de-af90-2c8b6bc73152,357,table,b2a89a99-e07b-5867-a43f-a977747620df,73076787-2271-5c4c-83f6-123f7e10b90a,Informações do Monitoramento,informacoes_do_monitoramento,table_row,"{'0': '- Ministério do Esporte', '1': 'Órgão Responsável: 51000'}",{}
bbf56ab4-5c09-55ee-916b-a6a3005ea9ce,c11b9579-45d1-58de-af90-2c8b6bc73152,357,table,952f64fc-90fa-5d3e-ba67-68e7d679e92f,73076787-2271-5c4c-83f6-123f7e10b90a,Informações do Monitoramento,informacoes_do_monitoramento,table_row,"{'0': ""Análise Situacional do Objetivo Específico: Para o enfrentamento da discriminação de gênero no ambiente do futebol, os jogos da Copa do Brasil e de vários campeonatos estaduais foram palco da campanha 'Futebol sem misoginia'. Também foram realizadas campanhas de conscientização contra o racismo no futebol, com a hashtag #comracismonãotemjogo. Com o Ministério da Igualdade Racial (MIR), será firmado Acordo de Cooperação Técnica para atuação conjunta no combate ao racismo no esporte em âmbito nacional, contemplando ações voltadas a entidades esportivas, atletas, torcida, acesso à justiça, comunicação, esporte educacional, esporte amador e lazer. Encontra-se em fase de negociação com a ONU Mulheres, parceria para desenvolver ações conjuntas de incentivo a que mulheres e meninas possam desfrutar, em toda sua diversidade, do esporte como um direito fundamental, promovendo a conscientização do ecossistema esportivo para garantir mudanças estruturais e de longo prazo. Acordo de Cooperação Técnica com Ministério das Mulheres - Programa Brasil sem Misoginia e Campanha Feminicídio Zero. Ações e campanhas Cultura de Paz no Futebol; (Reuniões periódicas com a - Associação""}",{}
39237761-f1ea-51e0-90e3-c6df40d977b7,c11b9579-45d1-58de-af90-2c8b6bc73152,357,table,952f64fc-90fa-5d3e-ba67-68e7d679e92f,73076787-2271-5c4c-83f6-123f7e10b90a,Informações do Monitoramento,informacoes_do_monitoramento,table_row,"{'0': 'Nacional de Torcidas Organizadas - ANATORG, para a realização de campanhas de conscientização. Lançamento da Campanha CADEIRAS VAZIAS. Sinalização de necessidade de revisão - próximo exercício: Não'}",{}
cbced030-6918-5e09-a6bb-1ee79c086b6c,c11b9579-45d1-58de-af90-2c8b6bc73152,357,table,952f64fc-90fa-5d3e-ba67-68e7d679e92f,73076787-2271-5c4c-83f6-123f7e10b90a,Informações do Monitoramento,informacoes_do_monitoramento,table_row,{'0': 'Notas do usuário: -'},{}
fa437e3a-a8a2-568e-8e7c-f34a6abf2433,c11b9579-45d1-58de-af90-2c8b6bc73152,369,table,0e9f3fa7-dae3-5a6e-989c-19596db92301,0aac9d0e-20ab-50aa-91ad-7e3b0e326938,Informações do Monitoramento,informacoes_do_monitoramento,table_row,"{'regiao': 'Região Centro- Oeste', 'meta_prevista_para_2024__raw': '75,5', 'meta_prevista_para_2025__raw': '76', 'meta_prevista_para_2026__raw': '76,5', 'meta_prevista_para_2027__raw': '77', 'quantidade_alcancada__raw': '83,43', 'data_de_referencia__raw': '31/12/2024', 'sinalizacao_de_necessidade_de_revisao_proximo_exercicio': 'Não', 'notas_do_usuario': 'Não informado'}","{'meta_prevista_para_2024': 75.5, 'meta_prevista_para_2025': 76.0, 'meta_prevista_para_2026': 76.5, 'meta_prevista_para_2027': 77.0, 'quantidade_alcancada': 83.43, 'data_de_referencia': 31122024.0}"
3d8c70f9-88a3-5cfd-ab39-cd55b3b00c7c,c11b9579-45d1-58de-af90-2c8b6bc73152,369,table,0e9f3fa7-dae3-5a6e-989c-19596db92301,0aac9d0e-20ab-50aa-91ad-7e3b0e326938,Informações do Monitoramento,informacoes_do_monitoramento,table_row,"{'regiao': 'Região Nordeste', 'meta_prevista_para_2024__raw': '64', 'meta_prevista_para_2025__raw': '70', 'meta_prevista_para_2026__raw': '76', 'meta_prevista_para_2027__raw': '77', 'quantidade_alcancada__raw': '72,01', 'data_de_referencia__raw': '31/12/2024', 'sinalizacao_de_necessidade_de_revisao_proximo_exercicio': 'Não', 'notas_do_usuario': 'Não informado'}","{'meta_prevista_para_2024': 64.0, 'meta_prevista_para_2025': 70.0, 'meta_prevista_para_2026': 76.0, 'meta_prevista_para_2027': 77.0, 'quantidade_alcancada': 72.01, 'data_de_referencia': 31122024.0}"
419fa728-a37c-5744-814b-cb2e9bf89276,c11b9579-45d1-58de-af90-2c8b6bc73152,369,table,0e9f3fa7-dae3-5a6e-989c-19596db92301,0aac9d0e-20ab-50aa-91ad-7e3b0e326938,Informações do Monitoramento,informacoes_do_monitoramento,table_row,"{'regiao': 'Região Norte', 'meta_prevista_para_2024__raw': '55', 'meta_prevista_para_2025__raw': '59', 'meta_prevista_para_2026__raw': '60', 'meta_prevista_para_2027__raw': '63', 'quantidade_alcancada__raw': '60,04', 'data_de_referencia__raw': '31/12/2024', 'sinalizacao_de_necessidade_de_revisao_proximo_exercicio': 'Não', 'notas_do_usuario': 'Não'}","{'meta_prevista_para_2024': 55.0, 'meta_prevista_para_2025': 59.0, 'meta_prevista_para_2026': 60.0, 'meta_prevista_para_2027': 63.0, 'quantidade_alcancada': 60.04, 'data_de_referencia': 31122024.0}"
7a8f446f-b896-5e4a-8b34-22fc25ea7bff,c11b9579-45d1-58de-af90-2c8b6bc73152,370,table,5d40f24c-8b71-563e-a026-98a8c076cab1,c33bf245-6e35-57e5-a3de-39a30901a902,Entrega: 0527 - CRAS cofinanciados para a oferta dos serviços de Proteção Social Básica nos territórios,entrega_0527_cras_cofinanciados_para_a_oferta_dos_servicos_de_protecao_social_basica_nos_territorios,table_row,"{'regiao_sudeste': 'Região Sul', '715__raw': '94,2', '72__raw': '94,3', '725__raw': '94,4', '73__raw': '94,5', '7661__raw': '94,84', '31_12_2024__raw': '31/12/2024', 'nao': 'Não', 'informadonao_informado': 'Não informado'}","{'715': 94.2, '72': 94.3, '725': 94.4, '73': 94.5, '7661': 94.84, '31_12_2024': 31122024.0}"
c92926bf-ce1a-50ea-bd08-cbdc13aa09e8,c11b9579-45d1-58de-af90-2c8b6bc73152,370,table,23612b9f-b6ae-5554-aaad-8aa26c2ff2f8,c33bf245-6e35-57e5-a3de-39a30901a902,Entrega: 0527 - CRAS cofinanciados para a oferta dos serviços de Proteção Social Básica nos territórios,entrega_0527_cras_cofinanciados_para_a_oferta_dos_servicos_de_protecao_social_basica_nos_territorios,table_row,"{'0': 'Região', '1': 'Meta prevista para 2024', '2': 'Meta prevista para 2025', '3': 'Meta prevista para 2026', '4': 'Meta prevista para 2027', '5': 'Quantidade alcançada', '6': 'Data de Referência', '7': 'Sinalização de necessidade de revisão - próximo exercício', '8': 'Notas do usuário'}",{}
ac50c7d6-7ed1-5947-a69e-36c883b3dee2,c11b9579-45d1-58de-af90-2c8b6bc73152,371,table,07bda1e7-32ba-54ce-94a4-d82c028d6b7c,124bc3ec-e44e-5975-8ab2-5bdfdf90dc55,Informações do Monitoramento,informacoes_do_monitoramento,table_row,"{'regiao_centro_oeste': 'Região Nordeste', '698__raw': '59,5', '705__raw': '60', '71__raw': '61', '72__raw': '62', '7519__raw': '66,97', '31_12_2024__raw': '31/12/2024', 'nao': 'Não', 'nao_informado': 'Não informado'}","{'698': 59.5, '705': 60.0, '71': 61.0, '72': 62.0, '7519': 66.97, '31_12_2024': 31122024.0}"
133f869a-087c-533c-8ed9-8ab2aa154f03,c11b9579-45d1-58de-af90-2c8b6bc73152,371,table,07bda1e7-32ba-54ce-94a4-d82c028d6b7c,124bc3ec-e44e-5975-8ab2-5bdfdf90dc55,Informações do Monitoramento,informacoes_do_monitoramento,table_row,"{'regiao_centro_oeste': 'Região Norte', '698__raw': '50,3', '705__raw': '51', '71__raw': '52', '72__raw': '53', '7519__raw': '54,61', '31_12_2024__raw': '31/12/2024', 'nao': 'Não', 'nao_informado': 'Não informado'}","{'698': 50.3, '705': 51.0, '71': 52.0, '72': 53.0, '7519': 54.61, '31_12_2024': 31122024.0}"
05f1c577-229e-5f20-bc9e-7487916289cd,c11b9579-45d1-58de-af90-2c8b6bc73152,371,table,07bda1e7-32ba-54ce-94a4-d82c028d6b7c,124bc3ec-e44e-5975-8ab2-5bdfdf90dc55,Informações do Monitoramento,informacoes_do_monitoramento,table_row,"{'regiao_centro_oeste': 'Região Sudeste', '698__raw': '61,5', '705__raw': '62', '71__raw': '63', '72__raw': '64', '7519__raw': '67,59', '31_12_2024__raw': '31/12/2024', 'nao': 'Não', 'nao_informado': 'Não informado'}","{'698': 61.5, '705': 62.0, '71': 63.0, '72': 64.0, '7519': 67.59, '31_12_2024': 31122024.0}"
76e4bb8b-543b-5a26-94ef-9c5f0d510f4b,c11b9579-45d1-58de-af90-2c8b6bc73152,371,table,07bda1e7-32ba-54ce-94a4-d82c028d6b7c,124bc3ec-e44e-5975-8ab2-5bdfdf90dc55,Informações do Monitoramento,informacoes_do_monitoramento,table_row,"{'regiao_centro_oeste': 'Região Sul', '698__raw': '88,2', '705__raw': '88,5', '71__raw': '88,7', '72__raw': '89', '7519__raw': '89,16', '31_12_2024__raw': '31/12/2024', 'nao': 'Não', 'nao_informado': 'Não informado'}","{'698': 88.2, '705': 88.5, '71': 88.7, '72': 89.0, '7519': 89.16, '31_12_2024': 31122024.0}"
c7465bec-fcdc-50bb-8a34-63a964e574d8,c11b9579-45d1-58de-af90-2c8b6bc73152,372,table,b8c1f7f5-49aa-54ed-875b-865a8be93e2f,c1045362-052b-51a0-a064-1f2b73b77028,Informações do Monitoramento,informacoes_do_monitoramento,table_row,"{'regiao': 'Região Centro- Oeste', 'meta_prevista_para_2024__raw': '67', 'meta_prevista_para_2025__raw': '69', 'meta_prevista_para_2026__raw': '71', 'meta_prevista_para_2027__raw': '75', 'quantidade_alcancada__raw': '68,95', 'data_de_referencia__raw': '31/12/2024', 'sinalizacao_de_necessidade_de_revisao_proximo_exercicio': 'Não', 'notas_do_usuario': 'Não informado'}","{'meta_prevista_para_2024': 67.0, 'meta_prevista_para_2025': 69.0, 'meta_prevista_para_2026': 71.0, 'meta_prevista_para_2027': 75.0, 'quantidade_alcancada': 68.95, 'data_de_referencia': 31122024.0}"
e9ce9747-a474-530e-bc26-efd3178bc59b,c11b9579-45d1-58de-af90-2c8b6bc73152,372,table,b8c1f7f5-49aa-54ed-875b-865a8be93e2f,c1045362-052b-51a0-a064-1f2b73b77028,Informações do Monitoramento,informacoes_do_monitoramento,table_row,"{'regiao': 'Região Nordeste', 'meta_prevista_para_2024__raw': '64', 'meta_prevista_para_2025__raw': '68', 'meta_prevista_para_2026__raw': '71', 'meta_prevista_para_2027__raw': '76', 'quantidade_alcancada__raw': '74,8', 'data_de_referencia__raw': '31/12/2024', 'sinalizacao_de_necessidade_de_revisao_proximo_exercicio': 'Não', 'notas_do_usuario': 'Não informado'}","{'meta_prevista_para_2024': 64.0, 'meta_prevista_para_2025': 68.0, 'meta_prevista_para_2026': 71.0, 'meta_prevista_para_2027': 76.0, 'quantidade_alcancada': 74.8, 'data_de_referencia': 31122024.0}"
6cab990a-a555-5a5a-8f61-3070c31243f7,c11b9579-45d1-58de-af90-2c8b6bc73152,373,table,2ad59dc1-b53b-590f-8fec-01792c3a2085,0295e8f3-234d-5b8e-8f60-055592b0dc52,Entrega: 0561 - Novos municípios com cobertura de CREAS para oferta dos serviços de Proteção Social Especial,entrega_0561_novos_municipios_com_cobertura_de_creas_para_oferta_dos_servicos_de_protecao_social_especial,table_row,"{'regiao_norte': 'Região Sudeste', '74__raw': '73', '78__raw': '74', '82__raw': '75', '88__raw': '76', '8533__raw': '82,55', '31_12_2024__raw': '31/12/2024', 'nao': 'Não', 'nao_informado': 'Não informado'}","{'74': 73.0, '78': 74.0, '82': 75.0, '88': 76.0, '8533': 82.55, '31_12_2024': 31122024.0}"
7650f784-ff44-5d31-b7cb-8d52883a1eb2,c11b9579-45d1-58de-af90-2c8b6bc73152,373,table,2ad59dc1-b53b-590f-8fec-01792c3a2085,0295e8f3-234d-5b8e-8f60-055592b0dc52,Entrega: 0561 - Novos municípios com cobertura de CREAS para oferta dos serviços de Proteção Social Especial,entrega_0561_novos_municipios_com_cobertura_de_creas_para_oferta_dos_servicos_de_protecao_social_especial,table_row,"{'regiao_norte': 'Região Sul', '74__raw': '65', '78__raw': '66', '82__raw': '67', '88__raw': '68', '8533__raw': '80,18', '31_12_2024__raw': '31/12/2024', 'nao': 'Não', 'nao_informado': 'Não informado'}","{'74': 65.0, '78': 66.0, '82': 67.0, '88': 68.0, '8533': 80.18, '31_12_2024': 31122024.0}"
f3abd718-242f-50f3-9c09-b94953f4f387,c11b9579-45d1-58de-af90-2c8b6bc73152,374,table,c03da8eb-684e-56a9-bc97-3d2e0a6017d0,5d65c4d4-4e0e-5a2d-b577-a36d01597e7c,Regionalizações da Meta,regionalizacoes_da_meta,table_row,"{'regiao': 'Região Centro- Oeste', 'meta_prevista_para_2024__raw': '225', 'meta_prevista_para_2025__raw': '252', 'meta_prevista_para_2026__raw': '271', 'meta_prevista_para_2027__raw': '290', 'quantidade_alcancada__raw': '224', 'data_de_referencia__raw': '31/12/2024', 'sinalizacao_de_necessidade_de_revisao_proximo_exercicio': 'Não', 'notas_do_usuario': 'Não informado'}","{'meta_prevista_para_2024': 225.0, 'meta_prevista_para_2025': 252.0, 'meta_prevista_para_2026': 271.0, 'meta_prevista_para_2027': 290.0, 'quantidade_alcancada': 224.0, 'data_de_referencia': 31122024.0}"
6751e8ec-a6b3-5614-81b8-7569936599e9,c11b9579-45d1-58de-af90-2c8b6bc73152,374,table,c03da8eb-684e-56a9-bc97-3d2e0a6017d0,5d65c4d4-4e0e-5a2d-b577-a36d01597e7c,Regionalizações da Meta,regionalizacoes_da_meta,table_row,"{'regiao': 'Região Nordeste', 'meta_prevista_para_2024__raw': '1.049', 'meta_prevista_para_2025__raw': '1.125', 'meta_prevista_para_2026__raw': '1.178', 'meta_prevista_para_2027__raw': '1.231', 'quantidade_alcancada__raw': '1.187', 'data_de_referencia__raw': '31/12/2024', 'sinalizacao_de_necessidade_de_revisao_proximo_exercicio': 'Não', 'notas_do_usuario': 'Não informado'}","{'meta_prevista_para_2024': 1049.0, 'meta_prevista_para_2025': 1125.0, 'meta_prevista_para_2026': 1178.0, 'meta_prevista_para_2027': 1231.0, 'quantidade_alcancada': 1187.0, 'data_de_referencia': 31122024.0}"
0844b396-bb9b-50a0-a303-4e87d9da9456,c11b9579-45d1-58de-af90-2c8b6bc73152,374,table,c03da8eb-684e-56a9-bc97-3d2e0a6017d0,5d65c4d4-4e0e-5a2d-b577-a36d01597e7c,Regionalizações da Meta,regionalizacoes_da_meta,table_row,"{'regiao': 'Região Norte', 'meta_prevista_para_2024__raw': '266', 'meta_prevista_para_2025__raw': '289', 'meta_prevista_para_2026__raw': '305', 'meta_prevista_para_2027__raw': '321', 'quantidade_alcancada__raw': '292', 'data_de_referencia__raw': '31/12/2024', 'sinalizacao_de_necessidade_de_revisao_proximo_exercicio': 'Não', 'notas_do_usuario': 'Não informado'}","{'meta_prevista_para_2024': 266.0, 'meta_prevista_para_2025': 289.0, 'meta_prevista_para_2026': 305.0, 'meta_prevista_para_2027': 321.0, 'quantidade_alcancada': 292.0, 'data_de_referencia': 31122024.0}"
47a660fc-c974-5ebd-b1f8-ba96f110b874,c11b9579-45d1-58de-af90-2c8b6bc73152,374,table,c03da8eb-684e-56a9-bc97-3d2e0a6017d0,5d65c4d4-4e0e-5a2d-b577-a36d01597e7c,Regionalizações da Meta,regionalizacoes_da_meta,table_row,"{'regiao': 'Região Sudeste', 'meta_prevista_para_2024__raw': '698', 'meta_prevista_para_2025__raw': '825', 'meta_prevista_para_2026__raw': '913', 'meta_prevista_para_2027__raw': '1.001', 'quantidade_alcancada__raw': '724', 'data_de_referencia__raw': '31/12/2024', 'sinalizacao_de_necessidade_de_revisao_proximo_exercicio': 'Não', 'notas_do_usuario': 'Não informado'}","{'meta_prevista_para_2024': 698.0, 'meta_prevista_para_2025': 825.0, 'meta_prevista_para_2026': 913.0, 'meta_prevista_para_2027': 1001.0, 'quantidade_alcancada': 724.0, 'data_de_referencia': 31122024.0}"
f472e6dc-2da0-581b-bbf7-47f036463182,c11b9579-45d1-58de-af90-2c8b6bc73152,374,table,c03da8eb-684e-56a9-bc97-3d2e0a6017d0,5d65c4d4-4e0e-5a2d-b577-a36d01597e7c,Regionalizações da Meta,regionalizacoes_da_meta,table_row,"{'regiao': 'Região Sul', 'meta_prevista_para_2024__raw': '412', 'meta_prevista_para_2025__raw': '509', 'meta_prevista_para_2026__raw': '577', 'meta_prevista_para_2027__raw': '645', 'quantidade_alcancada__raw': '409', 'data_de_referencia__raw': '31/12/2024', 'sinalizacao_de_necessidade_de_revisao_proximo_exercicio': 'Não', 'notas_do_usuario': 'Não informado'}","{'meta_prevista_para_2024': 412.0, 'meta_prevista_para_2025': 509.0, 'meta_prevista_para_2026': 577.0, 'meta_prevista_para_2027': 645.0, 'quantidade_alcancada': 409.0, 'data_de_referencia': 31122024.0}"
c06a90a8-a9dc-5294-96a6-7424b305eb7b,c11b9579-45d1-58de-af90-2c8b6bc73152,375,table,d00ba848-0a87-54f3-9a1b-4e196d7efe96,fd42676b-705c-53ba-a2f4-9eb7e52b776f,Regionalizações da Meta,regionalizacoes_da_meta,table_row,"{'regiao': 'Região Centro- Oeste', 'meta_prevista_para_2024__raw': '18', 'meta_prevista_para_2025__raw': '22', 'meta_prevista_para_2026__raw': '26', 'meta_prevista_para_2027__raw': '30', 'quantidade_alcancada__raw': '15', 'data_de_referencia__raw': '31/12/2024', 'sinalizacao_de_necessidade_de_revisao_proximo_exercicio': 'Não', 'notas_do_usuario': 'Não informado'}","{'meta_prevista_para_2024': 18.0, 'meta_prevista_para_2025': 22.0, 'meta_prevista_para_2026': 26.0, 'meta_prevista_para_2027': 30.0, 'quantidade_alcancada': 15.0, 'data_de_referencia': 31122024.0}"
be38002b-0fe7-5941-8c4f-de1daab36dc0,c11b9579-45d1-58de-af90-2c8b6bc73152,375,table,d00ba848-0a87-54f3-9a1b-4e196d7efe96,fd42676b-705c-53ba-a2f4-9eb7e52b776f,Regionalizações da Meta,regionalizacoes_da_meta,table_row,"{'regiao': 'Região Nordeste', 'meta_prevista_para_2024__raw': '65', 'meta_prevista_para_2025__raw': '72', 'meta_prevista_para_2026__raw': '79', 'meta_prevista_para_2027__raw': '86', 'quantidade_alcancada__raw': '65', 'data_de_referencia__raw': '31/12/2024', 'sinalizacao_de_necessidade_de_revisao_proximo_exercicio': 'Não', 'notas_do_usuario': 'Não informado'}","{'meta_prevista_para_2024': 65.0, 'meta_prevista_para_2025': 72.0, 'meta_prevista_para_2026': 79.0, 'meta_prevista_para_2027': 86.0, 'quantidade_alcancada': 65.0, 'data_de_referencia': 31122024.0}"
faa9ae71-f502-59bc-adee-3cb11d88bf74,c11b9579-45d1-58de-af90-2c8b6bc73152,375,table,d00ba848-0a87-54f3-9a1b-4e196d7efe96,fd42676b-705c-53ba-a2f4-9eb7e52b776f,Regionalizações da Meta,regionalizacoes_da_meta,table_row,"{'regiao': 'Região Norte', 'meta_prevista_para_2024__raw': '13', 'meta_prevista_para_2025__raw': '14', 'meta_prevista_para_2026__raw': '15', 'meta_prevista_para_2027__raw': '17', 'quantidade_alcancada__raw': '12', 'data_de_referencia__raw': '31/12/2024', 'sinalizacao_de_necessidade_de_revisao_proximo_exercicio': 'Não', 'notas_do_usuario': 'Não informado'}","{'meta_prevista_para_2024': 13.0, 'meta_prevista_para_2025': 14.0, 'meta_prevista_para_2026': 15.0, 'meta_prevista_para_2027': 17.0, 'quantidade_alcancada': 12.0, 'data_de_referencia': 31122024.0}"
2d345430-31de-5407-b69a-413c02bc4d12,c11b9579-45d1-58de-af90-2c8b6bc73152,375,table,d00ba848-0a87-54f3-9a1b-4e196d7efe96,fd42676b-705c-53ba-a2f4-9eb7e52b776f,Regionalizações da Meta,regionalizacoes_da_meta,table_row,"{'regiao': 'Região Sudeste', 'meta_prevista_para_2024__raw': '135', 'meta_prevista_para_2025__raw': '156', 'meta_prevista_para_2026__raw': '178', 'meta_prevista_para_2027__raw': '200', 'quantidade_alcancada__raw': '123', 'data_de_referencia__raw': '31/12/2024', 'sinalizacao_de_necessidade_de_revisao_proximo_exercicio': 'Não', 'notas_do_usuario': 'Não informado'}","{'meta_prevista_para_2024': 135.0, 'meta_prevista_para_2025': 156.0, 'meta_prevista_para_2026': 178.0, 'meta_prevista_para_2027': 200.0, 'quantidade_alcancada': 123.0, 'data_de_referencia': 31122024.0}"
420f062a-6906-5a71-b4bd-f325005e1b44,c11b9579-45d1-58de-af90-2c8b6bc73152,375,table,d00ba848-0a87-54f3-9a1b-4e196d7efe96,fd42676b-705c-53ba-a2f4-9eb7e52b776f,Regionalizações da Meta,regionalizacoes_da_meta,table_row,"{'regiao': 'Região Sul', 'meta_prevista_para_2024__raw': '47', 'meta_prevista_para_2025__raw': '56', 'meta_prevista_para_2026__raw': '66', 'meta_prevista_para_2027__raw': '76', 'quantidade_alcancada__raw': '42', 'data_de_referencia__raw': '31/12/2024', 'sinalizacao_de_necessidade_de_revisao_proximo_exercicio': 'Não', 'notas_do_usuario': 'Não informado'}","{'meta_prevista_para_2024': 47.0, 'meta_prevista_para_2025': 56.0, 'meta_prevista_para_2026': 66.0, 'meta_prevista_para_2027': 76.0, 'quantidade_alcancada': 42.0, 'data_de_referencia': 31122024.0}"
b6a755b9-4bfc-510b-9301-30fbbe74d76f,c11b9579-45d1-58de-af90-2c8b6bc73152,376,table,239976f0-3dc5-5521-8ae2-88186a03aa6f,5f83fd17-6575-554d-8998-cc9940a66cb3,Informações do Monitoramento,informacoes_do_monitoramento,table_row,"{'regiao': 'Região Centro- Oeste', 'meta_prevista_para_2024__raw': '39', 'meta_prevista_para_2025__raw': '49', 'meta_prevista_para_2026__raw': '59', 'meta_prevista_para_2027__raw': '71', 'quantidade_alcancada__raw': '44', 'data_de_referencia__raw': '31/12/2024', 'sinalizacao_de_necessidade_de_revisao_proximo_exercicio': 'Não', 'notas_do_usuario': 'Não informado'}","{'meta_prevista_para_2024': 39.0, 'meta_prevista_para_2025': 49.0, 'meta_prevista_para_2026': 59.0, 'meta_prevista_para_2027': 71.0, 'quantidade_alcancada': 44.0, 'data_de_referencia': 31122024.0}"
5f9c487c-626e-557f-83f2-1c2a38278023,c11b9579-45d1-58de-af90-2c8b6bc73152,376,table,239976f0-3dc5-5521-8ae2-88186a03aa6f,5f83fd17-6575-554d-8998-cc9940a66cb3,Informações do Monitoramento,informacoes_do_monitoramento,table_row,"{'regiao': 'Região Nordeste', 'meta_prevista_para_2024__raw': '71', 'meta_prevista_para_2025__raw': '87', 'meta_prevista_para_2026__raw': '117', 'meta_prevista_para_2027__raw': '147', 'quantidade_alcancada__raw': '104', 'data_de_referencia__raw': '31/12/2024', 'sinalizacao_de_necessidade_de_revisao_proximo_exercicio': 'Não', 'notas_do_usuario': 'Não informado'}","{'meta_prevista_para_2024': 71.0, 'meta_prevista_para_2025': 87.0, 'meta_prevista_para_2026': 117.0, 'meta_prevista_para_2027': 147.0, 'quantidade_alcancada': 104.0, 'data_de_referencia': 31122024.0}"
c4d11aec-763c-5b79-8441-3fe25b49da58,c11b9579-45d1-58de-af90-2c8b6bc73152,376,table,239976f0-3dc5-5521-8ae2-88186a03aa6f,5f83fd17-6575-554d-8998-cc9940a66cb3,Informações do Monitoramento,informacoes_do_monitoramento,table_row,"{'regiao': 'Região Norte', 'meta_prevista_para_2024__raw': '22', 'meta_prevista_para_2025__raw': '28', 'meta_prevista_para_2026__raw': '37', 'meta_prevista_para_2027__raw': '46', 'quantidade_alcancada__raw': '42', 'data_de_referencia__raw': '31/12/2024', 'sinalizacao_de_necessidade_de_revisao_proximo_exercicio': 'Não', 'notas_do_usuario': 'Não'}","{'meta_prevista_para_2024': 22.0, 'meta_prevista_para_2025': 28.0, 'meta_prevista_para_2026': 37.0, 'meta_prevista_para_2027': 46.0, 'quantidade_alcancada': 42.0, 'data_de_referencia': 31122024.0}"
3c4fc18c-87e8-5855-98a9-9210a0131301,c11b9579-45d1-58de-af90-2c8b6bc73152,377,table,249aaffb-7a5a-5381-acfb-436f556a05d3,dc2f4f61-6998-5b59-b6c7-75c469ffb8c7,Entrega: 0636 - Novas vagas ofertadas pelos Serviços de Acolhimento,entrega_0636_novas_vagas_ofertadas_pelos_servicos_de_acolhimento,table_row,"{'regiao_sudeste': 'Região Sul', '167__raw': '258', '177__raw': '268', '196__raw': '282', '215__raw': '296', '201__raw': '301', '31_12_2024__raw': '31/12/2024', 'nao': 'Não', 'informadonao_informado': 'Não informado'}","{'167': 258.0, '177': 268.0, '196': 282.0, '215': 296.0, '201': 301.0, '31_12_2024': 31122024.0}"
e754967f-8562-5f4d-8a14-2628e48861f0,c11b9579-45d1-58de-af90-2c8b6bc73152,378,table,e2e159f3-3276-544e-a6cb-27b96bbbdd4d,2cef8e68-31ba-50fd-ac60-2d6b4e62ee45,Informações do Monitoramento,informacoes_do_monitoramento,table_row,"{'regiao': 'Região Centro- Oeste', 'meta_prevista_para_2024__raw': '17.697', 'meta_prevista_para_2025__raw': '18.299', 'meta_prevista_para_2026__raw': '18.901', 'meta_prevista_para_2027__raw': '19.503', 'quantidade_alcancada__raw': '18.717', 'data_de_referencia__raw': '31/12/2024', 'sinalizacao_de_necessidade_de_revisao_proximo_exercicio': 'Não', 'notas_do_usuario': 'Não informado'}","{'meta_prevista_para_2024': 17697.0, 'meta_prevista_para_2025': 18299.0, 'meta_prevista_para_2026': 18901.0, 'meta_prevista_para_2027': 19503.0, 'quantidade_alcancada': 18717.0, 'data_de_referencia': 31122024.0}"
12e63d1b-0455-5707-8c00-0ae5e2f4b842,c11b9579-45d1-58de-af90-2c8b6bc73152,378,table,e2e159f3-3276-544e-a6cb-27b96bbbdd4d,2cef8e68-31ba-50fd-ac60-2d6b4e62ee45,Informações do Monitoramento,informacoes_do_monitoramento,table_row,"{'regiao': 'Região Nordeste', 'meta_prevista_para_2024__raw': '23.042', 'meta_prevista_para_2025__raw': '24.387', 'meta_prevista_para_2026__raw': '25.732', 'meta_prevista_para_2027__raw': '27.077', 'quantidade_alcancada__raw': '27.215', 'data_de_referencia__raw': '31/12/2024', 'sinalizacao_de_necessidade_de_revisao_proximo_exercicio': 'Não', 'notas_do_usuario': 'Não informado'}","{'meta_prevista_para_2024': 23042.0, 'meta_prevista_para_2025': 24387.0, 'meta_prevista_para_2026': 25732.0, 'meta_prevista_para_2027': 27077.0, 'quantidade_alcancada': 27215.0, 'data_de_referencia': 31122024.0}"
e827c99e-dcfb-552c-86d4-cc5957d11bdf,c11b9579-45d1-58de-af90-2c8b6bc73152,378,table,e2e159f3-3276-544e-a6cb-27b96bbbdd4d,2cef8e68-31ba-50fd-ac60-2d6b4e62ee45,Informações do Monitoramento,informacoes_do_monitoramento,table_row,"{'regiao': 'Região Norte', 'meta_prevista_para_2024__raw': '18.417', 'meta_prevista_para_2025__raw': '19.249', 'meta_prevista_para_2026__raw': '20.081', 'meta_prevista_para_2027__raw': '20.913', 'quantidade_alcancada__raw': '19.770', 'data_de_referencia__raw': '31/12/2024', 'sinalizacao_de_necessidade_de_revisao_proximo_exercicio': 'Não', 'notas_do_usuario': 'Não informado'}","{'meta_prevista_para_2024': 18417.0, 'meta_prevista_para_2025': 19249.0, 'meta_prevista_para_2026': 20081.0, 'meta_prevista_para_2027': 20913.0, 'quantidade_alcancada': 19770.0, 'data_de_referencia': 31122024.0}"
8d1b05a1-105e-5955-b958-6672f479a26c,c11b9579-45d1-58de-af90-2c8b6bc73152,378,table,e2e159f3-3276-544e-a6cb-27b96bbbdd4d,2cef8e68-31ba-50fd-ac60-2d6b4e62ee45,Informações do Monitoramento,informacoes_do_monitoramento,table_row,"{'regiao': 'Região Sudeste', 'meta_prevista_para_2024__raw': '112.606', 'meta_prevista_para_2025__raw': '116.134', 'meta_prevista_para_2026__raw': '119.662', 'meta_prevista_para_2027__raw': '123.190', 'quantidade_alcancada__raw': '126.212', 'data_de_referencia__raw': '31/12/2024', 'sinalizacao_de_necessidade_de_revisao_proximo_exercicio': 'Não', 'notas_do_usuario': 'Não informado'}","{'meta_prevista_para_2024': 112606.0, 'meta_prevista_para_2025': 116134.0, 'meta_prevista_para_2026': 119662.0, 'meta_prevista_para_2027': 123190.0, 'quantidade_alcancada': 126212.0, 'data_de_referencia': 31122024.0}"
bcd699bc-c069-5b44-ba6c-df47bd761931,c11b9579-45d1-58de-af90-2c8b6bc73152,378,table,e2e159f3-3276-544e-a6cb-27b96bbbdd4d,2cef8e68-31ba-50fd-ac60-2d6b4e62ee45,Informações do Monitoramento,informacoes_do_monitoramento,table_row,"{'regiao': 'Região Sul', 'meta_prevista_para_2024__raw': '33.445', 'meta_prevista_para_2025__raw': '34.602', 'meta_prevista_para_2026__raw': '35.759', 'meta_prevista_para_2027__raw': '36.916', 'quantidade_alcancada__raw': '37.923', 'data_de_referencia__raw': '31/12/2024', 'sinalizacao_de_necessidade_de_revisao_proximo_exercicio': 'Não', 'notas_do_usuario': 'Não informado'}","{'meta_prevista_para_2024': 33445.0, 'meta_prevista_para_2025': 34602.0, 'meta_prevista_para_2026': 35759.0, 'meta_prevista_para_2027': 36916.0, 'quantidade_alcancada': 37923.0, 'data_de_referencia': 31122024.0}"
715c89fd-15a3-5251-ad2a-679e22e88de7,c11b9579-45d1-58de-af90-2c8b6bc73152,379,table,10dbeed9-806b-5f0b-8c07-b386ba7aa4a7,0d2ac62d-7a15-58c6-b9d1-0a18a583cdbd,Informações do Monitoramento,informacoes_do_monitoramento,table_row,"{'regiao': 'Região Centro- Oeste', 'meta_prevista_para_2024__raw': '64', 'meta_prevista_para_2025__raw': '64', 'meta_prevista_para_2026__raw': '64', 'meta_prevista_para_2027__raw': '64', 'quantidade_alcancada__raw': '0', 'data_de_referencia__raw': '31/12/2024', 'sinalizacao_de_necessidade_de_revisao_proximo_exercicio': 'Não', 'notas_do_usuario': 'Não informado'}","{'meta_prevista_para_2024': 64.0, 'meta_prevista_para_2025': 64.0, 'meta_prevista_para_2026': 64.0, 'meta_prevista_para_2027': 64.0, 'quantidade_alcancada': 0.0, 'data_de_referencia': 31122024.0}"
8d0c073e-6b88-505e-b8d9-ce98b9b3714f,c11b9579-45d1-58de-af90-2c8b6bc73152,379,table,10dbeed9-806b-5f0b-8c07-b386ba7aa4a7,0d2ac62d-7a15-58c6-b9d1-0a18a583cdbd,Informações do Monitoramento,informacoes_do_monitoramento,table_row,"{'regiao': 'Região Nordeste', 'meta_prevista_para_2024__raw': '426', 'meta_prevista_para_2025__raw': '426', 'meta_prevista_para_2026__raw': '426', 'meta_prevista_para_2027__raw': '426', 'quantidade_alcancada__raw': '0', 'data_de_referencia__raw': '31/12/2024', 'sinalizacao_de_necessidade_de_revisao_proximo_exercicio': 'Não', 'notas_do_usuario': 'Não informado'}","{'meta_prevista_para_2024': 426.0, 'meta_prevista_para_2025': 426.0, 'meta_prevista_para_2026': 426.0, 'meta_prevista_para_2027': 426.0, 'quantidade_alcancada': 0.0, 'data_de_referencia': 31122024.0}"
f69db77b-63aa-53e6-a18b-57c7d0e27a89,c11b9579-45d1-58de-af90-2c8b6bc73152,379,table,10dbeed9-806b-5f0b-8c07-b386ba7aa4a7,0d2ac62d-7a15-58c6-b9d1-0a18a583cdbd,Informações do Monitoramento,informacoes_do_monitoramento,table_row,"{'regiao': 'Região Norte', 'meta_prevista_para_2024__raw': '176', 'meta_prevista_para_2025__raw': '176', 'meta_prevista_para_2026__raw': '176', 'meta_prevista_para_2027__raw': '176', 'quantidade_alcancada__raw': '0', 'data_de_referencia__raw': '31/12/2024', 'sinalizacao_de_necessidade_de_revisao_proximo_exercicio': 'Não', 'notas_do_usuario': 'Não informado'}","{'meta_prevista_para_2024': 176.0, 'meta_prevista_para_2025': 176.0, 'meta_prevista_para_2026': 176.0, 'meta_prevista_para_2027': 176.0, 'quantidade_alcancada': 0.0, 'data_de_referencia': 31122024.0}"
cc5a2da2-2a2c-518d-9a8a-b2d33a75b440,c11b9579-45d1-58de-af90-2c8b6bc73152,379,table,10dbeed9-806b-5f0b-8c07-b386ba7aa4a7,0d2ac62d-7a15-58c6-b9d1-0a18a583cdbd,Informações do Monitoramento,informacoes_do_monitoramento,table_row,"{'regiao': 'Região Sudeste', 'meta_prevista_para_2024__raw': '212', 'meta_prevista_para_2025__raw': '212', 'meta_prevista_para_2026__raw': '212', 'meta_prevista_para_2027__raw': '212', 'quantidade_alcancada__raw': '0', 'data_de_referencia__raw': '31/12/2024', 'sinalizacao_de_necessidade_de_revisao_proximo_exercicio': 'Não', 'notas_do_usuario': 'Não informado'}","{'meta_prevista_para_2024': 212.0, 'meta_prevista_para_2025': 212.0, 'meta_prevista_para_2026': 212.0, 'meta_prevista_para_2027': 212.0, 'quantidade_alcancada': 0.0, 'data_de_referencia': 31122024.0}"
df654477-07b7-52ce-8c4c-20c9ddcf1b84,c11b9579-45d1-58de-af90-2c8b6bc73152,379,table,10dbeed9-806b-5f0b-8c07-b386ba7aa4a7,0d2ac62d-7a15-58c6-b9d1-0a18a583cdbd,Informações do Monitoramento,informacoes_do_monitoramento,table_row,"{'regiao': 'Região Sul', 'meta_prevista_para_2024__raw': '154', 'meta_prevista_para_2025__raw': '154', 'meta_prevista_para_2026__raw': '154', 'meta_prevista_para_2027__raw': '154', 'quantidade_alcancada__raw': '0', 'data_de_referencia__raw': '31/12/2024', 'sinalizacao_de_necessidade_de_revisao_proximo_exercicio': 'Não', 'notas_do_usuario': 'Não informado'}","{'meta_prevista_para_2024': 154.0, 'meta_prevista_para_2025': 154.0, 'meta_prevista_para_2026': 154.0, 'meta_prevista_para_2027': 154.0, 'quantidade_alcancada': 0.0, 'data_de_referencia': 31122024.0}"
4d522fff-b880-5230-8f37-3f1b59b05541,c11b9579-45d1-58de-af90-2c8b6bc73152,380,table,22388a92-3ec6-592a-99cc-66ea4dd9f30e,6a3467a7-d392-54da-9a8c-e82b09ab8130,Informações do Monitoramento,informacoes_do_monitoramento,table_row,"{'regiao': 'Região Centro- Oeste', 'meta_prevista_para_2024__raw': '61', 'meta_prevista_para_2025__raw': '63', 'meta_prevista_para_2026__raw': '66', 'meta_prevista_para_2027__raw': '68', 'quantidade_alcancada__raw': '67,22', 'data_de_referencia__raw': '30/12/2024', 'sinalizacao_de_necessidade_de_revisao_proximo_exercicio': 'Não', 'notas_do_usuario': 'Não informado'}","{'meta_prevista_para_2024': 61.0, 'meta_prevista_para_2025': 63.0, 'meta_prevista_para_2026': 66.0, 'meta_prevista_para_2027': 68.0, 'quantidade_alcancada': 67.22, 'data_de_referencia': 30122024.0}"
28bb11cc-a49c-5c68-b0fb-ea817e9db7d6,c11b9579-45d1-58de-af90-2c8b6bc73152,380,table,22388a92-3ec6-592a-99cc-66ea4dd9f30e,6a3467a7-d392-54da-9a8c-e82b09ab8130,Informações do Monitoramento,informacoes_do_monitoramento,table_row,"{'regiao': 'Região Nordeste', 'meta_prevista_para_2024__raw': '95', 'meta_prevista_para_2025__raw': '95', 'meta_prevista_para_2026__raw': '96', 'meta_prevista_para_2027__raw': '96', 'quantidade_alcancada__raw': '97,08', 'data_de_referencia__raw': '30/12/2024', 'sinalizacao_de_necessidade_de_revisao_proximo_exercicio': 'Não', 'notas_do_usuario': 'Não informado'}","{'meta_prevista_para_2024': 95.0, 'meta_prevista_para_2025': 95.0, 'meta_prevista_para_2026': 96.0, 'meta_prevista_para_2027': 96.0, 'quantidade_alcancada': 97.08, 'data_de_referencia': 30122024.0}"
4154f916-784f-5af8-9e5c-76fcd4a68da7,c11b9579-45d1-58de-af90-2c8b6bc73152,380,table,22388a92-3ec6-592a-99cc-66ea4dd9f30e,6a3467a7-d392-54da-9a8c-e82b09ab8130,Informações do Monitoramento,informacoes_do_monitoramento,table_row,"{'regiao': 'Região Norte', 'meta_prevista_para_2024__raw': '92', 'meta_prevista_para_2025__raw': '92', 'meta_prevista_para_2026__raw': '93', 'meta_prevista_para_2027__raw': '93', 'quantidade_alcancada__raw': '88,31', 'data_de_referencia__raw': '30/12/2024', 'sinalizacao_de_necessidade_de_revisao_proximo_exercicio': 'Não', 'notas_do_usuario': 'Não informado'}","{'meta_prevista_para_2024': 92.0, 'meta_prevista_para_2025': 92.0, 'meta_prevista_para_2026': 93.0, 'meta_prevista_para_2027': 93.0, 'quantidade_alcancada': 88.31, 'data_de_referencia': 30122024.0}"
f0824956-daea-502a-8e6e-53ab57dd99dc,c11b9579-45d1-58de-af90-2c8b6bc73152,380,table,22388a92-3ec6-592a-99cc-66ea4dd9f30e,6a3467a7-d392-54da-9a8c-e82b09ab8130,Informações do Monitoramento,informacoes_do_monitoramento,table_row,"{'regiao': 'Região Sudeste', 'meta_prevista_para_2024__raw': '51', 'meta_prevista_para_2025__raw': '54', 'meta_prevista_para_2026__raw': '57', 'meta_prevista_para_2027__raw': '60', 'quantidade_alcancada__raw': '58,41', 'data_de_referencia__raw': '30/12/2024', 'sinalizacao_de_necessidade_de_revisao_proximo_exercicio': 'Não', 'notas_do_usuario': 'Não informado'}","{'meta_prevista_para_2024': 51.0, 'meta_prevista_para_2025': 54.0, 'meta_prevista_para_2026': 57.0, 'meta_prevista_para_2027': 60.0, 'quantidade_alcancada': 58.41, 'data_de_referencia': 30122024.0}"
c0f27bb0-7368-51be-874d-7999931d9b6f,c11b9579-45d1-58de-af90-2c8b6bc73152,380,table,22388a92-3ec6-592a-99cc-66ea4dd9f30e,6a3467a7-d392-54da-9a8c-e82b09ab8130,Informações do Monitoramento,informacoes_do_monitoramento,table_row,"{'regiao': 'Região Sul', 'meta_prevista_para_2024__raw': '28', 'meta_prevista_para_2025__raw': '32', 'meta_prevista_para_2026__raw': '36', 'meta_prevista_para_2027__raw': '40', 'quantidade_alcancada__raw': '31,15', 'data_de_referencia__raw': '30/12/2024', 'sinalizacao_de_necessidade_de_revisao_proximo_exercicio': 'Não', 'notas_do_usuario': 'Não informado'}","{'meta_prevista_para_2024': 28.0, 'meta_prevista_para_2025': 32.0, 'meta_prevista_para_2026': 36.0, 'meta_prevista_para_2027': 40.0, 'quantidade_alcancada': 31.15, 'data_de_referencia': 30122024.0}"
fc5054d4-e20a-5503-99ab-7e217d0c325c,c11b9579-45d1-58de-af90-2c8b6bc73152,381,table,6c2f3c6b-b729-54d2-969f-898197d55a10,f2a0175e-fc21-5558-bc31-5b8db4c0922c,Entrega: 0679 - Crianças de 0 a 3 anos atendidas pelo Programa Primeira Infância no SUAS/Criança Feliz.,entrega_0679_criancas_de_0_a_3_anos_atendidas_pelo_programa_primeira_infancia_no_suas_crianca_feliz,table_row,"{'regiao': 'Região Centro-', 'meta_prevista_para_2024__raw': '8,55', 'meta_prevista_para_2025__raw': '9,51', 'meta_prevista_para_2026__raw': '10,48', 'meta_prevista_para_2027__raw': '11,46', 'quantidade_alcancada__raw': '9,6', 'data_de_referencia__raw': '30/12/2024', 'sinalizacao_de_necessidade_de_revisao_proximo_exercicio': 'Não', 'notas_do_usuario': 'Não informado'}","{'meta_prevista_para_2024': 8.55, 'meta_prevista_para_2025': 9.51, 'meta_prevista_para_2026': 10.48, 'meta_prevista_para_2027': 11.46, 'quantidade_alcancada': 9.6, 'data_de_referencia': 30122024.0}"
8f940b38-3ac0-50f2-a88c-cc181f6bec97,c11b9579-45d1-58de-af90-2c8b6bc73152,382,table,1de25299-940d-501b-96ca-ce339ee862f3,b0dd8bf1-e52e-54a6-9f35-e321887f3830,"Objetivo Específico: 0322 - Aprimorar a gestão do BPC para reduzir o tempo de concessão dos benefícios, agilizando o acesso dos requerentes",objetivo_especifico_0322_aprimorar_a_gestao_do_bpc_para_reduzir_o_tempo_de_concessao_dos_beneficios_agilizando_o_acesso_dos_requerentes,table_row,"{'oesteregiao_nordeste': 'Região Norte', '2343__raw': '11,74', '2434__raw': '12,7', '2524__raw': '13,65', '2614__raw': '14,61', '3118__raw': '14,9', '30_12_2024__raw': '30/12/2024', 'nao': 'Não', 'mesmo_sem_pactuacao_para_expansao_de_cobertura_a_meta_prevista_para_a_regiao_nordeste_ao_final_do_ppa_2026_ja_foi_atingida_em_2024_a_hipotese_inicial_que_portanto_ainda_depende_de_estudos_e_analises_e_que_esse_desempenho_esta_relacionado_a_uma_reducao_na_regiao_no_numero_de_criancas_de_0_3_anos_registradas_no_cadastro_unico': 'Não informado'}","{'2343': 11.74, '2434': 12.7, '2524': 13.65, '2614': 14.61, '3118': 14.9, '30_12_2024': 30122024.0}"
6b043e18-21cf-5ca2-8d6f-863e7ebda54f,c11b9579-45d1-58de-af90-2c8b6bc73152,382,table,1de25299-940d-501b-96ca-ce339ee862f3,b0dd8bf1-e52e-54a6-9f35-e321887f3830,"Objetivo Específico: 0322 - Aprimorar a gestão do BPC para reduzir o tempo de concessão dos benefícios, agilizando o acesso dos requerentes",objetivo_especifico_0322_aprimorar_a_gestao_do_bpc_para_reduzir_o_tempo_de_concessao_dos_beneficios_agilizando_o_acesso_dos_requerentes,table_row,"{'oesteregiao_nordeste': 'Região Sudeste', '2343__raw': '6,52', '2434__raw': '7,49', '2524__raw': '8,47', '2614__raw': '9,45', '3118__raw': '8,78', '30_12_2024__raw': '30/12/2024', 'nao': 'Não', 'mesmo_sem_pactuacao_para_expansao_de_cobertura_a_meta_prevista_para_a_regiao_nordeste_ao_final_do_ppa_2026_ja_foi_atingida_em_2024_a_hipotese_inicial_que_portanto_ainda_depende_de_estudos_e_analises_e_que_esse_desempenho_esta_relacionado_a_uma_reducao_na_regiao_no_numero_de_criancas_de_0_3_anos_registradas_no_cadastro_unico': 'Não informado'}","{'2343': 6.52, '2434': 7.49, '2524': 8.47, '2614': 9.45, '3118': 8.78, '30_12_2024': 30122024.0}"
15ff57c0-f047-57a0-ae70-669766d898b2,c11b9579-45d1-58de-af90-2c8b6bc73152,382,table,1de25299-940d-501b-96ca-ce339ee862f3,b0dd8bf1-e52e-54a6-9f35-e321887f3830,"Objetivo Específico: 0322 - Aprimorar a gestão do BPC para reduzir o tempo de concessão dos benefícios, agilizando o acesso dos requerentes",objetivo_especifico_0322_aprimorar_a_gestao_do_bpc_para_reduzir_o_tempo_de_concessao_dos_beneficios_agilizando_o_acesso_dos_requerentes,table_row,"{'oesteregiao_nordeste': 'Região Sul', '2343__raw': '3,11', '2434__raw': '4,1', '2524__raw': '5,1', '2614__raw': '6,1', '3118__raw': '4,82', '30_12_2024__raw': '30/12/2024', 'nao': 'Não', 'mesmo_sem_pactuacao_para_expansao_de_cobertura_a_meta_prevista_para_a_regiao_nordeste_ao_final_do_ppa_2026_ja_foi_atingida_em_2024_a_hipotese_inicial_que_portanto_ainda_depende_de_estudos_e_analises_e_que_esse_desempenho_esta_relacionado_a_uma_reducao_na_regiao_no_numero_de_criancas_de_0_3_anos_registradas_no_cadastro_unico': 'Não informado'}","{'2343': 3.11, '2434': 4.1, '2524': 5.1, '2614': 6.1, '3118': 4.82, '30_12_2024': 30122024.0}"
dbf3eb13-29f5-594a-b0cd-81b09264e8e8,c11b9579-45d1-58de-af90-2c8b6bc73152,383,table,09603362-7eb5-5259-a8c8-0bc5f3636dc8,13908a3f-de35-5af8-8e12-2fc7c3e43c71,Informações do Monitoramento,informacoes_do_monitoramento,table_row,"{'regiao': 'Região Centro- Oeste', 'meta_prevista_para_2024__raw': '158', 'meta_prevista_para_2025__raw': '114', 'meta_prevista_para_2026__raw': '70', 'meta_prevista_para_2027__raw': '70', 'quantidade_alcancada__raw': '124', 'data_de_referencia__raw': '31/12/2024', 'sinalizacao_de_necessidade_de_revisao_proximo_exercicio': 'Não', 'notas_do_usuario': 'Não informado'}","{'meta_prevista_para_2024': 158.0, 'meta_prevista_para_2025': 114.0, 'meta_prevista_para_2026': 70.0, 'meta_prevista_para_2027': 70.0, 'quantidade_alcancada': 124.0, 'data_de_referencia': 31122024.0}"
a92c6678-8a74-5208-9bab-fb99ff7115ff,c11b9579-45d1-58de-af90-2c8b6bc73152,383,table,09603362-7eb5-5259-a8c8-0bc5f3636dc8,13908a3f-de35-5af8-8e12-2fc7c3e43c71,Informações do Monitoramento,informacoes_do_monitoramento,table_row,"{'regiao': 'Região Nordeste', 'meta_prevista_para_2024__raw': '153', 'meta_prevista_para_2025__raw': '111', 'meta_prevista_para_2026__raw': '70', 'meta_prevista_para_2027__raw': '70', 'quantidade_alcancada__raw': '100', 'data_de_referencia__raw': '31/12/2024', 'sinalizacao_de_necessidade_de_revisao_proximo_exercicio': 'Não', 'notas_do_usuario': 'Não informado'}","{'meta_prevista_para_2024': 153.0, 'meta_prevista_para_2025': 111.0, 'meta_prevista_para_2026': 70.0, 'meta_prevista_para_2027': 70.0, 'quantidade_alcancada': 100.0, 'data_de_referencia': 31122024.0}"
60e4ec6c-0270-5126-ba2f-4885cf1e6ec8,c11b9579-45d1-58de-af90-2c8b6bc73152,383,table,09603362-7eb5-5259-a8c8-0bc5f3636dc8,13908a3f-de35-5af8-8e12-2fc7c3e43c71,Informações do Monitoramento,informacoes_do_monitoramento,table_row,"{'regiao': 'Região Norte', 'meta_prevista_para_2024__raw': '131', 'meta_prevista_para_2025__raw': '100', 'meta_prevista_para_2026__raw': '70', 'meta_prevista_para_2027__raw': '70', 'quantidade_alcancada__raw': '116', 'data_de_referencia__raw': '31/12/2024', 'sinalizacao_de_necessidade_de_revisao_proximo_exercicio': 'Não', 'notas_do_usuario': 'Não informado'}","{'meta_prevista_para_2024': 131.0, 'meta_prevista_para_2025': 100.0, 'meta_prevista_para_2026': 70.0, 'meta_prevista_para_2027': 70.0, 'quantidade_alcancada': 116.0, 'data_de_referencia': 31122024.0}"
73cd422f-1a9f-50e1-a9da-09e40b82ad37,c11b9579-45d1-58de-af90-2c8b6bc73152,383,table,09603362-7eb5-5259-a8c8-0bc5f3636dc8,13908a3f-de35-5af8-8e12-2fc7c3e43c71,Informações do Monitoramento,informacoes_do_monitoramento,table_row,"{'regiao': 'Região Sudeste', 'meta_prevista_para_2024__raw': '113', 'meta_prevista_para_2025__raw': '91', 'meta_prevista_para_2026__raw': '70', 'meta_prevista_para_2027__raw': '70', 'quantidade_alcancada__raw': '53', 'data_de_referencia__raw': '31/12/2024', 'sinalizacao_de_necessidade_de_revisao_proximo_exercicio': 'Não', 'notas_do_usuario': 'Não informado'}","{'meta_prevista_para_2024': 113.0, 'meta_prevista_para_2025': 91.0, 'meta_prevista_para_2026': 70.0, 'meta_prevista_para_2027': 70.0, 'quantidade_alcancada': 53.0, 'data_de_referencia': 31122024.0}"
b6ffed75-e64c-5dc6-87f3-5731a5ff765f,c11b9579-45d1-58de-af90-2c8b6bc73152,383,table,09603362-7eb5-5259-a8c8-0bc5f3636dc8,13908a3f-de35-5af8-8e12-2fc7c3e43c71,Informações do Monitoramento,informacoes_do_monitoramento,table_row,"{'regiao': 'Região Sul', 'meta_prevista_para_2024__raw': '113', 'meta_prevista_para_2025__raw': '91', 'meta_prevista_para_2026__raw': '70', 'meta_prevista_para_2027__raw': '70', 'quantidade_alcancada__raw': '73', 'data_de_referencia__raw': '31/12/2024', 'sinalizacao_de_necessidade_de_revisao_proximo_exercicio': 'Não', 'notas_do_usuario': 'Não informado'}","{'meta_prevista_para_2024': 113.0, 'meta_prevista_para_2025': 91.0, 'meta_prevista_para_2026': 70.0, 'meta_prevista_para_2027': 70.0, 'quantidade_alcancada': 73.0, 'data_de_referencia': 31122024.0}"
1eca937a-6c85-5c35-9648-5ac920e71517,c11b9579-45d1-58de-af90-2c8b6bc73152,384,table,f634a494-d8b9-5aa0-835b-b1f39ac83395,12e4c673-2f38-5040-af88-3e027fe3bfb8,Informações do Monitoramento,informacoes_do_monitoramento,table_row,"{'regiao': 'Região Centro- Oeste', 'meta_prevista_para_2024__raw': '218', 'meta_prevista_para_2025__raw': '154', 'meta_prevista_para_2026__raw': '90', 'meta_prevista_para_2027__raw': '90', 'quantidade_alcancada__raw': '172', 'data_de_referencia__raw': '31/12/2024', 'sinalizacao_de_necessidade_de_revisao_proximo_exercicio': 'Não', 'notas_do_usuario': 'Não informado'}","{'meta_prevista_para_2024': 218.0, 'meta_prevista_para_2025': 154.0, 'meta_prevista_para_2026': 90.0, 'meta_prevista_para_2027': 90.0, 'quantidade_alcancada': 172.0, 'data_de_referencia': 31122024.0}"
673a8054-48a3-577b-a1b5-ba29bfcbc293,c11b9579-45d1-58de-af90-2c8b6bc73152,384,table,f634a494-d8b9-5aa0-835b-b1f39ac83395,12e4c673-2f38-5040-af88-3e027fe3bfb8,Informações do Monitoramento,informacoes_do_monitoramento,table_row,"{'regiao': 'Região Nordeste', 'meta_prevista_para_2024__raw': '222', 'meta_prevista_para_2025__raw': '156', 'meta_prevista_para_2026__raw': '90', 'meta_prevista_para_2027__raw': '90', 'quantidade_alcancada__raw': '128', 'data_de_referencia__raw': '31/12/2024', 'sinalizacao_de_necessidade_de_revisao_proximo_exercicio': 'Não', 'notas_do_usuario': 'Não informado'}","{'meta_prevista_para_2024': 222.0, 'meta_prevista_para_2025': 156.0, 'meta_prevista_para_2026': 90.0, 'meta_prevista_para_2027': 90.0, 'quantidade_alcancada': 128.0, 'data_de_referencia': 31122024.0}"
3df63591-a4d3-5eea-ac81-b44d993db6b2,c11b9579-45d1-58de-af90-2c8b6bc73152,384,table,f634a494-d8b9-5aa0-835b-b1f39ac83395,12e4c673-2f38-5040-af88-3e027fe3bfb8,Informações do Monitoramento,informacoes_do_monitoramento,table_row,"{'regiao': 'Região Norte', 'meta_prevista_para_2024__raw': '199', 'meta_prevista_para_2025__raw': '145', 'meta_prevista_para_2026__raw': '90', 'meta_prevista_para_2027__raw': '90', 'quantidade_alcancada__raw': '164', 'data_de_referencia__raw': '31/12/2024', 'sinalizacao_de_necessidade_de_revisao_proximo_exercicio': 'Não', 'notas_do_usuario': 'Não informado'}","{'meta_prevista_para_2024': 199.0, 'meta_prevista_para_2025': 145.0, 'meta_prevista_para_2026': 90.0, 'meta_prevista_para_2027': 90.0, 'quantidade_alcancada': 164.0, 'data_de_referencia': 31122024.0}"
a453647f-3ef2-51ec-87f9-b8093aaa7b64,c11b9579-45d1-58de-af90-2c8b6bc73152,384,table,f634a494-d8b9-5aa0-835b-b1f39ac83395,12e4c673-2f38-5040-af88-3e027fe3bfb8,Informações do Monitoramento,informacoes_do_monitoramento,table_row,"{'regiao': 'Região Sudeste', 'meta_prevista_para_2024__raw': '171', 'meta_prevista_para_2025__raw': '130', 'meta_prevista_para_2026__raw': '90', 'meta_prevista_para_2027__raw': '90', 'quantidade_alcancada__raw': '69', 'data_de_referencia__raw': '31/12/2024', 'sinalizacao_de_necessidade_de_revisao_proximo_exercicio': 'Não', 'notas_do_usuario': 'Não informado'}","{'meta_prevista_para_2024': 171.0, 'meta_prevista_para_2025': 130.0, 'meta_prevista_para_2026': 90.0, 'meta_prevista_para_2027': 90.0, 'quantidade_alcancada': 69.0, 'data_de_referencia': 31122024.0}"
4731a37a-2786-500b-955c-054c0badb346,c11b9579-45d1-58de-af90-2c8b6bc73152,384,table,f634a494-d8b9-5aa0-835b-b1f39ac83395,12e4c673-2f38-5040-af88-3e027fe3bfb8,Informações do Monitoramento,informacoes_do_monitoramento,table_row,"{'regiao': 'Região Sul', 'meta_prevista_para_2024__raw': '161', 'meta_prevista_para_2025__raw': '125', 'meta_prevista_para_2026__raw': '90', 'meta_prevista_para_2027__raw': '90', 'quantidade_alcancada__raw': '96', 'data_de_referencia__raw': '31/12/2024', 'sinalizacao_de_necessidade_de_revisao_proximo_exercicio': 'Não', 'notas_do_usuario': 'Não informado'}","{'meta_prevista_para_2024': 161.0, 'meta_prevista_para_2025': 125.0, 'meta_prevista_para_2026': 90.0, 'meta_prevista_para_2027': 90.0, 'quantidade_alcancada': 96.0, 'data_de_referencia': 31122024.0}"
f6853ca5-4a63-51ae-8d9f-a4d2e5822436,c11b9579-45d1-58de-af90-2c8b6bc73152,385,table,799e6a66-5039-5b65-be59-8b8b4a69b2df,2bf23410-bba3-5dba-9762-7a19ae1d684a,Informações do Monitoramento,informacoes_do_monitoramento,table_row,"{'regiao': 'Região Centro- Oeste', 'meta_prevista_para_2024__raw': '109', 'meta_prevista_para_2025__raw': '77', 'meta_prevista_para_2026__raw': '45', 'meta_prevista_para_2027__raw': '45', 'quantidade_alcancada__raw': '44', 'data_de_referencia__raw': '31/12/2024', 'sinalizacao_de_necessidade_de_revisao_proximo_exercicio': 'Não', 'notas_do_usuario': 'Não informado'}","{'meta_prevista_para_2024': 109.0, 'meta_prevista_para_2025': 77.0, 'meta_prevista_para_2026': 45.0, 'meta_prevista_para_2027': 45.0, 'quantidade_alcancada': 44.0, 'data_de_referencia': 31122024.0}"
0c4a29be-3e45-5261-a53e-be291498b589,c11b9579-45d1-58de-af90-2c8b6bc73152,385,table,799e6a66-5039-5b65-be59-8b8b4a69b2df,2bf23410-bba3-5dba-9762-7a19ae1d684a,Informações do Monitoramento,informacoes_do_monitoramento,table_row,"{'regiao': 'Região Nordeste', 'meta_prevista_para_2024__raw': '82', 'meta_prevista_para_2025__raw': '63', 'meta_prevista_para_2026__raw': '45', 'meta_prevista_para_2027__raw': '45', 'quantidade_alcancada__raw': '54', 'data_de_referencia__raw': '31/12/2024', 'sinalizacao_de_necessidade_de_revisao_proximo_exercicio': 'Não', 'notas_do_usuario': 'Não informado'}","{'meta_prevista_para_2024': 82.0, 'meta_prevista_para_2025': 63.0, 'meta_prevista_para_2026': 45.0, 'meta_prevista_para_2027': 45.0, 'quantidade_alcancada': 54.0, 'data_de_referencia': 31122024.0}"
9e6e5d85-19dc-578e-9998-ddec9d75b758,c11b9579-45d1-58de-af90-2c8b6bc73152,385,table,799e6a66-5039-5b65-be59-8b8b4a69b2df,2bf23410-bba3-5dba-9762-7a19ae1d684a,Informações do Monitoramento,informacoes_do_monitoramento,table_row,"{'regiao': 'Região Norte', 'meta_prevista_para_2024__raw': '84', 'meta_prevista_para_2025__raw': '64', 'meta_prevista_para_2026__raw': '45', 'meta_prevista_para_2027__raw': '45', 'quantidade_alcancada__raw': '33', 'data_de_referencia__raw': '31/12/2024', 'sinalizacao_de_necessidade_de_revisao_proximo_exercicio': 'Não', 'notas_do_usuario': 'Não informado'}","{'meta_prevista_para_2024': 84.0, 'meta_prevista_para_2025': 64.0, 'meta_prevista_para_2026': 45.0, 'meta_prevista_para_2027': 45.0, 'quantidade_alcancada': 33.0, 'data_de_referencia': 31122024.0}"
9e6790d4-3900-57b3-bfcf-596c827bda55,c11b9579-45d1-58de-af90-2c8b6bc73152,385,table,799e6a66-5039-5b65-be59-8b8b4a69b2df,2bf23410-bba3-5dba-9762-7a19ae1d684a,Informações do Monitoramento,informacoes_do_monitoramento,table_row,"{'regiao': 'Região Sudeste', 'meta_prevista_para_2024__raw': '70', 'meta_prevista_para_2025__raw': '57', 'meta_prevista_para_2026__raw': '45', 'meta_prevista_para_2027__raw': '45', 'quantidade_alcancada__raw': '33', 'data_de_referencia__raw': '31/12/2024', 'sinalizacao_de_necessidade_de_revisao_proximo_exercicio': 'Não', 'notas_do_usuario': 'Não informado'}","{'meta_prevista_para_2024': 70.0, 'meta_prevista_para_2025': 57.0, 'meta_prevista_para_2026': 45.0, 'meta_prevista_para_2027': 45.0, 'quantidade_alcancada': 33.0, 'data_de_referencia': 31122024.0}"
c7f4dae1-ec4b-5193-b635-5e3050a6198e,c11b9579-45d1-58de-af90-2c8b6bc73152,385,table,799e6a66-5039-5b65-be59-8b8b4a69b2df,2bf23410-bba3-5dba-9762-7a19ae1d684a,Informações do Monitoramento,informacoes_do_monitoramento,table_row,"{'regiao': 'Região Sul', 'meta_prevista_para_2024__raw': '72', 'meta_prevista_para_2025__raw': '59', 'meta_prevista_para_2026__raw': '45', 'meta_prevista_para_2027__raw': '45', 'quantidade_alcancada__raw': '33', 'data_de_referencia__raw': '31/12/2024', 'sinalizacao_de_necessidade_de_revisao_proximo_exercicio': 'Não', 'notas_do_usuario': 'Não informado'}","{'meta_prevista_para_2024': 72.0, 'meta_prevista_para_2025': 59.0, 'meta_prevista_para_2026': 45.0, 'meta_prevista_para_2027': 45.0, 'quantidade_alcancada': 33.0, 'data_de_referencia': 31122024.0}"
f05f0724-002c-5d0c-9b1d-fa480ed19d21,c11b9579-45d1-58de-af90-2c8b6bc73152,388,table,768e201d-66e6-5a81-b4f9-68ec3a5b17fc,bcb0bbdd-ccaf-5bc4-a12d-f3f0a94b04da,Informações do Monitoramento,informacoes_do_monitoramento,table_row,"{'regiao': 'No Estado da Bahia', 'meta_prevista_para_2024': '-', 'meta_prevista_para_2025': '-', 'meta_prevista_para_2026': '-', 'meta_prevista_para_2027': '-', 'quantidade_alcancada__raw': '2.158', 'data_de_referencia__raw': '23/01/2025', 'sinalizacao_de_necessidade_de_revisao_proximo_exercicio': 'Não', 'notas_do_usuario': 'Não informado'}","{'quantidade_alcancada': 2158.0, 'data_de_referencia': 23012025.0}"
3f0516c8-3df9-59e1-ac5c-00d303f71ada,c11b9579-45d1-58de-af90-2c8b6bc73152,388,table,768e201d-66e6-5a81-b4f9-68ec3a5b17fc,bcb0bbdd-ccaf-5bc4-a12d-f3f0a94b04da,Informações do Monitoramento,informacoes_do_monitoramento,table_row,"{'regiao': 'No Estado da Paraíba', 'meta_prevista_para_2024': '-', 'meta_prevista_para_2025': '-', 'meta_prevista_para_2026': '-', 'meta_prevista_para_2027': '-', 'quantidade_alcancada__raw': '3.926', 'data_de_referencia__raw': '23/01/2025', 'sinalizacao_de_necessidade_de_revisao_proximo_exercicio': 'Não', 'notas_do_usuario': 'Não informado'}","{'quantidade_alcancada': 3926.0, 'data_de_referencia': 23012025.0}"
7f756dc1-d8b8-5076-862d-7717af151e39,c11b9579-45d1-58de-af90-2c8b6bc73152,388,table,768e201d-66e6-5a81-b4f9-68ec3a5b17fc,bcb0bbdd-ccaf-5bc4-a12d-f3f0a94b04da,Informações do Monitoramento,informacoes_do_monitoramento,table_row,"{'regiao': 'No Estado de Alagoas', 'meta_prevista_para_2024': '-', 'meta_prevista_para_2025': '-', 'meta_prevista_para_2026': '-', 'meta_prevista_para_2027': '-', 'quantidade_alcancada__raw': '1.866', 'data_de_referencia__raw': '23/01/2025', 'sinalizacao_de_necessidade_de_revisao_proximo_exercicio': 'Não', 'notas_do_usuario': 'Não informado'}","{'quantidade_alcancada': 1866.0, 'data_de_referencia': 23012025.0}"
6475e068-d1b8-55be-8c8a-84dc9bb2ef1d,c11b9579-45d1-58de-af90-2c8b6bc73152,388,table,768e201d-66e6-5a81-b4f9-68ec3a5b17fc,bcb0bbdd-ccaf-5bc4-a12d-f3f0a94b04da,Informações do Monitoramento,informacoes_do_monitoramento,table_row,"{'regiao': 'No Estado de Goiás', 'meta_prevista_para_2024': '-', 'meta_prevista_para_2025': '-', 'meta_prevista_para_2026': '-', 'meta_prevista_para_2027': '-', 'quantidade_alcancada__raw': '4.332', 'data_de_referencia__raw': '23/01/2025', 'sinalizacao_de_necessidade_de_revisao_proximo_exercicio': 'Não', 'notas_do_usuario': 'Não informado'}","{'quantidade_alcancada': 4332.0, 'data_de_referencia': 23012025.0}"
46900f16-1fcf-5295-bd2a-cd3fd36da637,c11b9579-45d1-58de-af90-2c8b6bc73152,388,table,768e201d-66e6-5a81-b4f9-68ec3a5b17fc,bcb0bbdd-ccaf-5bc4-a12d-f3f0a94b04da,Informações do Monitoramento,informacoes_do_monitoramento,table_row,"{'regiao': 'No Estado de Mato Grosso', 'meta_prevista_para_2024': '-', 'meta_prevista_para_2025': '-', 'meta_prevista_para_2026': '-', 'meta_prevista_para_2027': '-', 'quantidade_alcancada__raw': '19.306', 'data_de_referencia__raw': '23/01/2025', 'sinalizacao_de_necessidade_de_revisao_proximo_exercicio': 'Não', 'notas_do_usuario': 'Não informado'}","{'quantidade_alcancada': 19306.0, 'data_de_referencia': 23012025.0}"
d6fbb18a-9d86-59fe-b1a6-1d1eebe95526,c11b9579-45d1-58de-af90-2c8b6bc73152,388,table,768e201d-66e6-5a81-b4f9-68ec3a5b17fc,bcb0bbdd-ccaf-5bc4-a12d-f3f0a94b04da,Informações do Monitoramento,informacoes_do_monitoramento,table_row,"{'regiao': 'No Estado de Mato', 'meta_prevista_para_2024': '-', 'meta_prevista_para_2025': '-', 'meta_prevista_para_2026': '-', 'meta_prevista_para_2027': '-', 'quantidade_alcancada__raw': '114.214', 'data_de_referencia__raw': '23/01/2025', 'sinalizacao_de_necessidade_de_revisao_proximo_exercicio': 'Não', 'notas_do_usuario': 'Não'}","{'quantidade_alcancada': 114214.0, 'data_de_referencia': 23012025.0}"
590f64e8-42ec-54f9-9aff-f77201eb63be,c11b9579-45d1-58de-af90-2c8b6bc73152,389,table,cf43ac20-e97a-5517-99fe-fd317a7b17db,,,table,table_row,"{'grosso_do_sul': 'No Estado de Minas Gerais', 'column_2': '-', 'column_3': '-', 'column_4': '-', 'column_5': '-', 'column_6__raw': '111.109', 'column_7__raw': '23/01/2025', 'column_8': 'Não', 'informado': 'Não informado'}","{'column_6': 111109.0, 'column_7': 23012025.0}"
406f8002-88e0-5466-8261-a63325b3b6c8,c11b9579-45d1-58de-af90-2c8b6bc73152,389,table,cf43ac20-e97a-5517-99fe-fd317a7b17db,,,table,table_row,"{'grosso_do_sul': 'No Estado de Pernambuco', 'column_2': '-', 'column_3': '-', 'column_4': '-', 'column_5': '-', 'column_6__raw': '1.722', 'column_7__raw': '23/01/2025', 'column_8': 'Não', 'informado': 'Não informado'}","{'column_6': 1722.0, 'column_7': 23012025.0}"
23f0b02d-d079-5ed9-9b9d-c340720b9966,c11b9579-45d1-58de-af90-2c8b6bc73152,389,table,cf43ac20-e97a-5517-99fe-fd317a7b17db,,,table,table_row,"{'grosso_do_sul': 'No Estado de Rondônia', 'column_2': '-', 'column_3': '-', 'column_4': '-', 'column_5': '-', 'column_6__raw': '4.951', 'column_7__raw': '23/01/2025', 'column_8': 'Não', 'informado': 'Não informado'}","{'column_6': 4951.0, 'column_7': 23012025.0}"
813837e4-7d42-5eb8-9873-7e7be0889a31,c11b9579-45d1-58de-af90-2c8b6bc73152,389,table,cf43ac20-e97a-5517-99fe-fd317a7b17db,,,table,table_row,"{'grosso_do_sul': 'No Estado de Roraima', 'column_2': '-', 'column_3': '-', 'column_4': '-', 'column_5': '-', 'column_6__raw': '125.510', 'column_7__raw': '23/01/2025', 'column_8': 'Não', 'informado': 'Não informado'}","{'column_6': 125510.0, 'column_7': 23012025.0}"
d3f4d69a-b1bc-5f3d-9806-cdae4e7865a9,c11b9579-45d1-58de-af90-2c8b6bc73152,389,table,cf43ac20-e97a-5517-99fe-fd317a7b17db,,,table,table_row,"{'grosso_do_sul': 'No Estado de Santa Catarina', 'column_2': '-', 'column_3': '-', 'column_4': '-', 'column_5': '-', 'column_6__raw': '13.836', 'column_7__raw': '23/01/2025', 'column_8': 'Não', 'informado': 'Não informado'}","{'column_6': 13836.0, 'column_7': 23012025.0}"
9de3834b-407a-57c6-a8c7-9a2e60a82378,c11b9579-45d1-58de-af90-2c8b6bc73152,389,table,cf43ac20-e97a-5517-99fe-fd317a7b17db,,,table,table_row,"{'grosso_do_sul': 'No Estado de Sergipe', 'column_2': '-', 'column_3': '-', 'column_4': '-', 'column_5': '-', 'column_6__raw': '20', 'column_7__raw': '23/01/2025', 'column_8': 'Não', 'informado': 'Não informado'}","{'column_6': 20.0, 'column_7': 23012025.0}"
cdc47ca6-853e-502c-82c4-b2ea66cdebf9,c11b9579-45d1-58de-af90-2c8b6bc73152,389,table,cf43ac20-e97a-5517-99fe-fd317a7b17db,,,table,table_row,"{'grosso_do_sul': 'No Estado do Acre', 'column_2': '-', 'column_3': '-', 'column_4': '-', 'column_5': '-', 'column_6__raw': '41.334', 'column_7__raw': '23/01/2025', 'column_8': 'Não', 'informado': 'Não informado'}","{'column_6': 41334.0, 'column_7': 23012025.0}"
933f0feb-8f18-51e2-b2b0-7b9d5d44cded,c11b9579-45d1-58de-af90-2c8b6bc73152,389,table,cf43ac20-e97a-5517-99fe-fd317a7b17db,,,table,table_row,"{'grosso_do_sul': 'No Estado do Amazonas', 'column_2': '-', 'column_3': '-', 'column_4': '-', 'column_5': '-', 'column_6__raw': '228.592', 'column_7__raw': '23/01/2025', 'column_8': 'Não', 'informado': 'Não informado'}","{'column_6': 228592.0, 'column_7': 23012025.0}"
ac426d01-8132-5795-9414-f8a13b4c3689,c11b9579-45d1-58de-af90-2c8b6bc73152,389,table,cf43ac20-e97a-5517-99fe-fd317a7b17db,,,table,table_row,"{'grosso_do_sul': 'No Estado do Ceará', 'column_2': '-', 'column_3': '-', 'column_4': '-', 'column_5': '-', 'column_6__raw': '1.828', 'column_7__raw': '23/01/2025', 'column_8': 'Não', 'informado': 'Não informado'}","{'column_6': 1828.0, 'column_7': 23012025.0}"
3eb07ad1-24f6-5bc6-85c2-260475b727e5,c11b9579-45d1-58de-af90-2c8b6bc73152,389,table,cf43ac20-e97a-5517-99fe-fd317a7b17db,,,table,table_row,"{'grosso_do_sul': 'No Estado do Espírito Santo', 'column_2': '-', 'column_3': '-', 'column_4': '-', 'column_5': '-', 'column_6__raw': '11.599', 'column_7__raw': '23/01/2025', 'column_8': 'Não', 'informado': 'Não informado'}","{'column_6': 11599.0, 'column_7': 23012025.0}"
6f5e2c32-8bdb-57b1-94ce-79c78b5806d0,c11b9579-45d1-58de-af90-2c8b6bc73152,389,table,cf43ac20-e97a-5517-99fe-fd317a7b17db,,,table,table_row,"{'grosso_do_sul': 'No Estado do Pará', 'column_2': '-', 'column_3': '-', 'column_4': '-', 'column_5': '-', 'column_6__raw': '103.438', 'column_7__raw': '23/01/2025', 'column_8': 'Não', 'informado': 'Não informado'}","{'column_6': 103438.0, 'column_7': 23012025.0}"
0be60da5-40f9-5e5d-bee5-2168b68132e8,c11b9579-45d1-58de-af90-2c8b6bc73152,389,table,cf43ac20-e97a-5517-99fe-fd317a7b17db,,,table,table_row,"{'grosso_do_sul': 'No Estado do Paraná', 'column_2': '-', 'column_3': '-', 'column_4': '-', 'column_5': '-', 'column_6__raw': '11.702', 'column_7__raw': '23/01/2025', 'column_8': 'Não', 'informado': 'Não informado'}","{'column_6': 11702.0, 'column_7': 23012025.0}"
c1b423d9-b7fd-58fb-bb44-d49307fc86dd,c11b9579-45d1-58de-af90-2c8b6bc73152,389,table,cf43ac20-e97a-5517-99fe-fd317a7b17db,,,table,table_row,"{'grosso_do_sul': 'No Estado do Piauí', 'column_2': '-', 'column_3': '-', 'column_4': '-', 'column_5': '-', 'column_6__raw': '808', 'column_7__raw': '23/01/2025', 'column_8': 'Não', 'informado': 'Não informado'}","{'column_6': 808.0, 'column_7': 23012025.0}"
a3ec4385-7d6d-5898-a083-592e0a66b29b,c11b9579-45d1-58de-af90-2c8b6bc73152,389,table,cf43ac20-e97a-5517-99fe-fd317a7b17db,,,table,table_row,"{'grosso_do_sul': 'No Estado do Rio de Janeiro', 'column_2': '-', 'column_3': '-', 'column_4': '-', 'column_5': '-', 'column_6__raw': '38.698', 'column_7__raw': '23/01/2025', 'column_8': 'Não', 'informado': 'Não informado'}","{'column_6': 38698.0, 'column_7': 23012025.0}"
7daecfb6-a8d4-5d47-aaf1-e6de57792535,c11b9579-45d1-58de-af90-2c8b6bc73152,389,table,cf43ac20-e97a-5517-99fe-fd317a7b17db,,,table,table_row,"{'grosso_do_sul': 'No Estado do Rio Grande do Norte', 'column_2': '-', 'column_3': '-', 'column_4': '-', 'column_5': '-', 'column_6__raw': '3.581', 'column_7__raw': '23/01/2025', 'column_8': 'Não', 'informado': 'Não informado'}","{'column_6': 3581.0, 'column_7': 23012025.0}"
cec1a317-fe25-5e1d-a177-e1d9f0c19d73,c11b9579-45d1-58de-af90-2c8b6bc73152,389,table,cf43ac20-e97a-5517-99fe-fd317a7b17db,,,table,table_row,"{'grosso_do_sul': 'No Estado do Rio Grande do Sul', 'column_2': '-', 'column_3': '-', 'column_4': '-', 'column_5': '-', 'column_6__raw': '170.924', 'column_7__raw': '23/01/2025', 'column_8': 'Não', 'informado': 'Não informado'}","{'column_6': 170924.0, 'column_7': 23012025.0}"
44f284c6-dfb4-50f0-ad60-3e8b1aa14b80,c11b9579-45d1-58de-af90-2c8b6bc73152,389,table,cf43ac20-e97a-5517-99fe-fd317a7b17db,,,table,table_row,"{'grosso_do_sul': 'No Estado do Tocantins', 'column_2': '-', 'column_3': '-', 'column_4': '-', 'column_5': '-', 'column_6__raw': '722', 'column_7__raw': '23/01/2025', 'column_8': 'Não', 'informado': 'Não informado'}","{'column_6': 722.0, 'column_7': 23012025.0}"
c90e7142-5797-58bd-9793-140cce0cf4c6,c11b9579-45d1-58de-af90-2c8b6bc73152,392,table,ac1b2533-aca5-5943-b68c-3b33441f1e6e,77111e42-be05-5b23-8d10-1ebb1c3e52c6,Regionalizações da Meta,regionalizacoes_da_meta,table_row,"{'regiao': 'Belo Horizonte', 'meta_prevista_para_2024': '-', 'meta_prevista_para_2025': '-', 'meta_prevista_para_2026': '-', 'meta_prevista_para_2027': '-', 'quantidade_alcancada__raw': '1 06/02/2025', 'data_de_referencia': 'Não', 'sinalizacao_de_necessidade_de_revisao_proximo_exercicio': 'Municipal de Belo Horizonte, por meio da Secretária Municipal de Assistência Social, Segurança Alimentar e Cidadania (SMASAC), visando apoiar o processo de aprovação da Política Municipal de Cuidados e do Plano Municipal de Município de Belo', 'notas_do_usuario': 'Cooperação Técnica de cooperação entre Desenvolvimento e Assistência Fome, por meio da Secretaria Cuidados e Família (SNCF), Cuidados do Além disso, houve'}",{'quantidade_alcancada': 106022025.0}
7c3858bd-fd3a-5ac4-ad8c-0b6a84ca72c4,c11b9579-45d1-58de-af90-2c8b6bc73152,393,table,1e901631-05f3-5d8a-b541-9892caf98e42,,,table,table_row,"{'no_estado_da_bahia': 'No Estado de Pernambuco', 'untitled': '-', 'untitled_2': '- -', 'untitled_3': '', 'untitled_4': '-', '2__raw': '1', '06_02_2025__raw': '11/02/2025', 'nao': 'Não', 'o_ministerio_do_desenvolvimento_e_assistencia_social_familia_e_combate_a_fome_participou_do_processo_de_implementacao_do_projeto_piloto_da_avaliacao_biopsicossocial_unificada_da_deficiencia_nos_estados_do_piaui_e_da_bahia_por_meio_da_oferta_de_conteudos_teoricos_e_praticos_em_cursos_de_formacao_destinados_a_gestores_das_politicas_setoriais_foi_realizado_tambem_em_brasilia_df_o_lancamento_do_projeto_piloto_trabalho_domestico_e_cuidados_mulheres_mil_essa_iniciativa_representa_a_primeira_entrega_do_protocolo_de_intencoes_firmado_com_a_federacao_nacional_das_trabalhadoras_domesticas_fenatrad_e_ofertou_900_vagas_distribuidas_em_seis_estados_brasileiros_contemplando_tanto_as_capitais_quanto_municipios_proximos_o_objetivo_foi_promover_a_qualificacao_profissional_e_a_formacao_cidada_de_trabalhadoras_domesticas_remuneradas_ao_longo_do_ano_foram_realizados_cinco_eventos_de_certificacao_para_as_alunas_formadas_alem_de_tres_rodas_de_conversa_para_avaliacao_do_projeto_nas_cidades_de_salvador_ba_sao_luis_ma_e_recife_pe_como_resultado_532_trabalhadoras_domesticas_concluiram_sua_formacao_em_2024': 'primeira entrega do com a Federação Domésticas (FENATRAD) e em seis estados Maranhão, Sergipe, São Paulo e Rio de Janeiro), contemplando tanto as capitais quanto municípios próximos. O objetivo foi promover a qualificação profissional e a formação remuneradas. Ao cinco eventos de além de três rodas projeto, nas cidades de Recife/PE. Como'}","{'2': 1.0, '06_02_2025': 11022025.0}"
81986a38-b7f3-5aa2-8cc6-87bb3552a057,c11b9579-45d1-58de-af90-2c8b6bc73152,393,table,1e901631-05f3-5d8a-b541-9892caf98e42,,,table,table_row,"{'no_estado_da_bahia': 'No Estado de São Paulo', 'untitled': '-', 'untitled_2': '-', 'untitled_3': '-', 'untitled_4': '-', '2__raw': '1', '06_02_2025__raw': '10/02/2025', 'nao': 'Não', 'o_ministerio_do_desenvolvimento_e_assistencia_social_familia_e_combate_a_fome_participou_do_processo_de_implementacao_do_projeto_piloto_da_avaliacao_biopsicossocial_unificada_da_deficiencia_nos_estados_do_piaui_e_da_bahia_por_meio_da_oferta_de_conteudos_teoricos_e_praticos_em_cursos_de_formacao_destinados_a_gestores_das_politicas_setoriais_foi_realizado_tambem_em_brasilia_df_o_lancamento_do_projeto_piloto_trabalho_domestico_e_cuidados_mulheres_mil_essa_iniciativa_representa_a_primeira_entrega_do_protocolo_de_intencoes_firmado_com_a_federacao_nacional_das_trabalhadoras_domesticas_fenatrad_e_ofertou_900_vagas_distribuidas_em_seis_estados_brasileiros_contemplando_tanto_as_capitais_quanto_municipios_proximos_o_objetivo_foi_promover_a_qualificacao_profissional_e_a_formacao_cidada_de_trabalhadoras_domesticas_remuneradas_ao_longo_do_ano_foram_realizados_cinco_eventos_de_certificacao_para_as_alunas_formadas_alem_de_tres_rodas_de_conversa_para_avaliacao_do_projeto_nas_cidades_de_salvador_ba_sao_luis_ma_e_recife_pe_como_resultado_532_trabalhadoras_domesticas_concluiram_sua_formacao_em_2024': 'Foi realizado, em Brasília/DF, o lançamento do projeto- piloto Trabalho Doméstico e Cuidados - Mulheres Mil. Essa iniciativa representa a primeira entrega do Protocolo de Intenções firmado com a Federação'}","{'2': 1.0, '06_02_2025': 10022025.0}"
1bf7ebc3-c0e7-563e-92d0-87a75cb17a02,c11b9579-45d1-58de-af90-2c8b6bc73152,394,table,dfbe2986-352d-5667-a180-3f1f575f2ed2,,,table,table_row,"{'0': '', '1': '', '2': '', '3': '', '4': '', '5': '', '6': '', '7': '', '8': 'Nacional das Trabalhadoras Domésticas (FENATRAD) e ofertou 900 vagas, distribuídas em seis estados brasileiros (Bahia, Pernambuco, Maranhão, Sergipe, São Paulo e Rio de Janeiro), contemplando tanto as capitais quanto municípios próximos. O objetivo foi promover a qualificação profissional e a formação cidadã de trabalhadoras domésticas remuneradas. Ao longo do ano, foram realizados cinco eventos de certificação para as alunas formadas, além de três rodas de conversa para avaliação do projeto, nas cidades de Salvador/BA, São Luís/MA e Recife/PE. Como resultado, 532 trabalhadoras domésticas concluíram sua formação em 2024.'}",{}
545872b6-928d-5409-b88a-6198ef3185e9,c11b9579-45d1-58de-af90-2c8b6bc73152,394,table,dfbe2986-352d-5667-a180-3f1f575f2ed2,,,table,table_row,"{'0': 'No Estado de Sergipe', '1': '-', '2': '-', '3': '-', '4': '-', '5__raw': '1', '6__raw': '11/02/2025', '7': 'Não', '8': 'Foi realizado, em Brasília/DF, o lançamento do projeto- piloto Trabalho Doméstico e Cuidados - Mulheres Mil. Essa iniciativa representa a primeira entrega do Protocolo de Intenções firmado com a Federação Nacional das Trabalhadoras Domésticas (FENATRAD) e ofertou 900 vagas, distribuídas em seis estados brasileiros (Bahia, Pernambuco, Maranhão, Sergipe, São Paulo e Rio de Janeiro), contemplando tanto as capitais quanto municípios próximos. O objetivo foi promover a qualificação profissional e a formação cidadã de trabalhadoras domésticas remuneradas. Ao longo do ano, foram realizados cinco eventos de certificação para as alunas formadas, além de três rodas de conversa para avaliação do projeto, nas cidades de Salvador/BA, São Luís/MA e Recife/PE. Como resultado, 532 trabalhadoras domésticas concluíram sua formação em 2024.'}","{'5': 1.0, '6': 11022025.0}"
1d25cca2-e655-5d81-9583-8d32776b9745,c11b9579-45d1-58de-af90-2c8b6bc73152,394,table,dfbe2986-352d-5667-a180-3f1f575f2ed2,,,table,table_row,"{'0': 'No Estado do Maranhão', '1': '-', '2': '-', '3': '-', '4': '-', '5__raw': '1', '6__raw': '11/02/2025', '7': 'Não', '8': 'Foi realizado, em Brasília/DF, o lançamento do projeto- piloto Trabalho Doméstico e Cuidados - Mulheres Mil. Essa iniciativa representa a primeira entrega do Protocolo de Intenções firmado com a Federação Nacional das Trabalhadoras Domésticas (FENATRAD) e ofertou 900 vagas, distribuídas em seis estados brasileiros (Bahia, Pernambuco, Maranhão, Sergipe, São Paulo e Rio de Janeiro), contemplando tanto as capitais quanto municípios próximos. O objetivo foi promover a qualificação profissional e a formação cidadã de trabalhadoras domésticas remuneradas. Ao longo do ano, foram realizados cinco eventos de certificação para as alunas formadas, além de três rodas'}","{'5': 1.0, '6': 11022025.0}"
33a2b93f-b2ad-5409-ba93-1d23dfbb71c4,c11b9579-45d1-58de-af90-2c8b6bc73152,395,table,e96b90e7-938c-5030-89e6-c8f113a923de,,,table,table_row,"{'0': '', '1': '', '2': '', '3': '', '4': '', '5': '', '6': '', '7': '', '8': 'de conversa para avaliação do projeto, nas cidades de Salvador/BA, São Luís/MA e Recife/PE. Como resultado, 532 trabalhadoras domésticas concluíram sua formação em 2024.'}",{}
a87dfb80-839d-5318-aa72-cba63d79de8a,c11b9579-45d1-58de-af90-2c8b6bc73152,395,table,e96b90e7-938c-5030-89e6-c8f113a923de,,,table,table_row,"{'0': 'No Estado do Piauí', '1': '-', '2': '-', '3': '-', '4': '-', '5__raw': '1', '6__raw': '06/02/2025', '7': 'Não', '8': 'A SNCF participou do processo de implementação do Projeto Piloto da Avaliação Biopsicossocial Unificada da Deficiência no estado do Piauí, por meio da oferta de conteúdo e prática em cursos de formação para gestores das políticas setoriais.'}","{'5': 1.0, '6': 6022025.0}"
7114fd50-1162-580f-a3ed-d4b946ef7440,c11b9579-45d1-58de-af90-2c8b6bc73152,395,table,e96b90e7-938c-5030-89e6-c8f113a923de,,,table,table_row,"{'0': 'No Estado do Rio de Janeiro', '1': '-', '2': '-', '3': '-', '4': '-', '5__raw': '2', '6__raw': '06/02/2025', '7': 'Não', '8': ""O MDS celebrou Termo de Execução Descentralizada - TED com a Universidade Federal Fluminense (UFF) para implementar Projeto Piloto 'Cuidoteca' como oferta de apoio de cuidados noturnos direcionados a acolher crianças sob responsabilidade de estudantes e trabalhadores/as com responsabilidades familiares, integrando-o como uma das ações do Plano Nacional de Cuidados. A UFF será responsável pela execução do projeto piloto denominado Espaços de Cuidados, que ofertará apoio de cuidados noturnos, direcionados a acolher crianças sob responsabilidade de estudantes e trabalhadores/as com responsabilidades familiares. Para tanto, priorizará famílias monoparentais chefiadas por mulheres; famílias inscritas/os no CadÚnico; estudantes com responsabilidades familiares de cuidado que tenham ingressado por cotas étnico-raciais nas instituições de ensino e estudantes e profissionais com deficiência da instituição de ensino que tenham responsabilidades familiares de cuidado ou que cuidem de crianças com deficiência. Foi realizado também, em Brasília/DF, o lançamento do projeto-piloto Trabalho Doméstico e Cuidados - Mulheres Mil. Essa iniciativa representa a primeira entrega do Protocolo de Intenções firmado com a Federação Nacional das Trabalhadoras Domésticas (FENATRAD) e ofertou 900 vagas, distribuídas em seis estados brasileiros, contemplando tanto as capitais quanto municípios próximos. O objetivo foi promover a qualificação profissional e a formação cidadã de trabalhadoras domésticas remuneradas. Ao longo do ano, foram realizados cinco eventos de certificação para as alunas formadas, além de três rodas de conversa para avaliação do projeto, nas cidades de Salvador/BA, São Luís/MA e Recife/PE. Como resultado, 532 trabalhadoras domésticas concluíram sua""}","{'5': 2.0, '6': 6022025.0}"
0f5c919d-e1a3-58a2-85f1-5b1746283c1a,c11b9579-45d1-58de-af90-2c8b6bc73152,396,table,9ebf5774-a03f-5cdd-be65-ae62e762fb34,5804ea1d-db2e-5bfc-a8f0-7ef8c9ccefec,Entrega: 0742 - Mapas de Cuidado,entrega_0742_mapas_de_cuidado,table_row,{'0': 'formação em 2024.'},{}
524fab92-271f-5717-9488-0e95e5052b4b,c11b9579-45d1-58de-af90-2c8b6bc73152,401,table,566e9c3d-48d4-5dec-ade0-4587c8056ff7,e9c5be77-a538-5adc-b396-6107462568c5,Entrega: 2077 - Mapeamento de territórios periféricos nas concentrações urbanas,entrega_2077_mapeamento_de_territorios_perifericos_nas_concentracoes_urbanas,table_row,"{'regiao': 'Região Centro- Oeste', 'meta_prevista_para_2024__raw': '0', 'meta_prevista_para_2025__raw': '0,14', 'meta_prevista_para_2026__raw': '0,28', 'meta_prevista_para_2027__raw': '0,14', 'quantidade_alcancada__raw': '0', 'data_de_referencia__raw': '31/12/2024', 'sinalizacao_de_necessidade_de_revisao_proximo_exercicio': 'Não', 'notas_do_usuario': 'Não informado'}","{'meta_prevista_para_2024': 0.0, 'meta_prevista_para_2025': 0.14, 'meta_prevista_para_2026': 0.28, 'meta_prevista_para_2027': 0.14, 'quantidade_alcancada': 0.0, 'data_de_referencia': 31122024.0}"
e9c9f448-c6eb-5811-b0b8-dc74202ce395,c11b9579-45d1-58de-af90-2c8b6bc73152,401,table,566e9c3d-48d4-5dec-ade0-4587c8056ff7,e9c5be77-a538-5adc-b396-6107462568c5,Entrega: 2077 - Mapeamento de territórios periféricos nas concentrações urbanas,entrega_2077_mapeamento_de_territorios_perifericos_nas_concentracoes_urbanas,table_row,"{'regiao': 'Região Nordeste', 'meta_prevista_para_2024__raw': '0,28', 'meta_prevista_para_2025__raw': '0,55', 'meta_prevista_para_2026__raw': '0,97', 'meta_prevista_para_2027__raw': '0,83', 'quantidade_alcancada__raw': '0', 'data_de_referencia__raw': '31/12/2024', 'sinalizacao_de_necessidade_de_revisao_proximo_exercicio': 'Não', 'notas_do_usuario': 'Não informado'}","{'meta_prevista_para_2024': 0.28, 'meta_prevista_para_2025': 0.55, 'meta_prevista_para_2026': 0.97, 'meta_prevista_para_2027': 0.83, 'quantidade_alcancada': 0.0, 'data_de_referencia': 31122024.0}"
8f166a62-5bc3-5973-be3e-4ef7a8aa9c5d,c11b9579-45d1-58de-af90-2c8b6bc73152,401,table,566e9c3d-48d4-5dec-ade0-4587c8056ff7,e9c5be77-a538-5adc-b396-6107462568c5,Entrega: 2077 - Mapeamento de territórios periféricos nas concentrações urbanas,entrega_2077_mapeamento_de_territorios_perifericos_nas_concentracoes_urbanas,table_row,"{'regiao': 'Região Norte', 'meta_prevista_para_2024__raw': '0,14', 'meta_prevista_para_2025__raw': '0,28', 'meta_prevista_para_2026__raw': '0,55', 'meta_prevista_para_2027__raw': '0,47', 'quantidade_alcancada__raw': '0', 'data_de_referencia__raw': '31/12/2024', 'sinalizacao_de_necessidade_de_revisao_proximo_exercicio': 'Não', 'notas_do_usuario': 'Não informado'}","{'meta_prevista_para_2024': 0.14, 'meta_prevista_para_2025': 0.28, 'meta_prevista_para_2026': 0.55, 'meta_prevista_para_2027': 0.47, 'quantidade_alcancada': 0.0, 'data_de_referencia': 31122024.0}"
4a0eb55a-2841-5350-9f45-fa45e978d180,c11b9579-45d1-58de-af90-2c8b6bc73152,401,table,566e9c3d-48d4-5dec-ade0-4587c8056ff7,e9c5be77-a538-5adc-b396-6107462568c5,Entrega: 2077 - Mapeamento de territórios periféricos nas concentrações urbanas,entrega_2077_mapeamento_de_territorios_perifericos_nas_concentracoes_urbanas,table_row,"{'regiao': 'Região Sudeste', 'meta_prevista_para_2024__raw': '0,41', 'meta_prevista_para_2025__raw': '0,83', 'meta_prevista_para_2026__raw': '1,52', 'meta_prevista_para_2027__raw': '1,11', 'quantidade_alcancada__raw': '0', 'data_de_referencia__raw': '31/12/2024', 'sinalizacao_de_necessidade_de_revisao_proximo_exercicio': 'Não', 'notas_do_usuario': 'Não informado'}","{'meta_prevista_para_2024': 0.41, 'meta_prevista_para_2025': 0.83, 'meta_prevista_para_2026': 1.52, 'meta_prevista_para_2027': 1.11, 'quantidade_alcancada': 0.0, 'data_de_referencia': 31122024.0}"
01164f29-bced-5ce5-8679-4ab69cea3cca,c11b9579-45d1-58de-af90-2c8b6bc73152,401,table,566e9c3d-48d4-5dec-ade0-4587c8056ff7,e9c5be77-a538-5adc-b396-6107462568c5,Entrega: 2077 - Mapeamento de territórios periféricos nas concentrações urbanas,entrega_2077_mapeamento_de_territorios_perifericos_nas_concentracoes_urbanas,table_row,"{'regiao': 'Região Sul', 'meta_prevista_para_2024__raw': '0,14', 'meta_prevista_para_2025__raw': '0,41', 'meta_prevista_para_2026__raw': '0,69', 'meta_prevista_para_2027__raw': '0,55', 'quantidade_alcancada__raw': '0', 'data_de_referencia__raw': '31/12/2024', 'sinalizacao_de_necessidade_de_revisao_proximo_exercicio': 'Não', 'notas_do_usuario': 'Não informado'}","{'meta_prevista_para_2024': 0.14, 'meta_prevista_para_2025': 0.41, 'meta_prevista_para_2026': 0.69, 'meta_prevista_para_2027': 0.55, 'quantidade_alcancada': 0.0, 'data_de_referencia': 31122024.0}"
da02b53e-17d0-5856-87c8-9758d2105ee8,c11b9579-45d1-58de-af90-2c8b6bc73152,402,table,5154c118-fc21-5132-a55a-e3b00fb6ed24,1256ebd9-3135-5a9d-b88c-1acaebdadb65,Informações do Monitoramento,informacoes_do_monitoramento,table_row,"{'regiao': 'Região Centro- Oeste', 'meta_prevista_para_2024': '-', 'meta_prevista_para_2025': '-', 'meta_prevista_para_2026': '-', 'meta_prevista_para_2027': '-', 'quantidade_alcancada__raw': '5', 'data_de_referencia__raw': '31/12/2024', 'sinalizacao_de_necessidade_de_revisao_proximo_exercicio': 'Não', 'notas_do_usuario': 'Não informado'}","{'quantidade_alcancada': 5.0, 'data_de_referencia': 31122024.0}"
6d4ca829-ae45-5b33-88bf-e7836d7b7ca2,c11b9579-45d1-58de-af90-2c8b6bc73152,402,table,5154c118-fc21-5132-a55a-e3b00fb6ed24,1256ebd9-3135-5a9d-b88c-1acaebdadb65,Informações do Monitoramento,informacoes_do_monitoramento,table_row,"{'regiao': 'Região Nordeste', 'meta_prevista_para_2024': '-', 'meta_prevista_para_2025': '-', 'meta_prevista_para_2026': '-', 'meta_prevista_para_2027': '-', 'quantidade_alcancada__raw': '15', 'data_de_referencia__raw': '31/12/2024', 'sinalizacao_de_necessidade_de_revisao_proximo_exercicio': 'Não', 'notas_do_usuario': 'Não informado'}","{'quantidade_alcancada': 15.0, 'data_de_referencia': 31122024.0}"
601a825c-480c-562c-b0c1-ad86bac2d286,c11b9579-45d1-58de-af90-2c8b6bc73152,402,table,5154c118-fc21-5132-a55a-e3b00fb6ed24,1256ebd9-3135-5a9d-b88c-1acaebdadb65,Informações do Monitoramento,informacoes_do_monitoramento,table_row,"{'regiao': 'Região Norte', 'meta_prevista_para_2024': '-', 'meta_prevista_para_2025': '-', 'meta_prevista_para_2026': '-', 'meta_prevista_para_2027': '-', 'quantidade_alcancada__raw': '7', 'data_de_referencia__raw': '31/12/2024', 'sinalizacao_de_necessidade_de_revisao_proximo_exercicio': 'Não', 'notas_do_usuario': 'Não informado'}","{'quantidade_alcancada': 7.0, 'data_de_referencia': 31122024.0}"
60348956-62c3-53eb-b0dd-2adc5b1639b0,c11b9579-45d1-58de-af90-2c8b6bc73152,402,table,5154c118-fc21-5132-a55a-e3b00fb6ed24,1256ebd9-3135-5a9d-b88c-1acaebdadb65,Informações do Monitoramento,informacoes_do_monitoramento,table_row,"{'regiao': 'Região Sudeste', 'meta_prevista_para_2024': '-', 'meta_prevista_para_2025': '-', 'meta_prevista_para_2026': '-', 'meta_prevista_para_2027': '-', 'quantidade_alcancada__raw': '25', 'data_de_referencia__raw': '31/12/2024', 'sinalizacao_de_necessidade_de_revisao_proximo_exercicio': 'Não', 'notas_do_usuario': 'Não informado'}","{'quantidade_alcancada': 25.0, 'data_de_referencia': 31122024.0}"
5bbf3695-1712-5ab4-bfb8-2fa76d576359,c11b9579-45d1-58de-af90-2c8b6bc73152,402,table,5154c118-fc21-5132-a55a-e3b00fb6ed24,1256ebd9-3135-5a9d-b88c-1acaebdadb65,Informações do Monitoramento,informacoes_do_monitoramento,table_row,"{'regiao': 'Região Sul', 'meta_prevista_para_2024': '-', 'meta_prevista_para_2025': '-', 'meta_prevista_para_2026': '-', 'meta_prevista_para_2027': '-', 'quantidade_alcancada__raw': '13', 'data_de_referencia__raw': '31/12/2024', 'sinalizacao_de_necessidade_de_revisao_proximo_exercicio': 'Não', 'notas_do_usuario': 'Não informado'}","{'quantidade_alcancada': 13.0, 'data_de_referencia': 31122024.0}"
55171092-23c3-5474-8f3a-4ebece0fbe59,c11b9579-45d1-58de-af90-2c8b6bc73152,403,table,b62aae09-d3aa-518d-9fe2-9983ae0a7d2b,ef89ab7d-e373-5f48-800d-78fd8c2b8f94,Informações do Monitoramento,informacoes_do_monitoramento,table_row,"{'0': 'Região', '1': 'Meta prevista para 2024 Meta', '2': 'prevista para 2025', '3': 'Meta prevista para 2026', '4': 'Meta prevista para 2027', '5': 'Quantidade alcançada', '6': 'Data de Referência', '7': 'Sinalização de necessidade de revisão - próximo exercício', '8': 'Notas do usuário'}",{}
ebab761f-7575-5682-bfba-fdf568a82819,c11b9579-45d1-58de-af90-2c8b6bc73152,404,table,d83f50b5-3c59-54cd-ba8f-fe917efee863,2aa95ccb-d2d5-5b42-bf5a-b0bc6582dd48,Entrega: 1131 - Melhorias habitacionais em periferias urbanas,entrega_1131_melhorias_habitacionais_em_periferias_urbanas,table_row,"{'regiao_centro_oeste': 'Região Nordeste', '1964287__raw': '8.925.936', '1968948__raw': '8.995.632', '1973610__raw': '9.065.328', '1978272__raw': '9.135.024', '2150480__raw': '8.712.156', '31_12_2024__raw': '31/12/2024', 'sim': 'Não', 'nao_informado': 'Não informado'}","{'1964287': 8925936.0, '1968948': 8995632.0, '1973610': 9065328.0, '1978272': 9135024.0, '2150480': 8712156.0, '31_12_2024': 31122024.0}"
177bfda2-3674-5dfe-9812-0e3a3339d475,c11b9579-45d1-58de-af90-2c8b6bc73152,404,table,d83f50b5-3c59-54cd-ba8f-fe917efee863,2aa95ccb-d2d5-5b42-bf5a-b0bc6582dd48,Entrega: 1131 - Melhorias habitacionais em periferias urbanas,entrega_1131_melhorias_habitacionais_em_periferias_urbanas,table_row,"{'regiao_centro_oeste': 'Região Norte', '1964287__raw': '3.609.028', '1968948__raw': '3.720.644', '1973610__raw': '3.832.261', '1978272__raw': '3.943.877', '2150480__raw': '3.407.472', '31_12_2024__raw': '31/12/2024', 'sim': 'Não', 'nao_informado': 'Não informado'}","{'1964287': 3609028.0, '1968948': 3720644.0, '1973610': 3832261.0, '1978272': 3943877.0, '2150480': 3407472.0, '31_12_2024': 31122024.0}"
a70dc927-1a10-5440-a504-946077eaec50,c11b9579-45d1-58de-af90-2c8b6bc73152,404,table,d83f50b5-3c59-54cd-ba8f-fe917efee863,2aa95ccb-d2d5-5b42-bf5a-b0bc6582dd48,Entrega: 1131 - Melhorias habitacionais em periferias urbanas,entrega_1131_melhorias_habitacionais_em_periferias_urbanas,table_row,"{'regiao_centro_oeste': 'Região Sudeste', '1964287__raw': '7.882.530', '1968948__raw': '8.107.998', '1973610__raw': '8.333.465', '1978272__raw': '8.558.932', '2150480__raw': '8.083.534', '31_12_2024__raw': '31/12/2024', 'sim': 'Sim', 'nao_informado': 'Não informado'}","{'1964287': 7882530.0, '1968948': 8107998.0, '1973610': 8333465.0, '1978272': 8558932.0, '2150480': 8083534.0, '31_12_2024': 31122024.0}"
69888d37-3fa3-5b19-99a0-f040ad67aaac,c11b9579-45d1-58de-af90-2c8b6bc73152,404,table,d83f50b5-3c59-54cd-ba8f-fe917efee863,2aa95ccb-d2d5-5b42-bf5a-b0bc6582dd48,Entrega: 1131 - Melhorias habitacionais em periferias urbanas,entrega_1131_melhorias_habitacionais_em_periferias_urbanas,table_row,"{'regiao_centro_oeste': 'Região Sul', '1964287__raw': '4.572.722', '1968948__raw': '4.704.103', '1973610__raw': '4.835.483', '1978272__raw': '4.966.863', '2150480__raw': '4.157.032', '31_12_2024__raw': '31/12/2024', 'sim': 'Não', 'nao_informado': 'Não informado'}","{'1964287': 4572722.0, '1968948': 4704103.0, '1973610': 4835483.0, '1978272': 4966863.0, '2150480': 4157032.0, '31_12_2024': 31122024.0}"
70321894-ce29-52c8-9d28-a037ab7ed4be,c11b9579-45d1-58de-af90-2c8b6bc73152,405,table,d93a3172-ce27-5093-bf6f-195383cbbd31,e78a9af3-4291-51de-9a0e-8ad419a7d7e3,Entrega: 1136 - Regularização fundiária urbana de interesse social,entrega_1136_regularizacao_fundiaria_urbana_de_interesse_social,table_row,"{'regiao': 'Região Centro- Oeste', 'meta_prevista_para_2024__raw': '0', 'meta_prevista_para_2025__raw': '67', 'meta_prevista_para_2026__raw': '134', 'meta_prevista_para_2027__raw': '134', 'quantidade_alcancada__raw': '0', 'data_de_referencia__raw': '31/12/2024', 'sinalizacao_de_necessidade_de_revisao_proximo_exercicio': 'Não', 'notas_do_usuario': 'Não informado'}","{'meta_prevista_para_2024': 0.0, 'meta_prevista_para_2025': 67.0, 'meta_prevista_para_2026': 134.0, 'meta_prevista_para_2027': 134.0, 'quantidade_alcancada': 0.0, 'data_de_referencia': 31122024.0}"
1aa83a9b-b9a4-5526-a4cd-222c08a95968,c11b9579-45d1-58de-af90-2c8b6bc73152,405,table,d93a3172-ce27-5093-bf6f-195383cbbd31,e78a9af3-4291-51de-9a0e-8ad419a7d7e3,Entrega: 1136 - Regularização fundiária urbana de interesse social,entrega_1136_regularizacao_fundiaria_urbana_de_interesse_social,table_row,"{'regiao': 'Região Nordeste', 'meta_prevista_para_2024__raw': '0', 'meta_prevista_para_2025__raw': '1.501', 'meta_prevista_para_2026__raw': '3.041', 'meta_prevista_para_2027__raw': '3.041', 'quantidade_alcancada__raw': '0', 'data_de_referencia__raw': '31/12/2024', 'sinalizacao_de_necessidade_de_revisao_proximo_exercicio': 'Não', 'notas_do_usuario': 'Não informado'}","{'meta_prevista_para_2024': 0.0, 'meta_prevista_para_2025': 1501.0, 'meta_prevista_para_2026': 3041.0, 'meta_prevista_para_2027': 3041.0, 'quantidade_alcancada': 0.0, 'data_de_referencia': 31122024.0}"
400f6e95-d016-55b4-b547-7402313d291d,c11b9579-45d1-58de-af90-2c8b6bc73152,405,table,d93a3172-ce27-5093-bf6f-195383cbbd31,e78a9af3-4291-51de-9a0e-8ad419a7d7e3,Entrega: 1136 - Regularização fundiária urbana de interesse social,entrega_1136_regularizacao_fundiaria_urbana_de_interesse_social,table_row,"{'regiao': 'Região Norte', 'meta_prevista_para_2024__raw': '0', 'meta_prevista_para_2025__raw': '0', 'meta_prevista_para_2026__raw': '0', 'meta_prevista_para_2027__raw': '0', 'quantidade_alcancada__raw': '0', 'data_de_referencia__raw': '31/12/2024', 'sinalizacao_de_necessidade_de_revisao_proximo_exercicio': 'Não', 'notas_do_usuario': 'Não informado'}","{'meta_prevista_para_2024': 0.0, 'meta_prevista_para_2025': 0.0, 'meta_prevista_para_2026': 0.0, 'meta_prevista_para_2027': 0.0, 'quantidade_alcancada': 0.0, 'data_de_referencia': 31122024.0}"
55f13890-1ab7-5d71-a013-663b86a1412b,c11b9579-45d1-58de-af90-2c8b6bc73152,405,table,d93a3172-ce27-5093-bf6f-195383cbbd31,e78a9af3-4291-51de-9a0e-8ad419a7d7e3,Entrega: 1136 - Regularização fundiária urbana de interesse social,entrega_1136_regularizacao_fundiaria_urbana_de_interesse_social,table_row,"{'regiao': 'Região Sudeste', 'meta_prevista_para_2024__raw': '0', 'meta_prevista_para_2025__raw': '338', 'meta_prevista_para_2026__raw': '675', 'meta_prevista_para_2027__raw': '675', 'quantidade_alcancada__raw': '0', 'data_de_referencia__raw': '31/12/2024', 'sinalizacao_de_necessidade_de_revisao_proximo_exercicio': 'Não', 'notas_do_usuario': 'Não informado'}","{'meta_prevista_para_2024': 0.0, 'meta_prevista_para_2025': 338.0, 'meta_prevista_para_2026': 675.0, 'meta_prevista_para_2027': 675.0, 'quantidade_alcancada': 0.0, 'data_de_referencia': 31122024.0}"
2f06c239-932d-57bc-b71d-517a416757ec,c11b9579-45d1-58de-af90-2c8b6bc73152,405,table,d93a3172-ce27-5093-bf6f-195383cbbd31,e78a9af3-4291-51de-9a0e-8ad419a7d7e3,Entrega: 1136 - Regularização fundiária urbana de interesse social,entrega_1136_regularizacao_fundiaria_urbana_de_interesse_social,table_row,"{'regiao': 'Região Sul', 'meta_prevista_para_2024__raw': '0', 'meta_prevista_para_2025__raw': '348', 'meta_prevista_para_2026__raw': '395', 'meta_prevista_para_2027__raw': '395', 'quantidade_alcancada__raw': '0', 'data_de_referencia__raw': '31/12/2024', 'sinalizacao_de_necessidade_de_revisao_proximo_exercicio': 'Não', 'notas_do_usuario': 'Não informado'}","{'meta_prevista_para_2024': 0.0, 'meta_prevista_para_2025': 348.0, 'meta_prevista_para_2026': 395.0, 'meta_prevista_para_2027': 395.0, 'quantidade_alcancada': 0.0, 'data_de_referencia': 31122024.0}"
ca7c43aa-352d-5192-ac01-a166d3ed39d1,c11b9579-45d1-58de-af90-2c8b6bc73152,406,table,9f3cd2f4-7445-5ee4-bf99-d800b84218da,e31302a9-e394-5a7a-ab92-8e958b9fc417,PROGRAMA: 5662 - MULHER VIVER SEM VIOLÊNCIA,programa_5662_mulher_viver_sem_violencia,table_row,"{'regiao': 'Região Centro- Oeste', 'meta_prevista_para_2024__raw': '515', 'meta_prevista_para_2025__raw': '620', 'meta_prevista_para_2026__raw': '929', 'meta_prevista_para_2027': '-', 'quantidade_alcancada__raw': '0', 'data_de_referencia__raw': '31/12/2024', 'sinalizacao_de_necessidade_de_revisao_proximo_exercicio': 'Sim', 'notas_do_usuario': 'Não informado'}","{'meta_prevista_para_2024': 515.0, 'meta_prevista_para_2025': 620.0, 'meta_prevista_para_2026': 929.0, 'quantidade_alcancada': 0.0, 'data_de_referencia': 31122024.0}"
74a2e88b-4367-5d25-a4e1-1e1f49173bec,c11b9579-45d1-58de-af90-2c8b6bc73152,406,table,9f3cd2f4-7445-5ee4-bf99-d800b84218da,e31302a9-e394-5a7a-ab92-8e958b9fc417,PROGRAMA: 5662 - MULHER VIVER SEM VIOLÊNCIA,programa_5662_mulher_viver_sem_violencia,table_row,"{'regiao': 'Região Nordeste', 'meta_prevista_para_2024__raw': '1.937', 'meta_prevista_para_2025__raw': '8.678', 'meta_prevista_para_2026__raw': '13.009', 'meta_prevista_para_2027': '-', 'quantidade_alcancada__raw': '15.721', 'data_de_referencia__raw': '31/12/2024', 'sinalizacao_de_necessidade_de_revisao_proximo_exercicio': 'Sim', 'notas_do_usuario': 'Não informado'}","{'meta_prevista_para_2024': 1937.0, 'meta_prevista_para_2025': 8678.0, 'meta_prevista_para_2026': 13009.0, 'quantidade_alcancada': 15721.0, 'data_de_referencia': 31122024.0}"
6905bee1-39d5-507a-b879-72fc13b12ddd,c11b9579-45d1-58de-af90-2c8b6bc73152,406,table,9f3cd2f4-7445-5ee4-bf99-d800b84218da,e31302a9-e394-5a7a-ab92-8e958b9fc417,PROGRAMA: 5662 - MULHER VIVER SEM VIOLÊNCIA,programa_5662_mulher_viver_sem_violencia,table_row,"{'regiao': 'Região Norte', 'meta_prevista_para_2024__raw': '806', 'meta_prevista_para_2025__raw': '447', 'meta_prevista_para_2026__raw': '668', 'meta_prevista_para_2027': '-', 'quantidade_alcancada__raw': '0', 'data_de_referencia__raw': '31/12/2024', 'sinalizacao_de_necessidade_de_revisao_proximo_exercicio': 'Sim', 'notas_do_usuario': 'Não informado'}","{'meta_prevista_para_2024': 806.0, 'meta_prevista_para_2025': 447.0, 'meta_prevista_para_2026': 668.0, 'quantidade_alcancada': 0.0, 'data_de_referencia': 31122024.0}"
d73e5d5f-0d56-5c0a-b21c-1c71c1a1b7e7,c11b9579-45d1-58de-af90-2c8b6bc73152,406,table,9f3cd2f4-7445-5ee4-bf99-d800b84218da,e31302a9-e394-5a7a-ab92-8e958b9fc417,PROGRAMA: 5662 - MULHER VIVER SEM VIOLÊNCIA,programa_5662_mulher_viver_sem_violencia,table_row,"{'regiao': 'Região Sudeste', 'meta_prevista_para_2024__raw': '2.878', 'meta_prevista_para_2025__raw': '3.285', 'meta_prevista_para_2026__raw': '4.916', 'meta_prevista_para_2027': '-', 'quantidade_alcancada__raw': '0', 'data_de_referencia__raw': '31/12/2024', 'sinalizacao_de_necessidade_de_revisao_proximo_exercicio': 'Sim', 'notas_do_usuario': 'Não informado'}","{'meta_prevista_para_2024': 2878.0, 'meta_prevista_para_2025': 3285.0, 'meta_prevista_para_2026': 4916.0, 'quantidade_alcancada': 0.0, 'data_de_referencia': 31122024.0}"
08f2a7df-d007-5da0-8660-c876611a0e95,c11b9579-45d1-58de-af90-2c8b6bc73152,406,table,9f3cd2f4-7445-5ee4-bf99-d800b84218da,e31302a9-e394-5a7a-ab92-8e958b9fc417,PROGRAMA: 5662 - MULHER VIVER SEM VIOLÊNCIA,programa_5662_mulher_viver_sem_violencia,table_row,"{'regiao': 'Região Sul', 'meta_prevista_para_2024__raw': '1.254', 'meta_prevista_para_2025__raw': '2.434', 'meta_prevista_para_2026__raw': '3.646', 'meta_prevista_para_2027': '-', 'quantidade_alcancada__raw': '0', 'data_de_referencia__raw': '31/12/2024', 'sinalizacao_de_necessidade_de_revisao_proximo_exercicio': 'Sim', 'notas_do_usuario': 'Não informado'}","{'meta_prevista_para_2024': 1254.0, 'meta_prevista_para_2025': 2434.0, 'meta_prevista_para_2026': 3646.0, 'quantidade_alcancada': 0.0, 'data_de_referencia': 31122024.0}"
d0247efe-3f43-5e7b-9712-dd0acac6f51e,c11b9579-45d1-58de-af90-2c8b6bc73152,408,table,f362bec1-052c-5194-9eae-17afe690a0b8,aec987bc-5685-54b0-98e4-406b8546597d,Informações do Monitoramento,informacoes_do_monitoramento,table_row,"{'regiao': 'Nacional', 'meta_prevista_para_2024__raw': '44', 'meta_prevista_para_2025__raw': '43', 'meta_prevista_para_2026__raw': '45', 'meta_prevista_para_2027__raw': '45', 'quantidade_alcancada': 'Não informado', 'data_de_referencia': 'Não informado', 'sinalizacao_de_necessidade_de_revisao_proximo_exercicio': 'Não informado', 'notas_do_usuario': 'Não informado'}","{'meta_prevista_para_2024': 44.0, 'meta_prevista_para_2025': 43.0, 'meta_prevista_para_2026': 45.0, 'meta_prevista_para_2027': 45.0}"
0a29f09e-623f-5b28-9ac9-2099d876815d,c11b9579-45d1-58de-af90-2c8b6bc73152,408,table,f362bec1-052c-5194-9eae-17afe690a0b8,aec987bc-5685-54b0-98e4-406b8546597d,Informações do Monitoramento,informacoes_do_monitoramento,table_row,"{'regiao': 'Territórios Indígenas do Centro-Oeste', 'meta_prevista_para_2024': '-', 'meta_prevista_para_2025': '-', 'meta_prevista_para_2026': '-', 'meta_prevista_para_2027': '-', 'quantidade_alcancada__raw': '20', 'data_de_referencia__raw': '31/12/2025', 'sinalizacao_de_necessidade_de_revisao_proximo_exercicio': 'Não', 'notas_do_usuario': 'Não informado'}","{'quantidade_alcancada': 20.0, 'data_de_referencia': 31122025.0}"
ea9bd59b-a056-515d-b542-0f6137d93ea6,c11b9579-45d1-58de-af90-2c8b6bc73152,408,table,f362bec1-052c-5194-9eae-17afe690a0b8,aec987bc-5685-54b0-98e4-406b8546597d,Informações do Monitoramento,informacoes_do_monitoramento,table_row,"{'regiao': 'Territórios Indígenas do Nordeste', 'meta_prevista_para_2024': '-', 'meta_prevista_para_2025': '-', 'meta_prevista_para_2026': '-', 'meta_prevista_para_2027': '-', 'quantidade_alcancada__raw': '6', 'data_de_referencia__raw': '31/12/2024', 'sinalizacao_de_necessidade_de_revisao_proximo_exercicio': 'Não', 'notas_do_usuario': 'Não informado'}","{'quantidade_alcancada': 6.0, 'data_de_referencia': 31122024.0}"
32e4b955-8795-5a08-b40d-6deb39845b01,c11b9579-45d1-58de-af90-2c8b6bc73152,408,table,f362bec1-052c-5194-9eae-17afe690a0b8,aec987bc-5685-54b0-98e4-406b8546597d,Informações do Monitoramento,informacoes_do_monitoramento,table_row,"{'regiao': 'Territórios Indígenas do Norte', 'meta_prevista_para_2024': '-', 'meta_prevista_para_2025': '-', 'meta_prevista_para_2026': '-', 'meta_prevista_para_2027': '-', 'quantidade_alcancada__raw': '5', 'data_de_referencia__raw': '31/12/2024', 'sinalizacao_de_necessidade_de_revisao_proximo_exercicio': 'Não', 'notas_do_usuario': 'Não informado'}","{'quantidade_alcancada': 5.0, 'data_de_referencia': 31122024.0}"
7b357dfe-b469-5796-b28d-b6fd25765ce4,c11b9579-45d1-58de-af90-2c8b6bc73152,408,table,f362bec1-052c-5194-9eae-17afe690a0b8,aec987bc-5685-54b0-98e4-406b8546597d,Informações do Monitoramento,informacoes_do_monitoramento,table_row,"{'regiao': 'Territórios Indígenas do Sudeste', 'meta_prevista_para_2024': '-', 'meta_prevista_para_2025': '-', 'meta_prevista_para_2026': '-', 'meta_prevista_para_2027': '-', 'quantidade_alcancada__raw': '4', 'data_de_referencia__raw': '31/12/2024', 'sinalizacao_de_necessidade_de_revisao_proximo_exercicio': 'Não', 'notas_do_usuario': 'Não informado'}","{'quantidade_alcancada': 4.0, 'data_de_referencia': 31122024.0}"
88ffd3fd-3e56-58d9-8bb2-f65089298152,c11b9579-45d1-58de-af90-2c8b6bc73152,408,table,f362bec1-052c-5194-9eae-17afe690a0b8,aec987bc-5685-54b0-98e4-406b8546597d,Informações do Monitoramento,informacoes_do_monitoramento,table_row,"{'regiao': 'Territórios Indígenas do Sul', 'meta_prevista_para_2024': '-', 'meta_prevista_para_2025': '-', 'meta_prevista_para_2026': '-', 'meta_prevista_para_2027': '-', 'quantidade_alcancada__raw': '5', 'data_de_referencia__raw': '31/12/2024', 'sinalizacao_de_necessidade_de_revisao_proximo_exercicio': 'Não', 'notas_do_usuario': 'Não informado'}","{'quantidade_alcancada': 5.0, 'data_de_referencia': 31122024.0}"
193634c4-6ec6-5c07-be4a-cf1f0c9dc069,c11b9579-45d1-58de-af90-2c8b6bc73152,408,table,7d2b683a-69ff-5932-af5a-fa634101bc53,aec987bc-5685-54b0-98e4-406b8546597d,Informações do Monitoramento,informacoes_do_monitoramento,table_row,"{'publico': 'Mulheres', 'meta_prevista_para_2024__raw': '44', 'meta_prevista_para_2025__raw': '43', 'meta_prevista_para_2026__raw': '45', 'meta_prevista_para_2027__raw': '45', 'quantidade_alcancada__raw': '73', 'data_de_referencia__raw': '31/12/2024', 'sinalizacao_de_necessidade_de_revisao_proximo_exercicio': 'Não', 'notas_do_usuario': 'Não informado'}","{'meta_prevista_para_2024': 44.0, 'meta_prevista_para_2025': 43.0, 'meta_prevista_para_2026': 45.0, 'meta_prevista_para_2027': 45.0, 'quantidade_alcancada': 73.0, 'data_de_referencia': 31122024.0}"
bbaf92b8-ac79-55c0-a58a-18378a1f234b,c11b9579-45d1-58de-af90-2c8b6bc73152,408,table,7d2b683a-69ff-5932-af5a-fa634101bc53,aec987bc-5685-54b0-98e4-406b8546597d,Informações do Monitoramento,informacoes_do_monitoramento,table_row,"{'publico': 'População Negra', 'meta_prevista_para_2024__raw': '26', 'meta_prevista_para_2025__raw': '25', 'meta_prevista_para_2026__raw': '26', 'meta_prevista_para_2027__raw': '18', 'quantidade_alcancada__raw': '73', 'data_de_referencia__raw': '31/12/2024', 'sinalizacao_de_necessidade_de_revisao_proximo_exercicio': 'Não', 'notas_do_usuario': 'Não informado'}","{'meta_prevista_para_2024': 26.0, 'meta_prevista_para_2025': 25.0, 'meta_prevista_para_2026': 26.0, 'meta_prevista_para_2027': 18.0, 'quantidade_alcancada': 73.0, 'data_de_referencia': 31122024.0}"
83c109c2-1ed8-521a-855d-68847b67120c,c11b9579-45d1-58de-af90-2c8b6bc73152,410,table,9c626209-a61c-50c3-a746-95e4bb95f6b6,068c4896-d5d2-56a4-8ba8-fa2b980adab2,Regionalizações da Meta,regionalizacoes_da_meta,table_row,"{'regiao': 'Região Centro- Oeste', 'meta_prevista_para_2024__raw': '8', 'meta_prevista_para_2025__raw': '8', 'meta_prevista_para_2026__raw': '8', 'meta_prevista_para_2027__raw': '8', 'quantidade_alcancada__raw': '0', 'data_de_referencia__raw': '31/12/2024', 'sinalizacao_de_necessidade_de_revisao_proximo_exercicio': 'Não', 'notas_do_usuario': 'Não informado'}","{'meta_prevista_para_2024': 8.0, 'meta_prevista_para_2025': 8.0, 'meta_prevista_para_2026': 8.0, 'meta_prevista_para_2027': 8.0, 'quantidade_alcancada': 0.0, 'data_de_referencia': 31122024.0}"
1db8e6e5-ca04-579e-8250-fb323a2e63cb,c11b9579-45d1-58de-af90-2c8b6bc73152,410,table,9c626209-a61c-50c3-a746-95e4bb95f6b6,068c4896-d5d2-56a4-8ba8-fa2b980adab2,Regionalizações da Meta,regionalizacoes_da_meta,table_row,"{'regiao': 'Região Nordeste', 'meta_prevista_para_2024__raw': '10', 'meta_prevista_para_2025__raw': '10', 'meta_prevista_para_2026__raw': '10', 'meta_prevista_para_2027__raw': '10', 'quantidade_alcancada__raw': '0', 'data_de_referencia__raw': '31/12/2024', 'sinalizacao_de_necessidade_de_revisao_proximo_exercicio': 'Não', 'notas_do_usuario': 'Não informado'}","{'meta_prevista_para_2024': 10.0, 'meta_prevista_para_2025': 10.0, 'meta_prevista_para_2026': 10.0, 'meta_prevista_para_2027': 10.0, 'quantidade_alcancada': 0.0, 'data_de_referencia': 31122024.0}"
91b14916-ad94-53f7-96f8-bfbc56137f14,c11b9579-45d1-58de-af90-2c8b6bc73152,410,table,9c626209-a61c-50c3-a746-95e4bb95f6b6,068c4896-d5d2-56a4-8ba8-fa2b980adab2,Regionalizações da Meta,regionalizacoes_da_meta,table_row,"{'regiao': 'Região Norte', 'meta_prevista_para_2024__raw': '9', 'meta_prevista_para_2025__raw': '9', 'meta_prevista_para_2026__raw': '9', 'meta_prevista_para_2027__raw': '9', 'quantidade_alcancada__raw': '3', 'data_de_referencia__raw': '31/12/2024', 'sinalizacao_de_necessidade_de_revisao_proximo_exercicio': 'Não', 'notas_do_usuario': 'Não informado'}","{'meta_prevista_para_2024': 9.0, 'meta_prevista_para_2025': 9.0, 'meta_prevista_para_2026': 9.0, 'meta_prevista_para_2027': 9.0, 'quantidade_alcancada': 3.0, 'data_de_referencia': 31122024.0}"
28dcc122-30ce-55de-9e98-afb0b90e2c99,c11b9579-45d1-58de-af90-2c8b6bc73152,410,table,ba91990f-6ec7-5963-abc3-31d686b039ff,068c4896-d5d2-56a4-8ba8-fa2b980adab2,Regionalizações da Meta,regionalizacoes_da_meta,table_row,"{'publico': 'Indígenas', 'meta_prevista_para_2024__raw': '4', 'meta_prevista_para_2025__raw': '4', 'meta_prevista_para_2026__raw': '4', 'meta_prevista_para_2027__raw': '4', 'quantidade_alcancada__raw': '20', 'data_de_referencia__raw': '31/12/2024', 'sinalizacao_de_necessidade_de_revisao_proximo_exercicio': 'Não', 'notas_do_usuario': 'Programa Tecendo Bem-Viver - Programa foi lançado no dia 08 de março de 2024 pelo Ministério dos Povos Indígenas em Parceria com o Ministério das Mulheres. Status: • Edital revisado; • Edital publicado; • TED assinado com o MPI no dia 05 de julho de 2024 no valor de R$ 500.000,00 TED UNB - Pesquisa Violência contra Mulheres Indígenas - R$'}","{'meta_prevista_para_2024': 4.0, 'meta_prevista_para_2025': 4.0, 'meta_prevista_para_2026': 4.0, 'meta_prevista_para_2027': 4.0, 'quantidade_alcancada': 20.0, 'data_de_referencia': 31122024.0}"
a11a0a57-b756-56d0-92f3-6141db60897d,c11b9579-45d1-58de-af90-2c8b6bc73152,411,table,a68bf044-e2b6-5a01-97d7-9a8a8051bec1,f036dcbb-e29f-5f0a-8d32-e0109d7f2273,Quantitativa::,quantitativa,table_row,"{'0': '', '1': '', '2': '', '3': '', '4': '', '5': '', '6': '', '7': '', '8': '500.000,00 TED UNB - Diretrizes para o Projeto Arquitetônico e Executivo das Casas da Mulher Indígena - R$ $ 1.953.480,00 TED com UNB - Realização da III Marcha das Mulheres Indígenas - R$ 1.733.000,00; TED com o Instituto Federal do Maranhão para o Desenvolvimento de colaboração técnica de pesquisa e estudo técnico-científico para a realização das Pré-Conferências Regionais e Conferência Nacional em Articulação Nacional das Mulheres Indígenas Guerreiras da Ancestralidade (ANMIGA), em parceria com o Ministério dos Povos Indígenas e o Ministério das Mulheres para realização da 1ª Conferência Nacional de Mulheres Indígenas no âmbito do Projeto Guardiãs R$ 3.750.000,00;'}",{}
68b25a56-7792-5f1a-bff6-c03ec88f6e65,c11b9579-45d1-58de-af90-2c8b6bc73152,411,table,a68bf044-e2b6-5a01-97d7-9a8a8051bec1,f036dcbb-e29f-5f0a-8d32-e0109d7f2273,Quantitativa::,quantitativa,table_row,"{'0': 'População Negra', '1__raw': '24', '2__raw': '24', '3__raw': '24', '4__raw': '24', '5__raw': '2', '6__raw': '31/12/2024', '7': 'Não', '8': 'Não informado'}","{'1': 24.0, '2': 24.0, '3': 24.0, '4': 24.0, '5': 2.0, '6': 31122024.0}"
086cabbf-6efa-5aa1-b98f-287a25a98217,c11b9579-45d1-58de-af90-2c8b6bc73152,411,table,a68bf044-e2b6-5a01-97d7-9a8a8051bec1,f036dcbb-e29f-5f0a-8d32-e0109d7f2273,Quantitativa::,quantitativa,table_row,"{'0': 'Povos e Comunidades Tradicionais', '1__raw': '2', '2__raw': '2', '3__raw': '2', '4__raw': '8', '5__raw': '2', '6__raw': '31/12/2024', '7': 'Não', '8': 'Não informado'}","{'1': 2.0, '2': 2.0, '3': 2.0, '4': 8.0, '5': 2.0, '6': 31122024.0}"
ea1cfe75-d8ae-5b71-852e-4f191aea7083,c11b9579-45d1-58de-af90-2c8b6bc73152,411,table,a68bf044-e2b6-5a01-97d7-9a8a8051bec1,f036dcbb-e29f-5f0a-8d32-e0109d7f2273,Quantitativa::,quantitativa,table_row,"{'0': 'Quilombolas', '1__raw': '2', '2__raw': '2', '3__raw': '7', '4__raw': '8', '5__raw': '5', '6__raw': '31/12/2024', '7': 'Não', '8': 'Não informado'}","{'1': 2.0, '2': 2.0, '3': 7.0, '4': 8.0, '5': 5.0, '6': 31122024.0}"
30b4651c-126b-553a-9508-5993bbd0762f,c11b9579-45d1-58de-af90-2c8b6bc73152,412,table,f8c3bf37-c2b3-5857-bed6-b569dc8826b4,bc9deb36-976f-52d0-a82b-e20c1a635df4,Informações do Monitoramento,informacoes_do_monitoramento,table_row,"{'publico': 'População Negra', 'meta_prevista_para_2024__raw': '1', 'meta_prevista_para_2025__raw': '0', 'meta_prevista_para_2026__raw': '1', 'meta_prevista_para_2027__raw': '2', 'quantidade_alcancada__raw': '3', 'data_de_referencia__raw': '31/12/2024', 'sinalizacao_de_necessidade_de_revisao_proximo_exercicio': 'Não', 'notas_do_usuario': 'Não informado'}","{'meta_prevista_para_2024': 1.0, 'meta_prevista_para_2025': 0.0, 'meta_prevista_para_2026': 1.0, 'meta_prevista_para_2027': 2.0, 'quantidade_alcancada': 3.0, 'data_de_referencia': 31122024.0}"
83ebb9a4-9be1-5425-8760-c5efc4378d7b,c11b9579-45d1-58de-af90-2c8b6bc73152,413,table,c60b3d47-76c7-5e9a-a646-80b73bfe64f4,9c93dd4a-69f3-5fc8-8b07-4d7cf253df9d,Medida Institucional Normativa: 0506 - Ato normativo de criação da Política Nacional de Prevenção à Violência contra Mulheres Indígenas.,medida_institucional_normativa_0506_ato_normativo_de_criacao_da_politica_nacional_de_prevencao_a_violencia_contra_mulheres_indigenas,table_row,"{'publico': 'Mulheres', 'meta_prevista_para_2024__raw': '2', 'meta_prevista_para_2025__raw': '2', 'meta_prevista_para_2026__raw': '2', 'meta_prevista_para_2027__raw': '9', 'quantidade_alcancada__raw': '3', 'data_de_referencia__raw': '31/12/2024', 'sinalizacao_de_necessidade_de_revisao_proximo_exercicio': 'Não', 'notas_do_usuario': 'Não informado'}","{'meta_prevista_para_2024': 2.0, 'meta_prevista_para_2025': 2.0, 'meta_prevista_para_2026': 2.0, 'meta_prevista_para_2027': 9.0, 'quantidade_alcancada': 3.0, 'data_de_referencia': 31122024.0}"
12e42550-54cb-5ef9-a30d-bcb741f10d01,c11b9579-45d1-58de-af90-2c8b6bc73152,413,table,c60b3d47-76c7-5e9a-a646-80b73bfe64f4,9c93dd4a-69f3-5fc8-8b07-4d7cf253df9d,Medida Institucional Normativa: 0506 - Ato normativo de criação da Política Nacional de Prevenção à Violência contra Mulheres Indígenas.,medida_institucional_normativa_0506_ato_normativo_de_criacao_da_politica_nacional_de_prevencao_a_violencia_contra_mulheres_indigenas,table_row,"{'publico': 'População Negra', 'meta_prevista_para_2024__raw': '1', 'meta_prevista_para_2025__raw': '1', 'meta_prevista_para_2026__raw': '1', 'meta_prevista_para_2027__raw': '1', 'quantidade_alcancada__raw': '3', 'data_de_referencia__raw': '31/12/2024', 'sinalizacao_de_necessidade_de_revisao_proximo_exercicio': 'Não', 'notas_do_usuario': 'Não informado'}","{'meta_prevista_para_2024': 1.0, 'meta_prevista_para_2025': 1.0, 'meta_prevista_para_2026': 1.0, 'meta_prevista_para_2027': 1.0, 'quantidade_alcancada': 3.0, 'data_de_referencia': 31122024.0}"
23880e13-f595-5de4-b733-d4a885263cd2,c11b9579-45d1-58de-af90-2c8b6bc73152,415,table,9cdb500b-7e18-5bae-86c2-4cfff2d29924,f97902d5-ed34-500d-b212-b7a261582cca,Entrega: 0178 - Atendimento Qualificado e Humanizado pelo Ligue 180.,entrega_0178_atendimento_qualificado_e_humanizado_pelo_ligue_180,table_row,"{'regiao': 'Região Centro- Oeste', 'meta_prevista_para_2024__raw': '5', 'meta_prevista_para_2025__raw': '8', 'meta_prevista_para_2026__raw': '8', 'meta_prevista_para_2027__raw': '4', 'quantidade_alcancada__raw': '3', 'data_de_referencia__raw': '31/12/2024', 'sinalizacao_de_necessidade_de_revisao_proximo_exercicio': 'Não', 'notas_do_usuario': 'Não informado'}","{'meta_prevista_para_2024': 5.0, 'meta_prevista_para_2025': 8.0, 'meta_prevista_para_2026': 8.0, 'meta_prevista_para_2027': 4.0, 'quantidade_alcancada': 3.0, 'data_de_referencia': 31122024.0}"
39d6a5ee-525d-5c98-ad87-508f5429499f,c11b9579-45d1-58de-af90-2c8b6bc73152,415,table,9cdb500b-7e18-5bae-86c2-4cfff2d29924,f97902d5-ed34-500d-b212-b7a261582cca,Entrega: 0178 - Atendimento Qualificado e Humanizado pelo Ligue 180.,entrega_0178_atendimento_qualificado_e_humanizado_pelo_ligue_180,table_row,"{'regiao': 'Região Nordeste', 'meta_prevista_para_2024__raw': '5', 'meta_prevista_para_2025__raw': '10', 'meta_prevista_para_2026__raw': '10', 'meta_prevista_para_2027__raw': '10', 'quantidade_alcancada__raw': '1', 'data_de_referencia__raw': '31/12/2024', 'sinalizacao_de_necessidade_de_revisao_proximo_exercicio': 'Não', 'notas_do_usuario': 'Não informado'}","{'meta_prevista_para_2024': 5.0, 'meta_prevista_para_2025': 10.0, 'meta_prevista_para_2026': 10.0, 'meta_prevista_para_2027': 10.0, 'quantidade_alcancada': 1.0, 'data_de_referencia': 31122024.0}"
fe74f41d-456c-59e4-a090-d011517fbbbc,c11b9579-45d1-58de-af90-2c8b6bc73152,415,table,9cdb500b-7e18-5bae-86c2-4cfff2d29924,f97902d5-ed34-500d-b212-b7a261582cca,Entrega: 0178 - Atendimento Qualificado e Humanizado pelo Ligue 180.,entrega_0178_atendimento_qualificado_e_humanizado_pelo_ligue_180,table_row,"{'regiao': 'Região Norte', 'meta_prevista_para_2024__raw': '5', 'meta_prevista_para_2025__raw': '10', 'meta_prevista_para_2026__raw': '10', 'meta_prevista_para_2027__raw': '10', 'quantidade_alcancada__raw': '1', 'data_de_referencia__raw': '31/12/2024', 'sinalizacao_de_necessidade_de_revisao_proximo_exercicio': 'Não', 'notas_do_usuario': 'Não informado'}","{'meta_prevista_para_2024': 5.0, 'meta_prevista_para_2025': 10.0, 'meta_prevista_para_2026': 10.0, 'meta_prevista_para_2027': 10.0, 'quantidade_alcancada': 1.0, 'data_de_referencia': 31122024.0}"
376cbb02-28df-5374-9def-358ce830a17c,c11b9579-45d1-58de-af90-2c8b6bc73152,415,table,9cdb500b-7e18-5bae-86c2-4cfff2d29924,f97902d5-ed34-500d-b212-b7a261582cca,Entrega: 0178 - Atendimento Qualificado e Humanizado pelo Ligue 180.,entrega_0178_atendimento_qualificado_e_humanizado_pelo_ligue_180,table_row,"{'regiao': 'Região Sudeste', 'meta_prevista_para_2024__raw': '3', 'meta_prevista_para_2025__raw': '5', 'meta_prevista_para_2026__raw': '5', 'meta_prevista_para_2027__raw': '2', 'quantidade_alcancada__raw': '0', 'data_de_referencia__raw': '31/12/2024', 'sinalizacao_de_necessidade_de_revisao_proximo_exercicio': 'Não', 'notas_do_usuario': 'Não informado'}","{'meta_prevista_para_2024': 3.0, 'meta_prevista_para_2025': 5.0, 'meta_prevista_para_2026': 5.0, 'meta_prevista_para_2027': 2.0, 'quantidade_alcancada': 0.0, 'data_de_referencia': 31122024.0}"
e8f82125-c2eb-54c6-9d4a-2e5237c7557a,c11b9579-45d1-58de-af90-2c8b6bc73152,415,table,9cdb500b-7e18-5bae-86c2-4cfff2d29924,f97902d5-ed34-500d-b212-b7a261582cca,Entrega: 0178 - Atendimento Qualificado e Humanizado pelo Ligue 180.,entrega_0178_atendimento_qualificado_e_humanizado_pelo_ligue_180,table_row,"{'regiao': 'Região Sul', 'meta_prevista_para_2024__raw': '2', 'meta_prevista_para_2025__raw': '2', 'meta_prevista_para_2026__raw': '2', 'meta_prevista_para_2027__raw': '1', 'quantidade_alcancada__raw': '0', 'data_de_referencia__raw': '31/12/2024', 'sinalizacao_de_necessidade_de_revisao_proximo_exercicio': 'Não', 'notas_do_usuario': 'Não informado'}","{'meta_prevista_para_2024': 2.0, 'meta_prevista_para_2025': 2.0, 'meta_prevista_para_2026': 2.0, 'meta_prevista_para_2027': 1.0, 'quantidade_alcancada': 0.0, 'data_de_referencia': 31122024.0}"
117ad2ad-b56a-56a4-a4a2-8ac076a35977,c11b9579-45d1-58de-af90-2c8b6bc73152,416,table,d7879cf7-8cfd-5901-99fd-8c95182c7e51,5ca4d1c3-0e6f-5031-9f4a-30149f728a25,Informações do Monitoramento,informacoes_do_monitoramento,table_row,"{'publico': 'População Negra', 'meta_prevista_para_2024__raw': '5', 'meta_prevista_para_2025__raw': '10', 'meta_prevista_para_2026__raw': '10', 'meta_prevista_para_2027__raw': '60', 'quantidade_alcancada__raw': '52,8', 'data_de_referencia__raw': '31/12/2024', 'sinalizacao_de_necessidade_de_revisao_proximo_exercicio': 'Não', 'notas_do_usuario': 'Não informado'}","{'meta_prevista_para_2024': 5.0, 'meta_prevista_para_2025': 10.0, 'meta_prevista_para_2026': 10.0, 'meta_prevista_para_2027': 60.0, 'quantidade_alcancada': 52.8, 'data_de_referencia': 31122024.0}"
4f201993-bc05-565e-a389-e3a5e1b9600f,c11b9579-45d1-58de-af90-2c8b6bc73152,417,table,8aa79285-9ad6-5042-b7e2-41a3d7c9f21c,0ee09550-4a47-56a9-958b-7af1720b2196,Regionalizações da Meta,regionalizacoes_da_meta,table_row,"{'regiao': 'Região Centro- Oeste', 'meta_prevista_para_2024__raw': '1', 'meta_prevista_para_2025__raw': '1', 'meta_prevista_para_2026__raw': '1', 'meta_prevista_para_2027__raw': '1', 'quantidade_alcancada__raw': '2', 'data_de_referencia__raw': '31/12/2024', 'sinalizacao_de_necessidade_de_revisao_proximo_exercicio': 'Não', 'notas_do_usuario': 'Não informado'}","{'meta_prevista_para_2024': 1.0, 'meta_prevista_para_2025': 1.0, 'meta_prevista_para_2026': 1.0, 'meta_prevista_para_2027': 1.0, 'quantidade_alcancada': 2.0, 'data_de_referencia': 31122024.0}"
e8fa8e83-5eae-5e2a-8a7c-734b326f3bc4,c11b9579-45d1-58de-af90-2c8b6bc73152,417,table,8aa79285-9ad6-5042-b7e2-41a3d7c9f21c,0ee09550-4a47-56a9-958b-7af1720b2196,Regionalizações da Meta,regionalizacoes_da_meta,table_row,"{'regiao': 'Região Nordeste', 'meta_prevista_para_2024__raw': '1', 'meta_prevista_para_2025__raw': '1', 'meta_prevista_para_2026__raw': '1', 'meta_prevista_para_2027__raw': '1', 'quantidade_alcancada__raw': '4', 'data_de_referencia__raw': '31/12/2024', 'sinalizacao_de_necessidade_de_revisao_proximo_exercicio': 'Não', 'notas_do_usuario': 'Não informado'}","{'meta_prevista_para_2024': 1.0, 'meta_prevista_para_2025': 1.0, 'meta_prevista_para_2026': 1.0, 'meta_prevista_para_2027': 1.0, 'quantidade_alcancada': 4.0, 'data_de_referencia': 31122024.0}"
00448dfa-ea6f-5b46-a49d-962d33688e3f,c11b9579-45d1-58de-af90-2c8b6bc73152,417,table,8aa79285-9ad6-5042-b7e2-41a3d7c9f21c,0ee09550-4a47-56a9-958b-7af1720b2196,Regionalizações da Meta,regionalizacoes_da_meta,table_row,"{'regiao': 'Região Norte', 'meta_prevista_para_2024__raw': '1', 'meta_prevista_para_2025__raw': '1', 'meta_prevista_para_2026__raw': '1', 'meta_prevista_para_2027__raw': '1', 'quantidade_alcancada__raw': '3', 'data_de_referencia__raw': '31/12/2024', 'sinalizacao_de_necessidade_de_revisao_proximo_exercicio': 'Não', 'notas_do_usuario': 'Não informado'}","{'meta_prevista_para_2024': 1.0, 'meta_prevista_para_2025': 1.0, 'meta_prevista_para_2026': 1.0, 'meta_prevista_para_2027': 1.0, 'quantidade_alcancada': 3.0, 'data_de_referencia': 31122024.0}"
766bcd4d-0a85-5ddf-8459-39a20db8ad61,c11b9579-45d1-58de-af90-2c8b6bc73152,417,table,8aa79285-9ad6-5042-b7e2-41a3d7c9f21c,0ee09550-4a47-56a9-958b-7af1720b2196,Regionalizações da Meta,regionalizacoes_da_meta,table_row,"{'regiao': 'Região Sudeste', 'meta_prevista_para_2024__raw': '1', 'meta_prevista_para_2025__raw': '1', 'meta_prevista_para_2026__raw': '1', 'meta_prevista_para_2027__raw': '1', 'quantidade_alcancada__raw': '0', 'data_de_referencia__raw': '31/12/2024', 'sinalizacao_de_necessidade_de_revisao_proximo_exercicio': 'Não', 'notas_do_usuario': 'Não informado'}","{'meta_prevista_para_2024': 1.0, 'meta_prevista_para_2025': 1.0, 'meta_prevista_para_2026': 1.0, 'meta_prevista_para_2027': 1.0, 'quantidade_alcancada': 0.0, 'data_de_referencia': 31122024.0}"
cc084dff-03dc-52ba-a431-ee92019862ba,c11b9579-45d1-58de-af90-2c8b6bc73152,417,table,8aa79285-9ad6-5042-b7e2-41a3d7c9f21c,0ee09550-4a47-56a9-958b-7af1720b2196,Regionalizações da Meta,regionalizacoes_da_meta,table_row,"{'regiao': 'Região Sul', 'meta_prevista_para_2024__raw': '1', 'meta_prevista_para_2025__raw': '1', 'meta_prevista_para_2026__raw': '1', 'meta_prevista_para_2027__raw': '1', 'quantidade_alcancada__raw': '1', 'data_de_referencia__raw': '31/12/2024', 'sinalizacao_de_necessidade_de_revisao_proximo_exercicio': 'Não', 'notas_do_usuario': 'Incluida Data de Referência que estava sem preenchimento com valor recebido do MM.'}","{'meta_prevista_para_2024': 1.0, 'meta_prevista_para_2025': 1.0, 'meta_prevista_para_2026': 1.0, 'meta_prevista_para_2027': 1.0, 'quantidade_alcancada': 1.0, 'data_de_referencia': 31122024.0}"
a11e20ac-d603-58f9-b901-e784d1a4c152,c11b9579-45d1-58de-af90-2c8b6bc73152,417,table,fc2ae917-da5c-5189-acfb-1c88d79c4398,0ee09550-4a47-56a9-958b-7af1720b2196,Regionalizações da Meta,regionalizacoes_da_meta,table_row,"{'publico': 'População Negra', 'meta_prevista_para_2024__raw': '60', 'meta_prevista_para_2025__raw': '60', 'meta_prevista_para_2026__raw': '60', 'meta_prevista_para_2027__raw': '60', 'quantidade_alcancada__raw': '0', 'data_de_referencia__raw': '31/12/2024', 'sinalizacao_de_necessidade_de_revisao_proximo_exercicio': 'Não', 'notas_do_usuario': 'Não informado'}","{'meta_prevista_para_2024': 60.0, 'meta_prevista_para_2025': 60.0, 'meta_prevista_para_2026': 60.0, 'meta_prevista_para_2027': 60.0, 'quantidade_alcancada': 0.0, 'data_de_referencia': 31122024.0}"
fd577c67-a105-5ce0-bb54-7942ca94561e,c11b9579-45d1-58de-af90-2c8b6bc73152,418,table,d7fda75f-e86a-5706-940f-5f3801f5fd0d,d976fee1-6061-500f-887e-1b92e446cb0c,"PROGRAMA: 5802 - POLÍTICAS PARA QUILOMBOLAS, COMUNIDADES TRADICIONAIS DE MATRIZ AFRICANA, POVOS DE TERREIROS E POVOS CIGANOS",programa_5802_politicas_para_quilombolas_comunidades_tradicionais_de_matriz_africana_povos_de_terreiros_e_povos_ciganos,table_row,"{'publico': 'Indígenas', 'meta_prevista_para_2024__raw': '1', 'meta_prevista_para_2025__raw': '1', 'meta_prevista_para_2026__raw': '1', 'meta_prevista_para_2027__raw': '4', 'quantidade_alcancada': '', 'data_de_referencia__raw': '0 31/12/2024', 'sinalizacao_de_necessidade_de_revisao_proximo_exercicio': 'Não', 'notas_do_usuario': 'Não informado'}","{'meta_prevista_para_2024': 1.0, 'meta_prevista_para_2025': 1.0, 'meta_prevista_para_2026': 1.0, 'meta_prevista_para_2027': 4.0, 'data_de_referencia': 31122024.0}"
33720de5-b292-5a4e-a807-4cb341f0dd1c,c11b9579-45d1-58de-af90-2c8b6bc73152,421,table,f8ee9ec9-8eda-5897-a15a-2a2382d2bd8f,ff6ffbab-0b9a-50ee-9845-cb20992358f5,Objetivo Específico: 0207 - Territorializar a atenção aos Direitos Humanos para a Juventude Negra em territórios periféricos Informações básicas,objetivo_especifico_0207_territorializar_a_atencao_aos_direitos_humanos_para_a_juventude_negra_em_territorios_perifericos_informacoes_basicas,table_row,"{'regiao': 'Região Centro- Oeste', 'meta_prevista_para_2024__raw': '3', 'meta_prevista_para_2025__raw': '4', 'meta_prevista_para_2026__raw': '3', 'meta_prevista_para_2027__raw': '3', 'quantidade_alcancada__raw': '8', 'data_de_referencia__raw': '31/12/2024', 'sinalizacao_de_necessidade_de_revisao_proximo_exercicio': 'Não', 'notas_do_usuario': 'Não informado'}","{'meta_prevista_para_2024': 3.0, 'meta_prevista_para_2025': 4.0, 'meta_prevista_para_2026': 3.0, 'meta_prevista_para_2027': 3.0, 'quantidade_alcancada': 8.0, 'data_de_referencia': 31122024.0}"
852beb3b-ae7f-5b13-bf16-813ed4f2050b,c11b9579-45d1-58de-af90-2c8b6bc73152,421,table,f8ee9ec9-8eda-5897-a15a-2a2382d2bd8f,ff6ffbab-0b9a-50ee-9845-cb20992358f5,Objetivo Específico: 0207 - Territorializar a atenção aos Direitos Humanos para a Juventude Negra em territórios periféricos Informações básicas,objetivo_especifico_0207_territorializar_a_atencao_aos_direitos_humanos_para_a_juventude_negra_em_territorios_perifericos_informacoes_basicas,table_row,"{'regiao': 'Região Nordeste', 'meta_prevista_para_2024__raw': '16', 'meta_prevista_para_2025__raw': '16', 'meta_prevista_para_2026__raw': '16', 'meta_prevista_para_2027__raw': '16', 'quantidade_alcancada__raw': '8', 'data_de_referencia__raw': '31/12/2024', 'sinalizacao_de_necessidade_de_revisao_proximo_exercicio': 'Não', 'notas_do_usuario': 'Não informado'}","{'meta_prevista_para_2024': 16.0, 'meta_prevista_para_2025': 16.0, 'meta_prevista_para_2026': 16.0, 'meta_prevista_para_2027': 16.0, 'quantidade_alcancada': 8.0, 'data_de_referencia': 31122024.0}"
e138f757-0ff7-5998-8f85-0dc7dafe3b44,c11b9579-45d1-58de-af90-2c8b6bc73152,421,table,f8ee9ec9-8eda-5897-a15a-2a2382d2bd8f,ff6ffbab-0b9a-50ee-9845-cb20992358f5,Objetivo Específico: 0207 - Territorializar a atenção aos Direitos Humanos para a Juventude Negra em territórios periféricos Informações básicas,objetivo_especifico_0207_territorializar_a_atencao_aos_direitos_humanos_para_a_juventude_negra_em_territorios_perifericos_informacoes_basicas,table_row,"{'regiao': 'Região Norte', 'meta_prevista_para_2024__raw': '5', 'meta_prevista_para_2025__raw': '6', 'meta_prevista_para_2026__raw': '5', 'meta_prevista_para_2027__raw': '5', 'quantidade_alcancada__raw': '8', 'data_de_referencia__raw': '31/12/2024', 'sinalizacao_de_necessidade_de_revisao_proximo_exercicio': 'Não', 'notas_do_usuario': 'Não informado'}","{'meta_prevista_para_2024': 5.0, 'meta_prevista_para_2025': 6.0, 'meta_prevista_para_2026': 5.0, 'meta_prevista_para_2027': 5.0, 'quantidade_alcancada': 8.0, 'data_de_referencia': 31122024.0}"
81a7ae8b-bb5f-5169-8a07-4e67a7b98948,c11b9579-45d1-58de-af90-2c8b6bc73152,421,table,f8ee9ec9-8eda-5897-a15a-2a2382d2bd8f,ff6ffbab-0b9a-50ee-9845-cb20992358f5,Objetivo Específico: 0207 - Territorializar a atenção aos Direitos Humanos para a Juventude Negra em territórios periféricos Informações básicas,objetivo_especifico_0207_territorializar_a_atencao_aos_direitos_humanos_para_a_juventude_negra_em_territorios_perifericos_informacoes_basicas,table_row,"{'regiao': 'Região Sudeste', 'meta_prevista_para_2024__raw': '11', 'meta_prevista_para_2025__raw': '12', 'meta_prevista_para_2026__raw': '12', 'meta_prevista_para_2027__raw': '11', 'quantidade_alcancada__raw': '8', 'data_de_referencia__raw': '31/12/2024', 'sinalizacao_de_necessidade_de_revisao_proximo_exercicio': 'Não', 'notas_do_usuario': 'Não informado'}","{'meta_prevista_para_2024': 11.0, 'meta_prevista_para_2025': 12.0, 'meta_prevista_para_2026': 12.0, 'meta_prevista_para_2027': 11.0, 'quantidade_alcancada': 8.0, 'data_de_referencia': 31122024.0}"
a16e6d9a-7e84-5716-83f4-d031d56c42d9,c11b9579-45d1-58de-af90-2c8b6bc73152,421,table,f8ee9ec9-8eda-5897-a15a-2a2382d2bd8f,ff6ffbab-0b9a-50ee-9845-cb20992358f5,Objetivo Específico: 0207 - Territorializar a atenção aos Direitos Humanos para a Juventude Negra em territórios periféricos Informações básicas,objetivo_especifico_0207_territorializar_a_atencao_aos_direitos_humanos_para_a_juventude_negra_em_territorios_perifericos_informacoes_basicas,table_row,"{'regiao': 'Região Sul', 'meta_prevista_para_2024__raw': '5', 'meta_prevista_para_2025__raw': '5', 'meta_prevista_para_2026__raw': '5', 'meta_prevista_para_2027__raw': '4', 'quantidade_alcancada__raw': '8', 'data_de_referencia__raw': '31/12/2024', 'sinalizacao_de_necessidade_de_revisao_proximo_exercicio': 'Não', 'notas_do_usuario': 'Não informado'}","{'meta_prevista_para_2024': 5.0, 'meta_prevista_para_2025': 5.0, 'meta_prevista_para_2026': 5.0, 'meta_prevista_para_2027': 4.0, 'quantidade_alcancada': 8.0, 'data_de_referencia': 31122024.0}"
1de8847a-9a48-5b67-b644-11e602cb3850,c11b9579-45d1-58de-af90-2c8b6bc73152,436,table,d4794c89-bdfa-5c45-9c2d-f4ca81966105,8ce2b2df-ed51-5435-a9e5-c6482c7ef937,Informações do Monitoramento,informacoes_do_monitoramento,table_row,"{'regiao': 'Região Sudeste', 'meta_prevista_para_2024': '-', 'meta_prevista_para_2025': '-', 'meta_prevista_para_2026': '-', 'meta_prevista_para_2027': '-', 'quantidade_alcancada__raw': '3', 'data_de_referencia__raw': '11/02/2025', 'sinalizacao_de_necessidade_de_revisao_proximo_exercicio': 'Não', 'notas_do_usuario': 'Não informado'}","{'quantidade_alcancada': 3.0, 'data_de_referencia': 11022025.0}"
36858b84-3e07-5437-a8f5-82ac3931497c,c11b9579-45d1-58de-af90-2c8b6bc73152,437,table,9ff22303-0768-5114-b665-04471fc28f50,95e59b44-d9aa-5c5d-b438-5c0c56369177,Informações do Monitoramento,informacoes_do_monitoramento,table_row,"{'regiao': 'Região Centro- Oeste', 'meta_prevista_para_2024__raw': '1', 'meta_prevista_para_2025__raw': '2', 'meta_prevista_para_2026__raw': '2', 'meta_prevista_para_2027__raw': '2', 'quantidade_alcancada__raw': '0', 'data_de_referencia__raw': '31/12/2024', 'sinalizacao_de_necessidade_de_revisao_proximo_exercicio': 'Não', 'notas_do_usuario': 'Os ajustes foram realizados de acordo com as informações da Secretaria Nacional de Economia Popular e Solidária (Senaes/MTE), conforme'}","{'meta_prevista_para_2024': 1.0, 'meta_prevista_para_2025': 2.0, 'meta_prevista_para_2026': 2.0, 'meta_prevista_para_2027': 2.0, 'quantidade_alcancada': 0.0, 'data_de_referencia': 31122024.0}"
a6d3e0d6-e1fd-58dd-9b18-511523668d86,c11b9579-45d1-58de-af90-2c8b6bc73152,438,table,f4cea586-7d47-5a1e-bd62-98ff8ee545ae,ef3d1fc2-d3e0-5bdb-9a13-2c5c86517b1b,Entrega: 0409 - Formação sociopolítica e em direitos humanos das pessoas em situação de rua.,entrega_0409_formacao_sociopolitica_e_em_direitos_humanos_das_pessoas_em_situacao_de_rua,table_row,"{'0': '', '1': '', '2': '', '3': '', '4': '', '5': '', '6': '', '7': '', '8': 'registrado no processo SEI 19955.200480/2025-12.'}",{}
c32eef7b-cb0d-5953-9b75-ef0f81a21968,c11b9579-45d1-58de-af90-2c8b6bc73152,438,table,f4cea586-7d47-5a1e-bd62-98ff8ee545ae,ef3d1fc2-d3e0-5bdb-9a13-2c5c86517b1b,Entrega: 0409 - Formação sociopolítica e em direitos humanos das pessoas em situação de rua.,entrega_0409_formacao_sociopolitica_e_em_direitos_humanos_das_pessoas_em_situacao_de_rua,table_row,"{'0': 'Região Nordeste', '1__raw': '2', '2__raw': '2', '3__raw': '5', '4__raw': '5', '5__raw': '0', '6__raw': '31/12/2024', '7': 'Não', '8': 'Os ajustes foram realizados de acordo com as informações da Secretaria Nacional de Economia Popular e Solidária (Senaes/MTE), conforme registrado no processo SEI 19955.200480/2025-12.'}","{'1': 2.0, '2': 2.0, '3': 5.0, '4': 5.0, '5': 0.0, '6': 31122024.0}"
8cea843f-07a3-59ee-bd08-8846e65e01cb,c11b9579-45d1-58de-af90-2c8b6bc73152,438,table,f4cea586-7d47-5a1e-bd62-98ff8ee545ae,ef3d1fc2-d3e0-5bdb-9a13-2c5c86517b1b,Entrega: 0409 - Formação sociopolítica e em direitos humanos das pessoas em situação de rua.,entrega_0409_formacao_sociopolitica_e_em_direitos_humanos_das_pessoas_em_situacao_de_rua,table_row,"{'0': 'Região Norte', '1__raw': '1', '2__raw': '2', '3__raw': '2', '4__raw': '2', '5__raw': '0', '6__raw': '31/12/2024', '7': 'Não', '8': 'Os ajustes foram realizados de acordo com as informações da Secretaria Nacional de Economia Popular e Solidária (Senaes/MTE), conforme registrado no processo SEI 19955.200480/2025-12.'}","{'1': 1.0, '2': 2.0, '3': 2.0, '4': 2.0, '5': 0.0, '6': 31122024.0}"
5185d1f2-e740-509d-9dd2-2376d4f2865c,c11b9579-45d1-58de-af90-2c8b6bc73152,438,table,f4cea586-7d47-5a1e-bd62-98ff8ee545ae,ef3d1fc2-d3e0-5bdb-9a13-2c5c86517b1b,Entrega: 0409 - Formação sociopolítica e em direitos humanos das pessoas em situação de rua.,entrega_0409_formacao_sociopolitica_e_em_direitos_humanos_das_pessoas_em_situacao_de_rua,table_row,"{'0': 'Região Sudeste', '1__raw': '2', '2__raw': '2', '3__raw': '5', '4__raw': '6', '5__raw': '0', '6__raw': '31/12/2024', '7': 'Não', '8': 'Os ajustes foram realizados de acordo com as informações da Secretaria Nacional de Economia Popular e Solidária (Senaes/MTE), conforme registrado no processo SEI 19955.200480/2025-12.'}","{'1': 2.0, '2': 2.0, '3': 5.0, '4': 6.0, '5': 0.0, '6': 31122024.0}"
16568bd4-99ff-5c4f-bc06-0a107639d237,c11b9579-45d1-58de-af90-2c8b6bc73152,438,table,f4cea586-7d47-5a1e-bd62-98ff8ee545ae,ef3d1fc2-d3e0-5bdb-9a13-2c5c86517b1b,Entrega: 0409 - Formação sociopolítica e em direitos humanos das pessoas em situação de rua.,entrega_0409_formacao_sociopolitica_e_em_direitos_humanos_das_pessoas_em_situacao_de_rua,table_row,"{'0': 'Região Sul', '1__raw': '1', '2__raw': '3', '3__raw': '5', '4__raw': '5', '5__raw': '0', '6__raw': '31/12/2024', '7': 'Não', '8': 'Os ajustes foram realizados de acordo com as informações da Secretaria Nacional de Economia Popular e Solidária (Senaes/MTE), conforme registrado no processo SEI 19955.200480/2025-12.'}","{'1': 1.0, '2': 3.0, '3': 5.0, '4': 5.0, '5': 0.0, '6': 31122024.0}"
ede9ff46-bf02-5aa2-a510-90cc1cffa9ba,c11b9579-45d1-58de-af90-2c8b6bc73152,439,table,51c63f11-93ac-5550-8848-72c127749db8,118b4da3-2802-5a6c-b62a-dc51e22eac55,Regionalizações da Meta,regionalizacoes_da_meta,table_row,"{'regiao': 'Região Centro- Oeste', 'meta_prevista_para_2024__raw': '20', 'meta_prevista_para_2025__raw': '50', 'meta_prevista_para_2026__raw': '80', 'meta_prevista_para_2027__raw': '100', 'quantidade_alcancada__raw': '0', 'data_de_referencia__raw': '31/12/2024', 'sinalizacao_de_necessidade_de_revisao_proximo_exercicio': 'Não', 'notas_do_usuario': 'Formação sociopolítica e em direitos humanos das pessoas em situação de rua: não foi apresentada a regionalização da meta alcançada (536 pessoas formadas) tendo em vista que a concretização da meta se deu através da atuação do Colaboratório Nacional Pop Rua nos municípios de Porto Alegre, Natal, Pernambuco, Manaus, Maceió, Fortaleza, Florianópolis, Belo Horizonte, Belém, Bahia, Brasília, Paraná, Rio de Janeiro e São Paulo; e até o momento não foi apresentada quantidade exata de formações realizadas em cada um dos municípios, o que ainda será encaminhado em relatório de execução a ser apresentado posteriormente.'}","{'meta_prevista_para_2024': 20.0, 'meta_prevista_para_2025': 50.0, 'meta_prevista_para_2026': 80.0, 'meta_prevista_para_2027': 100.0, 'quantidade_alcancada': 0.0, 'data_de_referencia': 31122024.0}"
efd2dab5-8525-52eb-98ef-cc8249547b74,c11b9579-45d1-58de-af90-2c8b6bc73152,439,table,51c63f11-93ac-5550-8848-72c127749db8,118b4da3-2802-5a6c-b62a-dc51e22eac55,Regionalizações da Meta,regionalizacoes_da_meta,table_row,"{'regiao': 'Região Nordeste', 'meta_prevista_para_2024__raw': '40', 'meta_prevista_para_2025__raw': '100', 'meta_prevista_para_2026__raw': '160', 'meta_prevista_para_2027__raw': '200', 'quantidade_alcancada__raw': '231', 'data_de_referencia__raw': '31/12/2024', 'sinalizacao_de_necessidade_de_revisao_proximo_exercicio': 'Não', 'notas_do_usuario': 'Formação sociopolítica e em direitos humanos das pessoas em situação de rua: não foi apresentada a regionalização da meta alcançada (536 pessoas formadas) tendo em vista que a concretização da meta se deu através da atuação do Colaboratório Nacional Pop Rua nos municípios de Porto Alegre, Natal,'}","{'meta_prevista_para_2024': 40.0, 'meta_prevista_para_2025': 100.0, 'meta_prevista_para_2026': 160.0, 'meta_prevista_para_2027': 200.0, 'quantidade_alcancada': 231.0, 'data_de_referencia': 31122024.0}"
80e5965e-e50b-5072-91aa-ff1af328eae8,c11b9579-45d1-58de-af90-2c8b6bc73152,440,table,0cd04f86-ca5f-5623-be9c-f14fc750caa0,,,table,table_row,"{'regiao_norte': 'Região Sudeste', '10__raw': '100', '25__raw': '250', '40__raw': '400', '50__raw': '500', '0__raw': '0', '31_12_2024__raw': '31/12/2024', 'nao': 'Não', 'pernambuco_manaus_maceio_fortaleza_florianopolis_belo_horizonte_belem_bahia_brasilia_parana_rio_de_janeiro_e_sao_paulo_e_ate_o_momento_nao_foi_apresentada_quantidade_exata_de_formacoes_realizadas_em_cada_um_dos_municipios_o_que_ainda_sera_encaminhado_em_relatorio_de_execucao_a_ser_apresentado_posteriormenteformacao_sociopolitica_e_em_direitos_humanos_das_pessoas_em_situacao_de_rua_nao_foi_apresentada_a_regionalizacao_da_meta_alcancada_536_pessoas_formadas_tendo_em_vista_que_a_concretizacao_da_meta_se_deu_atraves_da_atuacao_do_colaboratorio_nacional_pop_rua_nos_municipios_de_porto_alegre_natal_pernambuco_manaus_maceio_fortaleza_florianopolis_belo_horizonte_belem_bahia_brasilia_parana_rio_de_janeiro_e_sao_paulo_e_ate_o_momento_nao_foi_apresentada_quantidade_exata_de_formacoes_realizadas_em_cada_um_dos_municipios_o_que_ainda_sera_encaminhado_em_relatorio_de_execucao_a_ser': 'Formação sociopolítica e em direitos humanos das pessoas em situação de rua: não foi apresentada a regionalização da meta alcançada (536 pessoas formadas) tendo em vista que a concretização da meta se deu através da atuação do Colaboratório Nacional Pop Rua nos municípios de Porto Alegre, Natal, Pernambuco, Manaus, Maceió, Fortaleza, Florianópolis, Belo Horizonte, Belém, Bahia, Brasília, Paraná, Rio de Janeiro e São Paulo; e até o momento não foi apresentada quantidade exata de formações realizadas em cada um dos municípios, o que ainda será encaminhado em relatório de execução a ser apresentado posteriormente.'}","{'10': 100.0, '25': 250.0, '40': 400.0, '50': 500.0, '0': 0.0, '31_12_2024': 31122024.0}"
0ba85605-7bfe-5bb3-9251-f38e6bf82dbe,c11b9579-45d1-58de-af90-2c8b6bc73152,440,table,0cd04f86-ca5f-5623-be9c-f14fc750caa0,,,table,table_row,"{'regiao_norte': 'Região Sul', '10__raw': '30', '25__raw': '75', '40__raw': '120', '50__raw': '150', '0__raw': '407', '31_12_2024__raw': '31/12/2024', 'nao': 'Não', 'pernambuco_manaus_maceio_fortaleza_florianopolis_belo_horizonte_belem_bahia_brasilia_parana_rio_de_janeiro_e_sao_paulo_e_ate_o_momento_nao_foi_apresentada_quantidade_exata_de_formacoes_realizadas_em_cada_um_dos_municipios_o_que_ainda_sera_encaminhado_em_relatorio_de_execucao_a_ser_apresentado_posteriormenteformacao_sociopolitica_e_em_direitos_humanos_das_pessoas_em_situacao_de_rua_nao_foi_apresentada_a_regionalizacao_da_meta_alcancada_536_pessoas_formadas_tendo_em_vista_que_a_concretizacao_da_meta_se_deu_atraves_da_atuacao_do_colaboratorio_nacional_pop_rua_nos_municipios_de_porto_alegre_natal_pernambuco_manaus_maceio_fortaleza_florianopolis_belo_horizonte_belem_bahia_brasilia_parana_rio_de_janeiro_e_sao_paulo_e_ate_o_momento_nao_foi_apresentada_quantidade_exata_de_formacoes_realizadas_em_cada_um_dos_municipios_o_que_ainda_sera_encaminhado_em_relatorio_de_execucao_a_ser': 'Formação sociopolítica e em direitos humanos das pessoas em situação de rua: não foi apresentada a regionalização da meta alcançada (536 pessoas formadas) tendo em vista que a concretização da meta se deu através da atuação do Colaboratório Nacional Pop Rua nos municípios de Porto Alegre, Natal, Pernambuco, Manaus, Maceió, Fortaleza, Florianópolis, Belo Horizonte, Belém, Bahia, Brasília, Paraná, Rio de Janeiro e São Paulo; e até o momento não foi apresentada quantidade exata de formações'}","{'10': 30.0, '25': 75.0, '40': 120.0, '50': 150.0, '0': 407.0, '31_12_2024': 31122024.0}"
d840ee3a-d30c-5bae-ae1f-fd4e8db1a462,c11b9579-45d1-58de-af90-2c8b6bc73152,441,table,0db5d10c-a086-54b7-b434-6f9dafc4a7fd,0f8f742a-87a1-5f22-b297-58bedaaaa58e,Informações do Monitoramento,informacoes_do_monitoramento,table_row,"{'0': 'realizadas em cada um dos municípios, o que ainda será encaminhado em relatório de execução a ser apresentado posteriormente.'}",{}
afe5dffe-63bf-5967-9b3d-bca8f5beab39,c11b9579-45d1-58de-af90-2c8b6bc73152,441,table,16aee04e-c4dd-533b-ace5-f23f9b7962f9,0f8f742a-87a1-5f22-b297-58bedaaaa58e,Informações do Monitoramento,informacoes_do_monitoramento,table_row,"{'0': 'Região', '1': 'Meta prevista Meta prevista Meta prevista Meta prevista Quantidade Data de Sinalização de necessidade'}",{}
7639a7e7-6cd0-53ff-bf40-640436708b4c,c11b9579-45d1-58de-af90-2c8b6bc73152,442,table,b266139e-fa4a-552a-b6c7-ae4f8ca44a9d,b1e325dc-8819-54fd-836f-46021f1bcbbc,Informações do Monitoramento,informacoes_do_monitoramento,table_row,"{'column_1': 'Região Centro- Oeste', 'para_2024__raw': '0', 'para_2025__raw': '0', 'para_2026__raw': '1', 'para_2027__raw': '1', 'alcancada__raw': '0', 'referencia__raw': '31/12/2024', 'revisao_proximo_exercicio': 'Não', 'usuario': 'Não informado'}","{'para_2024': 0.0, 'para_2025': 0.0, 'para_2026': 1.0, 'para_2027': 1.0, 'alcancada': 0.0, 'referencia': 31122024.0}"
da50c66a-c468-540f-8bb4-0ade093ccd84,c11b9579-45d1-58de-af90-2c8b6bc73152,442,table,b266139e-fa4a-552a-b6c7-ae4f8ca44a9d,b1e325dc-8819-54fd-836f-46021f1bcbbc,Informações do Monitoramento,informacoes_do_monitoramento,table_row,"{'column_1': 'Região Nordeste', 'para_2024__raw': '0', 'para_2025__raw': '0', 'para_2026__raw': '1', 'para_2027__raw': '1', 'alcancada__raw': '0', 'referencia__raw': '31/12/2024', 'revisao_proximo_exercicio': 'Não', 'usuario': 'Não informado'}","{'para_2024': 0.0, 'para_2025': 0.0, 'para_2026': 1.0, 'para_2027': 1.0, 'alcancada': 0.0, 'referencia': 31122024.0}"
78119cba-b00f-55d0-9ac7-96783cd76a32,c11b9579-45d1-58de-af90-2c8b6bc73152,442,table,b266139e-fa4a-552a-b6c7-ae4f8ca44a9d,b1e325dc-8819-54fd-836f-46021f1bcbbc,Informações do Monitoramento,informacoes_do_monitoramento,table_row,"{'column_1': 'Região Norte', 'para_2024__raw': '0', 'para_2025__raw': '0', 'para_2026__raw': '0', 'para_2027__raw': '1', 'alcancada__raw': '0', 'referencia__raw': '31/12/2024', 'revisao_proximo_exercicio': 'Não', 'usuario': 'Não informado'}","{'para_2024': 0.0, 'para_2025': 0.0, 'para_2026': 0.0, 'para_2027': 1.0, 'alcancada': 0.0, 'referencia': 31122024.0}"
000a2176-6c61-5fb8-a58d-1dc731a08f51,c11b9579-45d1-58de-af90-2c8b6bc73152,442,table,b266139e-fa4a-552a-b6c7-ae4f8ca44a9d,b1e325dc-8819-54fd-836f-46021f1bcbbc,Informações do Monitoramento,informacoes_do_monitoramento,table_row,"{'column_1': 'Região Sudeste', 'para_2024__raw': '2', 'para_2025__raw': '4', 'para_2026__raw': '4', 'para_2027__raw': '6', 'alcancada__raw': '3', 'referencia__raw': '31/12/2024', 'revisao_proximo_exercicio': 'Não', 'usuario': 'Não informado'}","{'para_2024': 2.0, 'para_2025': 4.0, 'para_2026': 4.0, 'para_2027': 6.0, 'alcancada': 3.0, 'referencia': 31122024.0}"
dbf07f06-38a3-51f5-87d3-0058ba477a95,c11b9579-45d1-58de-af90-2c8b6bc73152,442,table,b266139e-fa4a-552a-b6c7-ae4f8ca44a9d,b1e325dc-8819-54fd-836f-46021f1bcbbc,Informações do Monitoramento,informacoes_do_monitoramento,table_row,"{'column_1': 'Região Sul', 'para_2024__raw': '0', 'para_2025__raw': '0', 'para_2026__raw': '1', 'para_2027__raw': '1', 'alcancada__raw': '0', 'referencia__raw': '31/12/2024', 'revisao_proximo_exercicio': 'Não', 'usuario': 'Não informado'}","{'para_2024': 0.0, 'para_2025': 0.0, 'para_2026': 1.0, 'para_2027': 1.0, 'alcancada': 0.0, 'referencia': 31122024.0}"
a00526bc-e9bc-5954-a038-afc97d410cf9,c11b9579-45d1-58de-af90-2c8b6bc73152,443,table,75bccbd4-9174-5d5a-aa1e-356c4a92fd1c,d5b76c57-da80-531e-8223-88726efea0de,Regionalizações da Meta,regionalizacoes_da_meta,table_row,"{'regiao': 'Região Centro- Oeste', 'meta_prevista_para_2024__raw': '1', 'meta_prevista_para_2025__raw': '2', 'meta_prevista_para_2026__raw': '3', 'meta_prevista_para_2027__raw': '4', 'quantidade_alcancada__raw': '2', 'data_de_referencia__raw': '31/12/2024', 'sinalizacao_de_necessidade_de_revisao_proximo_exercicio': 'Não', 'notas_do_usuario': 'Não informado'}","{'meta_prevista_para_2024': 1.0, 'meta_prevista_para_2025': 2.0, 'meta_prevista_para_2026': 3.0, 'meta_prevista_para_2027': 4.0, 'quantidade_alcancada': 2.0, 'data_de_referencia': 31122024.0}"
818fa930-64db-5232-94d6-9be001a71f6e,c11b9579-45d1-58de-af90-2c8b6bc73152,443,table,75bccbd4-9174-5d5a-aa1e-356c4a92fd1c,d5b76c57-da80-531e-8223-88726efea0de,Regionalizações da Meta,regionalizacoes_da_meta,table_row,"{'regiao': 'Região Nordeste', 'meta_prevista_para_2024__raw': '1', 'meta_prevista_para_2025__raw': '2', 'meta_prevista_para_2026__raw': '6', 'meta_prevista_para_2027__raw': '8', 'quantidade_alcancada__raw': '3', 'data_de_referencia__raw': '31/12/2024', 'sinalizacao_de_necessidade_de_revisao_proximo_exercicio': 'Não', 'notas_do_usuario': 'Não informado'}","{'meta_prevista_para_2024': 1.0, 'meta_prevista_para_2025': 2.0, 'meta_prevista_para_2026': 6.0, 'meta_prevista_para_2027': 8.0, 'quantidade_alcancada': 3.0, 'data_de_referencia': 31122024.0}"
7b65988c-d847-5b0d-b8bc-85de1a1a8a49,c11b9579-45d1-58de-af90-2c8b6bc73152,443,table,75bccbd4-9174-5d5a-aa1e-356c4a92fd1c,d5b76c57-da80-531e-8223-88726efea0de,Regionalizações da Meta,regionalizacoes_da_meta,table_row,"{'regiao': 'Região Norte', 'meta_prevista_para_2024__raw': '1', 'meta_prevista_para_2025__raw': '2', 'meta_prevista_para_2026__raw': '2', 'meta_prevista_para_2027__raw': '2', 'quantidade_alcancada__raw': '2', 'data_de_referencia__raw': '31/12/2024', 'sinalizacao_de_necessidade_de_revisao_proximo_exercicio': 'Não', 'notas_do_usuario': 'Não informado'}","{'meta_prevista_para_2024': 1.0, 'meta_prevista_para_2025': 2.0, 'meta_prevista_para_2026': 2.0, 'meta_prevista_para_2027': 2.0, 'quantidade_alcancada': 2.0, 'data_de_referencia': 31122024.0}"
aa9bbcd6-766b-5bba-b801-93447c666738,c11b9579-45d1-58de-af90-2c8b6bc73152,443,table,75bccbd4-9174-5d5a-aa1e-356c4a92fd1c,d5b76c57-da80-531e-8223-88726efea0de,Regionalizações da Meta,regionalizacoes_da_meta,table_row,"{'regiao': 'Região Sudeste', 'meta_prevista_para_2024__raw': '1', 'meta_prevista_para_2025__raw': '2', 'meta_prevista_para_2026__raw': '15', 'meta_prevista_para_2027__raw': '20', 'quantidade_alcancada__raw': '2', 'data_de_referencia__raw': '31/12/2024', 'sinalizacao_de_necessidade_de_revisao_proximo_exercicio': 'Não', 'notas_do_usuario': 'Não informado'}","{'meta_prevista_para_2024': 1.0, 'meta_prevista_para_2025': 2.0, 'meta_prevista_para_2026': 15.0, 'meta_prevista_para_2027': 20.0, 'quantidade_alcancada': 2.0, 'data_de_referencia': 31122024.0}"
62e64aec-1318-5709-b904-ddde33f47e33,c11b9579-45d1-58de-af90-2c8b6bc73152,443,table,75bccbd4-9174-5d5a-aa1e-356c4a92fd1c,d5b76c57-da80-531e-8223-88726efea0de,Regionalizações da Meta,regionalizacoes_da_meta,table_row,"{'regiao': 'Região Sul', 'meta_prevista_para_2024__raw': '1', 'meta_prevista_para_2025__raw': '2', 'meta_prevista_para_2026__raw': '4', 'meta_prevista_para_2027__raw': '6', 'quantidade_alcancada__raw': '1', 'data_de_referencia__raw': '31/12/2024', 'sinalizacao_de_necessidade_de_revisao_proximo_exercicio': 'Não', 'notas_do_usuario': 'Não informado'}","{'meta_prevista_para_2024': 1.0, 'meta_prevista_para_2025': 2.0, 'meta_prevista_para_2026': 4.0, 'meta_prevista_para_2027': 6.0, 'quantidade_alcancada': 1.0, 'data_de_referencia': 31122024.0}"
8f2e65ed-2231-5e32-9fa0-9cb524fe0042,c11b9579-45d1-58de-af90-2c8b6bc73152,443,table,75bccbd4-9174-5d5a-aa1e-356c4a92fd1c,d5b76c57-da80-531e-8223-88726efea0de,Regionalizações da Meta,regionalizacoes_da_meta,table_row,"{'regiao': 'Brasília', 'meta_prevista_para_2024': '-', 'meta_prevista_para_2025': '-', 'meta_prevista_para_2026': '-', 'meta_prevista_para_2027': '-', 'quantidade_alcancada__raw': '1', 'data_de_referencia__raw': '31/12/2024', 'sinalizacao_de_necessidade_de_revisao_proximo_exercicio': 'Não', 'notas_do_usuario': 'Não informado'}","{'quantidade_alcancada': 1.0, 'data_de_referencia': 31122024.0}"
79d3c102-ec0e-5d71-bfef-80cf96a3fc37,c11b9579-45d1-58de-af90-2c8b6bc73152,444,table,af7ce9b5-e1ae-54b9-9222-3d0921b9cf3b,6458be47-1074-5812-80ea-e060b244f6f2,Informações do Monitoramento,informacoes_do_monitoramento,table_row,"{'regiao': 'Região Centro- Oeste', 'meta_prevista_para_2024__raw': '1', 'meta_prevista_para_2025__raw': '2', 'meta_prevista_para_2026__raw': '3', 'meta_prevista_para_2027__raw': '4', 'quantidade_alcancada__raw': '1', 'data_de_referencia__raw': '31/12/2024', 'sinalizacao_de_necessidade_de_revisao_proximo_exercicio': 'Não', 'notas_do_usuario': 'Não informado'}","{'meta_prevista_para_2024': 1.0, 'meta_prevista_para_2025': 2.0, 'meta_prevista_para_2026': 3.0, 'meta_prevista_para_2027': 4.0, 'quantidade_alcancada': 1.0, 'data_de_referencia': 31122024.0}"
bfad104c-decc-5d94-9c0b-ae5197d532ea,c11b9579-45d1-58de-af90-2c8b6bc73152,444,table,af7ce9b5-e1ae-54b9-9222-3d0921b9cf3b,6458be47-1074-5812-80ea-e060b244f6f2,Informações do Monitoramento,informacoes_do_monitoramento,table_row,"{'regiao': 'Região Nordeste', 'meta_prevista_para_2024__raw': '1', 'meta_prevista_para_2025__raw': '2', 'meta_prevista_para_2026__raw': '6', 'meta_prevista_para_2027__raw': '8', 'quantidade_alcancada__raw': '0', 'data_de_referencia__raw': '31/12/2024', 'sinalizacao_de_necessidade_de_revisao_proximo_exercicio': 'Não', 'notas_do_usuario': 'Não informado'}","{'meta_prevista_para_2024': 1.0, 'meta_prevista_para_2025': 2.0, 'meta_prevista_para_2026': 6.0, 'meta_prevista_para_2027': 8.0, 'quantidade_alcancada': 0.0, 'data_de_referencia': 31122024.0}"
7845235e-030e-520f-83d3-bb816809b3ca,c11b9579-45d1-58de-af90-2c8b6bc73152,444,table,af7ce9b5-e1ae-54b9-9222-3d0921b9cf3b,6458be47-1074-5812-80ea-e060b244f6f2,Informações do Monitoramento,informacoes_do_monitoramento,table_row,"{'regiao': 'Região Norte', 'meta_prevista_para_2024__raw': '1', 'meta_prevista_para_2025__raw': '2', 'meta_prevista_para_2026__raw': '2', 'meta_prevista_para_2027__raw': '2', 'quantidade_alcancada__raw': '1', 'data_de_referencia__raw': '31/12/2024', 'sinalizacao_de_necessidade_de_revisao_proximo_exercicio': 'Não', 'notas_do_usuario': 'Não informado'}","{'meta_prevista_para_2024': 1.0, 'meta_prevista_para_2025': 2.0, 'meta_prevista_para_2026': 2.0, 'meta_prevista_para_2027': 2.0, 'quantidade_alcancada': 1.0, 'data_de_referencia': 31122024.0}"
81f12544-cf22-5089-91c5-3e16ffe67a27,c11b9579-45d1-58de-af90-2c8b6bc73152,444,table,af7ce9b5-e1ae-54b9-9222-3d0921b9cf3b,6458be47-1074-5812-80ea-e060b244f6f2,Informações do Monitoramento,informacoes_do_monitoramento,table_row,"{'regiao': 'Região Sudeste', 'meta_prevista_para_2024__raw': '1', 'meta_prevista_para_2025__raw': '2', 'meta_prevista_para_2026__raw': '15', 'meta_prevista_para_2027__raw': '20', 'quantidade_alcancada__raw': '2', 'data_de_referencia__raw': '31/12/2024', 'sinalizacao_de_necessidade_de_revisao_proximo_exercicio': 'Não', 'notas_do_usuario': 'Não informado'}","{'meta_prevista_para_2024': 1.0, 'meta_prevista_para_2025': 2.0, 'meta_prevista_para_2026': 15.0, 'meta_prevista_para_2027': 20.0, 'quantidade_alcancada': 2.0, 'data_de_referencia': 31122024.0}"
3a34ed70-58ab-5359-ae02-adad5ce26731,c11b9579-45d1-58de-af90-2c8b6bc73152,444,table,af7ce9b5-e1ae-54b9-9222-3d0921b9cf3b,6458be47-1074-5812-80ea-e060b244f6f2,Informações do Monitoramento,informacoes_do_monitoramento,table_row,"{'regiao': 'Região Sul', 'meta_prevista_para_2024__raw': '1', 'meta_prevista_para_2025__raw': '2', 'meta_prevista_para_2026__raw': '4', 'meta_prevista_para_2027__raw': '6', 'quantidade_alcancada__raw': '0', 'data_de_referencia__raw': '31/12/2024', 'sinalizacao_de_necessidade_de_revisao_proximo_exercicio': 'Não', 'notas_do_usuario': 'Não informado'}","{'meta_prevista_para_2024': 1.0, 'meta_prevista_para_2025': 2.0, 'meta_prevista_para_2026': 4.0, 'meta_prevista_para_2027': 6.0, 'quantidade_alcancada': 0.0, 'data_de_referencia': 31122024.0}"
7310f355-e968-5c8f-8789-7216afdb0ad5,c11b9579-45d1-58de-af90-2c8b6bc73152,446,table,2ec47890-ed86-5b24-ab95-722f478b2e5f,0145cd56-a128-5ce2-8f99-d93246e33889,Regionalizações da Meta,regionalizacoes_da_meta,table_row,"{'regiao': 'Região Centro- Oeste', 'meta_prevista_para_2024__raw': '0', 'meta_prevista_para_2025__raw': '0', 'meta_prevista_para_2026__raw': '1', 'meta_prevista_para_2027__raw': '1', 'quantidade_alcancada__raw': '0', 'data_de_referencia__raw': '31/12/2024', 'sinalizacao_de_necessidade_de_revisao_proximo_exercicio': 'Não', 'notas_do_usuario': 'Não informado'}","{'meta_prevista_para_2024': 0.0, 'meta_prevista_para_2025': 0.0, 'meta_prevista_para_2026': 1.0, 'meta_prevista_para_2027': 1.0, 'quantidade_alcancada': 0.0, 'data_de_referencia': 31122024.0}"
6d763fd8-b74c-56c2-bb48-03ca34b20822,c11b9579-45d1-58de-af90-2c8b6bc73152,446,table,2ec47890-ed86-5b24-ab95-722f478b2e5f,0145cd56-a128-5ce2-8f99-d93246e33889,Regionalizações da Meta,regionalizacoes_da_meta,table_row,"{'regiao': 'Região Nordeste', 'meta_prevista_para_2024__raw': '0', 'meta_prevista_para_2025__raw': '0', 'meta_prevista_para_2026__raw': '1', 'meta_prevista_para_2027__raw': '1', 'quantidade_alcancada__raw': '0', 'data_de_referencia__raw': '31/12/2024', 'sinalizacao_de_necessidade_de_revisao_proximo_exercicio': 'Não', 'notas_do_usuario': 'Não informado'}","{'meta_prevista_para_2024': 0.0, 'meta_prevista_para_2025': 0.0, 'meta_prevista_para_2026': 1.0, 'meta_prevista_para_2027': 1.0, 'quantidade_alcancada': 0.0, 'data_de_referencia': 31122024.0}"
02501fa3-1105-51ae-bbb8-a6e1d9857eab,c11b9579-45d1-58de-af90-2c8b6bc73152,446,table,2ec47890-ed86-5b24-ab95-722f478b2e5f,0145cd56-a128-5ce2-8f99-d93246e33889,Regionalizações da Meta,regionalizacoes_da_meta,table_row,"{'regiao': 'Região Norte', 'meta_prevista_para_2024__raw': '0', 'meta_prevista_para_2025__raw': '0', 'meta_prevista_para_2026__raw': '1', 'meta_prevista_para_2027__raw': '1', 'quantidade_alcancada__raw': '0', 'data_de_referencia__raw': '31/12/2024', 'sinalizacao_de_necessidade_de_revisao_proximo_exercicio': 'Não', 'notas_do_usuario': 'Não informado'}","{'meta_prevista_para_2024': 0.0, 'meta_prevista_para_2025': 0.0, 'meta_prevista_para_2026': 1.0, 'meta_prevista_para_2027': 1.0, 'quantidade_alcancada': 0.0, 'data_de_referencia': 31122024.0}"
9451d89c-71b8-5386-a75b-ba1a4dff0749,c11b9579-45d1-58de-af90-2c8b6bc73152,446,table,2ec47890-ed86-5b24-ab95-722f478b2e5f,0145cd56-a128-5ce2-8f99-d93246e33889,Regionalizações da Meta,regionalizacoes_da_meta,table_row,"{'regiao': 'Região Sudeste', 'meta_prevista_para_2024__raw': '1', 'meta_prevista_para_2025__raw': '2', 'meta_prevista_para_2026__raw': '3', 'meta_prevista_para_2027__raw': '5', 'quantidade_alcancada__raw': '0', 'data_de_referencia__raw': '31/12/2024', 'sinalizacao_de_necessidade_de_revisao_proximo_exercicio': 'Não', 'notas_do_usuario': 'Não informado'}","{'meta_prevista_para_2024': 1.0, 'meta_prevista_para_2025': 2.0, 'meta_prevista_para_2026': 3.0, 'meta_prevista_para_2027': 5.0, 'quantidade_alcancada': 0.0, 'data_de_referencia': 31122024.0}"
bf21829e-159c-51d6-a3ba-572321b739c3,c11b9579-45d1-58de-af90-2c8b6bc73152,446,table,2ec47890-ed86-5b24-ab95-722f478b2e5f,0145cd56-a128-5ce2-8f99-d93246e33889,Regionalizações da Meta,regionalizacoes_da_meta,table_row,"{'regiao': 'Região Sul', 'meta_prevista_para_2024__raw': '0', 'meta_prevista_para_2025__raw': '0', 'meta_prevista_para_2026__raw': '1', 'meta_prevista_para_2027__raw': '1', 'quantidade_alcancada__raw': '0', 'data_de_referencia__raw': '31/12/2024', 'sinalizacao_de_necessidade_de_revisao_proximo_exercicio': 'Não', 'notas_do_usuario': 'Não informado'}","{'meta_prevista_para_2024': 0.0, 'meta_prevista_para_2025': 0.0, 'meta_prevista_para_2026': 1.0, 'meta_prevista_para_2027': 1.0, 'quantidade_alcancada': 0.0, 'data_de_referencia': 31122024.0}"
dda62df0-23c5-5b28-8f81-e93264328271,c11b9579-45d1-58de-af90-2c8b6bc73152,447,table,8dd93f4a-dcc9-5fb4-928d-b74a51f52df9,e2b2040c-e2a9-5b36-a0ac-5eb3d9713923,Regionalizações da Meta,regionalizacoes_da_meta,table_row,"{'regiao': 'Região Sudeste', 'meta_prevista_para_2024__raw': '4', 'meta_prevista_para_2025__raw': '7', 'meta_prevista_para_2026__raw': '15', 'meta_prevista_para_2027__raw': '19', 'quantidade_alcancada__raw': '1', 'data_de_referencia__raw': '31/12/2024', 'sinalizacao_de_necessidade_de_revisao_proximo_exercicio': 'Não', 'notas_do_usuario': 'Não informado'}","{'meta_prevista_para_2024': 4.0, 'meta_prevista_para_2025': 7.0, 'meta_prevista_para_2026': 15.0, 'meta_prevista_para_2027': 19.0, 'quantidade_alcancada': 1.0, 'data_de_referencia': 31122024.0}"
d99161e0-c820-5d7e-8a43-3e1ae9bf8a76,c11b9579-45d1-58de-af90-2c8b6bc73152,447,table,8dd93f4a-dcc9-5fb4-928d-b74a51f52df9,e2b2040c-e2a9-5b36-a0ac-5eb3d9713923,Regionalizações da Meta,regionalizacoes_da_meta,table_row,"{'regiao': 'Região Sul', 'meta_prevista_para_2024__raw': '2', 'meta_prevista_para_2025__raw': '3', 'meta_prevista_para_2026__raw': '5', 'meta_prevista_para_2027__raw': '6', 'quantidade_alcancada__raw': '1', 'data_de_referencia__raw': '31/12/2024', 'sinalizacao_de_necessidade_de_revisao_proximo_exercicio': 'Não', 'notas_do_usuario': 'Não informado'}","{'meta_prevista_para_2024': 2.0, 'meta_prevista_para_2025': 3.0, 'meta_prevista_para_2026': 5.0, 'meta_prevista_para_2027': 6.0, 'quantidade_alcancada': 1.0, 'data_de_referencia': 31122024.0}"
90a760f3-9293-5c91-b08e-5c0fb5fc08c0,c11b9579-45d1-58de-af90-2c8b6bc73152,449,table,e2a64eba-9047-5773-a998-c6ca9a5ffb2d,2ac60279-99e5-5eb7-a31b-fbcdf56a4d7f,Regionalizações da Meta,regionalizacoes_da_meta,table_row,"{'regiao': 'Região Centro- Oeste', 'meta_prevista_para_2024__raw': '1', 'meta_prevista_para_2025__raw': '1', 'meta_prevista_para_2026__raw': '2', 'meta_prevista_para_2027__raw': '2', 'quantidade_alcancada__raw': '0', 'data_de_referencia__raw': '16/01/2025', 'sinalizacao_de_necessidade_de_revisao_proximo_exercicio': 'Não', 'notas_do_usuario': 'Não informado'}","{'meta_prevista_para_2024': 1.0, 'meta_prevista_para_2025': 1.0, 'meta_prevista_para_2026': 2.0, 'meta_prevista_para_2027': 2.0, 'quantidade_alcancada': 0.0, 'data_de_referencia': 16012025.0}"
0a728ba0-b4ba-5ce4-9da5-4f5cb11b094e,c11b9579-45d1-58de-af90-2c8b6bc73152,449,table,e2a64eba-9047-5773-a998-c6ca9a5ffb2d,2ac60279-99e5-5eb7-a31b-fbcdf56a4d7f,Regionalizações da Meta,regionalizacoes_da_meta,table_row,"{'regiao': 'Região Nordeste', 'meta_prevista_para_2024__raw': '1', 'meta_prevista_para_2025__raw': '2', 'meta_prevista_para_2026__raw': '4', 'meta_prevista_para_2027__raw': '5', 'quantidade_alcancada__raw': '0', 'data_de_referencia__raw': '16/01/2025', 'sinalizacao_de_necessidade_de_revisao_proximo_exercicio': 'Não', 'notas_do_usuario': 'Não informado'}","{'meta_prevista_para_2024': 1.0, 'meta_prevista_para_2025': 2.0, 'meta_prevista_para_2026': 4.0, 'meta_prevista_para_2027': 5.0, 'quantidade_alcancada': 0.0, 'data_de_referencia': 16012025.0}"
791862b7-2a48-55a5-bd9e-a754fba9f94e,c11b9579-45d1-58de-af90-2c8b6bc73152,449,table,e2a64eba-9047-5773-a998-c6ca9a5ffb2d,2ac60279-99e5-5eb7-a31b-fbcdf56a4d7f,Regionalizações da Meta,regionalizacoes_da_meta,table_row,"{'regiao': 'Região Norte', 'meta_prevista_para_2024__raw': '1', 'meta_prevista_para_2025__raw': '1', 'meta_prevista_para_2026__raw': '2', 'meta_prevista_para_2027__raw': '2', 'quantidade_alcancada__raw': '0', 'data_de_referencia__raw': '16/01/2025', 'sinalizacao_de_necessidade_de_revisao_proximo_exercicio': 'Não', 'notas_do_usuario': 'Não informado'}","{'meta_prevista_para_2024': 1.0, 'meta_prevista_para_2025': 1.0, 'meta_prevista_para_2026': 2.0, 'meta_prevista_para_2027': 2.0, 'quantidade_alcancada': 0.0, 'data_de_referencia': 16012025.0}"
f82b6c67-a2f4-562b-b2d0-573dc35a2e91,c11b9579-45d1-58de-af90-2c8b6bc73152,449,table,e2a64eba-9047-5773-a998-c6ca9a5ffb2d,2ac60279-99e5-5eb7-a31b-fbcdf56a4d7f,Regionalizações da Meta,regionalizacoes_da_meta,table_row,"{'regiao': 'Região Sudeste', 'meta_prevista_para_2024__raw': '1', 'meta_prevista_para_2025__raw': '5', 'meta_prevista_para_2026__raw': '8', 'meta_prevista_para_2027__raw': '12', 'quantidade_alcancada__raw': '0', 'data_de_referencia__raw': '16/01/2025', 'sinalizacao_de_necessidade_de_revisao_proximo_exercicio': 'Não', 'notas_do_usuario': 'Não informado'}","{'meta_prevista_para_2024': 1.0, 'meta_prevista_para_2025': 5.0, 'meta_prevista_para_2026': 8.0, 'meta_prevista_para_2027': 12.0, 'quantidade_alcancada': 0.0, 'data_de_referencia': 16012025.0}"
4b5dfc36-039c-50b0-8945-1e90c36d0464,c11b9579-45d1-58de-af90-2c8b6bc73152,449,table,e2a64eba-9047-5773-a998-c6ca9a5ffb2d,2ac60279-99e5-5eb7-a31b-fbcdf56a4d7f,Regionalizações da Meta,regionalizacoes_da_meta,table_row,"{'regiao': 'Região Sul', 'meta_prevista_para_2024__raw': '1', 'meta_prevista_para_2025__raw': '2', 'meta_prevista_para_2026__raw': '3', 'meta_prevista_para_2027__raw': '4', 'quantidade_alcancada__raw': '0', 'data_de_referencia__raw': '16/01/2025', 'sinalizacao_de_necessidade_de_revisao_proximo_exercicio': 'Não', 'notas_do_usuario': 'Não informado'}","{'meta_prevista_para_2024': 1.0, 'meta_prevista_para_2025': 2.0, 'meta_prevista_para_2026': 3.0, 'meta_prevista_para_2027': 4.0, 'quantidade_alcancada': 0.0, 'data_de_referencia': 16012025.0}"
80ed242d-3802-5874-bc5b-a6444db843c5,c11b9579-45d1-58de-af90-2c8b6bc73152,450,table,35984b86-6fa1-5b32-90ad-0723fc144768,dd374dce-5617-5096-9a3c-c089ca2ee19c,Informações do Monitoramento,informacoes_do_monitoramento,table_row,"{'regiao': 'Região Centro- Oeste', 'meta_prevista_para_2024__raw': '1', 'meta_prevista_para_2025__raw': '2', 'meta_prevista_para_2026__raw': '2', 'meta_prevista_para_2027__raw': '2', 'quantidade_alcancada__raw': '0', 'data_de_referencia__raw': '31/12/2024', 'sinalizacao_de_necessidade_de_revisao_proximo_exercicio': 'Não', 'notas_do_usuario': 'Os ajustes foram realizados de acordo com as informações da Secretaria Nacional de Economia Popular e Solidária (Senaes/MTE), conforme registrado no processo SEI 19955.200480/2025-12.'}","{'meta_prevista_para_2024': 1.0, 'meta_prevista_para_2025': 2.0, 'meta_prevista_para_2026': 2.0, 'meta_prevista_para_2027': 2.0, 'quantidade_alcancada': 0.0, 'data_de_referencia': 31122024.0}"
2ca631b4-1b46-5ed5-9059-c0ed6b758a09,c11b9579-45d1-58de-af90-2c8b6bc73152,450,table,35984b86-6fa1-5b32-90ad-0723fc144768,dd374dce-5617-5096-9a3c-c089ca2ee19c,Informações do Monitoramento,informacoes_do_monitoramento,table_row,"{'regiao': 'Região Nordeste', 'meta_prevista_para_2024__raw': '1', 'meta_prevista_para_2025__raw': '2', 'meta_prevista_para_2026__raw': '3', 'meta_prevista_para_2027__raw': '5', 'quantidade_alcancada__raw': '0', 'data_de_referencia__raw': '31/12/2024', 'sinalizacao_de_necessidade_de_revisao_proximo_exercicio': 'Não', 'notas_do_usuario': 'Os ajustes foram realizados de acordo com as informações da Secretaria Nacional de Economia Popular e Solidária (Senaes/MTE), conforme registrado no processo SEI 19955.200480/2025-12.'}","{'meta_prevista_para_2024': 1.0, 'meta_prevista_para_2025': 2.0, 'meta_prevista_para_2026': 3.0, 'meta_prevista_para_2027': 5.0, 'quantidade_alcancada': 0.0, 'data_de_referencia': 31122024.0}"
aa238664-939c-5a2d-aef9-823ddddc4f3a,c11b9579-45d1-58de-af90-2c8b6bc73152,450,table,35984b86-6fa1-5b32-90ad-0723fc144768,dd374dce-5617-5096-9a3c-c089ca2ee19c,Informações do Monitoramento,informacoes_do_monitoramento,table_row,"{'regiao': 'Região Norte', 'meta_prevista_para_2024__raw': '1', 'meta_prevista_para_2025__raw': '2', 'meta_prevista_para_2026__raw': '2', 'meta_prevista_para_2027__raw': '2', 'quantidade_alcancada__raw': '0', 'data_de_referencia__raw': '31/12/2024', 'sinalizacao_de_necessidade_de_revisao_proximo_exercicio': 'Não', 'notas_do_usuario': 'Os ajustes foram realizados de acordo com as informações da Secretaria Nacional de Economia Popular e Solidária (Senaes/MTE), conforme registrado no processo SEI 19955.200480/2025-12.'}","{'meta_prevista_para_2024': 1.0, 'meta_prevista_para_2025': 2.0, 'meta_prevista_para_2026': 2.0, 'meta_prevista_para_2027': 2.0, 'quantidade_alcancada': 0.0, 'data_de_referencia': 31122024.0}"
b7d27edf-05d2-57d7-aa26-5aeea2f414e7,c11b9579-45d1-58de-af90-2c8b6bc73152,450,table,35984b86-6fa1-5b32-90ad-0723fc144768,dd374dce-5617-5096-9a3c-c089ca2ee19c,Informações do Monitoramento,informacoes_do_monitoramento,table_row,"{'regiao': 'Região Sudeste', 'meta_prevista_para_2024__raw': '2', 'meta_prevista_para_2025__raw': '2', 'meta_prevista_para_2026__raw': '5', 'meta_prevista_para_2027__raw': '6', 'quantidade_alcancada__raw': '0', 'data_de_referencia__raw': '31/12/2024', 'sinalizacao_de_necessidade_de_revisao_proximo_exercicio': 'Não', 'notas_do_usuario': 'Os ajustes foram realizados de acordo com as informações da Secretaria Nacional de Economia Popular e Solidária (Senaes/MTE), conforme registrado no processo SEI 19955.200480/2025-12.'}","{'meta_prevista_para_2024': 2.0, 'meta_prevista_para_2025': 2.0, 'meta_prevista_para_2026': 5.0, 'meta_prevista_para_2027': 6.0, 'quantidade_alcancada': 0.0, 'data_de_referencia': 31122024.0}"
2afcf9c3-f1fc-5bc2-81d7-3bd7790ce04f,c11b9579-45d1-58de-af90-2c8b6bc73152,450,table,35984b86-6fa1-5b32-90ad-0723fc144768,dd374dce-5617-5096-9a3c-c089ca2ee19c,Informações do Monitoramento,informacoes_do_monitoramento,table_row,"{'regiao': 'Região Sul', 'meta_prevista_para_2024__raw': '1', 'meta_prevista_para_2025__raw': '3', 'meta_prevista_para_2026__raw': '5', 'meta_prevista_para_2027__raw': '5', 'quantidade_alcancada__raw': '0', 'data_de_referencia__raw': '31/12/2024', 'sinalizacao_de_necessidade_de_revisao_proximo_exercicio': 'Não', 'notas_do_usuario': 'Os ajustes foram realizados de acordo com as informações da Secretaria Nacional de Economia Popular e Solidária (Senaes/MTE), conforme registrado no processo SEI 19955.200480/2025-12.'}","{'meta_prevista_para_2024': 1.0, 'meta_prevista_para_2025': 3.0, 'meta_prevista_para_2026': 5.0, 'meta_prevista_para_2027': 5.0, 'quantidade_alcancada': 0.0, 'data_de_referencia': 31122024.0}"
65956c6d-5bd3-50eb-a93b-186d91112450,c11b9579-45d1-58de-af90-2c8b6bc73152,451,table,86f6cd7a-4560-53ab-b63e-7dd3b8fc8fe0,862f4446-625f-5b15-b698-7a234925de62,Informações do Monitoramento,informacoes_do_monitoramento,table_row,"{'regiao': 'Região Centro- Oeste', 'meta_prevista_para_2024__raw': '10', 'meta_prevista_para_2025__raw': '10', 'meta_prevista_para_2026__raw': '10', 'meta_prevista_para_2027__raw': '20', 'quantidade_alcancada__raw': '0', 'data_de_referencia__raw': '31/12/2024', 'sinalizacao_de_necessidade_de_revisao_proximo_exercicio': 'Não', 'notas_do_usuario': 'Os ajustes foram realizados de acordo com as informações da Secretaria Nacional de Economia Popular e Solidária (Senaes/MTE), conforme registrado no processo SEI 19955.200480/2025-12.'}","{'meta_prevista_para_2024': 10.0, 'meta_prevista_para_2025': 10.0, 'meta_prevista_para_2026': 10.0, 'meta_prevista_para_2027': 20.0, 'quantidade_alcancada': 0.0, 'data_de_referencia': 31122024.0}"
7763e293-928d-5526-93a6-0ec011460009,c11b9579-45d1-58de-af90-2c8b6bc73152,451,table,86f6cd7a-4560-53ab-b63e-7dd3b8fc8fe0,862f4446-625f-5b15-b698-7a234925de62,Informações do Monitoramento,informacoes_do_monitoramento,table_row,"{'regiao': 'Região Nordeste', 'meta_prevista_para_2024__raw': '10', 'meta_prevista_para_2025__raw': '25', 'meta_prevista_para_2026__raw': '30', 'meta_prevista_para_2027__raw': '60', 'quantidade_alcancada__raw': '0', 'data_de_referencia__raw': '31/12/2024', 'sinalizacao_de_necessidade_de_revisao_proximo_exercicio': 'Não', 'notas_do_usuario': 'Os ajustes foram realizados de acordo com as informações da Secretaria Nacional de Economia Popular e Solidária (Senaes/MTE), conforme registrado no processo SEI 19955.200480/2025-12.'}","{'meta_prevista_para_2024': 10.0, 'meta_prevista_para_2025': 25.0, 'meta_prevista_para_2026': 30.0, 'meta_prevista_para_2027': 60.0, 'quantidade_alcancada': 0.0, 'data_de_referencia': 31122024.0}"
2791ca2f-2e95-5c57-aa81-01370ffd84c2,c11b9579-45d1-58de-af90-2c8b6bc73152,451,table,86f6cd7a-4560-53ab-b63e-7dd3b8fc8fe0,862f4446-625f-5b15-b698-7a234925de62,Informações do Monitoramento,informacoes_do_monitoramento,table_row,"{'regiao': 'Região Norte', 'meta_prevista_para_2024__raw': '10', 'meta_prevista_para_2025__raw': '10', 'meta_prevista_para_2026__raw': '10', 'meta_prevista_para_2027__raw': '20', 'quantidade_alcancada__raw': '0', 'data_de_referencia__raw': '31/12/2024', 'sinalizacao_de_necessidade_de_revisao_proximo_exercicio': 'Não', 'notas_do_usuario': 'Os ajustes foram realizados de acordo com as'}","{'meta_prevista_para_2024': 10.0, 'meta_prevista_para_2025': 10.0, 'meta_prevista_para_2026': 10.0, 'meta_prevista_para_2027': 20.0, 'quantidade_alcancada': 0.0, 'data_de_referencia': 31122024.0}"
7835f304-6cac-50cd-aa5f-8ea5db14486d,c11b9579-45d1-58de-af90-2c8b6bc73152,452,table,9a083348-fca0-5608-80cb-80fe3eeac316,6fa28895-ead7-5f67-b027-212fb8281d9b,Entrega: 1721 - Profissionais do SAMU 192 capacitados em atenção às urgências e emergências da população em situação de rua,entrega_1721_profissionais_do_samu_192_capacitados_em_atencao_as_urgencias_e_emergencias_da_populacao_em_situacao_de_rua,table_row,"{'column_1': 'Região Sudeste', 'column_2__raw': '10', 'column_3__raw': '25', 'column_4__raw': '30', 'column_5__raw': '60', 'column_6__raw': '0', 'column_7__raw': '31/12/2024', 'column_8': 'Não', 'informacoes_da_secretaria_nacional_de_economia_popular_e_solidaria_senaes_mte_conforme_registrado_no_processo_sei_19955200480_2025_12': 'Os ajustes foram realizados de acordo com as informações da Secretaria Nacional de Economia Popular e Solidária (Senaes/MTE), conforme registrado no processo SEI 19955.200480/2025-12.'}","{'column_2': 10.0, 'column_3': 25.0, 'column_4': 30.0, 'column_5': 60.0, 'column_6': 0.0, 'column_7': 31122024.0}"
bb1424a7-f2b2-57e1-a6fb-467193e565f7,c11b9579-45d1-58de-af90-2c8b6bc73152,452,table,9a083348-fca0-5608-80cb-80fe3eeac316,6fa28895-ead7-5f67-b027-212fb8281d9b,Entrega: 1721 - Profissionais do SAMU 192 capacitados em atenção às urgências e emergências da população em situação de rua,entrega_1721_profissionais_do_samu_192_capacitados_em_atencao_as_urgencias_e_emergencias_da_populacao_em_situacao_de_rua,table_row,"{'column_1': 'Região Sul', 'column_2__raw': '10', 'column_3__raw': '25', 'column_4__raw': '30', 'column_5__raw': '40', 'column_6__raw': '0', 'column_7__raw': '31/12/2024', 'column_8': 'Não', 'informacoes_da_secretaria_nacional_de_economia_popular_e_solidaria_senaes_mte_conforme_registrado_no_processo_sei_19955200480_2025_12': 'Os ajustes foram realizados de acordo com as informações da Secretaria Nacional de Economia Popular e Solidária (Senaes/MTE), conforme registrado no processo SEI 19955.200480/2025-12.'}","{'column_2': 10.0, 'column_3': 25.0, 'column_4': 30.0, 'column_5': 40.0, 'column_6': 0.0, 'column_7': 31122024.0}"
3612c9f3-55ad-5fc6-a71f-1e560d48d404,c11b9579-45d1-58de-af90-2c8b6bc73152,454,table,1bb9da2d-5a9f-5276-8f7c-9c123834b7d2,a5153dd6-1ed8-5d49-b119-128c568f54c8,Informações do Monitoramento,informacoes_do_monitoramento,table_row,"{'regiao': 'Região Centro- Oeste', 'meta_prevista_para_2024': '-', 'meta_prevista_para_2025': '-', 'meta_prevista_para_2026': '-', 'meta_prevista_para_2027': '-', 'quantidade_alcancada__raw': '0', 'data_de_referencia__raw': '31/12/2024', 'sinalizacao_de_necessidade_de_revisao_proximo_exercicio': 'Não', 'notas_do_usuario': 'Não informado'}","{'quantidade_alcancada': 0.0, 'data_de_referencia': 31122024.0}"
b4036e1a-9989-5dae-8090-919a22b03465,c11b9579-45d1-58de-af90-2c8b6bc73152,454,table,1bb9da2d-5a9f-5276-8f7c-9c123834b7d2,a5153dd6-1ed8-5d49-b119-128c568f54c8,Informações do Monitoramento,informacoes_do_monitoramento,table_row,"{'regiao': 'Região Sudeste', 'meta_prevista_para_2024': '-', 'meta_prevista_para_2025': '-', 'meta_prevista_para_2026': '-', 'meta_prevista_para_2027': '-', 'quantidade_alcancada__raw': '0', 'data_de_referencia__raw': '31/12/2024', 'sinalizacao_de_necessidade_de_revisao_proximo_exercicio': 'Não', 'notas_do_usuario': 'Não informado'}","{'quantidade_alcancada': 0.0, 'data_de_referencia': 31122024.0}"
9e5285e1-a042-5b14-8a2e-bd173b98e683,c11b9579-45d1-58de-af90-2c8b6bc73152,455,table,18c4d906-245e-5ad8-b5f3-c3f3b4bcf9cd,c36f2aa3-6632-5fa2-9693-22d18d183f69,Sinalização de necessidade de revisão - próximo exercício: Sim,sinalizacao_de_necessidade_de_revisao_proximo_exercicio_sim,table_row,{'0': 'Quantitativa:: Sim'},{}
0c23ada5-dec3-5939-b820-48813cf1b12f,c11b9579-45d1-58de-af90-2c8b6bc73152,455,table,18c4d906-245e-5ad8-b5f3-c3f3b4bcf9cd,c36f2aa3-6632-5fa2-9693-22d18d183f69,Sinalização de necessidade de revisão - próximo exercício: Sim,sinalizacao_de_necessidade_de_revisao_proximo_exercicio_sim,table_row,{'0': 'Meta prevista para 2024: 30'},{}
80916b85-8798-52c3-b411-1711d14ba5ae,c11b9579-45d1-58de-af90-2c8b6bc73152,455,table,18c4d906-245e-5ad8-b5f3-c3f3b4bcf9cd,c36f2aa3-6632-5fa2-9693-22d18d183f69,Sinalização de necessidade de revisão - próximo exercício: Sim,sinalizacao_de_necessidade_de_revisao_proximo_exercicio_sim,table_row,{'0': 'Meta prevista para 2025: 60'},{}
01413fed-20d8-5974-af09-5e812e7c325f,c11b9579-45d1-58de-af90-2c8b6bc73152,460,table,765fffb5-7622-584b-805b-bf1e5f815243,916fe5b4-1177-58d0-a58d-ab30b2062928,Informações do Monitoramento,informacoes_do_monitoramento,table_row,"{'regiao': 'Região Centro- Oeste', 'meta_prevista_para_2024__raw': '15', 'meta_prevista_para_2025__raw': '30', 'meta_prevista_para_2026__raw': '45', 'meta_prevista_para_2027__raw': '60', 'quantidade_alcancada__raw': '3', 'data_de_referencia__raw': '31/12/2024', 'sinalizacao_de_necessidade_de_revisao_proximo_exercicio': 'Sim', 'notas_do_usuario': 'Alteração efetuda conforme e- mail MDHC 19 e 20/03/2025.'}","{'meta_prevista_para_2024': 15.0, 'meta_prevista_para_2025': 30.0, 'meta_prevista_para_2026': 45.0, 'meta_prevista_para_2027': 60.0, 'quantidade_alcancada': 3.0, 'data_de_referencia': 31122024.0}"
2be33286-fae5-54eb-9f38-2ad1dcf7d541,c11b9579-45d1-58de-af90-2c8b6bc73152,460,table,765fffb5-7622-584b-805b-bf1e5f815243,916fe5b4-1177-58d0-a58d-ab30b2062928,Informações do Monitoramento,informacoes_do_monitoramento,table_row,"{'regiao': 'Região Nordeste', 'meta_prevista_para_2024__raw': '25', 'meta_prevista_para_2025__raw': '50', 'meta_prevista_para_2026__raw': '75', 'meta_prevista_para_2027__raw': '100', 'quantidade_alcancada__raw': '35', 'data_de_referencia__raw': '31/12/2024', 'sinalizacao_de_necessidade_de_revisao_proximo_exercicio': 'Sim', 'notas_do_usuario': 'Alteração efetuada conforme e-mail MDHC de 19 e 20/03/2025.'}","{'meta_prevista_para_2024': 25.0, 'meta_prevista_para_2025': 50.0, 'meta_prevista_para_2026': 75.0, 'meta_prevista_para_2027': 100.0, 'quantidade_alcancada': 35.0, 'data_de_referencia': 31122024.0}"
14083318-3fdf-5143-9c7b-12f69e9dd91e,c11b9579-45d1-58de-af90-2c8b6bc73152,460,table,765fffb5-7622-584b-805b-bf1e5f815243,916fe5b4-1177-58d0-a58d-ab30b2062928,Informações do Monitoramento,informacoes_do_monitoramento,table_row,"{'regiao': 'Região Norte', 'meta_prevista_para_2024__raw': '25', 'meta_prevista_para_2025__raw': '50', 'meta_prevista_para_2026__raw': '75', 'meta_prevista_para_2027__raw': '100', 'quantidade_alcancada__raw': '7', 'data_de_referencia__raw': '31/12/2024', 'sinalizacao_de_necessidade_de_revisao_proximo_exercicio': 'Sim', 'notas_do_usuario': 'Alteração efetuada conforme e-mail 19 e 20/03/2025.'}","{'meta_prevista_para_2024': 25.0, 'meta_prevista_para_2025': 50.0, 'meta_prevista_para_2026': 75.0, 'meta_prevista_para_2027': 100.0, 'quantidade_alcancada': 7.0, 'data_de_referencia': 31122024.0}"
f79dfeb3-d61e-5486-9475-02d39c8f4fa5,c11b9579-45d1-58de-af90-2c8b6bc73152,460,table,765fffb5-7622-584b-805b-bf1e5f815243,916fe5b4-1177-58d0-a58d-ab30b2062928,Informações do Monitoramento,informacoes_do_monitoramento,table_row,"{'regiao': 'Região Sudeste', 'meta_prevista_para_2024__raw': '20', 'meta_prevista_para_2025__raw': '40', 'meta_prevista_para_2026__raw': '60', 'meta_prevista_para_2027__raw': '80', 'quantidade_alcancada__raw': '34', 'data_de_referencia__raw': '31/12/2024', 'sinalizacao_de_necessidade_de_revisao_proximo_exercicio': 'Sim', 'notas_do_usuario': 'Alteração efetuada conforme e-mail 19 e 20/03/2025.'}","{'meta_prevista_para_2024': 20.0, 'meta_prevista_para_2025': 40.0, 'meta_prevista_para_2026': 60.0, 'meta_prevista_para_2027': 80.0, 'quantidade_alcancada': 34.0, 'data_de_referencia': 31122024.0}"
e302af9b-62f0-5045-b159-9dfd32abcc39,c11b9579-45d1-58de-af90-2c8b6bc73152,460,table,765fffb5-7622-584b-805b-bf1e5f815243,916fe5b4-1177-58d0-a58d-ab30b2062928,Informações do Monitoramento,informacoes_do_monitoramento,table_row,"{'regiao': 'Região Sul', 'meta_prevista_para_2024__raw': '15', 'meta_prevista_para_2025__raw': '30', 'meta_prevista_para_2026__raw': '45', 'meta_prevista_para_2027__raw': '60', 'quantidade_alcancada__raw': '2', 'data_de_referencia__raw': '31/12/2024', 'sinalizacao_de_necessidade_de_revisao_proximo_exercicio': 'Sim', 'notas_do_usuario': 'Alteração efetuada conforme e-mail MDHC de 19 e 20/03/2025.'}","{'meta_prevista_para_2024': 15.0, 'meta_prevista_para_2025': 30.0, 'meta_prevista_para_2026': 45.0, 'meta_prevista_para_2027': 60.0, 'quantidade_alcancada': 2.0, 'data_de_referencia': 31122024.0}"
6d8946ba-99b5-5043-b10c-47e4efba87a7,c11b9579-45d1-58de-af90-2c8b6bc73152,461,table,b1eee59a-42fe-58e4-beda-da8e78aaa149,176093b0-9b1f-5b3e-b7fc-82f3496056bb,Informações do Monitoramento,informacoes_do_monitoramento,table_row,"{'regiao': 'Região Centro- Oeste', 'meta_prevista_para_2024__raw': '2', 'meta_prevista_para_2025__raw': '5', 'meta_prevista_para_2026__raw': '9', 'meta_prevista_para_2027__raw': '13', 'quantidade_alcancada': 'Não informado', 'data_de_referencia': 'Não informado', 'sinalizacao_de_necessidade_de_revisao_proximo_exercicio': 'Não informado', 'notas_do_usuario': 'Não informado'}","{'meta_prevista_para_2024': 2.0, 'meta_prevista_para_2025': 5.0, 'meta_prevista_para_2026': 9.0, 'meta_prevista_para_2027': 13.0}"
3e6717e6-a1c8-5d03-af13-2903a99fa60a,c11b9579-45d1-58de-af90-2c8b6bc73152,461,table,b1eee59a-42fe-58e4-beda-da8e78aaa149,176093b0-9b1f-5b3e-b7fc-82f3496056bb,Informações do Monitoramento,informacoes_do_monitoramento,table_row,"{'regiao': 'Região Nordeste', 'meta_prevista_para_2024__raw': '2', 'meta_prevista_para_2025__raw': '4', 'meta_prevista_para_2026__raw': '7', 'meta_prevista_para_2027__raw': '10', 'quantidade_alcancada': 'Não informado', 'data_de_referencia': 'Não informado', 'sinalizacao_de_necessidade_de_revisao_proximo_exercicio': 'Não informado', 'notas_do_usuario': 'Não informado'}","{'meta_prevista_para_2024': 2.0, 'meta_prevista_para_2025': 4.0, 'meta_prevista_para_2026': 7.0, 'meta_prevista_para_2027': 10.0}"
09945a01-ed4d-5e83-a97a-197bbd4d18c9,c11b9579-45d1-58de-af90-2c8b6bc73152,461,table,b1eee59a-42fe-58e4-beda-da8e78aaa149,176093b0-9b1f-5b3e-b7fc-82f3496056bb,Informações do Monitoramento,informacoes_do_monitoramento,table_row,"{'regiao': 'Região Norte', 'meta_prevista_para_2024__raw': '2', 'meta_prevista_para_2025__raw': '5', 'meta_prevista_para_2026__raw': '9', 'meta_prevista_para_2027__raw': '13', 'quantidade_alcancada': 'Não informado', 'data_de_referencia': 'Não informado', 'sinalizacao_de_necessidade_de_revisao_proximo_exercicio': 'Não informado', 'notas_do_usuario': 'Não informado'}","{'meta_prevista_para_2024': 2.0, 'meta_prevista_para_2025': 5.0, 'meta_prevista_para_2026': 9.0, 'meta_prevista_para_2027': 13.0}"
449c1672-7410-518f-88e2-56e6febe5494,c11b9579-45d1-58de-af90-2c8b6bc73152,461,table,b1eee59a-42fe-58e4-beda-da8e78aaa149,176093b0-9b1f-5b3e-b7fc-82f3496056bb,Informações do Monitoramento,informacoes_do_monitoramento,table_row,"{'regiao': 'Região Sudeste', 'meta_prevista_para_2024__raw': '1', 'meta_prevista_para_2025__raw': '3', 'meta_prevista_para_2026__raw': '6', 'meta_prevista_para_2027__raw': '9', 'quantidade_alcancada': 'Não informado', 'data_de_referencia': 'Não informado', 'sinalizacao_de_necessidade_de_revisao_proximo_exercicio': 'Não informado', 'notas_do_usuario': 'Não informado'}","{'meta_prevista_para_2024': 1.0, 'meta_prevista_para_2025': 3.0, 'meta_prevista_para_2026': 6.0, 'meta_prevista_para_2027': 9.0}"
78bb7b2c-d33b-5f6c-962c-b01639ef82a4,c11b9579-45d1-58de-af90-2c8b6bc73152,461,table,b1eee59a-42fe-58e4-beda-da8e78aaa149,176093b0-9b1f-5b3e-b7fc-82f3496056bb,Informações do Monitoramento,informacoes_do_monitoramento,table_row,"{'regiao': 'Região Sul', 'meta_prevista_para_2024__raw': '1', 'meta_prevista_para_2025__raw': '3', 'meta_prevista_para_2026__raw': '6', 'meta_prevista_para_2027__raw': '9', 'quantidade_alcancada': 'Não informado', 'data_de_referencia': 'Não informado', 'sinalizacao_de_necessidade_de_revisao_proximo_exercicio': 'Não informado', 'notas_do_usuario': 'Não informado'}","{'meta_prevista_para_2024': 1.0, 'meta_prevista_para_2025': 3.0, 'meta_prevista_para_2026': 6.0, 'meta_prevista_para_2027': 9.0}"
175e484c-0c87-5a7d-a437-94a1e5c7e5e2,c11b9579-45d1-58de-af90-2c8b6bc73152,463,table,c1c8d9da-1e10-5416-a2b3-969d3d88e576,d8a65ef1-31df-5091-9d5f-0a8b251bfc69,Informações do Monitoramento,informacoes_do_monitoramento,table_row,"{'regiao': 'Região Centro- Oeste', 'meta_prevista_para_2024__raw': '1', 'meta_prevista_para_2025__raw': '2', 'meta_prevista_para_2026__raw': '0', 'meta_prevista_para_2027__raw': '2', 'quantidade_alcancada__raw': '15', 'data_de_referencia': 'Não informado', 'sinalizacao_de_necessidade_de_revisao_proximo_exercicio': 'Não', 'notas_do_usuario': 'Alteração efetuada conforme email MDHC de 19 e 20/03/2025.'}","{'meta_prevista_para_2024': 1.0, 'meta_prevista_para_2025': 2.0, 'meta_prevista_para_2026': 0.0, 'meta_prevista_para_2027': 2.0, 'quantidade_alcancada': 15.0}"
6cdd7a31-8d9d-52c7-968e-fd3807f839b1,c11b9579-45d1-58de-af90-2c8b6bc73152,463,table,c1c8d9da-1e10-5416-a2b3-969d3d88e576,d8a65ef1-31df-5091-9d5f-0a8b251bfc69,Informações do Monitoramento,informacoes_do_monitoramento,table_row,"{'regiao': 'Região Nordeste', 'meta_prevista_para_2024__raw': '4', 'meta_prevista_para_2025__raw': '3', 'meta_prevista_para_2026__raw': '3', 'meta_prevista_para_2027__raw': '11', 'quantidade_alcancada__raw': '9', 'data_de_referencia': 'Não informado', 'sinalizacao_de_necessidade_de_revisao_proximo_exercicio': 'Não', 'notas_do_usuario': 'Alteração efetuada conforme email MDHC de 19 e 20/03/2025.'}","{'meta_prevista_para_2024': 4.0, 'meta_prevista_para_2025': 3.0, 'meta_prevista_para_2026': 3.0, 'meta_prevista_para_2027': 11.0, 'quantidade_alcancada': 9.0}"
4dc64e95-0265-5f79-ae1a-1ba67cd6eb2d,c11b9579-45d1-58de-af90-2c8b6bc73152,463,table,c1c8d9da-1e10-5416-a2b3-969d3d88e576,d8a65ef1-31df-5091-9d5f-0a8b251bfc69,Informações do Monitoramento,informacoes_do_monitoramento,table_row,"{'regiao': 'Região Norte', 'meta_prevista_para_2024__raw': '2', 'meta_prevista_para_2025__raw': '2', 'meta_prevista_para_2026__raw': '2', 'meta_prevista_para_2027__raw': '7', 'quantidade_alcancada__raw': '0', 'data_de_referencia': 'Não informado', 'sinalizacao_de_necessidade_de_revisao_proximo_exercicio': 'Não', 'notas_do_usuario': 'Alteração efetuada conforme email MDHC de 19 e 20/03/2025.'}","{'meta_prevista_para_2024': 2.0, 'meta_prevista_para_2025': 2.0, 'meta_prevista_para_2026': 2.0, 'meta_prevista_para_2027': 7.0, 'quantidade_alcancada': 0.0}"
48ae6159-f62e-50a6-88af-2690ba34949c,c11b9579-45d1-58de-af90-2c8b6bc73152,463,table,c1c8d9da-1e10-5416-a2b3-969d3d88e576,d8a65ef1-31df-5091-9d5f-0a8b251bfc69,Informações do Monitoramento,informacoes_do_monitoramento,table_row,"{'regiao': 'Região Sudeste', 'meta_prevista_para_2024__raw': '3', 'meta_prevista_para_2025__raw': '2', 'meta_prevista_para_2026__raw': '0', 'meta_prevista_para_2027__raw': '4', 'quantidade_alcancada__raw': '13', 'data_de_referencia': 'Não informado', 'sinalizacao_de_necessidade_de_revisao_proximo_exercicio': 'Não', 'notas_do_usuario': 'Alteração efetuada conforme email MDHC de 19 e 20/03/2025.'}","{'meta_prevista_para_2024': 3.0, 'meta_prevista_para_2025': 2.0, 'meta_prevista_para_2026': 0.0, 'meta_prevista_para_2027': 4.0, 'quantidade_alcancada': 13.0}"
0ba78664-6a2d-5dd5-abb1-d355422ad3a7,c11b9579-45d1-58de-af90-2c8b6bc73152,463,table,c1c8d9da-1e10-5416-a2b3-969d3d88e576,d8a65ef1-31df-5091-9d5f-0a8b251bfc69,Informações do Monitoramento,informacoes_do_monitoramento,table_row,"{'regiao': 'Região Sul', 'meta_prevista_para_2024__raw': '0', 'meta_prevista_para_2025__raw': '2', 'meta_prevista_para_2026__raw': '1', 'meta_prevista_para_2027__raw': '3', 'quantidade_alcancada__raw': '0', 'data_de_referencia': 'Não informado', 'sinalizacao_de_necessidade_de_revisao_proximo_exercicio': 'Não', 'notas_do_usuario': 'Alteração efetuada conforme email MDHC de 19 e 20/03/2025.'}","{'meta_prevista_para_2024': 0.0, 'meta_prevista_para_2025': 2.0, 'meta_prevista_para_2026': 1.0, 'meta_prevista_para_2027': 3.0, 'quantidade_alcancada': 0.0}"
8fbd77f3-31f5-5499-af77-8a57f324c0bb,c11b9579-45d1-58de-af90-2c8b6bc73152,463,table,7dc50dc8-e7c4-58ad-94ba-b1fd292de1de,d8a65ef1-31df-5091-9d5f-0a8b251bfc69,Informações do Monitoramento,informacoes_do_monitoramento,table_row,"{'publico': 'LGBTQIA+', 'meta_prevista_para_2024__raw': '4', 'meta_prevista_para_2025__raw': '2', 'meta_prevista_para_2026__raw': '1', 'meta_prevista_para_2027': '', 'quantidade_alcancada': '7 Não informado', 'data_de_referencia': 'Não informado', 'sinalizacao_de_necessidade_de_revisao_proximo_exercicio': 'Não', 'notas_do_usuario': '(NÃO HÁ DADOS DESAGREGADOS PARA ESTA META). Inserção conforme e-mail MDHC de 19 e 20/03/2025.'}","{'meta_prevista_para_2024': 4.0, 'meta_prevista_para_2025': 2.0, 'meta_prevista_para_2026': 1.0}"
a8b4fe19-a23d-5533-8be7-12c9c224d1fb,c11b9579-45d1-58de-af90-2c8b6bc73152,463,table,7dc50dc8-e7c4-58ad-94ba-b1fd292de1de,d8a65ef1-31df-5091-9d5f-0a8b251bfc69,Informações do Monitoramento,informacoes_do_monitoramento,table_row,"{'publico': 'Povos e Comunidades', 'meta_prevista_para_2024__raw': '2', 'meta_prevista_para_2025__raw': '1', 'meta_prevista_para_2026__raw': '1', 'meta_prevista_para_2027': '', 'quantidade_alcancada': '4 Não informado', 'data_de_referencia': 'Não informado', 'sinalizacao_de_necessidade_de_revisao_proximo_exercicio': 'Não', 'notas_do_usuario': '(NÃO HÁ DADOS DESAGREGADOS PARA ESTA META). Inserção conforme e-mail'}","{'meta_prevista_para_2024': 2.0, 'meta_prevista_para_2025': 1.0, 'meta_prevista_para_2026': 1.0}"
6ba88a6a-357e-5cdb-a0c5-6a5970112028,c11b9579-45d1-58de-af90-2c8b6bc73152,464,table,7660ab55-198d-556b-a00d-a63975b1f90f,ff905341-3c6e-5e90-bde3-d75c214a9442,Informações do Monitoramento,informacoes_do_monitoramento,table_row,"{'tradicionais': 'Quilombolas', 'column_2__raw': '2', 'column_3__raw': '1', 'column_4__raw': '1', 'column_5': '4 Não informado', 'column_6': 'Não informado', 'mdhc_de_19_e_20_03_2025': '(NÃO HÁ DADOS DESAGREGADOS PARA ESTA META). Inserção conforme e-mail MDHC de 19 e 20/03/2025.'}","{'column_2': 2.0, 'column_3': 1.0, 'column_4': 1.0}"
4e38a6e4-9f95-55e4-9fef-8c745a9f8234,c11b9579-45d1-58de-af90-2c8b6bc73152,464,table,fc3e8e1f-7819-5570-ac9f-00328bacbc82,ff905341-3c6e-5e90-bde3-d75c214a9442,Informações do Monitoramento,informacoes_do_monitoramento,table_row,"{'0': 'Região', '1': 'Meta prevista para 2024', '2': 'Meta prevista para 2025', '3': 'Meta prevista para 2026', '4': 'Meta prevista para 2027', '5': 'Quantidade alcançada', '6': 'Data de Referência', '7': 'Sinalização de necessidade de revisão - próximo exercício', '8': 'Notas do usuário'}",{}
ade4909d-1037-578d-918f-79599b6a732f,c11b9579-45d1-58de-af90-2c8b6bc73152,465,table,31eb0b87-2354-576f-b466-0953b5ebbc3f,ef5bba03-d453-5db7-916d-0977b58e0550,Objetivo Específico: 0192 - Proteger crianças e adolescentes ameaçados de morte.,objetivo_especifico_0192_proteger_criancas_e_adolescentes_ameacados_de_morte,table_row,"{'regiao_centro_oeste': 'Região Nordeste', '3__raw': '10', '5__raw': '18', '15__raw': '9', '31_12_2024__raw': '31/12/2024', 'nao': 'Não', 'nao_informado': 'Alteração efetuada conforme e-mail MDHC de 20/03/2025.'}","{'3': 10.0, '5': 18.0, '15': 9.0, '31_12_2024': 31122024.0}"
4ec566d4-a20a-5a22-a25b-47f0046353e3,c11b9579-45d1-58de-af90-2c8b6bc73152,465,table,31eb0b87-2354-576f-b466-0953b5ebbc3f,ef5bba03-d453-5db7-916d-0977b58e0550,Objetivo Específico: 0192 - Proteger crianças e adolescentes ameaçados de morte.,objetivo_especifico_0192_proteger_criancas_e_adolescentes_ameacados_de_morte,table_row,"{'regiao_centro_oeste': 'Região Norte', '3__raw': '6', '5__raw': '13', '15__raw': '0', '31_12_2024__raw': '31/12/2024', 'nao': 'Não', 'nao_informado': 'Não informado'}","{'3': 6.0, '5': 13.0, '15': 0.0, '31_12_2024': 31122024.0}"
8b881ef3-305f-5dfe-8086-8694c0a3f606,c11b9579-45d1-58de-af90-2c8b6bc73152,465,table,31eb0b87-2354-576f-b466-0953b5ebbc3f,ef5bba03-d453-5db7-916d-0977b58e0550,Objetivo Específico: 0192 - Proteger crianças e adolescentes ameaçados de morte.,objetivo_especifico_0192_proteger_criancas_e_adolescentes_ameacados_de_morte,table_row,"{'regiao_centro_oeste': 'Região Sudeste', '3__raw': '5', '5__raw': '12', '15__raw': '13', '31_12_2024__raw': '31/12/2024', 'nao': 'Não', 'nao_informado': 'Não informado'}","{'3': 5.0, '5': 12.0, '15': 13.0, '31_12_2024': 31122024.0}"
f7f24b90-b910-5adb-b71d-e6f9690dae79,c11b9579-45d1-58de-af90-2c8b6bc73152,465,table,31eb0b87-2354-576f-b466-0953b5ebbc3f,ef5bba03-d453-5db7-916d-0977b58e0550,Objetivo Específico: 0192 - Proteger crianças e adolescentes ameaçados de morte.,objetivo_especifico_0192_proteger_criancas_e_adolescentes_ameacados_de_morte,table_row,"{'regiao_centro_oeste': 'Região Sul', '3__raw': '3', '5__raw': '6', '15__raw': '0', '31_12_2024__raw': '31/12/2024', 'nao': 'Não', 'nao_informado': 'Não informado'}","{'3': 3.0, '5': 6.0, '15': 0.0, '31_12_2024': 31122024.0}"
2dc77409-0463-52d6-a45c-f09fb95a04da,c11b9579-45d1-58de-af90-2c8b6bc73152,465,table,99651f23-df74-51a1-899f-df7fa19bbbba,ef5bba03-d453-5db7-916d-0977b58e0550,Objetivo Específico: 0192 - Proteger crianças e adolescentes ameaçados de morte.,objetivo_especifico_0192_proteger_criancas_e_adolescentes_ameacados_de_morte,table_row,"{'publico': 'LGBTQIA+', 'meta_prevista_para_2024__raw': '4', 'meta_prevista_para_2025__raw': '6', 'meta_prevista_para_2026__raw': '7', 'meta_prevista_para_2027': '', 'quantidade_alcancada': '14 Não informado', 'data_de_referencia': 'Não informado', 'sinalizacao_de_necessidade_de_revisao_proximo_exercicio': 'Não', 'notas_do_usuario': 'NÃO TEMOS ESSES DADOS DESAGREGADOS) Informação inserida conforme email 19 e 20/03/2025.'}","{'meta_prevista_para_2024': 4.0, 'meta_prevista_para_2025': 6.0, 'meta_prevista_para_2026': 7.0}"
61465e90-7276-5e70-8e55-dd1d9e845665,c11b9579-45d1-58de-af90-2c8b6bc73152,465,table,99651f23-df74-51a1-899f-df7fa19bbbba,ef5bba03-d453-5db7-916d-0977b58e0550,Objetivo Específico: 0192 - Proteger crianças e adolescentes ameaçados de morte.,objetivo_especifico_0192_proteger_criancas_e_adolescentes_ameacados_de_morte,table_row,"{'publico': 'Povos e Comunidades Tradicionais', 'meta_prevista_para_2024__raw': '2', 'meta_prevista_para_2025__raw': '3', 'meta_prevista_para_2026__raw': '4', 'meta_prevista_para_2027__raw': '8', 'quantidade_alcancada': 'Não informado', 'data_de_referencia': 'Não informado', 'sinalizacao_de_necessidade_de_revisao_proximo_exercicio': 'Não', 'notas_do_usuario': 'NÃO TEMOS ESSES DADOS DESAGREGADOS) Informação inserida conforme email 19 e 20/03/2025.'}","{'meta_prevista_para_2024': 2.0, 'meta_prevista_para_2025': 3.0, 'meta_prevista_para_2026': 4.0, 'meta_prevista_para_2027': 8.0}"
a2495e9a-8a2f-5e85-8429-c13ad1ebae6e,c11b9579-45d1-58de-af90-2c8b6bc73152,465,table,99651f23-df74-51a1-899f-df7fa19bbbba,ef5bba03-d453-5db7-916d-0977b58e0550,Objetivo Específico: 0192 - Proteger crianças e adolescentes ameaçados de morte.,objetivo_especifico_0192_proteger_criancas_e_adolescentes_ameacados_de_morte,table_row,"{'publico': 'Quilombolas', 'meta_prevista_para_2024__raw': '2', 'meta_prevista_para_2025__raw': '3', 'meta_prevista_para_2026__raw': '4', 'meta_prevista_para_2027': '', 'quantidade_alcancada': '8 Não informado', 'data_de_referencia': 'Não informado', 'sinalizacao_de_necessidade_de_revisao_proximo_exercicio': 'Não', 'notas_do_usuario': 'NÃO TEMOS ESSES DADOS DESAGREGADOS) Informação inserida conforme email 19 e 20/03/2025.'}","{'meta_prevista_para_2024': 2.0, 'meta_prevista_para_2025': 3.0, 'meta_prevista_para_2026': 4.0}"
b02a578f-b78a-5354-9308-fc85e7a117e8,c11b9579-45d1-58de-af90-2c8b6bc73152,466,table,22bac94a-aff6-54ee-a517-83d497987a30,78660246-805b-5ec9-8855-d4dd694a3c46,Informações do Monitoramento,informacoes_do_monitoramento,table_row,"{'regiao': 'Região Centro- Oeste', 'meta_prevista_para_2024__raw': '50', 'meta_prevista_para_2025__raw': '75', 'meta_prevista_para_2026__raw': '75', 'meta_prevista_para_2027__raw': '100', 'quantidade_alcancada__raw': '50', 'data_de_referencia': 'Não informado', 'sinalizacao_de_necessidade_de_revisao_proximo_exercicio': 'Não', 'notas_do_usuario': 'Alteração da meta conforme e- mail MDHC de 19 e 20/03/2025 e 26/03/2025.'}","{'meta_prevista_para_2024': 50.0, 'meta_prevista_para_2025': 75.0, 'meta_prevista_para_2026': 75.0, 'meta_prevista_para_2027': 100.0, 'quantidade_alcancada': 50.0}"
723e3f0c-c114-5ecf-aed4-254d527ec4b5,c11b9579-45d1-58de-af90-2c8b6bc73152,467,table,f5858bf2-a125-5045-9ebc-aac07414313a,5e1791e7-840e-59a8-aff0-20687dbfa325,Informações do Monitoramento,informacoes_do_monitoramento,table_row,"{'regiao_nordeste': 'Região Norte', '80__raw': '85', '90__raw': '100', '95__raw': '100', '100__raw': '100', '78__raw': '85', 'nao_informado': 'Não informado', 'nao': 'Não', 'alteracao_da_meta_conforme_e_mail_mdhc_de_20_03_2025': 'Alteração da meta conforme e- mail MDHC de 19 e 20/03/2025 e 26/03/2025.'}","{'80': 85.0, '90': 100.0, '95': 100.0, '100': 100.0, '78': 85.0}"
43ce9800-1eda-5fb2-85e1-4d2fb6e812b1,c11b9579-45d1-58de-af90-2c8b6bc73152,467,table,f5858bf2-a125-5045-9ebc-aac07414313a,5e1791e7-840e-59a8-aff0-20687dbfa325,Informações do Monitoramento,informacoes_do_monitoramento,table_row,"{'regiao_nordeste': 'Região Sudeste', '80__raw': '100', '90__raw': '100', '95__raw': '100', '100__raw': '100', '78__raw': '100', 'nao_informado': 'Não informado', 'nao': 'Não', 'alteracao_da_meta_conforme_e_mail_mdhc_de_20_03_2025': 'Alteração da meta conforme e- mail MDHC de 20/03/2025.'}","{'80': 100.0, '90': 100.0, '95': 100.0, '100': 100.0, '78': 100.0}"
919c1551-f67b-55ad-8182-d379560b6673,c11b9579-45d1-58de-af90-2c8b6bc73152,467,table,f5858bf2-a125-5045-9ebc-aac07414313a,5e1791e7-840e-59a8-aff0-20687dbfa325,Informações do Monitoramento,informacoes_do_monitoramento,table_row,"{'regiao_nordeste': 'Região Sul', '80__raw': '100', '90__raw': '100', '95__raw': '100', '100__raw': '100', '78__raw': '100', 'nao_informado': 'Não informado', 'nao': 'Não', 'alteracao_da_meta_conforme_e_mail_mdhc_de_20_03_2025': 'Alteração da meta conforme e- mail MDHC de 20/03/2025.'}","{'80': 100.0, '90': 100.0, '95': 100.0, '100': 100.0, '78': 100.0}"
2a2f332d-a4bb-5e46-b589-7d6d22a0ce35,c11b9579-45d1-58de-af90-2c8b6bc73152,468,table,62da1741-7ef2-5c26-83f1-4a168ca23dcc,2b1fd6d3-db52-513d-8b7d-a965905688ee,Regionalizações da Meta,regionalizacoes_da_meta,table_row,"{'regiao': 'Região Centro- Oeste', 'meta_prevista_para_2024__raw': '50', 'meta_prevista_para_2025__raw': '75', 'meta_prevista_para_2026__raw': '75', 'meta_prevista_para_2027__raw': '100', 'quantidade_alcancada__raw': '50', 'data_de_referencia__raw': '31/12/2024', 'sinalizacao_de_necessidade_de_revisao_proximo_exercicio': 'Não', 'notas_do_usuario': 'Alterações efetuadas conforme e- mail MDHC de 19 e 20/03/2025 e 26/03/2025.'}","{'meta_prevista_para_2024': 50.0, 'meta_prevista_para_2025': 75.0, 'meta_prevista_para_2026': 75.0, 'meta_prevista_para_2027': 100.0, 'quantidade_alcancada': 50.0, 'data_de_referencia': 31122024.0}"
349ec07e-21f7-5683-996d-a4ca6f49f0bd,c11b9579-45d1-58de-af90-2c8b6bc73152,468,table,62da1741-7ef2-5c26-83f1-4a168ca23dcc,2b1fd6d3-db52-513d-8b7d-a965905688ee,Regionalizações da Meta,regionalizacoes_da_meta,table_row,"{'regiao': 'Região Nordeste', 'meta_prevista_para_2024__raw': '80', 'meta_prevista_para_2025__raw': '90', 'meta_prevista_para_2026__raw': '95', 'meta_prevista_para_2027__raw': '100', 'quantidade_alcancada__raw': '78', 'data_de_referencia__raw': '31/12/2024', 'sinalizacao_de_necessidade_de_revisao_proximo_exercicio': 'Não', 'notas_do_usuario': 'Não informado'}","{'meta_prevista_para_2024': 80.0, 'meta_prevista_para_2025': 90.0, 'meta_prevista_para_2026': 95.0, 'meta_prevista_para_2027': 100.0, 'quantidade_alcancada': 78.0, 'data_de_referencia': 31122024.0}"
3f44eea4-a924-5bf8-abaf-616bc1f7a33d,c11b9579-45d1-58de-af90-2c8b6bc73152,468,table,62da1741-7ef2-5c26-83f1-4a168ca23dcc,2b1fd6d3-db52-513d-8b7d-a965905688ee,Regionalizações da Meta,regionalizacoes_da_meta,table_row,"{'regiao': 'Região Norte', 'meta_prevista_para_2024__raw': '85', 'meta_prevista_para_2025__raw': '100', 'meta_prevista_para_2026__raw': '100', 'meta_prevista_para_2027__raw': '100', 'quantidade_alcancada__raw': '85', 'data_de_referencia__raw': '31/12/2024', 'sinalizacao_de_necessidade_de_revisao_proximo_exercicio': 'Não', 'notas_do_usuario': 'Alterações efetuadas conforme e- mail MDHC de 19 e 20/03/2025 e 26/03/2025.'}","{'meta_prevista_para_2024': 85.0, 'meta_prevista_para_2025': 100.0, 'meta_prevista_para_2026': 100.0, 'meta_prevista_para_2027': 100.0, 'quantidade_alcancada': 85.0, 'data_de_referencia': 31122024.0}"
6c219ae6-5dc7-5a92-91c5-92314a514aab,c11b9579-45d1-58de-af90-2c8b6bc73152,468,table,62da1741-7ef2-5c26-83f1-4a168ca23dcc,2b1fd6d3-db52-513d-8b7d-a965905688ee,Regionalizações da Meta,regionalizacoes_da_meta,table_row,"{'regiao': 'Região Sudeste', 'meta_prevista_para_2024__raw': '100', 'meta_prevista_para_2025__raw': '100', 'meta_prevista_para_2026__raw': '100', 'meta_prevista_para_2027__raw': '100', 'quantidade_alcancada__raw': '100', 'data_de_referencia__raw': '31/12/2024', 'sinalizacao_de_necessidade_de_revisao_proximo_exercicio': 'Não', 'notas_do_usuario': 'Não informado'}","{'meta_prevista_para_2024': 100.0, 'meta_prevista_para_2025': 100.0, 'meta_prevista_para_2026': 100.0, 'meta_prevista_para_2027': 100.0, 'quantidade_alcancada': 100.0, 'data_de_referencia': 31122024.0}"
26cbbb76-70e9-52be-967d-1bc9be78108f,c11b9579-45d1-58de-af90-2c8b6bc73152,468,table,62da1741-7ef2-5c26-83f1-4a168ca23dcc,2b1fd6d3-db52-513d-8b7d-a965905688ee,Regionalizações da Meta,regionalizacoes_da_meta,table_row,"{'regiao': 'Região Sul', 'meta_prevista_para_2024__raw': '100', 'meta_prevista_para_2025__raw': '100', 'meta_prevista_para_2026__raw': '100', 'meta_prevista_para_2027__raw': '100', 'quantidade_alcancada__raw': '100', 'data_de_referencia__raw': '31/12/2024', 'sinalizacao_de_necessidade_de_revisao_proximo_exercicio': 'Não', 'notas_do_usuario': 'Não informado'}","{'meta_prevista_para_2024': 100.0, 'meta_prevista_para_2025': 100.0, 'meta_prevista_para_2026': 100.0, 'meta_prevista_para_2027': 100.0, 'quantidade_alcancada': 100.0, 'data_de_referencia': 31122024.0}"
c7db5b83-667d-54fd-bab9-66cd6a70b306,c11b9579-45d1-58de-af90-2c8b6bc73152,469,table,1e61674d-b016-5a83-8bd5-d99e254841ca,3323cb8e-216d-5a44-9d98-bcb33af9e264,Informações do Monitoramento,informacoes_do_monitoramento,table_row,"{'regiao': '', 'meta_prevista_para_2024': '', 'meta_prevista_para_2025': '', 'meta_prevista_para_2026': '', 'meta_prevista_para_2027': '', 'quantidade_alcancada': '', 'data_de_referencia': '', 'sinalizacao_de_necessidade_de_revisao_proximo': 'exercício', 'notas_do_usuario': ''}",{}
30ab2456-d271-5389-a189-75bb06b3bd8f,c11b9579-45d1-58de-af90-2c8b6bc73152,470,table,74affc4c-5e66-5d57-8ae7-44a641205a72,48a681a8-a2e1-5723-a603-86bde354c0b0,"Objetivo Específico: 0196 - Desenvolver ações intersetoriais para fortalecer a convivência familiar e comunitária e evitar o afastamento de crianças e adolescentes de suas famílias, principalmente na primeira infância, integrando os programas de promoção de direitos",objetivo_especifico_0196_desenvolver_acoes_intersetoriais_para_fortalecer_a_convivencia_familiar_e_comunitaria_e_evitar_o_afastamento_de_criancas_e_adolescentes_de_suas_familias_principalmente_na_primeira_infancia_integrando_os_programas_de_promocao_de_direitos,table_row,"{'regiao_centro_oeste': 'Região Nordeste', 'untitled': '-', 'untitled_2': '-', 'untitled_3': '-', 'untitled_4': '-', '21__raw': '49', '31_12_2024__raw': '31/12/2024', 'nao': 'Não', 'alteracao_da_meta_conforme_e_mail_mdhc_de_20_03_2025': 'Alteração da Meta conforme e-mail MDHC de 20/03/2025.'}","{'21': 49.0, '31_12_2024': 31122024.0}"
118903a1-9a9d-527f-8607-f9270f3fc974,c11b9579-45d1-58de-af90-2c8b6bc73152,470,table,74affc4c-5e66-5d57-8ae7-44a641205a72,48a681a8-a2e1-5723-a603-86bde354c0b0,"Objetivo Específico: 0196 - Desenvolver ações intersetoriais para fortalecer a convivência familiar e comunitária e evitar o afastamento de crianças e adolescentes de suas famílias, principalmente na primeira infância, integrando os programas de promoção de direitos",objetivo_especifico_0196_desenvolver_acoes_intersetoriais_para_fortalecer_a_convivencia_familiar_e_comunitaria_e_evitar_o_afastamento_de_criancas_e_adolescentes_de_suas_familias_principalmente_na_primeira_infancia_integrando_os_programas_de_promocao_de_direitos,table_row,"{'regiao_centro_oeste': 'Região Norte', 'untitled': '-', 'untitled_2': '-', 'untitled_3': '-', 'untitled_4': '-', '21__raw': '0', '31_12_2024__raw': '31/12/2024', 'nao': 'Não', 'alteracao_da_meta_conforme_e_mail_mdhc_de_20_03_2025': 'Roraima está em fase de captação de famílias; Acre, Amazonas e Pará estão em processo de captação, formação habilitação das famílias. Alteração da nota do usuário conforme e-mail MDHC de 20/03/2025.'}","{'21': 0.0, '31_12_2024': 31122024.0}"
51b936e8-112f-59ba-baef-b549e21423cf,c11b9579-45d1-58de-af90-2c8b6bc73152,470,table,74affc4c-5e66-5d57-8ae7-44a641205a72,48a681a8-a2e1-5723-a603-86bde354c0b0,"Objetivo Específico: 0196 - Desenvolver ações intersetoriais para fortalecer a convivência familiar e comunitária e evitar o afastamento de crianças e adolescentes de suas famílias, principalmente na primeira infância, integrando os programas de promoção de direitos",objetivo_especifico_0196_desenvolver_acoes_intersetoriais_para_fortalecer_a_convivencia_familiar_e_comunitaria_e_evitar_o_afastamento_de_criancas_e_adolescentes_de_suas_familias_principalmente_na_primeira_infancia_integrando_os_programas_de_promocao_de_direitos,table_row,"{'regiao_centro_oeste': 'Região Sudeste', 'untitled': '-', 'untitled_2': '-', 'untitled_3': '-', 'untitled_4': '-', '21__raw': '13', '31_12_2024': 'Não informado', 'nao': 'Não', 'alteracao_da_meta_conforme_e_mail_mdhc_de_20_03_2025': 'Alteração da Meta conforme e-mail MDHC de 20/03/2025.'}",{'21': 13.0}
0c9c34a2-279f-58e7-b0d7-d2e11cd992e5,c11b9579-45d1-58de-af90-2c8b6bc73152,470,table,74affc4c-5e66-5d57-8ae7-44a641205a72,48a681a8-a2e1-5723-a603-86bde354c0b0,"Objetivo Específico: 0196 - Desenvolver ações intersetoriais para fortalecer a convivência familiar e comunitária e evitar o afastamento de crianças e adolescentes de suas famílias, principalmente na primeira infância, integrando os programas de promoção de direitos",objetivo_especifico_0196_desenvolver_acoes_intersetoriais_para_fortalecer_a_convivencia_familiar_e_comunitaria_e_evitar_o_afastamento_de_criancas_e_adolescentes_de_suas_familias_principalmente_na_primeira_infancia_integrando_os_programas_de_promocao_de_direitos,table_row,"{'regiao_centro_oeste': 'Região Sul', 'untitled': '-', 'untitled_2': '-', 'untitled_3': '-', 'untitled_4': '-', '21__raw': '0', '31_12_2024': 'Não informado', 'nao': 'Não', 'alteracao_da_meta_conforme_e_mail_mdhc_de_20_03_2025': 'Não existe vaga previamente estipulada no plano de trabalho, pois depende da captação das famílias e da demanda do estado'}",{'21': 0.0}
0494c708-8cf9-5a75-802d-ee38e8bc2d2b,c11b9579-45d1-58de-af90-2c8b6bc73152,472,table,76063c4c-a555-55a2-8515-8d1feba61aa5,2ef04434-4c44-5d81-b0aa-59d236eb3b56,Informações do Monitoramento,informacoes_do_monitoramento,table_row,"{'regiao': 'Região Centro- Oeste', 'meta_prevista_para_2024': '-', 'meta_prevista_para_2025': '-', 'meta_prevista_para_2026': '-', 'meta_prevista_para_2027': '-', 'quantidade_alcancada': 'Não informado', 'data_de_referencia': 'Não informado', 'sinalizacao_de_necessidade_de_revisao_proximo_exercicio': 'Não informado', 'notas_do_usuario': 'Não informado'}",{}
c6917453-0058-5689-9052-a3b5ee5dbe85,c11b9579-45d1-58de-af90-2c8b6bc73152,472,table,76063c4c-a555-55a2-8515-8d1feba61aa5,2ef04434-4c44-5d81-b0aa-59d236eb3b56,Informações do Monitoramento,informacoes_do_monitoramento,table_row,"{'regiao': 'Região Nordeste', 'meta_prevista_para_2024': '-', 'meta_prevista_para_2025': '-', 'meta_prevista_para_2026': '-', 'meta_prevista_para_2027': '-', 'quantidade_alcancada': 'Não informado', 'data_de_referencia': 'Não informado', 'sinalizacao_de_necessidade_de_revisao_proximo_exercicio': 'Não informado', 'notas_do_usuario': 'Não informado'}",{}
84debdee-244c-5b3a-a431-2839ca87068c,c11b9579-45d1-58de-af90-2c8b6bc73152,472,table,76063c4c-a555-55a2-8515-8d1feba61aa5,2ef04434-4c44-5d81-b0aa-59d236eb3b56,Informações do Monitoramento,informacoes_do_monitoramento,table_row,"{'regiao': 'Região Norte', 'meta_prevista_para_2024': '-', 'meta_prevista_para_2025': '-', 'meta_prevista_para_2026': '-', 'meta_prevista_para_2027': '-', 'quantidade_alcancada__raw': '5', 'data_de_referencia': 'Não informado', 'sinalizacao_de_necessidade_de_revisao_proximo_exercicio': 'Não', 'notas_do_usuario': 'Alteração da meta conforme e-mail MDHC de 20/03/2025.'}",{'quantidade_alcancada': 5.0}
21dfbecb-47dd-58d8-8076-90173665f0cc,c11b9579-45d1-58de-af90-2c8b6bc73152,472,table,76063c4c-a555-55a2-8515-8d1feba61aa5,2ef04434-4c44-5d81-b0aa-59d236eb3b56,Informações do Monitoramento,informacoes_do_monitoramento,table_row,"{'regiao': 'Região Sudeste', 'meta_prevista_para_2024': '-', 'meta_prevista_para_2025': '-', 'meta_prevista_para_2026': '-', 'meta_prevista_para_2027': '-', 'quantidade_alcancada__raw': '3', 'data_de_referencia': 'Não informado', 'sinalizacao_de_necessidade_de_revisao_proximo_exercicio': 'Não', 'notas_do_usuario': 'Alteração da meta conforme e-mail MDHC de 20/03/2025.'}",{'quantidade_alcancada': 3.0}
e10645e1-8b7d-5c52-9513-bb58d271c891,c11b9579-45d1-58de-af90-2c8b6bc73152,472,table,76063c4c-a555-55a2-8515-8d1feba61aa5,2ef04434-4c44-5d81-b0aa-59d236eb3b56,Informações do Monitoramento,informacoes_do_monitoramento,table_row,"{'regiao': 'Região Sul', 'meta_prevista_para_2024': '-', 'meta_prevista_para_2025': '-', 'meta_prevista_para_2026': '-', 'meta_prevista_para_2027': '-', 'quantidade_alcancada__raw': '3', 'data_de_referencia': 'Não informado', 'sinalizacao_de_necessidade_de_revisao_proximo_exercicio': 'Não', 'notas_do_usuario': 'Alteração da meta conforme e-mail MDHC de 20/03/2025.'}",{'quantidade_alcancada': 3.0}
aea5bdc0-304f-5536-bc5c-e936acedc157,c11b9579-45d1-58de-af90-2c8b6bc73152,475,table,f535e5cf-7247-59ba-9213-c06fc1de3752,8c36c821-deed-5435-93af-1f74cfd33873,Informações do Monitoramento,informacoes_do_monitoramento,table_row,"{'regiao': 'Região Nordeste', 'meta_prevista_para_2024__raw': '12', 'meta_prevista_para_2025__raw': '24', 'meta_prevista_para_2026__raw': '36', 'meta_prevista_para_2027__raw': '48', 'quantidade_alcancada': 'Valor não disponível', 'data_de_referencia__raw': '31/12/2024', 'sinalizacao_de_necessidade_de_revisao_proximo_exercicio': 'Sim', 'notas_do_usuario': 'Região Nordeste Meta prevista para 2024 - 1 Meta prevista para 2025 -2 Meta prevista para 2026 -3 Meta prevista para 2027 - 4 Quantidade alcançada: 0 Alteração efetuada conforme email MDHC de 27/03/2025.'}","{'meta_prevista_para_2024': 12.0, 'meta_prevista_para_2025': 24.0, 'meta_prevista_para_2026': 36.0, 'meta_prevista_para_2027': 48.0, 'data_de_referencia': 31122024.0}"
5d4e1cfa-cb33-579b-89f1-7fafcd232474,c11b9579-45d1-58de-af90-2c8b6bc73152,475,table,f535e5cf-7247-59ba-9213-c06fc1de3752,8c36c821-deed-5435-93af-1f74cfd33873,Informações do Monitoramento,informacoes_do_monitoramento,table_row,"{'regiao': 'Região Norte', 'meta_prevista_para_2024__raw': '8', 'meta_prevista_para_2025__raw': '16', 'meta_prevista_para_2026__raw': '24', 'meta_prevista_para_2027__raw': '32', 'quantidade_alcancada': 'Valor não disponível', 'data_de_referencia__raw': '31/12/2024', 'sinalizacao_de_necessidade_de_revisao_proximo_exercicio': 'Sim', 'notas_do_usuario': 'Região Norte Meta prevista para 2024 - 1 Meta prevista para 2025 - 2 Meta prevista para 2026 -3 Meta prevista para 2027 - 4 *Quantidade alcançada: 1* Alteração efetuada conforme e-mail MDHC de 27/03/2025.'}","{'meta_prevista_para_2024': 8.0, 'meta_prevista_para_2025': 16.0, 'meta_prevista_para_2026': 24.0, 'meta_prevista_para_2027': 32.0, 'data_de_referencia': 31122024.0}"
1fd791a2-9ed0-501c-afd6-adfd53259169,c11b9579-45d1-58de-af90-2c8b6bc73152,476,table,e7d25b7d-c45a-5eb4-bb4b-25e72bf5199c,0db9a940-1383-5d91-8914-429a150973d8,Informações do Monitoramento,informacoes_do_monitoramento,table_row,"{'regiao': 'Região Nordeste', 'meta_prevista_para_2024__raw': '1', 'meta_prevista_para_2025__raw': '2', 'meta_prevista_para_2026__raw': '3', 'meta_prevista_para_2027': '', 'quantidade_alcancada': '4 Não informado', 'data_de_referencia': 'Não informado', 'sinalizacao_de_necessidade_de_revisao_proximo_exercicio': 'Não informado', 'notas_do_usuario': 'Não informado'}","{'meta_prevista_para_2024': 1.0, 'meta_prevista_para_2025': 2.0, 'meta_prevista_para_2026': 3.0}"
94423c16-3fb3-520f-9748-9f0b708d1048,c11b9579-45d1-58de-af90-2c8b6bc73152,476,table,e7d25b7d-c45a-5eb4-bb4b-25e72bf5199c,0db9a940-1383-5d91-8914-429a150973d8,Informações do Monitoramento,informacoes_do_monitoramento,table_row,"{'regiao': 'Região Norte', 'meta_prevista_para_2024__raw': '1', 'meta_prevista_para_2025__raw': '2', 'meta_prevista_para_2026__raw': '3', 'meta_prevista_para_2027': '', 'quantidade_alcancada': '4 Não informado', 'data_de_referencia': 'Não informado', 'sinalizacao_de_necessidade_de_revisao_proximo_exercicio': 'Não informado', 'notas_do_usuario': 'Não informado'}","{'meta_prevista_para_2024': 1.0, 'meta_prevista_para_2025': 2.0, 'meta_prevista_para_2026': 3.0}"
ab6a8853-04ce-5014-9ab2-692c8f1a6883,c11b9579-45d1-58de-af90-2c8b6bc73152,477,table,bdd64ea8-0f63-52bb-8848-98008d319c64,e6031646-4750-505a-b845-4fbfcd8e78d5,Regionalizações da Meta,regionalizacoes_da_meta,table_row,"{'regiao': 'Região Centro- Oeste', 'meta_prevista_para_2024__raw': '2', 'meta_prevista_para_2025__raw': '4', 'meta_prevista_para_2026__raw': '6', 'meta_prevista_para_2027__raw': '8', 'quantidade_alcancada': 'Não informado', 'data_de_referencia': 'Não informado', 'sinalizacao_de_necessidade_de_revisao_proximo_exercicio': 'Não informado', 'notas_do_usuario': 'Não informado'}","{'meta_prevista_para_2024': 2.0, 'meta_prevista_para_2025': 4.0, 'meta_prevista_para_2026': 6.0, 'meta_prevista_para_2027': 8.0}"
de3101b7-1ffb-56c6-b7fb-c701da242e60,c11b9579-45d1-58de-af90-2c8b6bc73152,477,table,bdd64ea8-0f63-52bb-8848-98008d319c64,e6031646-4750-505a-b845-4fbfcd8e78d5,Regionalizações da Meta,regionalizacoes_da_meta,table_row,"{'regiao': 'Região Nordeste', 'meta_prevista_para_2024__raw': '3', 'meta_prevista_para_2025__raw': '6', 'meta_prevista_para_2026__raw': '9', 'meta_prevista_para_2027__raw': '12', 'quantidade_alcancada': 'Não informado', 'data_de_referencia': 'Não informado', 'sinalizacao_de_necessidade_de_revisao_proximo_exercicio': 'Não informado', 'notas_do_usuario': 'Não informado'}","{'meta_prevista_para_2024': 3.0, 'meta_prevista_para_2025': 6.0, 'meta_prevista_para_2026': 9.0, 'meta_prevista_para_2027': 12.0}"
5ddb40f4-4b57-5e02-880d-732a594949bd,c11b9579-45d1-58de-af90-2c8b6bc73152,477,table,bdd64ea8-0f63-52bb-8848-98008d319c64,e6031646-4750-505a-b845-4fbfcd8e78d5,Regionalizações da Meta,regionalizacoes_da_meta,table_row,"{'regiao': 'Região Norte', 'meta_prevista_para_2024__raw': '3', 'meta_prevista_para_2025__raw': '6', 'meta_prevista_para_2026__raw': '9', 'meta_prevista_para_2027__raw': '13', 'quantidade_alcancada': 'Não informado', 'data_de_referencia': 'Não informado', 'sinalizacao_de_necessidade_de_revisao_proximo_exercicio': 'Não informado', 'notas_do_usuario': 'Não informado'}","{'meta_prevista_para_2024': 3.0, 'meta_prevista_para_2025': 6.0, 'meta_prevista_para_2026': 9.0, 'meta_prevista_para_2027': 13.0}"
facc860d-a867-50d6-8b0e-98ec5c1ebcde,c11b9579-45d1-58de-af90-2c8b6bc73152,477,table,bdd64ea8-0f63-52bb-8848-98008d319c64,e6031646-4750-505a-b845-4fbfcd8e78d5,Regionalizações da Meta,regionalizacoes_da_meta,table_row,"{'regiao': 'Região Sudeste', 'meta_prevista_para_2024__raw': '2', 'meta_prevista_para_2025__raw': '4', 'meta_prevista_para_2026__raw': '6', 'meta_prevista_para_2027__raw': '8', 'quantidade_alcancada': 'Não informado', 'data_de_referencia': 'Não informado', 'sinalizacao_de_necessidade_de_revisao_proximo_exercicio': 'Não informado', 'notas_do_usuario': 'Não informado'}","{'meta_prevista_para_2024': 2.0, 'meta_prevista_para_2025': 4.0, 'meta_prevista_para_2026': 6.0, 'meta_prevista_para_2027': 8.0}"
acba02e1-d3c6-5cac-b414-62042889d269,c11b9579-45d1-58de-af90-2c8b6bc73152,477,table,bdd64ea8-0f63-52bb-8848-98008d319c64,e6031646-4750-505a-b845-4fbfcd8e78d5,Regionalizações da Meta,regionalizacoes_da_meta,table_row,"{'regiao': 'Região Sul', 'meta_prevista_para_2024__raw': '1', 'meta_prevista_para_2025__raw': '2', 'meta_prevista_para_2026__raw': '4', 'meta_prevista_para_2027__raw': '7', 'quantidade_alcancada': 'Não informado', 'data_de_referencia': 'Não informado', 'sinalizacao_de_necessidade_de_revisao_proximo_exercicio': 'Não informado', 'notas_do_usuario': 'Não informado'}","{'meta_prevista_para_2024': 1.0, 'meta_prevista_para_2025': 2.0, 'meta_prevista_para_2026': 4.0, 'meta_prevista_para_2027': 7.0}"
0bc808ea-f53c-50be-a6c6-12cdb92107e5,c11b9579-45d1-58de-af90-2c8b6bc73152,478,table,73e006cd-8268-566e-8fbe-85fb520bc139,c10f3c21-7d22-5d2f-b585-66898e3607e0,Informações básicas,informacoes_basicas,table_row,{'0': 'Quantitativa:: Sim'},{}
417c8f61-5c6d-5893-8274-1ad1119ad38c,c11b9579-45d1-58de-af90-2c8b6bc73152,478,table,73e006cd-8268-566e-8fbe-85fb520bc139,c10f3c21-7d22-5d2f-b585-66898e3607e0,Informações básicas,informacoes_basicas,table_row,{'0': 'Meta prevista para 2024: 3'},{}
a4f6a46a-5445-596e-ae33-796c61ca49e6,c11b9579-45d1-58de-af90-2c8b6bc73152,478,table,73e006cd-8268-566e-8fbe-85fb520bc139,c10f3c21-7d22-5d2f-b585-66898e3607e0,Informações básicas,informacoes_basicas,table_row,{'0': 'Meta prevista para 2025: 6'},{}
b062589e-9cbd-57b0-aa8b-50e92894dda4,c11b9579-45d1-58de-af90-2c8b6bc73152,482,table,82293788-ee93-59c7-9500-7addaa2efe0c,45497526-43ce-57a5-bcb8-53e423fd4415,Regionalizações da Meta,regionalizacoes_da_meta,table_row,"{'regiao': 'Região Centro- Oeste', 'meta_prevista_para_2024': '-', 'meta_prevista_para_2025': '-', 'meta_prevista_para_2026': '-', 'meta_prevista_para_2027': '-', 'quantidade_alcancada__raw': '1', 'data_de_referencia__raw': '16/01/2025', 'sinalizacao_de_necessidade_de_revisao_proximo_exercicio': 'Não', 'notas_do_usuario': 'Foi realizada a ouvidoria itinerante em Cáceres/MT no período de 07 a 09 de março de 2024.'}","{'quantidade_alcancada': 1.0, 'data_de_referencia': 16012025.0}"
671b7882-c1ec-55f3-8c88-c17fbff1d245,c11b9579-45d1-58de-af90-2c8b6bc73152,482,table,82293788-ee93-59c7-9500-7addaa2efe0c,45497526-43ce-57a5-bcb8-53e423fd4415,Regionalizações da Meta,regionalizacoes_da_meta,table_row,"{'regiao': 'Região Nordeste', 'meta_prevista_para_2024': '-', 'meta_prevista_para_2025': '-', 'meta_prevista_para_2026': '-', 'meta_prevista_para_2027': '-', 'quantidade_alcancada__raw': '1', 'data_de_referencia__raw': '16/01/2025', 'sinalizacao_de_necessidade_de_revisao_proximo_exercicio': 'Não', 'notas_do_usuario': 'A ouvidoria itinerante foi realizada em Salvador/BA nos dias 25 e 26/01/2024, após o ataque a lideranças indígenas da etnia Pataxó Hã-Hã-Hãe em 20/01/2023.'}","{'quantidade_alcancada': 1.0, 'data_de_referencia': 16012025.0}"
4a36426d-3166-5f13-8d7e-f2df4e0e562e,c11b9579-45d1-58de-af90-2c8b6bc73152,482,table,82293788-ee93-59c7-9500-7addaa2efe0c,45497526-43ce-57a5-bcb8-53e423fd4415,Regionalizações da Meta,regionalizacoes_da_meta,table_row,"{'regiao': 'Região Norte', 'meta_prevista_para_2024': '-', 'meta_prevista_para_2025': '-', 'meta_prevista_para_2026': '-', 'meta_prevista_para_2027': '-', 'quantidade_alcancada__raw': '2', 'data_de_referencia__raw': '16/01/2025', 'sinalizacao_de_necessidade_de_revisao_proximo_exercicio': 'Não', 'notas_do_usuario': 'Foram realizadas duas ouvidorias itinerante do programa cidadania Marajó nas datas de 18/08/2024 a 25/08/2024 e 24/08/2024 a 06/09/2024.'}","{'quantidade_alcancada': 2.0, 'data_de_referencia': 16012025.0}"
cafe2aea-947a-54e7-89f0-eff6fe3fca1b,c11b9579-45d1-58de-af90-2c8b6bc73152,482,table,82293788-ee93-59c7-9500-7addaa2efe0c,45497526-43ce-57a5-bcb8-53e423fd4415,Regionalizações da Meta,regionalizacoes_da_meta,table_row,"{'regiao': 'Região Sudeste', 'meta_prevista_para_2024': '-', 'meta_prevista_para_2025': '-', 'meta_prevista_para_2026': '-', 'meta_prevista_para_2027': '-', 'quantidade_alcancada__raw': '4', 'data_de_referencia__raw': '16/01/2025', 'sinalizacao_de_necessidade_de_revisao_proximo_exercicio': 'Não', 'notas_do_usuario': 'Foi realizado ouvidoria itinerante na Baixada Santista na data de 10/02/2024 a 13/02/2024. Na data de 02/03/2024 a 04/03/2024, ocorreu uma nova ouvidoria itinerante para participar de reunião com familiares e vítimas de intervenções policiais que ocorreram na Baixada Santista, desde a segunda semana de fevereiro de 2024. Na data de 15/06/2024 a 18/06/2024 ocorreu ouvidoria itinerante no aeroporto internacional de Guarulhos verificando a situação dos imigrantes. Por fim de 03/09/2024 a 05/09/2024 a ouvidoria itinerante foi realizada novamente no aeroporto internacional de Guarulhos verificando a situação dos imigrantes proibidos de entrarem no Brasil.'}","{'quantidade_alcancada': 4.0, 'data_de_referencia': 16012025.0}"
479d0b09-2069-5461-ae72-d6db042b001c,c11b9579-45d1-58de-af90-2c8b6bc73152,482,table,82293788-ee93-59c7-9500-7addaa2efe0c,45497526-43ce-57a5-bcb8-53e423fd4415,Regionalizações da Meta,regionalizacoes_da_meta,table_row,"{'regiao': 'Região Sul', 'meta_prevista_para_2024': '-', 'meta_prevista_para_2025': '-', 'meta_prevista_para_2026': '-', 'meta_prevista_para_2027': '-', 'quantidade_alcancada__raw': '5', 'data_de_referencia__raw': '16/01/2025', 'sinalizacao_de_necessidade_de_revisao_proximo_exercicio': 'Não', 'notas_do_usuario': 'Foi realizada de 08/05/2024 a 26/05/2024 a ouvidoria itinerante no Rio Grande do Sul devido as fortes chuvas que deixaram muitos desabrigados, retornando em 31/05/2024 ate 07/06/2024. No estado do Paraná especificamente em Guaíra foi realizada duas'}","{'quantidade_alcancada': 5.0, 'data_de_referencia': 16012025.0}"
48c38b4b-0179-5d88-8f40-5950ebaa3e20,c11b9579-45d1-58de-af90-2c8b6bc73152,483,table,7de6cc65-a1d6-5a18-b7fe-6710c33cf43f,bd7878c1-51f7-5d04-9013-8a0d00b3ac9f,Entrega: 1565 - Reestruturação e aprofundamento de rede de parcerias do Disque 100 - Disque Direitos Humanos,entrega_1565_reestruturacao_e_aprofundamento_de_rede_de_parcerias_do_disque_100_disque_direitos_humanos,table_row,"{'0': 'ouvidorias itinerante devido aos conflitos ocorridos envolvendo populações indígenas, durante os períodos de 15/07/2024 a 19/07/2024 e 09/12/2024 a 13/12/2024.'}",{}
5039073c-c359-5713-b29a-38966965df6a,c11b9579-45d1-58de-af90-2c8b6bc73152,489,table,15022d51-cbd8-5494-821a-f795c3101cfe,5e0458ad-31c3-5dfc-8a5c-a8560e455fd3,Informações do Monitoramento,informacoes_do_monitoramento,table_row,"{'regiao': 'Região Centro- Oeste', 'meta_prevista_para_2024__raw': '0,75', 'meta_prevista_para_2025__raw': '0,75', 'meta_prevista_para_2026__raw': '0,75', 'meta_prevista_para_2027__raw': '0,75', 'quantidade_alcancada__raw': '2,6819', 'data_de_referencia__raw': '31/12/2024', 'sinalizacao_de_necessidade_de_revisao_proximo_exercicio': 'Não', 'notas_do_usuario': 'Não informado'}","{'meta_prevista_para_2024': 0.75, 'meta_prevista_para_2025': 0.75, 'meta_prevista_para_2026': 0.75, 'meta_prevista_para_2027': 0.75, 'quantidade_alcancada': 26819.0, 'data_de_referencia': 31122024.0}"
8ea527f1-9e80-56d8-96a0-3f55825d7562,c11b9579-45d1-58de-af90-2c8b6bc73152,489,table,15022d51-cbd8-5494-821a-f795c3101cfe,5e0458ad-31c3-5dfc-8a5c-a8560e455fd3,Informações do Monitoramento,informacoes_do_monitoramento,table_row,"{'regiao': 'Região Nordeste', 'meta_prevista_para_2024__raw': '1', 'meta_prevista_para_2025__raw': '1', 'meta_prevista_para_2026__raw': '1', 'meta_prevista_para_2027__raw': '1', 'quantidade_alcancada__raw': '4,5929', 'data_de_referencia__raw': '31/12/2024', 'sinalizacao_de_necessidade_de_revisao_proximo_exercicio': 'Não', 'notas_do_usuario': 'Não informado'}","{'meta_prevista_para_2024': 1.0, 'meta_prevista_para_2025': 1.0, 'meta_prevista_para_2026': 1.0, 'meta_prevista_para_2027': 1.0, 'quantidade_alcancada': 45929.0, 'data_de_referencia': 31122024.0}"
732c0d5a-1eca-5f40-8cc4-2175ebf3977c,c11b9579-45d1-58de-af90-2c8b6bc73152,489,table,15022d51-cbd8-5494-821a-f795c3101cfe,5e0458ad-31c3-5dfc-8a5c-a8560e455fd3,Informações do Monitoramento,informacoes_do_monitoramento,table_row,"{'regiao': 'Região Norte', 'meta_prevista_para_2024__raw': '2', 'meta_prevista_para_2025__raw': '2', 'meta_prevista_para_2026__raw': '2', 'meta_prevista_para_2027__raw': '2', 'quantidade_alcancada__raw': '18,1324', 'data_de_referencia__raw': '31/12/2024', 'sinalizacao_de_necessidade_de_revisao_proximo_exercicio': 'Não', 'notas_do_usuario': 'Não informado'}","{'meta_prevista_para_2024': 2.0, 'meta_prevista_para_2025': 2.0, 'meta_prevista_para_2026': 2.0, 'meta_prevista_para_2027': 2.0, 'quantidade_alcancada': 181324.0, 'data_de_referencia': 31122024.0}"
0c484ee7-e3d2-57fe-81b4-96643687a08d,c11b9579-45d1-58de-af90-2c8b6bc73152,489,table,15022d51-cbd8-5494-821a-f795c3101cfe,5e0458ad-31c3-5dfc-8a5c-a8560e455fd3,Informações do Monitoramento,informacoes_do_monitoramento,table_row,"{'regiao': 'Região Sudeste', 'meta_prevista_para_2024__raw': '0,75', 'meta_prevista_para_2025__raw': '0,75', 'meta_prevista_para_2026__raw': '0,75', 'meta_prevista_para_2027__raw': '0,75', 'quantidade_alcancada__raw': '0,6406', 'data_de_referencia__raw': '31/12/2024', 'sinalizacao_de_necessidade_de_revisao_proximo_exercicio': 'Não', 'notas_do_usuario': 'Não informado'}","{'meta_prevista_para_2024': 0.75, 'meta_prevista_para_2025': 0.75, 'meta_prevista_para_2026': 0.75, 'meta_prevista_para_2027': 0.75, 'quantidade_alcancada': 6406.0, 'data_de_referencia': 31122024.0}"
73200974-7b55-5cc7-a115-a5fae3a71769,c11b9579-45d1-58de-af90-2c8b6bc73152,489,table,15022d51-cbd8-5494-821a-f795c3101cfe,5e0458ad-31c3-5dfc-8a5c-a8560e455fd3,Informações do Monitoramento,informacoes_do_monitoramento,table_row,"{'regiao': 'Região Sul', 'meta_prevista_para_2024__raw': '0,5', 'meta_prevista_para_2025__raw': '0,5', 'meta_prevista_para_2026__raw': '0,5', 'meta_prevista_para_2027__raw': '0,5', 'quantidade_alcancada__raw': '1,9869', 'data_de_referencia__raw': '31/12/2024', 'sinalizacao_de_necessidade_de_revisao_proximo_exercicio': 'Não', 'notas_do_usuario': 'Não informado'}","{'meta_prevista_para_2024': 0.5, 'meta_prevista_para_2025': 0.5, 'meta_prevista_para_2026': 0.5, 'meta_prevista_para_2027': 0.5, 'quantidade_alcancada': 19869.0, 'data_de_referencia': 31122024.0}"
e50dd3c4-ab19-58ff-9825-d0c660384485,c11b9579-45d1-58de-af90-2c8b6bc73152,489,table,1883fe5b-20cd-57cd-add6-b59930f861fb,5e0458ad-31c3-5dfc-8a5c-a8560e455fd3,Informações do Monitoramento,informacoes_do_monitoramento,table_row,"{'publico': 'Quilombolas', 'meta_prevista_para_2024__raw': '1', 'meta_prevista_para_2025__raw': '1', 'meta_prevista_para_2026__raw': '1', 'meta_prevista_para_2027__raw': '1', 'quantidade_alcancada__raw': '6,91', 'data_de_referencia__raw': '31/12/2024', 'sinalizacao_de_necessidade_de_revisao_proximo_exercicio': 'Não', 'notas_do_usuario': 'Não informado'}","{'meta_prevista_para_2024': 1.0, 'meta_prevista_para_2025': 1.0, 'meta_prevista_para_2026': 1.0, 'meta_prevista_para_2027': 1.0, 'quantidade_alcancada': 6.91, 'data_de_referencia': 31122024.0}"
eb1e41db-1d74-5b42-9e9c-5cad9e414a23,c11b9579-45d1-58de-af90-2c8b6bc73152,499,table,61b0736e-db9b-56d1-a25e-da37e46bf9d0,eeab4f85-5ed1-5cbc-b685-d323b4f2c4ff,Informações do Monitoramento,informacoes_do_monitoramento,table_row,"{'regiao': 'Região Centro- Oeste', 'meta_prevista_para_2024__raw': '17.478', 'meta_prevista_para_2025__raw': '18.643', 'meta_prevista_para_2026__raw': '19.226', 'meta_prevista_para_2027__raw': '20.391', 'quantidade_alcancada__raw': '15.650', 'data_de_referencia__raw': '31/12/2023', 'sinalizacao_de_necessidade_de_revisao_proximo_exercicio': 'Não', 'notas_do_usuario': 'Não informado'}","{'meta_prevista_para_2024': 17478.0, 'meta_prevista_para_2025': 18643.0, 'meta_prevista_para_2026': 19226.0, 'meta_prevista_para_2027': 20391.0, 'quantidade_alcancada': 15650.0, 'data_de_referencia': 31122023.0}"
94506c43-446a-5eed-8f8e-d7ffc32bf6c4,c11b9579-45d1-58de-af90-2c8b6bc73152,499,table,61b0736e-db9b-56d1-a25e-da37e46bf9d0,eeab4f85-5ed1-5cbc-b685-d323b4f2c4ff,Informações do Monitoramento,informacoes_do_monitoramento,table_row,"{'regiao': 'Região Nordeste', 'meta_prevista_para_2024__raw': '207.110', 'meta_prevista_para_2025__raw': '220.918', 'meta_prevista_para_2026__raw': '227.821', 'meta_prevista_para_2027__raw': '241.629', 'quantidade_alcancada__raw': '194.263', 'data_de_referencia__raw': '31/12/2023', 'sinalizacao_de_necessidade_de_revisao_proximo_exercicio': 'Não', 'notas_do_usuario': 'Não informado'}","{'meta_prevista_para_2024': 207110.0, 'meta_prevista_para_2025': 220918.0, 'meta_prevista_para_2026': 227821.0, 'meta_prevista_para_2027': 241629.0, 'quantidade_alcancada': 194263.0, 'data_de_referencia': 31122023.0}"
5b9e16b4-7132-58aa-9d6e-cabe85f11e2f,c11b9579-45d1-58de-af90-2c8b6bc73152,499,table,61b0736e-db9b-56d1-a25e-da37e46bf9d0,eeab4f85-5ed1-5cbc-b685-d323b4f2c4ff,Informações do Monitoramento,informacoes_do_monitoramento,table_row,"{'regiao': 'Região Norte', 'meta_prevista_para_2024__raw': '35.880', 'meta_prevista_para_2025__raw': '38.272', 'meta_prevista_para_2026__raw': '39.468', 'meta_prevista_para_2027__raw': '41.860', 'quantidade_alcancada__raw': '30.540', 'data_de_referencia__raw': '31/12/2023', 'sinalizacao_de_necessidade_de_revisao_proximo_exercicio': 'Não', 'notas_do_usuario': 'Não informado'}","{'meta_prevista_para_2024': 35880.0, 'meta_prevista_para_2025': 38272.0, 'meta_prevista_para_2026': 39468.0, 'meta_prevista_para_2027': 41860.0, 'quantidade_alcancada': 30540.0, 'data_de_referencia': 31122023.0}"
60e8b734-7236-5e14-a937-8f12e113c91d,c11b9579-45d1-58de-af90-2c8b6bc73152,499,table,61b0736e-db9b-56d1-a25e-da37e46bf9d0,eeab4f85-5ed1-5cbc-b685-d323b4f2c4ff,Informações do Monitoramento,informacoes_do_monitoramento,table_row,"{'regiao': 'Região Sudeste', 'meta_prevista_para_2024__raw': '31.236', 'meta_prevista_para_2025__raw': '33.318', 'meta_prevista_para_2026__raw': '34.360', 'meta_prevista_para_2027__raw': '36.442', 'quantidade_alcancada__raw': '30.341', 'data_de_referencia__raw': '31/12/2023', 'sinalizacao_de_necessidade_de_revisao_proximo_exercicio': 'Não', 'notas_do_usuario': 'Não informado'}","{'meta_prevista_para_2024': 31236.0, 'meta_prevista_para_2025': 33318.0, 'meta_prevista_para_2026': 34360.0, 'meta_prevista_para_2027': 36442.0, 'quantidade_alcancada': 30341.0, 'data_de_referencia': 31122023.0}"
d49ac72c-d59d-5ca8-80b2-abb233370820,c11b9579-45d1-58de-af90-2c8b6bc73152,499,table,61b0736e-db9b-56d1-a25e-da37e46bf9d0,eeab4f85-5ed1-5cbc-b685-d323b4f2c4ff,Informações do Monitoramento,informacoes_do_monitoramento,table_row,"{'regiao': 'Região Sul', 'meta_prevista_para_2024__raw': '8.296', 'meta_prevista_para_2025__raw': '8.849', 'meta_prevista_para_2026__raw': '9.125', 'meta_prevista_para_2027__raw': '9.678', 'quantidade_alcancada__raw': '7.236', 'data_de_referencia__raw': '31/12/2023', 'sinalizacao_de_necessidade_de_revisao_proximo_exercicio': 'Não', 'notas_do_usuario': 'Não informado'}","{'meta_prevista_para_2024': 8296.0, 'meta_prevista_para_2025': 8849.0, 'meta_prevista_para_2026': 9125.0, 'meta_prevista_para_2027': 9678.0, 'quantidade_alcancada': 7236.0, 'data_de_referencia': 31122023.0}"
4ae57b72-70a5-51f8-91a4-076ff67a76cd,c11b9579-45d1-58de-af90-2c8b6bc73152,500,table,7a3a3776-467a-5429-a070-d7bb7200e19e,af4ed32a-efc9-548b-a61d-71db1d66c64f,Regionalizações da Meta,regionalizacoes_da_meta,table_row,"{'regiao': 'Região Centro- Oeste', 'meta_prevista_para_2024': '-', 'meta_prevista_para_2025': '-', 'meta_prevista_para_2026': '-', 'meta_prevista_para_2027': '-', 'quantidade_alcancada__raw': '570', 'data_de_referencia__raw': '31/12/2024', 'sinalizacao_de_necessidade_de_revisao_proximo_exercicio': 'Não', 'notas_do_usuario': 'Não informado'}","{'quantidade_alcancada': 570.0, 'data_de_referencia': 31122024.0}"
4d3e7cfc-49d1-5baa-98e3-5adcc7ad25e7,c11b9579-45d1-58de-af90-2c8b6bc73152,500,table,7a3a3776-467a-5429-a070-d7bb7200e19e,af4ed32a-efc9-548b-a61d-71db1d66c64f,Regionalizações da Meta,regionalizacoes_da_meta,table_row,"{'regiao': 'Região Nordeste', 'meta_prevista_para_2024': '-', 'meta_prevista_para_2025': '-', 'meta_prevista_para_2026': '-', 'meta_prevista_para_2027': '-', 'quantidade_alcancada__raw': '3.288', 'data_de_referencia__raw': '31/12/2024', 'sinalizacao_de_necessidade_de_revisao_proximo_exercicio': 'Não', 'notas_do_usuario': 'Não informado'}","{'quantidade_alcancada': 3288.0, 'data_de_referencia': 31122024.0}"
6f7c42b2-4d10-583d-8fde-dfabb1c31997,c11b9579-45d1-58de-af90-2c8b6bc73152,500,table,7a3a3776-467a-5429-a070-d7bb7200e19e,af4ed32a-efc9-548b-a61d-71db1d66c64f,Regionalizações da Meta,regionalizacoes_da_meta,table_row,"{'regiao': 'Região Norte', 'meta_prevista_para_2024': '-', 'meta_prevista_para_2025': '-', 'meta_prevista_para_2026': '-', 'meta_prevista_para_2027': '-', 'quantidade_alcancada__raw': '916', 'data_de_referencia__raw': '31/12/2024', 'sinalizacao_de_necessidade_de_revisao_proximo_exercicio': 'Não', 'notas_do_usuario': 'Não informado'}","{'quantidade_alcancada': 916.0, 'data_de_referencia': 31122024.0}"
2f061a07-64cf-5e9d-b22c-00e0ef8adb08,c11b9579-45d1-58de-af90-2c8b6bc73152,500,table,7a3a3776-467a-5429-a070-d7bb7200e19e,af4ed32a-efc9-548b-a61d-71db1d66c64f,Regionalizações da Meta,regionalizacoes_da_meta,table_row,"{'regiao': 'Região Sudeste', 'meta_prevista_para_2024': '-', 'meta_prevista_para_2025': '-', 'meta_prevista_para_2026': '-', 'meta_prevista_para_2027': '-', 'quantidade_alcancada__raw': '2.130', 'data_de_referencia__raw': '31/12/2024', 'sinalizacao_de_necessidade_de_revisao_proximo_exercicio': 'Não', 'notas_do_usuario': 'Não informado'}","{'quantidade_alcancada': 2130.0, 'data_de_referencia': 31122024.0}"
5af68e38-f8b5-5e8b-90d0-50843f1486cb,c11b9579-45d1-58de-af90-2c8b6bc73152,500,table,7a3a3776-467a-5429-a070-d7bb7200e19e,af4ed32a-efc9-548b-a61d-71db1d66c64f,Regionalizações da Meta,regionalizacoes_da_meta,table_row,"{'regiao': 'Região Sul', 'meta_prevista_para_2024': '-', 'meta_prevista_para_2025': '-', 'meta_prevista_para_2026': '-', 'meta_prevista_para_2027': '-', 'quantidade_alcancada__raw': '200', 'data_de_referencia__raw': '31/12/2024', 'sinalizacao_de_necessidade_de_revisao_proximo_exercicio': 'Não', 'notas_do_usuario': 'Não informado'}","{'quantidade_alcancada': 200.0, 'data_de_referencia': 31122024.0}"
94448608-197f-539b-8053-f9be956129ab,c11b9579-45d1-58de-af90-2c8b6bc73152,501,table,3498a0e3-8655-59da-acd5-ae6da3f71849,8bd6efda-733a-5280-a09d-336cd260d7bd,Informações do Monitoramento,informacoes_do_monitoramento,table_row,"{'regiao': 'Região Centro- Oeste', 'meta_prevista_para_2024': '-', 'meta_prevista_para_2025': '-', 'meta_prevista_para_2026': '-', 'meta_prevista_para_2027': '-', 'quantidade_alcancada__raw': '36', 'data_de_referencia__raw': '31/12/2024', 'sinalizacao_de_necessidade_de_revisao_proximo_exercicio': 'Não', 'notas_do_usuario': 'Não informado'}","{'quantidade_alcancada': 36.0, 'data_de_referencia': 31122024.0}"
def67c61-b745-59b0-b18b-3f6bb8a4c75d,c11b9579-45d1-58de-af90-2c8b6bc73152,501,table,3498a0e3-8655-59da-acd5-ae6da3f71849,8bd6efda-733a-5280-a09d-336cd260d7bd,Informações do Monitoramento,informacoes_do_monitoramento,table_row,"{'regiao': 'Região Nordeste', 'meta_prevista_para_2024': '-', 'meta_prevista_para_2025': '-', 'meta_prevista_para_2026': '-', 'meta_prevista_para_2027': '-', 'quantidade_alcancada__raw': '911', 'data_de_referencia__raw': '31/12/2024', 'sinalizacao_de_necessidade_de_revisao_proximo_exercicio': 'Não', 'notas_do_usuario': 'Não informado'}","{'quantidade_alcancada': 911.0, 'data_de_referencia': 31122024.0}"
e780a635-f502-55a1-9639-e4f386dd3194,c11b9579-45d1-58de-af90-2c8b6bc73152,501,table,3498a0e3-8655-59da-acd5-ae6da3f71849,8bd6efda-733a-5280-a09d-336cd260d7bd,Informações do Monitoramento,informacoes_do_monitoramento,table_row,"{'regiao': 'Região Norte', 'meta_prevista_para_2024': '-', 'meta_prevista_para_2025': '-', 'meta_prevista_para_2026': '-', 'meta_prevista_para_2027': '-', 'quantidade_alcancada__raw': '86', 'data_de_referencia__raw': '31/12/2024', 'sinalizacao_de_necessidade_de_revisao_proximo_exercicio': 'Não', 'notas_do_usuario': 'Não informado'}","{'quantidade_alcancada': 86.0, 'data_de_referencia': 31122024.0}"
72d56c96-f15d-5379-a655-01e54bfea122,c11b9579-45d1-58de-af90-2c8b6bc73152,501,table,3498a0e3-8655-59da-acd5-ae6da3f71849,8bd6efda-733a-5280-a09d-336cd260d7bd,Informações do Monitoramento,informacoes_do_monitoramento,table_row,"{'regiao': 'Região Sudeste', 'meta_prevista_para_2024': '-', 'meta_prevista_para_2025': '-', 'meta_prevista_para_2026': '-', 'meta_prevista_para_2027': '-', 'quantidade_alcancada__raw': '82', 'data_de_referencia__raw': '31/12/2024', 'sinalizacao_de_necessidade_de_revisao_proximo_exercicio': 'Não', 'notas_do_usuario': 'Não informado'}","{'quantidade_alcancada': 82.0, 'data_de_referencia': 31122024.0}"
fbc45f81-e7b8-5587-98f9-aecd94362792,c11b9579-45d1-58de-af90-2c8b6bc73152,501,table,3498a0e3-8655-59da-acd5-ae6da3f71849,8bd6efda-733a-5280-a09d-336cd260d7bd,Informações do Monitoramento,informacoes_do_monitoramento,table_row,"{'regiao': 'Região Sul', 'meta_prevista_para_2024': '-', 'meta_prevista_para_2025': '-', 'meta_prevista_para_2026': '-', 'meta_prevista_para_2027': '-', 'quantidade_alcancada__raw': '34', 'data_de_referencia__raw': '31/12/2024', 'sinalizacao_de_necessidade_de_revisao_proximo_exercicio': 'Não', 'notas_do_usuario': 'Não informado'}","{'quantidade_alcancada': 34.0, 'data_de_referencia': 31122024.0}"
d45ef67e-4985-50f4-bc55-494c6688f194,c11b9579-45d1-58de-af90-2c8b6bc73152,503,table,41fbc3a8-9358-5516-a83b-8ca0c5b1d360,0790ae0a-360b-50dd-b6a1-fddc76fc3c83,Entrega: 1479 - Monitoramento da qualidade da conexão de internet utilizada pelas escolas da educação básica,entrega_1479_monitoramento_da_qualidade_da_conexao_de_internet_utilizada_pelas_escolas_da_educacao_basica,table_row,"{'regiao': 'Região Centro- Oeste', 'meta_prevista_para_2024__raw': '90,6', 'meta_prevista_para_2025__raw': '93,8', 'meta_prevista_para_2026__raw': '96,9', 'meta_prevista_para_2027__raw': '100', 'quantidade_alcancada__raw': '86,19', 'data_de_referencia__raw': '31/12/2023', 'sinalizacao_de_necessidade_de_revisao_proximo_exercicio': 'Não', 'notas_do_usuario': 'Não informado'}","{'meta_prevista_para_2024': 90.6, 'meta_prevista_para_2025': 93.8, 'meta_prevista_para_2026': 96.9, 'meta_prevista_para_2027': 100.0, 'quantidade_alcancada': 86.19, 'data_de_referencia': 31122023.0}"
f8553e8f-f084-5ebc-a964-1d3fd8f23705,c11b9579-45d1-58de-af90-2c8b6bc73152,503,table,41fbc3a8-9358-5516-a83b-8ca0c5b1d360,0790ae0a-360b-50dd-b6a1-fddc76fc3c83,Entrega: 1479 - Monitoramento da qualidade da conexão de internet utilizada pelas escolas da educação básica,entrega_1479_monitoramento_da_qualidade_da_conexao_de_internet_utilizada_pelas_escolas_da_educacao_basica,table_row,"{'regiao': 'Região Nordeste', 'meta_prevista_para_2024__raw': '78,6', 'meta_prevista_para_2025__raw': '85,7', 'meta_prevista_para_2026__raw': '92,9', 'meta_prevista_para_2027__raw': '100', 'quantidade_alcancada__raw': '70,16', 'data_de_referencia__raw': '31/12/2023', 'sinalizacao_de_necessidade_de_revisao_proximo_exercicio': 'Não', 'notas_do_usuario': 'Não informado'}","{'meta_prevista_para_2024': 78.6, 'meta_prevista_para_2025': 85.7, 'meta_prevista_para_2026': 92.9, 'meta_prevista_para_2027': 100.0, 'quantidade_alcancada': 70.16, 'data_de_referencia': 31122023.0}"
e68f7591-fb98-58db-b025-f7a690df4664,c11b9579-45d1-58de-af90-2c8b6bc73152,503,table,41fbc3a8-9358-5516-a83b-8ca0c5b1d360,0790ae0a-360b-50dd-b6a1-fddc76fc3c83,Entrega: 1479 - Monitoramento da qualidade da conexão de internet utilizada pelas escolas da educação básica,entrega_1479_monitoramento_da_qualidade_da_conexao_de_internet_utilizada_pelas_escolas_da_educacao_basica,table_row,"{'regiao': 'Região Norte', 'meta_prevista_para_2024__raw': '63,6', 'meta_prevista_para_2025__raw': '75,7', 'meta_prevista_para_2026__raw': '87,9', 'meta_prevista_para_2027__raw': '100', 'quantidade_alcancada__raw': '48,63', 'data_de_referencia__raw': '31/12/2023', 'sinalizacao_de_necessidade_de_revisao_proximo_exercicio': 'Não', 'notas_do_usuario': 'Não informado'}","{'meta_prevista_para_2024': 63.6, 'meta_prevista_para_2025': 75.7, 'meta_prevista_para_2026': 87.9, 'meta_prevista_para_2027': 100.0, 'quantidade_alcancada': 48.63, 'data_de_referencia': 31122023.0}"
d9d6bc56-2a12-5838-b927-cffb9bde5376,c11b9579-45d1-58de-af90-2c8b6bc73152,503,table,41fbc3a8-9358-5516-a83b-8ca0c5b1d360,0790ae0a-360b-50dd-b6a1-fddc76fc3c83,Entrega: 1479 - Monitoramento da qualidade da conexão de internet utilizada pelas escolas da educação básica,entrega_1479_monitoramento_da_qualidade_da_conexao_de_internet_utilizada_pelas_escolas_da_educacao_basica,table_row,"{'regiao': 'Região Sudeste', 'meta_prevista_para_2024__raw': '93', 'meta_prevista_para_2025__raw': '95,4', 'meta_prevista_para_2026__raw': '97,7', 'meta_prevista_para_2027__raw': '100', 'quantidade_alcancada__raw': '90,02', 'data_de_referencia__raw': '31/12/2023', 'sinalizacao_de_necessidade_de_revisao_proximo_exercicio': 'Não', 'notas_do_usuario': 'Não informado'}","{'meta_prevista_para_2024': 93.0, 'meta_prevista_para_2025': 95.4, 'meta_prevista_para_2026': 97.7, 'meta_prevista_para_2027': 100.0, 'quantidade_alcancada': 90.02, 'data_de_referencia': 31122023.0}"
6e62b071-bf73-5ca3-b04c-9ee4960f06d5,c11b9579-45d1-58de-af90-2c8b6bc73152,503,table,41fbc3a8-9358-5516-a83b-8ca0c5b1d360,0790ae0a-360b-50dd-b6a1-fddc76fc3c83,Entrega: 1479 - Monitoramento da qualidade da conexão de internet utilizada pelas escolas da educação básica,entrega_1479_monitoramento_da_qualidade_da_conexao_de_internet_utilizada_pelas_escolas_da_educacao_basica,table_row,"{'regiao': 'Região Sul', 'meta_prevista_para_2024__raw': '87,6', 'meta_prevista_para_2025__raw': '91,8', 'meta_prevista_para_2026__raw': '95,9', 'meta_prevista_para_2027__raw': '100', 'quantidade_alcancada__raw': '79,92', 'data_de_referencia__raw': '31/12/2023', 'sinalizacao_de_necessidade_de_revisao_proximo_exercicio': 'Não', 'notas_do_usuario': 'Não informado'}","{'meta_prevista_para_2024': 87.6, 'meta_prevista_para_2025': 91.8, 'meta_prevista_para_2026': 95.9, 'meta_prevista_para_2027': 100.0, 'quantidade_alcancada': 79.92, 'data_de_referencia': 31122023.0}"
600ab9d1-356e-5589-9fd5-2f74751bc2b6,c11b9579-45d1-58de-af90-2c8b6bc73152,504,table,92a8700e-369f-5a91-aedd-48dd807e0e6f,81bf7277-0c15-524c-b72f-7b8592b56b43,Informações do Monitoramento,informacoes_do_monitoramento,table_row,"{'regiao': 'Região Centro- Oeste', 'meta_prevista_para_2024__raw': '6.233', 'meta_prevista_para_2025__raw': '7.011', 'meta_prevista_para_2026__raw': '7.594', 'meta_prevista_para_2027__raw': '7.845', 'quantidade_alcancada__raw': '5.630', 'data_de_referencia__raw': '31/12/2023', 'sinalizacao_de_necessidade_de_revisao_proximo_exercicio': 'Não', 'notas_do_usuario': 'Não informado'}","{'meta_prevista_para_2024': 6233.0, 'meta_prevista_para_2025': 7011.0, 'meta_prevista_para_2026': 7594.0, 'meta_prevista_para_2027': 7845.0, 'quantidade_alcancada': 5630.0, 'data_de_referencia': 31122023.0}"
7c378b22-1105-5268-915c-0629c288e23b,c11b9579-45d1-58de-af90-2c8b6bc73152,504,table,92a8700e-369f-5a91-aedd-48dd807e0e6f,81bf7277-0c15-524c-b72f-7b8592b56b43,Informações do Monitoramento,informacoes_do_monitoramento,table_row,"{'regiao': 'Região Nordeste', 'meta_prevista_para_2024__raw': '30.092', 'meta_prevista_para_2025__raw': '39.680', 'meta_prevista_para_2026__raw': '46.871', 'meta_prevista_para_2027__raw': '49.953', 'quantidade_alcancada__raw': '24.841', 'data_de_referencia__raw': '31/12/2023', 'sinalizacao_de_necessidade_de_revisao_proximo_exercicio': 'Não', 'notas_do_usuario': 'Não informado'}","{'meta_prevista_para_2024': 30092.0, 'meta_prevista_para_2025': 39680.0, 'meta_prevista_para_2026': 46871.0, 'meta_prevista_para_2027': 49953.0, 'quantidade_alcancada': 24841.0, 'data_de_referencia': 31122023.0}"
f63dedd6-b1fb-51f1-a65c-edbd9bc9adcc,c11b9579-45d1-58de-af90-2c8b6bc73152,504,table,92a8700e-369f-5a91-aedd-48dd807e0e6f,81bf7277-0c15-524c-b72f-7b8592b56b43,Informações do Monitoramento,informacoes_do_monitoramento,table_row,"{'regiao': 'Região Norte', 'meta_prevista_para_2024__raw': '11.226', 'meta_prevista_para_2025__raw': '15.640', 'meta_prevista_para_2026__raw': '18.950', 'meta_prevista_para_2027__raw': '20.366', 'quantidade_alcancada__raw': '6.230', 'data_de_referencia__raw': '31/12/2023', 'sinalizacao_de_necessidade_de_revisao_proximo_exercicio': 'Não', 'notas_do_usuario': 'Não informado'}","{'meta_prevista_para_2024': 11226.0, 'meta_prevista_para_2025': 15640.0, 'meta_prevista_para_2026': 18950.0, 'meta_prevista_para_2027': 20366.0, 'quantidade_alcancada': 6230.0, 'data_de_referencia': 31122023.0}"
dc638767-1234-590e-9237-52f855804f8c,c11b9579-45d1-58de-af90-2c8b6bc73152,504,table,92a8700e-369f-5a91-aedd-48dd807e0e6f,81bf7277-0c15-524c-b72f-7b8592b56b43,Informações do Monitoramento,informacoes_do_monitoramento,table_row,"{'regiao': 'Região Sudeste', 'meta_prevista_para_2024__raw': '27.899', 'meta_prevista_para_2025__raw': '33.917', 'meta_prevista_para_2026__raw': '38.430', 'meta_prevista_para_2027__raw': '40.365', 'quantidade_alcancada__raw': '26.634', 'data_de_referencia__raw': '31/12/2023', 'sinalizacao_de_necessidade_de_revisao_proximo_exercicio': 'Não', 'notas_do_usuario': 'Não informado'}","{'meta_prevista_para_2024': 27899.0, 'meta_prevista_para_2025': 33917.0, 'meta_prevista_para_2026': 38430.0, 'meta_prevista_para_2027': 40365.0, 'quantidade_alcancada': 26634.0, 'data_de_referencia': 31122023.0}"
6b95005a-f614-5c41-96b6-3c62deb900e7,c11b9579-45d1-58de-af90-2c8b6bc73152,504,table,92a8700e-369f-5a91-aedd-48dd807e0e6f,81bf7277-0c15-524c-b72f-7b8592b56b43,Informações do Monitoramento,informacoes_do_monitoramento,table_row,"{'regiao': 'Região Sul', 'meta_prevista_para_2024__raw': '15.540', 'meta_prevista_para_2025__raw': '17.609', 'meta_prevista_para_2026__raw': '19.160', 'meta_prevista_para_2027__raw': '19.826', 'quantidade_alcancada__raw': '15.817', 'data_de_referencia__raw': '31/12/2023', 'sinalizacao_de_necessidade_de_revisao_proximo_exercicio': 'Não', 'notas_do_usuario': 'Não informado'}","{'meta_prevista_para_2024': 15540.0, 'meta_prevista_para_2025': 17609.0, 'meta_prevista_para_2026': 19160.0, 'meta_prevista_para_2027': 19826.0, 'quantidade_alcancada': 15817.0, 'data_de_referencia': 31122023.0}"
1c6237e1-492e-5e15-bc7d-0f30bdcb14b6,c11b9579-45d1-58de-af90-2c8b6bc73152,505,table,5600f805-221a-5cce-881d-300dd4c011c3,a243b1db-315b-5abb-8be1-5ac396f09cbc,Informações do Monitoramento,informacoes_do_monitoramento,table_row,"{'regiao': 'Região Centro- Oeste', 'meta_prevista_para_2024__raw': '85,3', 'meta_prevista_para_2025__raw': '92,6', 'meta_prevista_para_2026__raw': '100', 'meta_prevista_para_2027__raw': '100', 'quantidade_alcancada__raw': '72,63', 'data_de_referencia__raw': '31/12/2023', 'sinalizacao_de_necessidade_de_revisao_proximo_exercicio': 'Não', 'notas_do_usuario': 'Não informado'}","{'meta_prevista_para_2024': 85.3, 'meta_prevista_para_2025': 92.6, 'meta_prevista_para_2026': 100.0, 'meta_prevista_para_2027': 100.0, 'quantidade_alcancada': 72.63, 'data_de_referencia': 31122023.0}"
e592104e-8549-5620-af54-029fafba1807,c11b9579-45d1-58de-af90-2c8b6bc73152,505,table,5600f805-221a-5cce-881d-300dd4c011c3,a243b1db-315b-5abb-8be1-5ac396f09cbc,Informações do Monitoramento,informacoes_do_monitoramento,table_row,"{'regiao': 'Região Nordeste', 'meta_prevista_para_2024__raw': '74,7', 'meta_prevista_para_2025__raw': '87,4', 'meta_prevista_para_2026__raw': '100', 'meta_prevista_para_2027__raw': '100', 'quantidade_alcancada__raw': '55,41', 'data_de_referencia__raw': '31/12/2023', 'sinalizacao_de_necessidade_de_revisao_proximo_exercicio': 'Não', 'notas_do_usuario': 'Não informado'}","{'meta_prevista_para_2024': 74.7, 'meta_prevista_para_2025': 87.4, 'meta_prevista_para_2026': 100.0, 'meta_prevista_para_2027': 100.0, 'quantidade_alcancada': 55.41, 'data_de_referencia': 31122023.0}"
3dc045eb-a168-53c0-ba47-17b11cef1208,c11b9579-45d1-58de-af90-2c8b6bc73152,505,table,5600f805-221a-5cce-881d-300dd4c011c3,a243b1db-315b-5abb-8be1-5ac396f09cbc,Informações do Monitoramento,informacoes_do_monitoramento,table_row,"{'regiao': 'Região Norte', 'meta_prevista_para_2024__raw': '63,5', 'meta_prevista_para_2025__raw': '81,7', 'meta_prevista_para_2026__raw': '100', 'meta_prevista_para_2027__raw': '100', 'quantidade_alcancada__raw': '31,64', 'data_de_referencia__raw': '31/12/2023', 'sinalizacao_de_necessidade_de_revisao_proximo_exercicio': 'Não', 'notas_do_usuario': 'Não informado'}","{'meta_prevista_para_2024': 63.5, 'meta_prevista_para_2025': 81.7, 'meta_prevista_para_2026': 100.0, 'meta_prevista_para_2027': 100.0, 'quantidade_alcancada': 31.64, 'data_de_referencia': 31122023.0}"
f93a2122-1520-5b26-859d-6faf487f3481,c11b9579-45d1-58de-af90-2c8b6bc73152,505,table,5600f805-221a-5cce-881d-300dd4c011c3,a243b1db-315b-5abb-8be1-5ac396f09cbc,Informações do Monitoramento,informacoes_do_monitoramento,table_row,"{'regiao': 'Região Sudeste', 'meta_prevista_para_2024__raw': '83,7', 'meta_prevista_para_2025__raw': '91,8', 'meta_prevista_para_2026__raw': '100', 'meta_prevista_para_2027__raw': '100', 'quantidade_alcancada__raw': '70,42', 'data_de_referencia__raw': '31/12/2023', 'sinalizacao_de_necessidade_de_revisao_proximo_exercicio': 'Não', 'notas_do_usuario': 'Não'}","{'meta_prevista_para_2024': 83.7, 'meta_prevista_para_2025': 91.8, 'meta_prevista_para_2026': 100.0, 'meta_prevista_para_2027': 100.0, 'quantidade_alcancada': 70.42, 'data_de_referencia': 31122023.0}"
5e5c9fd3-5bf2-5552-8c83-224600d92bcf,c11b9579-45d1-58de-af90-2c8b6bc73152,506,table,97ab0ff5-9700-50c4-b74e-a2710443c4c9,15da0a5a-add6-5cc7-bbbd-231f0d08591a,Informações do Monitoramento,informacoes_do_monitoramento,table_row,"{'column_1': 'Região Sul', 'column_2__raw': '87,9', 'column_3__raw': '94', 'column_4__raw': '100', 'column_5__raw': '100', 'column_6__raw': '78,2', 'column_7__raw': '31/12/2023', 'column_8': 'Não', 'informado': 'Não informado'}","{'column_2': 87.9, 'column_3': 94.0, 'column_4': 100.0, 'column_5': 100.0, 'column_6': 78.2, 'column_7': 31122023.0}"
438457b1-77d1-5cc8-b655-02c0055f70fa,c11b9579-45d1-58de-af90-2c8b6bc73152,506,table,631551fe-a19d-56e5-b88a-80df66eaf1e8,15da0a5a-add6-5cc7-bbbd-231f0d08591a,Informações do Monitoramento,informacoes_do_monitoramento,table_row,"{'0': '26000 - Ministério da Educação', '1': 'Órgão Responsável:'}",{}
e6fc4a46-1f5c-55b1-8506-bc238daabcad,c11b9579-45d1-58de-af90-2c8b6bc73152,507,table,75fc910c-5812-53b3-ae22-945714ccd04f,48ba41c4-823e-5f35-8b9b-64b6e1ab5366,Indicador: 10641 - Percentual de entes apoiados no PAR para infraestrutura em relação ao total de entes federados,indicador_10641_percentual_de_entes_apoiados_no_par_para_infraestrutura_em_relacao_ao_total_de_entes_federados,table_row,"{'regiao': 'No Distrito Federal', 'meta_prevista_para_2024': '-', 'meta_prevista_para_2025': '-', 'meta_prevista_para_2026': '-', 'meta_prevista_para_2027': '-', 'quantidade_alcancada__raw': '0,02', 'data_de_referencia__raw': '31/12/2024', 'sinalizacao_de_necessidade_de_revisao_proximo_exercicio': 'Sim', 'notas_do_usuario': 'Não informado'}","{'quantidade_alcancada': 0.02, 'data_de_referencia': 31122024.0}"
bbc06d6f-d4ad-5853-a09e-66068e5021b7,c11b9579-45d1-58de-af90-2c8b6bc73152,507,table,75fc910c-5812-53b3-ae22-945714ccd04f,48ba41c4-823e-5f35-8b9b-64b6e1ab5366,Indicador: 10641 - Percentual de entes apoiados no PAR para infraestrutura em relação ao total de entes federados,indicador_10641_percentual_de_entes_apoiados_no_par_para_infraestrutura_em_relacao_ao_total_de_entes_federados,table_row,"{'regiao': 'No Estado da Bahia', 'meta_prevista_para_2024': '-', 'meta_prevista_para_2025': '-', 'meta_prevista_para_2026': '-', 'meta_prevista_para_2027': '-', 'quantidade_alcancada__raw': '5,52', 'data_de_referencia__raw': '31/12/2024', 'sinalizacao_de_necessidade_de_revisao_proximo_exercicio': 'Sim', 'notas_do_usuario': 'Não informado'}","{'quantidade_alcancada': 5.52, 'data_de_referencia': 31122024.0}"
d6e318ee-5a96-5e37-a607-182cd51cfd9e,c11b9579-45d1-58de-af90-2c8b6bc73152,507,table,75fc910c-5812-53b3-ae22-945714ccd04f,48ba41c4-823e-5f35-8b9b-64b6e1ab5366,Indicador: 10641 - Percentual de entes apoiados no PAR para infraestrutura em relação ao total de entes federados,indicador_10641_percentual_de_entes_apoiados_no_par_para_infraestrutura_em_relacao_ao_total_de_entes_federados,table_row,"{'regiao': 'No Estado da Paraíba', 'meta_prevista_para_2024': '-', 'meta_prevista_para_2025': '-', 'meta_prevista_para_2026': '-', 'meta_prevista_para_2027': '-', 'quantidade_alcancada__raw': '1,95', 'data_de_referencia__raw': '31/12/2024', 'sinalizacao_de_necessidade_de_revisao_proximo_exercicio': 'Sim', 'notas_do_usuario': 'Não informado'}","{'quantidade_alcancada': 1.95, 'data_de_referencia': 31122024.0}"
6cdfe51a-cdb7-5e29-9fec-f2c83a168198,c11b9579-45d1-58de-af90-2c8b6bc73152,507,table,75fc910c-5812-53b3-ae22-945714ccd04f,48ba41c4-823e-5f35-8b9b-64b6e1ab5366,Indicador: 10641 - Percentual de entes apoiados no PAR para infraestrutura em relação ao total de entes federados,indicador_10641_percentual_de_entes_apoiados_no_par_para_infraestrutura_em_relacao_ao_total_de_entes_federados,table_row,"{'regiao': 'No Estado de Alagoas', 'meta_prevista_para_2024': '-', 'meta_prevista_para_2025': '-', 'meta_prevista_para_2026': '-', 'meta_prevista_para_2027': '-', 'quantidade_alcancada__raw': '1,43', 'data_de_referencia__raw': '31/12/2024', 'sinalizacao_de_necessidade_de_revisao_proximo_exercicio': 'Sim', 'notas_do_usuario': 'Não informado'}","{'quantidade_alcancada': 1.43, 'data_de_referencia': 31122024.0}"
801af771-e5fd-51cc-9cb6-5d7fa650b5c0,c11b9579-45d1-58de-af90-2c8b6bc73152,508,table,746f67fb-afad-55b0-a44d-fe9f384daddc,,,table,table_row,"{'no_estado_de_goias': 'No Estado de Mato Grosso', 'untitled': '-', 'untitled_2': '-', 'untitled_3': '-', 'untitled_4': '-', '207__raw': '1,2', '31_12_2024__raw': '31/12/2024', 'sim': 'Sim', 'nao_informado': 'Não informado'}","{'207': 1.2, '31_12_2024': 31122024.0}"
ecfd5f34-54d4-574d-a077-daef8ad125a7,c11b9579-45d1-58de-af90-2c8b6bc73152,508,table,746f67fb-afad-55b0-a44d-fe9f384daddc,,,table,table_row,"{'no_estado_de_goias': 'No Estado de Mato Grosso do Sul', 'untitled': '-', 'untitled_2': '-', 'untitled_3': '-', 'untitled_4': '-', '207__raw': '0,89', '31_12_2024__raw': '31/12/2024', 'sim': 'Sim', 'nao_informado': 'Não informado'}","{'207': 0.89, '31_12_2024': 31122024.0}"
203e28e3-eb3c-5018-bddc-83b76df0330b,c11b9579-45d1-58de-af90-2c8b6bc73152,508,table,746f67fb-afad-55b0-a44d-fe9f384daddc,,,table,table_row,"{'no_estado_de_goias': 'No Estado de Minas Gerais', 'untitled': '-', 'untitled_2': '-', 'untitled_3': '-', 'untitled_4': '-', '207__raw': '5,06', '31_12_2024__raw': '31/12/2024', 'sim': 'Sim', 'nao_informado': 'Não informado'}","{'207': 5.06, '31_12_2024': 31122024.0}"
0ecc9376-2233-502f-acdb-d6550800c770,c11b9579-45d1-58de-af90-2c8b6bc73152,508,table,746f67fb-afad-55b0-a44d-fe9f384daddc,,,table,table_row,"{'no_estado_de_goias': 'No Estado de Pernambuco', 'untitled': '-', 'untitled_2': '-', 'untitled_3': '-', 'untitled_4': '-', '207__raw': '2,81', '31_12_2024__raw': '31/12/2024', 'sim': 'Sim', 'nao_informado': 'Não informado'}","{'207': 2.81, '31_12_2024': 31122024.0}"
f12b4ee6-9002-5457-8467-0e1f29d42783,c11b9579-45d1-58de-af90-2c8b6bc73152,508,table,746f67fb-afad-55b0-a44d-fe9f384daddc,,,table,table_row,"{'no_estado_de_goias': 'No Estado de Rondônia', 'untitled': '-', 'untitled_2': '-', 'untitled_3': '-', 'untitled_4': '-', '207__raw': '0,63', '31_12_2024__raw': '31/12/2024', 'sim': 'Sim', 'nao_informado': 'Não informado'}","{'207': 0.63, '31_12_2024': 31122024.0}"
f97b20aa-b721-5c21-9bf2-64424c8d9175,c11b9579-45d1-58de-af90-2c8b6bc73152,508,table,746f67fb-afad-55b0-a44d-fe9f384daddc,,,table,table_row,"{'no_estado_de_goias': 'No Estado de Roraima', 'untitled': '-', 'untitled_2': '-', 'untitled_3': '-', 'untitled_4': '-', '207__raw': '0,23', '31_12_2024__raw': '31/12/2024', 'sim': 'Sim', 'nao_informado': 'Não informado'}","{'207': 0.23, '31_12_2024': 31122024.0}"
fd12235e-6138-568a-8f8f-bb26a5aa7ac6,c11b9579-45d1-58de-af90-2c8b6bc73152,508,table,746f67fb-afad-55b0-a44d-fe9f384daddc,,,table,table_row,"{'no_estado_de_goias': 'No Estado de Santa Catarina', 'untitled': '-', 'untitled_2': '-', 'untitled_3': '-', 'untitled_4': '-', '207__raw': '1,3', '31_12_2024__raw': '31/12/2024', 'sim': 'Sim', 'nao_informado': 'Não informado'}","{'207': 1.3, '31_12_2024': 31122024.0}"
6a9a0b84-b7f8-5232-a5be-087e0416ada7,c11b9579-45d1-58de-af90-2c8b6bc73152,508,table,746f67fb-afad-55b0-a44d-fe9f384daddc,,,table,table_row,"{'no_estado_de_goias': 'No Estado de São Paulo', 'untitled': '-', 'untitled_2': '-', 'untitled_3': '-', 'untitled_4': '-', '207__raw': '2,48', '31_12_2024__raw': '31/12/2024', 'sim': 'Sim', 'nao_informado': 'Não informado'}","{'207': 2.48, '31_12_2024': 31122024.0}"
69614f00-562a-5538-b7b2-b2bc11a2dd64,c11b9579-45d1-58de-af90-2c8b6bc73152,508,table,746f67fb-afad-55b0-a44d-fe9f384daddc,,,table,table_row,"{'no_estado_de_goias': 'No Estado de Sergipe', 'untitled': '-', 'untitled_2': '-', 'untitled_3': '-', 'untitled_4': '-', '207__raw': '0,88', '31_12_2024__raw': '31/12/2024', 'sim': 'Sim', 'nao_informado': 'Não informado'}","{'207': 0.88, '31_12_2024': 31122024.0}"
aa9deb29-7d6a-5d19-b388-6909859ceeb9,c11b9579-45d1-58de-af90-2c8b6bc73152,508,table,746f67fb-afad-55b0-a44d-fe9f384daddc,,,table,table_row,"{'no_estado_de_goias': 'No Estado do Acre', 'untitled': '-', 'untitled_2': '-', 'untitled_3': '-', 'untitled_4': '-', '207__raw': '0,38', '31_12_2024__raw': '31/12/2024', 'sim': 'Sim', 'nao_informado': 'Não informado'}","{'207': 0.38, '31_12_2024': 31122024.0}"
df6e0855-8dfd-53fc-9b1c-57dae1162f25,c11b9579-45d1-58de-af90-2c8b6bc73152,508,table,746f67fb-afad-55b0-a44d-fe9f384daddc,,,table,table_row,"{'no_estado_de_goias': 'No Estado do Amapá', 'untitled': '-', 'untitled_2': '-', 'untitled_3': '-', 'untitled_4': '-', '207__raw': '0,82', '31_12_2024__raw': '31/12/2024', 'sim': 'Sim', 'nao_informado': 'Não informado'}","{'207': 0.82, '31_12_2024': 31122024.0}"
b5248656-950d-5680-8721-48896d399253,c11b9579-45d1-58de-af90-2c8b6bc73152,508,table,746f67fb-afad-55b0-a44d-fe9f384daddc,,,table,table_row,"{'no_estado_de_goias': 'No Estado do Amazonas', 'untitled': '-', 'untitled_2': '-', 'untitled_3': '-', 'untitled_4': '-', '207__raw': '0,21', '31_12_2024__raw': '31/12/2024', 'sim': 'Sim', 'nao_informado': 'Não informado'}","{'207': 0.21, '31_12_2024': 31122024.0}"
13c4a446-0930-54d2-ace5-7da30a218900,c11b9579-45d1-58de-af90-2c8b6bc73152,508,table,746f67fb-afad-55b0-a44d-fe9f384daddc,,,table,table_row,"{'no_estado_de_goias': 'No Estado do Ceará', 'untitled': '-', 'untitled_2': '-', 'untitled_3': '-', 'untitled_4': '-', '207__raw': '2,84', '31_12_2024__raw': '31/12/2024', 'sim': 'Sim', 'nao_informado': 'Não informado'}","{'207': 2.84, '31_12_2024': 31122024.0}"
80b8f286-bb82-5c6f-b8b8-3a05ceae99b5,c11b9579-45d1-58de-af90-2c8b6bc73152,508,table,746f67fb-afad-55b0-a44d-fe9f384daddc,,,table,table_row,"{'no_estado_de_goias': 'No Estado do Espírito Santo', 'untitled': '-', 'untitled_2': '-', 'untitled_3': '-', 'untitled_4': '-', '207__raw': '1,05', '31_12_2024__raw': '31/12/2024', 'sim': 'Sim', 'nao_informado': 'Não informado'}","{'207': 1.05, '31_12_2024': 31122024.0}"
94e528c1-b61f-51c6-911e-8f2cd928e7e4,c11b9579-45d1-58de-af90-2c8b6bc73152,508,table,746f67fb-afad-55b0-a44d-fe9f384daddc,,,table,table_row,"{'no_estado_de_goias': 'No Estado do Maranhão', 'untitled': '-', 'untitled_2': '-', 'untitled_3': '-', 'untitled_4': '-', '207__raw': '3,16', '31_12_2024__raw': '31/12/2024', 'sim': 'Sim', 'nao_informado': 'Não informado'}","{'207': 3.16, '31_12_2024': 31122024.0}"
6cf28800-764d-50a1-a5e9-b65f861dcf6a,c11b9579-45d1-58de-af90-2c8b6bc73152,508,table,746f67fb-afad-55b0-a44d-fe9f384daddc,,,table,table_row,"{'no_estado_de_goias': 'No Estado do Pará', 'untitled': '-', 'untitled_2': '-', 'untitled_3': '-', 'untitled_4': '-', '207__raw': '2,18', '31_12_2024__raw': '31/12/2024', 'sim': 'Sim', 'nao_informado': 'Não informado'}","{'207': 2.18, '31_12_2024': 31122024.0}"
a5bb488e-365d-5fdd-bdde-dd03458db9ea,c11b9579-45d1-58de-af90-2c8b6bc73152,508,table,746f67fb-afad-55b0-a44d-fe9f384daddc,,,table,table_row,"{'no_estado_de_goias': 'No Estado do Paraná', 'untitled': '-', 'untitled_2': '-', 'untitled_3': '-', 'untitled_4': '-', '207__raw': '2,56', '31_12_2024__raw': '31/12/2024', 'sim': 'Sim', 'nao_informado': 'Não informado'}","{'207': 2.56, '31_12_2024': 31122024.0}"
e6dff3cb-7d62-5138-9025-4c0f5fffb190,c11b9579-45d1-58de-af90-2c8b6bc73152,508,table,746f67fb-afad-55b0-a44d-fe9f384daddc,,,table,table_row,"{'no_estado_de_goias': 'No Estado do Piauí', 'untitled': '-', 'untitled_2': '-', 'untitled_3': '-', 'untitled_4': '-', '207__raw': '2,41', '31_12_2024__raw': '31/12/2024', 'sim': 'Sim', 'nao_informado': 'Não informado'}","{'207': 2.41, '31_12_2024': 31122024.0}"
863f8873-8393-5800-9f55-744fb3897d4b,c11b9579-45d1-58de-af90-2c8b6bc73152,508,table,746f67fb-afad-55b0-a44d-fe9f384daddc,,,table,table_row,"{'no_estado_de_goias': 'No Estado do Rio de Janeiro', 'untitled': '-', 'untitled_2': '-', 'untitled_3': '-', 'untitled_4': '-', '207__raw': '0,96', '31_12_2024__raw': '31/12/2024', 'sim': 'Sim', 'nao_informado': 'Não informado'}","{'207': 0.96, '31_12_2024': 31122024.0}"
1c0883ef-5d06-58e3-b0e5-779a6f3af933,c11b9579-45d1-58de-af90-2c8b6bc73152,509,table,03f9932a-bf35-586b-8398-cf359dc32aad,894dc727-3727-5da9-8ca2-969f10905885,Informações do Monitoramento,informacoes_do_monitoramento,table_row,"{'no_estado_do_rio_grande_do_norte': 'No Estado do Rio Grande do Sul', 'untitled': '-', 'untitled_2': '-', 'untitled_3': '-', 'untitled_4': '-', '195__raw': '3,32', '31_12_2024__raw': '31/12/2024', 'sim': 'Sim', 'nao_informado': 'Não informado'}","{'195': 3.32, '31_12_2024': 31122024.0}"
489de834-88a2-52b0-8235-bab0227d49dd,c11b9579-45d1-58de-af90-2c8b6bc73152,509,table,03f9932a-bf35-586b-8398-cf359dc32aad,894dc727-3727-5da9-8ca2-969f10905885,Informações do Monitoramento,informacoes_do_monitoramento,table_row,"{'no_estado_do_rio_grande_do_norte': 'No Estado do Tocantins', 'untitled': '-', 'untitled_2': '-', 'untitled_3': '-', 'untitled_4': '-', '195__raw': '1,13', '31_12_2024__raw': '31/12/2024', 'sim': 'Sim', 'nao_informado': 'Não informado'}","{'195': 1.13, '31_12_2024': 31122024.0}"
9704a906-5aeb-5931-b500-f209ad70e525,c11b9579-45d1-58de-af90-2c8b6bc73152,510,table,05af4d16-3619-5e3d-a722-521b2282edf6,2382f812-85f9-5eb8-a746-a89c14fe0d55,Regionalizações da Meta,regionalizacoes_da_meta,table_row,"{'regiao': 'No Estado da Bahia', 'meta_prevista_para_2024': '-', 'meta_prevista_para_2025': '-', 'meta_prevista_para_2026': '-', 'meta_prevista_para_2027': '-', 'quantidade_alcancada__raw': '151', 'data_de_referencia__raw': '31/12/2024', 'sinalizacao_de_necessidade_de_revisao_proximo_exercicio': 'Não', 'notas_do_usuario': 'Não informado'}","{'quantidade_alcancada': 151.0, 'data_de_referencia': 31122024.0}"
27c4925d-9a51-5487-ad31-e8fa0635a361,c11b9579-45d1-58de-af90-2c8b6bc73152,510,table,05af4d16-3619-5e3d-a722-521b2282edf6,2382f812-85f9-5eb8-a746-a89c14fe0d55,Regionalizações da Meta,regionalizacoes_da_meta,table_row,"{'regiao': 'No Estado da Paraíba', 'meta_prevista_para_2024': '-', 'meta_prevista_para_2025': '-', 'meta_prevista_para_2026': '-', 'meta_prevista_para_2027': '-', 'quantidade_alcancada__raw': '30', 'data_de_referencia__raw': '31/12/2024', 'sinalizacao_de_necessidade_de_revisao_proximo_exercicio': 'Não', 'notas_do_usuario': 'Não informado'}","{'quantidade_alcancada': 30.0, 'data_de_referencia': 31122024.0}"
0322a91e-92a7-5e4d-898a-87aabc584e6e,c11b9579-45d1-58de-af90-2c8b6bc73152,510,table,05af4d16-3619-5e3d-a722-521b2282edf6,2382f812-85f9-5eb8-a746-a89c14fe0d55,Regionalizações da Meta,regionalizacoes_da_meta,table_row,"{'regiao': 'No Estado de Alagoas', 'meta_prevista_para_2024': '-', 'meta_prevista_para_2025': '-', 'meta_prevista_para_2026': '-', 'meta_prevista_para_2027': '-', 'quantidade_alcancada__raw': '14', 'data_de_referencia__raw': '31/12/2024', 'sinalizacao_de_necessidade_de_revisao_proximo_exercicio': 'Não', 'notas_do_usuario': 'Não informado'}","{'quantidade_alcancada': 14.0, 'data_de_referencia': 31122024.0}"
9a281fdb-e01e-55bd-8c3d-26abbacc8177,c11b9579-45d1-58de-af90-2c8b6bc73152,510,table,05af4d16-3619-5e3d-a722-521b2282edf6,2382f812-85f9-5eb8-a746-a89c14fe0d55,Regionalizações da Meta,regionalizacoes_da_meta,table_row,"{'regiao': 'No Estado de Goiás', 'meta_prevista_para_2024': '-', 'meta_prevista_para_2025': '-', 'meta_prevista_para_2026': '-', 'meta_prevista_para_2027': '-', 'quantidade_alcancada__raw': '28', 'data_de_referencia__raw': '31/12/2024', 'sinalizacao_de_necessidade_de_revisao_proximo_exercicio': 'Não', 'notas_do_usuario': 'Não informado'}","{'quantidade_alcancada': 28.0, 'data_de_referencia': 31122024.0}"
d96a76fd-9301-5247-b86a-13174f37d614,c11b9579-45d1-58de-af90-2c8b6bc73152,510,table,05af4d16-3619-5e3d-a722-521b2282edf6,2382f812-85f9-5eb8-a746-a89c14fe0d55,Regionalizações da Meta,regionalizacoes_da_meta,table_row,"{'regiao': 'No Estado de Mato Grosso', 'meta_prevista_para_2024': '-', 'meta_prevista_para_2025': '-', 'meta_prevista_para_2026': '-', 'meta_prevista_para_2027': '-', 'quantidade_alcancada__raw': '19', 'data_de_referencia__raw': '31/12/2024', 'sinalizacao_de_necessidade_de_revisao_proximo_exercicio': 'Não', 'notas_do_usuario': 'Não informado'}","{'quantidade_alcancada': 19.0, 'data_de_referencia': 31122024.0}"
f2989c1c-647a-5169-8cf8-e1f92751798d,c11b9579-45d1-58de-af90-2c8b6bc73152,510,table,05af4d16-3619-5e3d-a722-521b2282edf6,2382f812-85f9-5eb8-a746-a89c14fe0d55,Regionalizações da Meta,regionalizacoes_da_meta,table_row,"{'regiao': 'No Estado de Mato Grosso do Sul', 'meta_prevista_para_2024': '-', 'meta_prevista_para_2025': '-', 'meta_prevista_para_2026': '-', 'meta_prevista_para_2027': '-', 'quantidade_alcancada__raw': '9', 'data_de_referencia__raw': '31/12/2024', 'sinalizacao_de_necessidade_de_revisao_proximo_exercicio': 'Não', 'notas_do_usuario': 'Não informado'}","{'quantidade_alcancada': 9.0, 'data_de_referencia': 31122024.0}"
debb763d-670d-50ec-83e5-ec09929c0b34,c11b9579-45d1-58de-af90-2c8b6bc73152,510,table,05af4d16-3619-5e3d-a722-521b2282edf6,2382f812-85f9-5eb8-a746-a89c14fe0d55,Regionalizações da Meta,regionalizacoes_da_meta,table_row,"{'regiao': 'No Estado de Minas Gerais', 'meta_prevista_para_2024': '-', 'meta_prevista_para_2025': '-', 'meta_prevista_para_2026': '-', 'meta_prevista_para_2027': '-', 'quantidade_alcancada__raw': '68', 'data_de_referencia__raw': '31/12/2024', 'sinalizacao_de_necessidade_de_revisao_proximo_exercicio': 'Não', 'notas_do_usuario': 'Não informado'}","{'quantidade_alcancada': 68.0, 'data_de_referencia': 31122024.0}"
ba49eab8-42fc-54ac-af84-81f616187912,c11b9579-45d1-58de-af90-2c8b6bc73152,510,table,05af4d16-3619-5e3d-a722-521b2282edf6,2382f812-85f9-5eb8-a746-a89c14fe0d55,Regionalizações da Meta,regionalizacoes_da_meta,table_row,"{'regiao': 'No Estado de Pernambuco', 'meta_prevista_para_2024': '-', 'meta_prevista_para_2025': '-', 'meta_prevista_para_2026': '-', 'meta_prevista_para_2027': '-', 'quantidade_alcancada__raw': '37', 'data_de_referencia__raw': '31/12/2024', 'sinalizacao_de_necessidade_de_revisao_proximo_exercicio': 'Não', 'notas_do_usuario': 'Não informado'}","{'quantidade_alcancada': 37.0, 'data_de_referencia': 31122024.0}"
c54a49bc-d8e3-5613-af3b-e95e282c0c74,c11b9579-45d1-58de-af90-2c8b6bc73152,510,table,05af4d16-3619-5e3d-a722-521b2282edf6,2382f812-85f9-5eb8-a746-a89c14fe0d55,Regionalizações da Meta,regionalizacoes_da_meta,table_row,"{'regiao': 'No Estado de Rondônia', 'meta_prevista_para_2024': '-', 'meta_prevista_para_2025': '-', 'meta_prevista_para_2026': '-', 'meta_prevista_para_2027': '-', 'quantidade_alcancada__raw': '11', 'data_de_referencia__raw': '31/12/2024', 'sinalizacao_de_necessidade_de_revisao_proximo_exercicio': 'Não', 'notas_do_usuario': 'Não informado'}","{'quantidade_alcancada': 11.0, 'data_de_referencia': 31122024.0}"
9453c690-562e-5678-b26a-f1154abce406,c11b9579-45d1-58de-af90-2c8b6bc73152,510,table,05af4d16-3619-5e3d-a722-521b2282edf6,2382f812-85f9-5eb8-a746-a89c14fe0d55,Regionalizações da Meta,regionalizacoes_da_meta,table_row,"{'regiao': 'No Estado de Roraima', 'meta_prevista_para_2024': '-', 'meta_prevista_para_2025': '-', 'meta_prevista_para_2026': '-', 'meta_prevista_para_2027': '-', 'quantidade_alcancada__raw': '4', 'data_de_referencia__raw': '31/12/2024', 'sinalizacao_de_necessidade_de_revisao_proximo_exercicio': 'Não', 'notas_do_usuario': 'Não informado'}","{'quantidade_alcancada': 4.0, 'data_de_referencia': 31122024.0}"
cf5ca079-eef4-5c2e-9874-8b894b306dd0,c11b9579-45d1-58de-af90-2c8b6bc73152,510,table,05af4d16-3619-5e3d-a722-521b2282edf6,2382f812-85f9-5eb8-a746-a89c14fe0d55,Regionalizações da Meta,regionalizacoes_da_meta,table_row,"{'regiao': 'No Estado de Santa Catarina', 'meta_prevista_para_2024': '-', 'meta_prevista_para_2025': '-', 'meta_prevista_para_2026': '-', 'meta_prevista_para_2027': '-', 'quantidade_alcancada__raw': '5', 'data_de_referencia__raw': '31/12/2024', 'sinalizacao_de_necessidade_de_revisao_proximo_exercicio': 'Não', 'notas_do_usuario': 'Não informado'}","{'quantidade_alcancada': 5.0, 'data_de_referencia': 31122024.0}"
eee49077-6351-59c4-a79e-957dcf54ba0d,c11b9579-45d1-58de-af90-2c8b6bc73152,510,table,05af4d16-3619-5e3d-a722-521b2282edf6,2382f812-85f9-5eb8-a746-a89c14fe0d55,Regionalizações da Meta,regionalizacoes_da_meta,table_row,"{'regiao': 'No Estado de São Paulo', 'meta_prevista_para_2024': '-', 'meta_prevista_para_2025': '-', 'meta_prevista_para_2026': '-', 'meta_prevista_para_2027': '-', 'quantidade_alcancada__raw': '21', 'data_de_referencia__raw': '31/12/2024', 'sinalizacao_de_necessidade_de_revisao_proximo_exercicio': 'Não', 'notas_do_usuario': 'Não informado'}","{'quantidade_alcancada': 21.0, 'data_de_referencia': 31122024.0}"
5981c952-fbaf-5ef6-99f7-578b96447ef6,c11b9579-45d1-58de-af90-2c8b6bc73152,510,table,05af4d16-3619-5e3d-a722-521b2282edf6,2382f812-85f9-5eb8-a746-a89c14fe0d55,Regionalizações da Meta,regionalizacoes_da_meta,table_row,"{'regiao': 'No Estado de Sergipe', 'meta_prevista_para_2024': '-', 'meta_prevista_para_2025': '-', 'meta_prevista_para_2026': '-', 'meta_prevista_para_2027': '-', 'quantidade_alcancada__raw': '8', 'data_de_referencia__raw': '31/12/2024', 'sinalizacao_de_necessidade_de_revisao_proximo_exercicio': 'Não', 'notas_do_usuario': 'Não informado'}","{'quantidade_alcancada': 8.0, 'data_de_referencia': 31122024.0}"
fc79fb5b-925f-5777-88cd-7735a6d56cf7,c11b9579-45d1-58de-af90-2c8b6bc73152,510,table,05af4d16-3619-5e3d-a722-521b2282edf6,2382f812-85f9-5eb8-a746-a89c14fe0d55,Regionalizações da Meta,regionalizacoes_da_meta,table_row,"{'regiao': 'No Estado do Acre', 'meta_prevista_para_2024': '-', 'meta_prevista_para_2025': '-', 'meta_prevista_para_2026': '-', 'meta_prevista_para_2027': '-', 'quantidade_alcancada__raw': '19', 'data_de_referencia__raw': '31/12/2024', 'sinalizacao_de_necessidade_de_revisao_proximo_exercicio': 'Não', 'notas_do_usuario': 'Não'}","{'quantidade_alcancada': 19.0, 'data_de_referencia': 31122024.0}"
e7dbe3c9-559f-5c78-bde6-13d089ae755b,c11b9579-45d1-58de-af90-2c8b6bc73152,511,table,ebdafc4c-f059-5509-a749-6c061f9082b4,f6e9f93f-36c1-5bc0-b57a-d0e64deedc98,Quantitativa::,quantitativa,table_row,"{'0': '', '1': '', '2': '', '3': '', '4': '', '5': '', '6': '', '7': '', '8': 'informado'}",{}
c0b6183b-9666-520c-89f6-82b6a78060dd,c11b9579-45d1-58de-af90-2c8b6bc73152,511,table,ebdafc4c-f059-5509-a749-6c061f9082b4,f6e9f93f-36c1-5bc0-b57a-d0e64deedc98,Quantitativa::,quantitativa,table_row,"{'0': 'No Estado do Amapá', '1': '-', '2': '-', '3': '-', '4': '-', '5__raw': '9', '6__raw': '31/12/2024', '7': 'Não', '8': 'Não informado'}","{'5': 9.0, '6': 31122024.0}"
a97dd9e0-216c-596b-b6ae-9f7bf51b31b6,c11b9579-45d1-58de-af90-2c8b6bc73152,511,table,ebdafc4c-f059-5509-a749-6c061f9082b4,f6e9f93f-36c1-5bc0-b57a-d0e64deedc98,Quantitativa::,quantitativa,table_row,"{'0': 'No Estado do Amazonas', '1': '-', '2': '-', '3': '-', '4': '-', '5__raw': '88', '6__raw': '31/12/2024', '7': 'Não', '8': 'Não informado'}","{'5': 88.0, '6': 31122024.0}"
05337c58-a9aa-50fa-9096-096ab931f06d,c11b9579-45d1-58de-af90-2c8b6bc73152,511,table,ebdafc4c-f059-5509-a749-6c061f9082b4,f6e9f93f-36c1-5bc0-b57a-d0e64deedc98,Quantitativa::,quantitativa,table_row,"{'0': 'No Estado do Ceará', '1': '-', '2': '-', '3': '-', '4': '-', '5__raw': '118', '6__raw': '31/12/2024', '7': 'Não', '8': 'Não informado'}","{'5': 118.0, '6': 31122024.0}"
302102ae-c486-54e2-a909-8c760b8a8273,c11b9579-45d1-58de-af90-2c8b6bc73152,511,table,ebdafc4c-f059-5509-a749-6c061f9082b4,f6e9f93f-36c1-5bc0-b57a-d0e64deedc98,Quantitativa::,quantitativa,table_row,"{'0': 'No Estado do Espírito Santo', '1': '-', '2': '-', '3': '-', '4': '-', '5__raw': '5', '6__raw': '31/12/2024', '7': 'Não', '8': 'Não informado'}","{'5': 5.0, '6': 31122024.0}"
63adf278-a97f-5adf-a591-f57e5556a4be,c11b9579-45d1-58de-af90-2c8b6bc73152,511,table,ebdafc4c-f059-5509-a749-6c061f9082b4,f6e9f93f-36c1-5bc0-b57a-d0e64deedc98,Quantitativa::,quantitativa,table_row,"{'0': 'No Estado do Maranhão', '1': '-', '2': '-', '3': '-', '4': '-', '5__raw': '324', '6__raw': '31/12/2024', '7': 'Não', '8': 'Não informado'}","{'5': 324.0, '6': 31122024.0}"
a2d441d2-c7cf-5f01-ba9b-e717f0e50c25,c11b9579-45d1-58de-af90-2c8b6bc73152,511,table,ebdafc4c-f059-5509-a749-6c061f9082b4,f6e9f93f-36c1-5bc0-b57a-d0e64deedc98,Quantitativa::,quantitativa,table_row,"{'0': 'No Estado do Pará', '1': '-', '2': '-', '3': '-', '4': '-', '5__raw': '219', '6__raw': '31/12/2024', '7': 'Não', '8': 'Não informado'}","{'5': 219.0, '6': 31122024.0}"
fa96a345-d884-57b0-b5bd-e137332a4b95,c11b9579-45d1-58de-af90-2c8b6bc73152,511,table,ebdafc4c-f059-5509-a749-6c061f9082b4,f6e9f93f-36c1-5bc0-b57a-d0e64deedc98,Quantitativa::,quantitativa,table_row,"{'0': 'No Estado do Paraná', '1': '-', '2': '-', '3': '-', '4': '-', '5__raw': '30', '6__raw': '31/12/2024', '7': 'Não', '8': 'Não informado'}","{'5': 30.0, '6': 31122024.0}"
3e8a5dca-df53-5218-b327-42e179e276a7,c11b9579-45d1-58de-af90-2c8b6bc73152,511,table,ebdafc4c-f059-5509-a749-6c061f9082b4,f6e9f93f-36c1-5bc0-b57a-d0e64deedc98,Quantitativa::,quantitativa,table_row,"{'0': 'No Estado do Piauí', '1': '-', '2': '-', '3': '-', '4': '-', '5__raw': '64', '6__raw': '31/12/2024', '7': 'Não', '8': 'Não informado'}","{'5': 64.0, '6': 31122024.0}"
68f6a1f1-e737-5a6d-81d1-b789cf331cdf,c11b9579-45d1-58de-af90-2c8b6bc73152,511,table,ebdafc4c-f059-5509-a749-6c061f9082b4,f6e9f93f-36c1-5bc0-b57a-d0e64deedc98,Quantitativa::,quantitativa,table_row,"{'0': 'No Estado do Rio de Janeiro', '1': '-', '2': '-', '3': '-', '4': '-', '5__raw': '13', '6__raw': '31/12/2024', '7': 'Não', '8': 'Não informado'}","{'5': 13.0, '6': 31122024.0}"
5a03bac6-abda-5b20-aa54-6e8f30f46cb0,c11b9579-45d1-58de-af90-2c8b6bc73152,511,table,ebdafc4c-f059-5509-a749-6c061f9082b4,f6e9f93f-36c1-5bc0-b57a-d0e64deedc98,Quantitativa::,quantitativa,table_row,"{'0': 'No Estado do Rio Grande do Norte', '1': '-', '2': '-', '3': '-', '4': '-', '5__raw': '45', '6__raw': '31/12/2024', '7': 'Não', '8': 'Não informado'}","{'5': 45.0, '6': 31122024.0}"
b0985058-d416-5548-88c9-0b539e9c431f,c11b9579-45d1-58de-af90-2c8b6bc73152,511,table,ebdafc4c-f059-5509-a749-6c061f9082b4,f6e9f93f-36c1-5bc0-b57a-d0e64deedc98,Quantitativa::,quantitativa,table_row,"{'0': 'No Estado do Rio Grande do Sul', '1': '-', '2': '-', '3': '-', '4': '-', '5__raw': '39', '6__raw': '31/12/2024', '7': 'Não', '8': 'Não informado'}","{'5': 39.0, '6': 31122024.0}"
b0086870-4270-5c27-8f65-7cffa96d92ef,c11b9579-45d1-58de-af90-2c8b6bc73152,511,table,ebdafc4c-f059-5509-a749-6c061f9082b4,f6e9f93f-36c1-5bc0-b57a-d0e64deedc98,Quantitativa::,quantitativa,table_row,"{'0': 'No Estado do Tocantins', '1': '-', '2': '-', '3': '-', '4': '-', '5__raw': '27', '6__raw': '31/12/2024', '7': 'Não', '8': 'Não informado'}","{'5': 27.0, '6': 31122024.0}"
6753022e-9177-5595-8e54-419a5bc324df,c11b9579-45d1-58de-af90-2c8b6bc73152,512,table,369d5e59-a86b-5110-b5a4-20078b596f0d,4998c52d-85e4-5336-b5c3-2c93781c09a2,Informações do Monitoramento,informacoes_do_monitoramento,table_row,"{'regiao': 'No Distrito Federal', 'meta_prevista_para_2024': '-', 'meta_prevista_para_2025': '-', 'meta_prevista_para_2026': '-', 'meta_prevista_para_2027': '-', 'quantidade_alcancada__raw': '1', 'data_de_referencia__raw': '31/12/2024', 'sinalizacao_de_necessidade_de_revisao_proximo_exercicio': 'Sim', 'notas_do_usuario': 'Não informado'}","{'quantidade_alcancada': 1.0, 'data_de_referencia': 31122024.0}"
b9ed8162-0eae-5dc2-87a0-cd5be91a6594,c11b9579-45d1-58de-af90-2c8b6bc73152,512,table,369d5e59-a86b-5110-b5a4-20078b596f0d,4998c52d-85e4-5336-b5c3-2c93781c09a2,Informações do Monitoramento,informacoes_do_monitoramento,table_row,"{'regiao': 'No Estado da Bahia', 'meta_prevista_para_2024': '-', 'meta_prevista_para_2025': '-', 'meta_prevista_para_2026': '-', 'meta_prevista_para_2027': '-', 'quantidade_alcancada__raw': '2', 'data_de_referencia__raw': '31/12/2024', 'sinalizacao_de_necessidade_de_revisao_proximo_exercicio': 'Sim', 'notas_do_usuario': 'Não informado'}","{'quantidade_alcancada': 2.0, 'data_de_referencia': 31122024.0}"
f218e8b9-1b33-5272-aaa1-1dbfdaba30ae,c11b9579-45d1-58de-af90-2c8b6bc73152,512,table,369d5e59-a86b-5110-b5a4-20078b596f0d,4998c52d-85e4-5336-b5c3-2c93781c09a2,Informações do Monitoramento,informacoes_do_monitoramento,table_row,"{'regiao': 'No Estado da Paraíba', 'meta_prevista_para_2024': '-', 'meta_prevista_para_2025': '-', 'meta_prevista_para_2026': '-', 'meta_prevista_para_2027': '-', 'quantidade_alcancada__raw': '1', 'data_de_referencia__raw': '31/12/2024', 'sinalizacao_de_necessidade_de_revisao_proximo_exercicio': 'Sim', 'notas_do_usuario': 'Não informado'}","{'quantidade_alcancada': 1.0, 'data_de_referencia': 31122024.0}"
f6a1ae28-5221-5b96-9298-8343a012ae17,c11b9579-45d1-58de-af90-2c8b6bc73152,512,table,369d5e59-a86b-5110-b5a4-20078b596f0d,4998c52d-85e4-5336-b5c3-2c93781c09a2,Informações do Monitoramento,informacoes_do_monitoramento,table_row,"{'regiao': 'No Estado de Goiás', 'meta_prevista_para_2024': '-', 'meta_prevista_para_2025': '-', 'meta_prevista_para_2026': '-', 'meta_prevista_para_2027': '-', 'quantidade_alcancada__raw': '11', 'data_de_referencia__raw': '31/12/2024', 'sinalizacao_de_necessidade_de_revisao_proximo_exercicio': 'Sim', 'notas_do_usuario': 'Não informado'}","{'quantidade_alcancada': 11.0, 'data_de_referencia': 31122024.0}"
6abb9f5c-2d6b-5a1c-9b65-9141a91a5b0a,c11b9579-45d1-58de-af90-2c8b6bc73152,512,table,369d5e59-a86b-5110-b5a4-20078b596f0d,4998c52d-85e4-5336-b5c3-2c93781c09a2,Informações do Monitoramento,informacoes_do_monitoramento,table_row,"{'regiao': 'No Estado de Mato Grosso do Sul', 'meta_prevista_para_2024': '-', 'meta_prevista_para_2025': '-', 'meta_prevista_para_2026': '-', 'meta_prevista_para_2027': '-', 'quantidade_alcancada__raw': '7', 'data_de_referencia__raw': '31/12/2024', 'sinalizacao_de_necessidade_de_revisao_proximo_exercicio': 'Sim', 'notas_do_usuario': 'Não informado'}","{'quantidade_alcancada': 7.0, 'data_de_referencia': 31122024.0}"
3250e310-c79e-53e5-a247-e85690fecdf4,c11b9579-45d1-58de-af90-2c8b6bc73152,512,table,369d5e59-a86b-5110-b5a4-20078b596f0d,4998c52d-85e4-5336-b5c3-2c93781c09a2,Informações do Monitoramento,informacoes_do_monitoramento,table_row,"{'regiao': 'No Estado de Minas Gerais', 'meta_prevista_para_2024': '-', 'meta_prevista_para_2025': '-', 'meta_prevista_para_2026': '-', 'meta_prevista_para_2027': '-', 'quantidade_alcancada__raw': '6', 'data_de_referencia__raw': '31/12/2024', 'sinalizacao_de_necessidade_de_revisao_proximo_exercicio': 'Sim', 'notas_do_usuario': 'Não informado'}","{'quantidade_alcancada': 6.0, 'data_de_referencia': 31122024.0}"
1b50458f-5ae7-541c-80d6-1c984a3e9c39,c11b9579-45d1-58de-af90-2c8b6bc73152,512,table,369d5e59-a86b-5110-b5a4-20078b596f0d,4998c52d-85e4-5336-b5c3-2c93781c09a2,Informações do Monitoramento,informacoes_do_monitoramento,table_row,"{'regiao': 'No Estado de Pernambuco', 'meta_prevista_para_2024': '-', 'meta_prevista_para_2025': '-', 'meta_prevista_para_2026': '-', 'meta_prevista_para_2027': '-', 'quantidade_alcancada__raw': '1', 'data_de_referencia__raw': '31/12/2024', 'sinalizacao_de_necessidade_de_revisao_proximo_exercicio': 'Sim', 'notas_do_usuario': 'Não informado'}","{'quantidade_alcancada': 1.0, 'data_de_referencia': 31122024.0}"
06ef18dc-e431-55d6-a418-6c447c8c9977,c11b9579-45d1-58de-af90-2c8b6bc73152,513,table,54d1f920-835f-5793-a54f-f16c3b2f8918,3437524d-6b21-51a5-8c05-e2133f6f035d,Medida Institucional Normativa: 075F - F. Ações intersetoriais para o fortalecimento e o aprimoramento da alimentação escolar indígena e quilombola.,medida_institucional_normativa_075f_f_acoes_intersetoriais_para_o_fortalecimento_e_o_aprimoramento_da_alimentacao_escolar_indigena_e_quilombola,table_row,"{'no_estado_de_sao_paulo': 'No Estado do Acre', 'untitled': '-', 'untitled_2': '-', 'untitled_3': '-', 'untitled_4': '-', '18__raw': '1', '31_12_2024__raw': '31/12/2024', 'sim': 'Sim', 'nao_informado': 'Não informado'}","{'18': 1.0, '31_12_2024': 31122024.0}"
6ad85122-7120-563a-925a-fd6c5a0a514f,c11b9579-45d1-58de-af90-2c8b6bc73152,513,table,54d1f920-835f-5793-a54f-f16c3b2f8918,3437524d-6b21-51a5-8c05-e2133f6f035d,Medida Institucional Normativa: 075F - F. Ações intersetoriais para o fortalecimento e o aprimoramento da alimentação escolar indígena e quilombola.,medida_institucional_normativa_075f_f_acoes_intersetoriais_para_o_fortalecimento_e_o_aprimoramento_da_alimentacao_escolar_indigena_e_quilombola,table_row,"{'no_estado_de_sao_paulo': 'No Estado do Espírito Santo', 'untitled': '-', 'untitled_2': '-', 'untitled_3': '-', 'untitled_4': '-', '18__raw': '20', '31_12_2024__raw': '31/12/2024', 'sim': 'Sim', 'nao_informado': 'Não informado'}","{'18': 20.0, '31_12_2024': 31122024.0}"
caa722f7-491a-5fa2-91ce-bc27bc7a949f,c11b9579-45d1-58de-af90-2c8b6bc73152,513,table,54d1f920-835f-5793-a54f-f16c3b2f8918,3437524d-6b21-51a5-8c05-e2133f6f035d,Medida Institucional Normativa: 075F - F. Ações intersetoriais para o fortalecimento e o aprimoramento da alimentação escolar indígena e quilombola.,medida_institucional_normativa_075f_f_acoes_intersetoriais_para_o_fortalecimento_e_o_aprimoramento_da_alimentacao_escolar_indigena_e_quilombola,table_row,"{'no_estado_de_sao_paulo': 'No Estado do Paraná', 'untitled': '-', 'untitled_2': '-', 'untitled_3': '-', 'untitled_4': '-', '18__raw': '17', '31_12_2024__raw': '31/12/2024', 'sim': 'Sim', 'nao_informado': 'Não informado'}","{'18': 17.0, '31_12_2024': 31122024.0}"
10007f1b-2e3d-5e47-9aac-8cee205578a2,c11b9579-45d1-58de-af90-2c8b6bc73152,513,table,54d1f920-835f-5793-a54f-f16c3b2f8918,3437524d-6b21-51a5-8c05-e2133f6f035d,Medida Institucional Normativa: 075F - F. Ações intersetoriais para o fortalecimento e o aprimoramento da alimentação escolar indígena e quilombola.,medida_institucional_normativa_075f_f_acoes_intersetoriais_para_o_fortalecimento_e_o_aprimoramento_da_alimentacao_escolar_indigena_e_quilombola,table_row,"{'no_estado_de_sao_paulo': 'No Estado do Rio de Janeiro', 'untitled': '-', 'untitled_2': '-', 'untitled_3': '-', 'untitled_4': '-', '18__raw': '2', '31_12_2024__raw': '31/12/2024', 'sim': 'Sim', 'nao_informado': 'Não informado'}","{'18': 2.0, '31_12_2024': 31122024.0}"
951d3f44-cd61-5530-95c0-2685c9d1aa59,c11b9579-45d1-58de-af90-2c8b6bc73152,513,table,54d1f920-835f-5793-a54f-f16c3b2f8918,3437524d-6b21-51a5-8c05-e2133f6f035d,Medida Institucional Normativa: 075F - F. Ações intersetoriais para o fortalecimento e o aprimoramento da alimentação escolar indígena e quilombola.,medida_institucional_normativa_075f_f_acoes_intersetoriais_para_o_fortalecimento_e_o_aprimoramento_da_alimentacao_escolar_indigena_e_quilombola,table_row,"{'no_estado_de_sao_paulo': 'No Estado do Rio Grande do Norte', 'untitled': '-', 'untitled_2': '-', 'untitled_3': '-', 'untitled_4': '-', '18__raw': '2', '31_12_2024__raw': '31/12/2024', 'sim': 'Sim', 'nao_informado': 'Não informado'}","{'18': 2.0, '31_12_2024': 31122024.0}"
1471a8e9-ad11-53ed-8f7f-534363291d65,c11b9579-45d1-58de-af90-2c8b6bc73152,513,table,54d1f920-835f-5793-a54f-f16c3b2f8918,3437524d-6b21-51a5-8c05-e2133f6f035d,Medida Institucional Normativa: 075F - F. Ações intersetoriais para o fortalecimento e o aprimoramento da alimentação escolar indígena e quilombola.,medida_institucional_normativa_075f_f_acoes_intersetoriais_para_o_fortalecimento_e_o_aprimoramento_da_alimentacao_escolar_indigena_e_quilombola,table_row,"{'no_estado_de_sao_paulo': 'No Estado do Rio Grande do Sul', 'untitled': '-', 'untitled_2': '-', 'untitled_3': '-', 'untitled_4': '-', '18__raw': '56', '31_12_2024__raw': '31/12/2024', 'sim': 'Sim', 'nao_informado': 'Não informado'}","{'18': 56.0, '31_12_2024': 31122024.0}"
7a71167a-adf2-5336-84bd-70db9d87e7ee,c11b9579-45d1-58de-af90-2c8b6bc73152,513,table,54d1f920-835f-5793-a54f-f16c3b2f8918,3437524d-6b21-51a5-8c05-e2133f6f035d,Medida Institucional Normativa: 075F - F. Ações intersetoriais para o fortalecimento e o aprimoramento da alimentação escolar indígena e quilombola.,medida_institucional_normativa_075f_f_acoes_intersetoriais_para_o_fortalecimento_e_o_aprimoramento_da_alimentacao_escolar_indigena_e_quilombola,table_row,"{'no_estado_de_sao_paulo': 'No Estado do Tocantins', 'untitled': '-', 'untitled_2': '-', 'untitled_3': '-', 'untitled_4': '-', '18__raw': '1', '31_12_2024__raw': '31/12/2024', 'sim': 'Sim', 'nao_informado': 'Não informado'}","{'18': 1.0, '31_12_2024': 31122024.0}"
8fc55b6a-4dd2-50ce-a68e-21057d238dba,c11b9579-45d1-58de-af90-2c8b6bc73152,515,table,0767eca5-7882-5f2a-bf99-b3925e0471d4,35d13fae-662e-5966-bf86-561ff39bfcb9,Informações do Monitoramento,informacoes_do_monitoramento,table_row,"{'regiao': 'Região Centro- Oeste', 'meta_prevista_para_2024__raw': '1.625', 'meta_prevista_para_2025__raw': '1.625', 'meta_prevista_para_2026__raw': '1.625', 'meta_prevista_para_2027__raw': '1.625', 'quantidade_alcancada__raw': '0', 'data_de_referencia__raw': '01/01/2025', 'sinalizacao_de_necessidade_de_revisao_proximo_exercicio': 'Sim', 'notas_do_usuario': 'SEPLAN - alteração do campo Sinalização de necessidade de revisão - próximo exercício para Sim, conforme área setorial.'}","{'meta_prevista_para_2024': 1625.0, 'meta_prevista_para_2025': 1625.0, 'meta_prevista_para_2026': 1625.0, 'meta_prevista_para_2027': 1625.0, 'quantidade_alcancada': 0.0, 'data_de_referencia': 1012025.0}"
65bb98cf-1ff7-573a-9e73-09a23e236fa4,c11b9579-45d1-58de-af90-2c8b6bc73152,515,table,0767eca5-7882-5f2a-bf99-b3925e0471d4,35d13fae-662e-5966-bf86-561ff39bfcb9,Informações do Monitoramento,informacoes_do_monitoramento,table_row,"{'regiao': 'Região Nordeste', 'meta_prevista_para_2024__raw': '7.375', 'meta_prevista_para_2025__raw': '7.375', 'meta_prevista_para_2026__raw': '7.375', 'meta_prevista_para_2027__raw': '7.375', 'quantidade_alcancada__raw': '1.900', 'data_de_referencia__raw': '01/01/2025', 'sinalizacao_de_necessidade_de_revisao_proximo_exercicio': 'Sim', 'notas_do_usuario': 'SEPLAN - alteração do campo Sinalização de necessidade de revisão - próximo exercício para Sim, conforme área setorial.'}","{'meta_prevista_para_2024': 7375.0, 'meta_prevista_para_2025': 7375.0, 'meta_prevista_para_2026': 7375.0, 'meta_prevista_para_2027': 7375.0, 'quantidade_alcancada': 1900.0, 'data_de_referencia': 1012025.0}"
1053837a-d781-5364-bc66-a65251a1e50d,c11b9579-45d1-58de-af90-2c8b6bc73152,515,table,0767eca5-7882-5f2a-bf99-b3925e0471d4,35d13fae-662e-5966-bf86-561ff39bfcb9,Informações do Monitoramento,informacoes_do_monitoramento,table_row,"{'regiao': 'Região Norte', 'meta_prevista_para_2024__raw': '3.375', 'meta_prevista_para_2025__raw': '3.375', 'meta_prevista_para_2026__raw': '3.375', 'meta_prevista_para_2027__raw': '3.375', 'quantidade_alcancada__raw': '0', 'data_de_referencia__raw': '01/01/2025', 'sinalizacao_de_necessidade_de_revisao_proximo_exercicio': 'Sim', 'notas_do_usuario': 'SEPLAN - alteração do campo Sinalização de necessidade de revisão - próximo exercício para Sim, conforme área setorial.'}","{'meta_prevista_para_2024': 3375.0, 'meta_prevista_para_2025': 3375.0, 'meta_prevista_para_2026': 3375.0, 'meta_prevista_para_2027': 3375.0, 'quantidade_alcancada': 0.0, 'data_de_referencia': 1012025.0}"
43ad7f83-763f-5e1e-b566-fedbffafd5ea,c11b9579-45d1-58de-af90-2c8b6bc73152,515,table,0767eca5-7882-5f2a-bf99-b3925e0471d4,35d13fae-662e-5966-bf86-561ff39bfcb9,Informações do Monitoramento,informacoes_do_monitoramento,table_row,"{'regiao': 'Região Sudeste', 'meta_prevista_para_2024__raw': '1.875', 'meta_prevista_para_2025__raw': '1.875', 'meta_prevista_para_2026__raw': '1.875', 'meta_prevista_para_2027__raw': '1.875', 'quantidade_alcancada__raw': '61', 'data_de_referencia__raw': '01/01/2025', 'sinalizacao_de_necessidade_de_revisao_proximo_exercicio': 'Sim', 'notas_do_usuario': 'SEPLAN - alteração do campo Sinalização de necessidade de revisão - próximo exercício para Sim, conforme área setorial.'}","{'meta_prevista_para_2024': 1875.0, 'meta_prevista_para_2025': 1875.0, 'meta_prevista_para_2026': 1875.0, 'meta_prevista_para_2027': 1875.0, 'quantidade_alcancada': 61.0, 'data_de_referencia': 1012025.0}"
4df23ab8-9a87-5649-af03-5931fb89c5f6,c11b9579-45d1-58de-af90-2c8b6bc73152,515,table,0767eca5-7882-5f2a-bf99-b3925e0471d4,35d13fae-662e-5966-bf86-561ff39bfcb9,Informações do Monitoramento,informacoes_do_monitoramento,table_row,"{'regiao': 'Região Sul', 'meta_prevista_para_2024__raw': '2.000', 'meta_prevista_para_2025__raw': '2.000', 'meta_prevista_para_2026__raw': '2.000', 'meta_prevista_para_2027__raw': '2.000', 'quantidade_alcancada__raw': '100', 'data_de_referencia__raw': '01/01/2025', 'sinalizacao_de_necessidade_de_revisao_proximo_exercicio': 'Sim', 'notas_do_usuario': 'SEPLAN - alteração do campo Sinalização de necessidade de revisão - próximo exercício para Sim, conforme área setorial.'}","{'meta_prevista_para_2024': 2000.0, 'meta_prevista_para_2025': 2000.0, 'meta_prevista_para_2026': 2000.0, 'meta_prevista_para_2027': 2000.0, 'quantidade_alcancada': 100.0, 'data_de_referencia': 1012025.0}"
f76125cd-5bd6-5345-a36c-0c55e34b675c,c11b9579-45d1-58de-af90-2c8b6bc73152,516,table,15860ef9-7a57-5b51-af5c-1e653378fc8d,e52dae0a-942e-53ef-b01d-055d400b88cf,"Meta: 0699 - Promover formação e capacitação profissional, mediante a oferta de cursos de nível médio e superior (graduação ou pós-graduação)",meta_0699_promover_formacao_e_capacitacao_profissional_mediante_a_oferta_de_cursos_de_nivel_medio_e_superior_graduacao_ou_pos_graduacao,table_row,"{'regiao': 'Região Centro- Oeste', 'meta_prevista_para_2024__raw': '250', 'meta_prevista_para_2025__raw': '250', 'meta_prevista_para_2026__raw': '250', 'meta_prevista_para_2027__raw': '250', 'quantidade_alcancada__raw': '0', 'data_de_referencia__raw': '01/01/2025', 'sinalizacao_de_necessidade_de_revisao_proximo_exercicio': 'Sim', 'notas_do_usuario': 'SEPLAN - alteração do campo Sinalização de necessidade de revisão - próximo exercício para Sim, conforme área setorial.'}","{'meta_prevista_para_2024': 250.0, 'meta_prevista_para_2025': 250.0, 'meta_prevista_para_2026': 250.0, 'meta_prevista_para_2027': 250.0, 'quantidade_alcancada': 0.0, 'data_de_referencia': 1012025.0}"
dc8229a2-6c79-51bd-96bc-8933cc0c4d41,c11b9579-45d1-58de-af90-2c8b6bc73152,516,table,15860ef9-7a57-5b51-af5c-1e653378fc8d,e52dae0a-942e-53ef-b01d-055d400b88cf,"Meta: 0699 - Promover formação e capacitação profissional, mediante a oferta de cursos de nível médio e superior (graduação ou pós-graduação)",meta_0699_promover_formacao_e_capacitacao_profissional_mediante_a_oferta_de_cursos_de_nivel_medio_e_superior_graduacao_ou_pos_graduacao,table_row,"{'regiao': 'Região Nordeste', 'meta_prevista_para_2024__raw': '750', 'meta_prevista_para_2025__raw': '750', 'meta_prevista_para_2026__raw': '750', 'meta_prevista_para_2027__raw': '750', 'quantidade_alcancada__raw': '0', 'data_de_referencia__raw': '01/01/2025', 'sinalizacao_de_necessidade_de_revisao_proximo_exercicio': 'Sim', 'notas_do_usuario': 'SEPLAN - alteração do campo Sinalização de necessidade de revisão - próximo exercício para Sim, conforme área setorial.'}","{'meta_prevista_para_2024': 750.0, 'meta_prevista_para_2025': 750.0, 'meta_prevista_para_2026': 750.0, 'meta_prevista_para_2027': 750.0, 'quantidade_alcancada': 0.0, 'data_de_referencia': 1012025.0}"
a43a91ce-2d8e-565e-baa5-63c55a97849b,c11b9579-45d1-58de-af90-2c8b6bc73152,516,table,15860ef9-7a57-5b51-af5c-1e653378fc8d,e52dae0a-942e-53ef-b01d-055d400b88cf,"Meta: 0699 - Promover formação e capacitação profissional, mediante a oferta de cursos de nível médio e superior (graduação ou pós-graduação)",meta_0699_promover_formacao_e_capacitacao_profissional_mediante_a_oferta_de_cursos_de_nivel_medio_e_superior_graduacao_ou_pos_graduacao,table_row,"{'regiao': 'Região Norte', 'meta_prevista_para_2024__raw': '625', 'meta_prevista_para_2025__raw': '625', 'meta_prevista_para_2026__raw': '625', 'meta_prevista_para_2027__raw': '625', 'quantidade_alcancada__raw': '0', 'data_de_referencia__raw': '01/01/2025', 'sinalizacao_de_necessidade_de_revisao_proximo_exercicio': 'Sim', 'notas_do_usuario': 'SEPLAN - alteração do campo Sinalização de necessidade de revisão - próximo exercício para Sim, conforme área setorial.'}","{'meta_prevista_para_2024': 625.0, 'meta_prevista_para_2025': 625.0, 'meta_prevista_para_2026': 625.0, 'meta_prevista_para_2027': 625.0, 'quantidade_alcancada': 0.0, 'data_de_referencia': 1012025.0}"
509698b8-4bf2-588b-977a-d3b9fb3e74a5,c11b9579-45d1-58de-af90-2c8b6bc73152,516,table,15860ef9-7a57-5b51-af5c-1e653378fc8d,e52dae0a-942e-53ef-b01d-055d400b88cf,"Meta: 0699 - Promover formação e capacitação profissional, mediante a oferta de cursos de nível médio e superior (graduação ou pós-graduação)",meta_0699_promover_formacao_e_capacitacao_profissional_mediante_a_oferta_de_cursos_de_nivel_medio_e_superior_graduacao_ou_pos_graduacao,table_row,"{'regiao': 'Região Sudeste', 'meta_prevista_para_2024__raw': '375', 'meta_prevista_para_2025__raw': '375', 'meta_prevista_para_2026__raw': '375', 'meta_prevista_para_2027__raw': '375', 'quantidade_alcancada__raw': '61', 'data_de_referencia__raw': '01/01/2025', 'sinalizacao_de_necessidade_de_revisao_proximo_exercicio': 'Sim', 'notas_do_usuario': 'SEPLAN - alteração do campo Sinalização de necessidade de revisão - próximo exercício para Sim, conforme área setorial.'}","{'meta_prevista_para_2024': 375.0, 'meta_prevista_para_2025': 375.0, 'meta_prevista_para_2026': 375.0, 'meta_prevista_para_2027': 375.0, 'quantidade_alcancada': 61.0, 'data_de_referencia': 1012025.0}"
180771ae-ebc7-5704-8095-73a5bb93d54b,c11b9579-45d1-58de-af90-2c8b6bc73152,516,table,15860ef9-7a57-5b51-af5c-1e653378fc8d,e52dae0a-942e-53ef-b01d-055d400b88cf,"Meta: 0699 - Promover formação e capacitação profissional, mediante a oferta de cursos de nível médio e superior (graduação ou pós-graduação)",meta_0699_promover_formacao_e_capacitacao_profissional_mediante_a_oferta_de_cursos_de_nivel_medio_e_superior_graduacao_ou_pos_graduacao,table_row,"{'regiao': 'Região Sul', 'meta_prevista_para_2024__raw': '500', 'meta_prevista_para_2025__raw': '500', 'meta_prevista_para_2026__raw': '500', 'meta_prevista_para_2027__raw': '500', 'quantidade_alcancada__raw': '100', 'data_de_referencia__raw': '01/01/2025', 'sinalizacao_de_necessidade_de_revisao_proximo_exercicio': 'Sim', 'notas_do_usuario': 'SEPLAN - alteração do campo Sinalização de necessidade de revisão - próximo exercício para Sim, conforme área setorial.'}","{'meta_prevista_para_2024': 500.0, 'meta_prevista_para_2025': 500.0, 'meta_prevista_para_2026': 500.0, 'meta_prevista_para_2027': 500.0, 'quantidade_alcancada': 100.0, 'data_de_referencia': 1012025.0}"
54b5ffae-fa91-59e1-85c3-a424e322abb4,c11b9579-45d1-58de-af90-2c8b6bc73152,517,table,1e5ab50e-16ce-5599-945a-90536de51d89,08110360-98a0-5662-b1e2-8eaf1d0c59e1,Informações do Monitoramento,informacoes_do_monitoramento,table_row,"{'regiao': 'Região Centro- Oeste', 'meta_prevista_para_2024__raw': '125', 'meta_prevista_para_2025__raw': '125', 'meta_prevista_para_2026__raw': '125', 'meta_prevista_para_2027__raw': '125', 'quantidade_alcancada__raw': '0', 'data_de_referencia__raw': '01/01/2025', 'sinalizacao_de_necessidade_de_revisao_proximo_exercicio': 'Sim', 'notas_do_usuario': 'SEPLAN - alteração do campo Sinalização de necessidade de revisão - próximo exercício para Sim, conforme informação da área setorial.'}","{'meta_prevista_para_2024': 125.0, 'meta_prevista_para_2025': 125.0, 'meta_prevista_para_2026': 125.0, 'meta_prevista_para_2027': 125.0, 'quantidade_alcancada': 0.0, 'data_de_referencia': 1012025.0}"
a24d4a84-811f-5d7d-a21a-7e07a0cf628c,c11b9579-45d1-58de-af90-2c8b6bc73152,517,table,1e5ab50e-16ce-5599-945a-90536de51d89,08110360-98a0-5662-b1e2-8eaf1d0c59e1,Informações do Monitoramento,informacoes_do_monitoramento,table_row,"{'regiao': 'Região Nordeste', 'meta_prevista_para_2024__raw': '375', 'meta_prevista_para_2025__raw': '375', 'meta_prevista_para_2026__raw': '375', 'meta_prevista_para_2027__raw': '375', 'quantidade_alcancada__raw': '0', 'data_de_referencia__raw': '01/01/2025', 'sinalizacao_de_necessidade_de_revisao_proximo_exercicio': 'Sim', 'notas_do_usuario': 'SEPLAN - alteração do campo Sinalização de necessidade de revisão - próximo exercício para'}","{'meta_prevista_para_2024': 375.0, 'meta_prevista_para_2025': 375.0, 'meta_prevista_para_2026': 375.0, 'meta_prevista_para_2027': 375.0, 'quantidade_alcancada': 0.0, 'data_de_referencia': 1012025.0}"
34394960-720c-53bb-b2f5-d06b80f08ed1,c11b9579-45d1-58de-af90-2c8b6bc73152,518,table,6bfdb0f1-6d31-5db0-99d8-8e7d14661f53,1e4e8bc2-0d49-5299-b687-28980367a9ad,Informações do Monitoramento,informacoes_do_monitoramento,table_row,"{'0': '', '1': '', '2': '', '3': '', '4': '', '5': '', '6': '', '7': '', '8': 'Sim, conforme informação da área setorial.'}",{}
4a178f7e-38a4-5d6d-9d18-75e464cbb3c2,c11b9579-45d1-58de-af90-2c8b6bc73152,518,table,6bfdb0f1-6d31-5db0-99d8-8e7d14661f53,1e4e8bc2-0d49-5299-b687-28980367a9ad,Informações do Monitoramento,informacoes_do_monitoramento,table_row,"{'0': 'Região Norte', '1__raw': '250', '2__raw': '250', '3__raw': '250', '4__raw': '250', '5__raw': '0', '6__raw': '01/01/2025', '7': 'Sim', '8': 'SEPLAN - alteração do campo Sinalização de necessidade de revisão - próximo exercício para Sim, conforme informação da área setorial.'}","{'1': 250.0, '2': 250.0, '3': 250.0, '4': 250.0, '5': 0.0, '6': 1012025.0}"
513a2303-943a-51ab-ba3c-6f860e20b3c5,c11b9579-45d1-58de-af90-2c8b6bc73152,518,table,6bfdb0f1-6d31-5db0-99d8-8e7d14661f53,1e4e8bc2-0d49-5299-b687-28980367a9ad,Informações do Monitoramento,informacoes_do_monitoramento,table_row,"{'0': 'Região Sudeste', '1__raw': '250', '2__raw': '250', '3__raw': '250', '4__raw': '250', '5__raw': '0', '6__raw': '01/01/2025', '7': 'Sim', '8': 'SEPLAN - alteração do campo Sinalização de necessidade de revisão - próximo exercício para Sim, conforme informação da área setorial.'}","{'1': 250.0, '2': 250.0, '3': 250.0, '4': 250.0, '5': 0.0, '6': 1012025.0}"
0adba278-cfa3-5604-b07d-468a880a4174,c11b9579-45d1-58de-af90-2c8b6bc73152,518,table,6bfdb0f1-6d31-5db0-99d8-8e7d14661f53,1e4e8bc2-0d49-5299-b687-28980367a9ad,Informações do Monitoramento,informacoes_do_monitoramento,table_row,"{'0': 'Região Sul', '1__raw': '250', '2__raw': '250', '3__raw': '250', '4__raw': '250', '5__raw': '0', '6__raw': '01/01/2025', '7': 'Sim', '8': 'SEPLAN - alteração do campo Sinalização de necessidade de revisão - próximo exercício para Sim, conforme informação da área setorial.'}","{'1': 250.0, '2': 250.0, '3': 250.0, '4': 250.0, '5': 0.0, '6': 1012025.0}"
37d3cc87-001b-578d-afa1-6966ac9b0f93,c11b9579-45d1-58de-af90-2c8b6bc73152,519,table,d479baed-c499-54cc-b21b-c36f159dbce6,15735588-7ee0-5dce-bcfb-1add53695e9b,"PROGRAMA: 5802 - POLÍTICAS PARA QUILOMBOLAS, COMUNIDADES TRADICIONAIS DE MATRIZ AFRICANA, POVOS DE TERREIROS E POVOS CIGANOS",programa_5802_politicas_para_quilombolas_comunidades_tradicionais_de_matriz_africana_povos_de_terreiros_e_povos_ciganos,table_row,"{'regiao': 'Região Centro- Oeste', 'meta_prevista_para_2024__raw': '1.250', 'meta_prevista_para_2025__raw': '1.250', 'meta_prevista_para_2026__raw': '1.250', 'meta_prevista_para_2027__raw': '1.250', 'quantidade_alcancada__raw': '0', 'data_de_referencia__raw': '01/01/2025', 'sinalizacao_de_necessidade_de_revisao_proximo_exercicio': 'Sim', 'notas_do_usuario': 'SEPLAN - alteração do campo Sinalização de necessidade de revisão - próximo exercício para Sim, conforme informação da área setorial.'}","{'meta_prevista_para_2024': 1250.0, 'meta_prevista_para_2025': 1250.0, 'meta_prevista_para_2026': 1250.0, 'meta_prevista_para_2027': 1250.0, 'quantidade_alcancada': 0.0, 'data_de_referencia': 1012025.0}"
867135c0-f195-5481-9211-e6610509926d,c11b9579-45d1-58de-af90-2c8b6bc73152,519,table,d479baed-c499-54cc-b21b-c36f159dbce6,15735588-7ee0-5dce-bcfb-1add53695e9b,"PROGRAMA: 5802 - POLÍTICAS PARA QUILOMBOLAS, COMUNIDADES TRADICIONAIS DE MATRIZ AFRICANA, POVOS DE TERREIROS E POVOS CIGANOS",programa_5802_politicas_para_quilombolas_comunidades_tradicionais_de_matriz_africana_povos_de_terreiros_e_povos_ciganos,table_row,"{'regiao': 'Região Nordeste', 'meta_prevista_para_2024__raw': '6.250', 'meta_prevista_para_2025__raw': '6.250', 'meta_prevista_para_2026__raw': '6.250', 'meta_prevista_para_2027__raw': '6.250', 'quantidade_alcancada__raw': '1.900', 'data_de_referencia__raw': '01/01/2025', 'sinalizacao_de_necessidade_de_revisao_proximo_exercicio': 'Sim', 'notas_do_usuario': 'SEPLAN - alteração do campo Sinalização de necessidade de revisão - próximo exercício para Sim, conforme informação da área setorial.'}","{'meta_prevista_para_2024': 6250.0, 'meta_prevista_para_2025': 6250.0, 'meta_prevista_para_2026': 6250.0, 'meta_prevista_para_2027': 6250.0, 'quantidade_alcancada': 1900.0, 'data_de_referencia': 1012025.0}"
b2591825-ae3e-534e-a642-4d677c313880,c11b9579-45d1-58de-af90-2c8b6bc73152,519,table,d479baed-c499-54cc-b21b-c36f159dbce6,15735588-7ee0-5dce-bcfb-1add53695e9b,"PROGRAMA: 5802 - POLÍTICAS PARA QUILOMBOLAS, COMUNIDADES TRADICIONAIS DE MATRIZ AFRICANA, POVOS DE TERREIROS E POVOS CIGANOS",programa_5802_politicas_para_quilombolas_comunidades_tradicionais_de_matriz_africana_povos_de_terreiros_e_povos_ciganos,table_row,"{'regiao': 'Região Norte', 'meta_prevista_para_2024__raw': '2.500', 'meta_prevista_para_2025__raw': '2.500', 'meta_prevista_para_2026__raw': '2.500', 'meta_prevista_para_2027__raw': '2.500', 'quantidade_alcancada__raw': '0', 'data_de_referencia__raw': '01/01/2025', 'sinalizacao_de_necessidade_de_revisao_proximo_exercicio': 'Sim', 'notas_do_usuario': 'SEPLAN - alteração do campo Sinalização de necessidade de revisão - próximo exercício para Sim, conforme informação da área setorial.'}","{'meta_prevista_para_2024': 2500.0, 'meta_prevista_para_2025': 2500.0, 'meta_prevista_para_2026': 2500.0, 'meta_prevista_para_2027': 2500.0, 'quantidade_alcancada': 0.0, 'data_de_referencia': 1012025.0}"
e77918ef-6dfb-5a95-a89c-fe6f0bb45f1c,c11b9579-45d1-58de-af90-2c8b6bc73152,519,table,d479baed-c499-54cc-b21b-c36f159dbce6,15735588-7ee0-5dce-bcfb-1add53695e9b,"PROGRAMA: 5802 - POLÍTICAS PARA QUILOMBOLAS, COMUNIDADES TRADICIONAIS DE MATRIZ AFRICANA, POVOS DE TERREIROS E POVOS CIGANOS",programa_5802_politicas_para_quilombolas_comunidades_tradicionais_de_matriz_africana_povos_de_terreiros_e_povos_ciganos,table_row,"{'regiao': 'Região Sudeste', 'meta_prevista_para_2024__raw': '1.250', 'meta_prevista_para_2025__raw': '1.250', 'meta_prevista_para_2026__raw': '1.250', 'meta_prevista_para_2027__raw': '1.250', 'quantidade_alcancada__raw': '0', 'data_de_referencia__raw': '01/01/2025', 'sinalizacao_de_necessidade_de_revisao_proximo_exercicio': 'Sim', 'notas_do_usuario': 'SEPLAN - alteração do campo Sinalização de necessidade de revisão - próximo exercício para Sim, conforme informação da área setorial.'}","{'meta_prevista_para_2024': 1250.0, 'meta_prevista_para_2025': 1250.0, 'meta_prevista_para_2026': 1250.0, 'meta_prevista_para_2027': 1250.0, 'quantidade_alcancada': 0.0, 'data_de_referencia': 1012025.0}"
0d1738ea-9b10-54a3-8fe3-98063c704298,c11b9579-45d1-58de-af90-2c8b6bc73152,519,table,d479baed-c499-54cc-b21b-c36f159dbce6,15735588-7ee0-5dce-bcfb-1add53695e9b,"PROGRAMA: 5802 - POLÍTICAS PARA QUILOMBOLAS, COMUNIDADES TRADICIONAIS DE MATRIZ AFRICANA, POVOS DE TERREIROS E POVOS CIGANOS",programa_5802_politicas_para_quilombolas_comunidades_tradicionais_de_matriz_africana_povos_de_terreiros_e_povos_ciganos,table_row,"{'regiao': 'Região Sul', 'meta_prevista_para_2024__raw': '1.250', 'meta_prevista_para_2025__raw': '1.250', 'meta_prevista_para_2026__raw': '1.250', 'meta_prevista_para_2027__raw': '1.250', 'quantidade_alcancada__raw': '0', 'data_de_referencia__raw': '01/01/2025', 'sinalizacao_de_necessidade_de_revisao_proximo_exercicio': 'Sim', 'notas_do_usuario': 'SEPLAN - alteração do campo Sinalização de necessidade de revisão - próximo exercício para Sim, conforme informação da área setorial.'}","{'meta_prevista_para_2024': 1250.0, 'meta_prevista_para_2025': 1250.0, 'meta_prevista_para_2026': 1250.0, 'meta_prevista_para_2027': 1250.0, 'quantidade_alcancada': 0.0, 'data_de_referencia': 1012025.0}"
945f20e4-2202-5593-95c6-3784dbf03ec1,c11b9579-45d1-58de-af90-2c8b6bc73152,521,table,eed3f393-9e23-5406-a597-99a66257b8d9,68c15991-390f-5a2e-9df9-8baa797f7fac,Regionalizações da Meta,regionalizacoes_da_meta,table_row,"{'regiao': 'Região Nordeste', 'meta_prevista_para_2024': '-', 'meta_prevista_para_2025': '-', 'meta_prevista_para_2026': '-', 'meta_prevista_para_2027': '-', 'quantidade_alcancada__raw': '0', 'data_de_referencia__raw': '31/12/2024', 'sinalizacao_de_necessidade_de_revisao_proximo_exercicio': 'Não', 'notas_do_usuario': 'Valor informado pela unidade: R$ 130.302,08 O mecanismo na sua criação não regionalizado, por ser uma estratégia nacional. Entretanto, durante o decorrer da implementação das ações, identificamos a necessidade de realizar atendimentos regionais, como no caso do Rio Grande do Sul, em virtude do impacto das chuvas ocorridas em 2024. Para a região Nordeste, surgiu a necessidade de realizar uma ação piloto, a qual se enquadrava no orçamento disponível""'}","{'quantidade_alcancada': 0.0, 'data_de_referencia': 31122024.0}"
5b68f5b7-77f2-51e6-a47a-61fb8404ad7f,c11b9579-45d1-58de-af90-2c8b6bc73152,521,table,eed3f393-9e23-5406-a597-99a66257b8d9,68c15991-390f-5a2e-9df9-8baa797f7fac,Regionalizações da Meta,regionalizacoes_da_meta,table_row,"{'regiao': 'Região Sul', 'meta_prevista_para_2024': '-', 'meta_prevista_para_2025': '-', 'meta_prevista_para_2026': '-', 'meta_prevista_para_2027': '-', 'quantidade_alcancada__raw': '0', 'data_de_referencia__raw': '31/12/2024', 'sinalizacao_de_necessidade_de_revisao_proximo_exercicio': 'Não', 'notas_do_usuario': 'Valor informado pela unidade: R$ 176.000,00. O mecanismo na sua criação não regionalizado, por ser uma estratégia nacional. Entretanto, durante o decorrer da implementação das ações, identificamos a necessidade de realizar atendimentos regionais, como no caso do Rio Grande do Sul, em virtude do impacto das chuvas ocorridas em 2024. Para a região Nordeste, surgiu a necessidade de realizar uma ação piloto, a qual se enquadrava no orçamento disponível.'}","{'quantidade_alcancada': 0.0, 'data_de_referencia': 31122024.0}"
a27035a7-e99f-52d1-9e2d-4bfa4a035a39,c11b9579-45d1-58de-af90-2c8b6bc73152,524,table,0b949551-dea6-5e49-bbe4-4c6830c1ea33,e78f8fb6-2b98-5ae9-8c54-c6637cee2cf2,Informações do Monitoramento,informacoes_do_monitoramento,table_row,"{'regiao': '', 'meta_prevista_para_2024': '', 'meta_prevista_para_2025': '', 'meta_prevista_para_2026': '', 'meta_prevista_para_2027': '', 'quantidade_alcancada': '', 'data_de_referencia': '', 'sinalizacao_de_necessidade_de_revisao_proximo': 'exercício', 'notas_do_usuario': ''}",{}
10544f30-9e57-5378-8e0d-a6e8885db10f,c11b9579-45d1-58de-af90-2c8b6bc73152,525,table,2ea5223f-7ce3-59e9-9c5f-86050ac3a373,670b896a-fd2c-54ad-85ad-f8dda7d532c0,Quantitativa::,quantitativa,table_row,"{'regiao_centro_oeste': 'Região Nordeste', 'untitled': '-', 'untitled_2': '-', 'untitled_3': '-', 'untitled_4': '-', '0__raw': '2', '31_12_2024__raw': '31/12/2024', 'nao': 'Não', 'o_mecanismo_na_sua_criacao_nao_foi_regionalizado_por_ser_uma_estrategia_nacional_para_a_regiao_nordeste_surgiu_a_necessidade_de_realizar_uma_acao_piloto_a_qual_se_enquadrava_no_orcamento_disponivel': 'O mecanismo, na sua criação, não foi regionalizado, por ser uma estratégia nacional. Para a região Nordeste, surgiu a necessidade de realizar uma ação piloto, a qual se enquadrava no orçamento disponível.'}","{'0': 2.0, '31_12_2024': 31122024.0}"
13bb0e1e-95f5-502f-bbb3-43f78156e962,c11b9579-45d1-58de-af90-2c8b6bc73152,525,table,2ea5223f-7ce3-59e9-9c5f-86050ac3a373,670b896a-fd2c-54ad-85ad-f8dda7d532c0,Quantitativa::,quantitativa,table_row,"{'regiao_centro_oeste': 'Região Norte', 'untitled': '-', 'untitled_2': '-', 'untitled_3': '-', 'untitled_4': '-', '0__raw': '0', '31_12_2024__raw': '31/12/2024', 'nao': 'Não', 'o_mecanismo_na_sua_criacao_nao_foi_regionalizado_por_ser_uma_estrategia_nacional_para_a_regiao_nordeste_surgiu_a_necessidade_de_realizar_uma_acao_piloto_a_qual_se_enquadrava_no_orcamento_disponivel': 'O mecanismo, na sua criação, não foi regionalizado, por ser uma estratégia nacional. Para a região Nordeste, surgiu a necessidade de realizar uma ação piloto, a qual se enquadrava no orçamento disponível.'}","{'0': 0.0, '31_12_2024': 31122024.0}"
165f34ef-10f6-567e-81d0-4bc79e0fe7bf,c11b9579-45d1-58de-af90-2c8b6bc73152,525,table,2ea5223f-7ce3-59e9-9c5f-86050ac3a373,670b896a-fd2c-54ad-85ad-f8dda7d532c0,Quantitativa::,quantitativa,table_row,"{'regiao_centro_oeste': 'Região Sudeste', 'untitled': '-', 'untitled_2': '-', 'untitled_3': '-', 'untitled_4': '-', '0__raw': '0', '31_12_2024__raw': '31/12/2024', 'nao': 'Não', 'o_mecanismo_na_sua_criacao_nao_foi_regionalizado_por_ser_uma_estrategia_nacional_para_a_regiao_nordeste_surgiu_a_necessidade_de_realizar_uma_acao_piloto_a_qual_se_enquadrava_no_orcamento_disponivel': 'O mecanismo, na sua criação, não foi regionalizado, por ser uma estratégia nacional. Para a região Nordeste, surgiu a necessidade de realizar uma ação piloto, a qual se enquadrava no orçamento disponível.'}","{'0': 0.0, '31_12_2024': 31122024.0}"
ae58f391-5ab1-57b9-892d-1dbf466d7bfa,c11b9579-45d1-58de-af90-2c8b6bc73152,525,table,2ea5223f-7ce3-59e9-9c5f-86050ac3a373,670b896a-fd2c-54ad-85ad-f8dda7d532c0,Quantitativa::,quantitativa,table_row,"{'regiao_centro_oeste': 'Região Sul', 'untitled': '-', 'untitled_2': '-', 'untitled_3': '-', 'untitled_4': '-', '0__raw': '0', '31_12_2024__raw': '31/12/2024', 'nao': 'Não', 'o_mecanismo_na_sua_criacao_nao_foi_regionalizado_por_ser_uma_estrategia_nacional_para_a_regiao_nordeste_surgiu_a_necessidade_de_realizar_uma_acao_piloto_a_qual_se_enquadrava_no_orcamento_disponivel': 'O mecanismo, na sua criação, não foi regionalizado, por ser uma estratégia nacional. Para a região Nordeste, surgiu a necessidade de realizar uma ação piloto, a qual se enquadrava no orçamento disponível.'}","{'0': 0.0, '31_12_2024': 31122024.0}"
4c66a2be-f73e-50f2-99bf-0cf9184b336c,c11b9579-45d1-58de-af90-2c8b6bc73152,526,table,f4909e37-806c-541a-8bb4-d5f8746e4af9,4c943b55-6f53-54e8-ae4f-53ac097a2a48,Entrega: 2228 - Planos locais de Gestão Territorial e Ambiental Quilombola,entrega_2228_planos_locais_de_gestao_territorial_e_ambiental_quilombola,table_row,"{'regiao': 'Região Nordeste', 'meta_prevista_para_2024': '-', 'meta_prevista_para_2025': '-', 'meta_prevista_para_2026': '-', 'meta_prevista_para_2027': '-', 'quantidade_alcancada__raw': '2', 'data_de_referencia__raw': '31/12/2024', 'sinalizacao_de_necessidade_de_revisao_proximo_exercicio': 'Não', 'notas_do_usuario': 'Duas oficinas realizadas na cidade de Alcântara/MA.'}","{'quantidade_alcancada': 2.0, 'data_de_referencia': 31122024.0}"
2ddbe4ed-8269-5698-ad3b-bdd6707b7d11,c11b9579-45d1-58de-af90-2c8b6bc73152,527,table,b604674d-142b-5d2c-867e-dcc8799b3310,34947779-3b24-5dc8-b032-420ef87c1871,Informações do Monitoramento,informacoes_do_monitoramento,table_row,"{'regiao': 'Região Centro- Oeste', 'meta_prevista_para_2024': '-', 'meta_prevista_para_2025': '-', 'meta_prevista_para_2026': '-', 'meta_prevista_para_2027': '-', 'quantidade_alcancada__raw': '0', 'data_de_referencia__raw': '31/12/2024', 'sinalizacao_de_necessidade_de_revisao_proximo_exercicio': 'Não', 'notas_do_usuario': 'Não informado'}","{'quantidade_alcancada': 0.0, 'data_de_referencia': 31122024.0}"
371dce82-edab-5209-9ea7-0506fb81b821,c11b9579-45d1-58de-af90-2c8b6bc73152,527,table,b604674d-142b-5d2c-867e-dcc8799b3310,34947779-3b24-5dc8-b032-420ef87c1871,Informações do Monitoramento,informacoes_do_monitoramento,table_row,"{'regiao': 'Região Nordeste', 'meta_prevista_para_2024': '-', 'meta_prevista_para_2025': '-', 'meta_prevista_para_2026': '-', 'meta_prevista_para_2027': '-', 'quantidade_alcancada__raw': '1', 'data_de_referencia__raw': '31/12/2024', 'sinalizacao_de_necessidade_de_revisao_proximo_exercicio': 'Não', 'notas_do_usuario': 'Não informado'}","{'quantidade_alcancada': 1.0, 'data_de_referencia': 31122024.0}"
0386a4e9-b7f1-5bc0-b10b-9825d88e9fc0,c11b9579-45d1-58de-af90-2c8b6bc73152,527,table,b604674d-142b-5d2c-867e-dcc8799b3310,34947779-3b24-5dc8-b032-420ef87c1871,Informações do Monitoramento,informacoes_do_monitoramento,table_row,"{'regiao': 'Região Norte', 'meta_prevista_para_2024': '-', 'meta_prevista_para_2025': '-', 'meta_prevista_para_2026': '-', 'meta_prevista_para_2027': '-', 'quantidade_alcancada__raw': '0', 'data_de_referencia__raw': '31/12/2024', 'sinalizacao_de_necessidade_de_revisao_proximo_exercicio': 'Não', 'notas_do_usuario': 'Não informado'}","{'quantidade_alcancada': 0.0, 'data_de_referencia': 31122024.0}"
35b7a6d5-fe55-5dff-9fb2-5e311bb595c2,c11b9579-45d1-58de-af90-2c8b6bc73152,527,table,b604674d-142b-5d2c-867e-dcc8799b3310,34947779-3b24-5dc8-b032-420ef87c1871,Informações do Monitoramento,informacoes_do_monitoramento,table_row,"{'regiao': 'Região Sudeste', 'meta_prevista_para_2024': '-', 'meta_prevista_para_2025': '-', 'meta_prevista_para_2026': '-', 'meta_prevista_para_2027': '-', 'quantidade_alcancada__raw': '0', 'data_de_referencia__raw': '31/12/2024', 'sinalizacao_de_necessidade_de_revisao_proximo_exercicio': 'Não', 'notas_do_usuario': 'Não informado'}","{'quantidade_alcancada': 0.0, 'data_de_referencia': 31122024.0}"
92c5fd89-ce9d-57a5-8ed0-a1b23481cc0a,c11b9579-45d1-58de-af90-2c8b6bc73152,527,table,b604674d-142b-5d2c-867e-dcc8799b3310,34947779-3b24-5dc8-b032-420ef87c1871,Informações do Monitoramento,informacoes_do_monitoramento,table_row,"{'regiao': 'Região Sul', 'meta_prevista_para_2024': '-', 'meta_prevista_para_2025': '-', 'meta_prevista_para_2026': '-', 'meta_prevista_para_2027': '-', 'quantidade_alcancada__raw': '1', 'data_de_referencia__raw': '31/12/2024', 'sinalizacao_de_necessidade_de_revisao_proximo_exercicio': 'Não', 'notas_do_usuario': 'Não informado'}","{'quantidade_alcancada': 1.0, 'data_de_referencia': 31122024.0}"
6b97b60c-d8f2-5be6-b594-bd8783202db4,c11b9579-45d1-58de-af90-2c8b6bc73152,534,table,d6dc9eb4-324d-50cb-8c5b-7888c670a9d3,960ad4f4-1203-555a-9d05-559869fa0759,Informações do Monitoramento,informacoes_do_monitoramento,table_row,"{'regiao': 'Região Centro- Oeste', 'meta_prevista_para_2024__raw': '75.000', 'meta_prevista_para_2025__raw': '75.000', 'meta_prevista_para_2026__raw': '150.000', 'meta_prevista_para_2027__raw': '150.000', 'quantidade_alcancada__raw': '2.331', 'data_de_referencia__raw': '31/12/2024', 'sinalizacao_de_necessidade_de_revisao_proximo_exercicio': 'Não', 'notas_do_usuario': 'alteração da meta alcançada para 2.331 documentos disponibilizados'}","{'meta_prevista_para_2024': 75000.0, 'meta_prevista_para_2025': 75000.0, 'meta_prevista_para_2026': 150000.0, 'meta_prevista_para_2027': 150000.0, 'quantidade_alcancada': 2331.0, 'data_de_referencia': 31122024.0}"
c9679765-928e-5c42-a323-948969001ca6,c11b9579-45d1-58de-af90-2c8b6bc73152,534,table,d6dc9eb4-324d-50cb-8c5b-7888c670a9d3,960ad4f4-1203-555a-9d05-559869fa0759,Informações do Monitoramento,informacoes_do_monitoramento,table_row,"{'regiao': 'Região Sudeste', 'meta_prevista_para_2024__raw': '175.000', 'meta_prevista_para_2025__raw': '175.000', 'meta_prevista_para_2026__raw': '350.000', 'meta_prevista_para_2027__raw': '350.000', 'quantidade_alcancada__raw': '907.112', 'data_de_referencia__raw': '31/12/2024', 'sinalizacao_de_necessidade_de_revisao_proximo_exercicio': 'Não', 'notas_do_usuario': 'Não informado'}","{'meta_prevista_para_2024': 175000.0, 'meta_prevista_para_2025': 175000.0, 'meta_prevista_para_2026': 350000.0, 'meta_prevista_para_2027': 350000.0, 'quantidade_alcancada': 907112.0, 'data_de_referencia': 31122024.0}"
37b3f93c-5141-5ea1-8035-ae63671f0aec,c11b9579-45d1-58de-af90-2c8b6bc73152,535,table,e3a9f01c-5bcd-5ef5-b888-46d4fd300be7,640c3b12-fd0e-5169-8462-6857d913e56f,PROGRAMA: 2316 - RELAÇÕES INTERNACIONAIS E ASSISTÊNCIA A BRASILEIRAS E BRASILEIROS NO EXTERIOR,programa_2316_relacoes_internacionais_e_assistencia_a_brasileiras_e_brasileiros_no_exterior,table_row,"{'regiao': 'Região Centro- Oeste', 'meta_prevista_para_2024': '-', 'meta_prevista_para_2025': '-', 'meta_prevista_para_2026': '-', 'meta_prevista_para_2027': '-', 'quantidade_alcancada__raw': '25', 'data_de_referencia__raw': '31/12/2024', 'sinalizacao_de_necessidade_de_revisao_proximo_exercicio': 'Não', 'notas_do_usuario': 'Não informado'}","{'quantidade_alcancada': 25.0, 'data_de_referencia': 31122024.0}"
b3d11851-638f-5eb8-9a38-6758c43e1940,c11b9579-45d1-58de-af90-2c8b6bc73152,535,table,e3a9f01c-5bcd-5ef5-b888-46d4fd300be7,640c3b12-fd0e-5169-8462-6857d913e56f,PROGRAMA: 2316 - RELAÇÕES INTERNACIONAIS E ASSISTÊNCIA A BRASILEIRAS E BRASILEIROS NO EXTERIOR,programa_2316_relacoes_internacionais_e_assistencia_a_brasileiras_e_brasileiros_no_exterior,table_row,"{'regiao': 'Região Nordeste', 'meta_prevista_para_2024': '-', 'meta_prevista_para_2025': '-', 'meta_prevista_para_2026': '-', 'meta_prevista_para_2027': '-', 'quantidade_alcancada__raw': '25', 'data_de_referencia__raw': '31/12/2024', 'sinalizacao_de_necessidade_de_revisao_proximo_exercicio': 'Não', 'notas_do_usuario': 'Não informado'}","{'quantidade_alcancada': 25.0, 'data_de_referencia': 31122024.0}"
b47c4867-0f73-51b5-9f40-8b989660a60b,c11b9579-45d1-58de-af90-2c8b6bc73152,535,table,e3a9f01c-5bcd-5ef5-b888-46d4fd300be7,640c3b12-fd0e-5169-8462-6857d913e56f,PROGRAMA: 2316 - RELAÇÕES INTERNACIONAIS E ASSISTÊNCIA A BRASILEIRAS E BRASILEIROS NO EXTERIOR,programa_2316_relacoes_internacionais_e_assistencia_a_brasileiras_e_brasileiros_no_exterior,table_row,"{'regiao': 'Região Norte', 'meta_prevista_para_2024': '-', 'meta_prevista_para_2025': '-', 'meta_prevista_para_2026': '-', 'meta_prevista_para_2027': '-', 'quantidade_alcancada__raw': '25', 'data_de_referencia__raw': '31/12/2024', 'sinalizacao_de_necessidade_de_revisao_proximo_exercicio': 'Não', 'notas_do_usuario': 'Não informado'}","{'quantidade_alcancada': 25.0, 'data_de_referencia': 31122024.0}"
cb65da39-0d6b-5b91-9f95-2f60b7add000,c11b9579-45d1-58de-af90-2c8b6bc73152,535,table,e3a9f01c-5bcd-5ef5-b888-46d4fd300be7,640c3b12-fd0e-5169-8462-6857d913e56f,PROGRAMA: 2316 - RELAÇÕES INTERNACIONAIS E ASSISTÊNCIA A BRASILEIRAS E BRASILEIROS NO EXTERIOR,programa_2316_relacoes_internacionais_e_assistencia_a_brasileiras_e_brasileiros_no_exterior,table_row,"{'regiao': 'Região Sudeste', 'meta_prevista_para_2024': '-', 'meta_prevista_para_2025': '-', 'meta_prevista_para_2026': '-', 'meta_prevista_para_2027': '-', 'quantidade_alcancada__raw': '25', 'data_de_referencia__raw': '31/12/2024', 'sinalizacao_de_necessidade_de_revisao_proximo_exercicio': 'Não', 'notas_do_usuario': 'Não informado'}","{'quantidade_alcancada': 25.0, 'data_de_referencia': 31122024.0}"
833dfc60-e567-5926-a6ce-dbdbd706a8d9,c11b9579-45d1-58de-af90-2c8b6bc73152,535,table,e3a9f01c-5bcd-5ef5-b888-46d4fd300be7,640c3b12-fd0e-5169-8462-6857d913e56f,PROGRAMA: 2316 - RELAÇÕES INTERNACIONAIS E ASSISTÊNCIA A BRASILEIRAS E BRASILEIROS NO EXTERIOR,programa_2316_relacoes_internacionais_e_assistencia_a_brasileiras_e_brasileiros_no_exterior,table_row,"{'regiao': 'Região Sul', 'meta_prevista_para_2024': '-', 'meta_prevista_para_2025': '-', 'meta_prevista_para_2026': '-', 'meta_prevista_para_2027': '-', 'quantidade_alcancada__raw': '25', 'data_de_referencia__raw': '31/12/2024', 'sinalizacao_de_necessidade_de_revisao_proximo_exercicio': 'Não', 'notas_do_usuario': 'Não informado'}","{'quantidade_alcancada': 25.0, 'data_de_referencia': 31122024.0}"
c56c97ad-78c5-5182-9476-823e4b63f3e1,c11b9579-45d1-58de-af90-2c8b6bc73152,536,table,0518d15c-9ae5-5df4-afc2-da71f4425aaf,600a2d17-b3b7-5e6e-9d1f-542815d652ed,Informações do Monitoramento,informacoes_do_monitoramento,table_row,{'0': 'Órgão Responsável: 35000 - Ministério das Relações Exteriores'},{}
c14ef0e4-499a-5fe9-9c77-e2b2eb47c696,c11b9579-45d1-58de-af90-2c8b6bc73152,542,table,1d959737-fc02-509a-bbe5-ccca33c933b0,c27e07c3-fc46-5d5a-8a80-55ec634b2e05,Informações básicas,informacoes_basicas,table_row,{'0': 'Programa: 2316 - Relações Internacionais e Assistência a Brasileiras e Brasileiros no Exterior Órgão Responsável: 35000 - Ministério das Relações Exteriores Concluída: -'},{}
1b25a8e0-3dd9-5686-a10f-06ad09871a1f,c11b9579-45d1-58de-af90-2c8b6bc73152,547,table,94f48a6e-94a7-5568-adf8-1dc43a560480,31d94bbc-ec68-5d39-be9a-11db2a72af21,Informações do Monitoramento,informacoes_do_monitoramento,table_row,"{'regiao': 'Região Centro- Oeste', 'meta_prevista_para_2024__raw': '48.600', 'meta_prevista_para_2025__raw': '48.600', 'meta_prevista_para_2026__raw': '48.600', 'meta_prevista_para_2027__raw': '48.600', 'quantidade_alcancada__raw': '35.427', 'data_de_referencia__raw': '21/02/2025', 'sinalizacao_de_necessidade_de_revisao_proximo_exercicio': 'Sim', 'notas_do_usuario': 'Quantidade alcançada informada de acordo com email enviado por Glenio Cerqueira de França em 19/03/2025'}","{'meta_prevista_para_2024': 48600.0, 'meta_prevista_para_2025': 48600.0, 'meta_prevista_para_2026': 48600.0, 'meta_prevista_para_2027': 48600.0, 'quantidade_alcancada': 35427.0, 'data_de_referencia': 21022025.0}"
648c9d5a-5d0d-5715-84ea-51e084bbb6a8,c11b9579-45d1-58de-af90-2c8b6bc73152,547,table,94f48a6e-94a7-5568-adf8-1dc43a560480,31d94bbc-ec68-5d39-be9a-11db2a72af21,Informações do Monitoramento,informacoes_do_monitoramento,table_row,"{'regiao': 'Região Nordeste', 'meta_prevista_para_2024__raw': '161.400', 'meta_prevista_para_2025__raw': '161.400', 'meta_prevista_para_2026__raw': '161.400', 'meta_prevista_para_2027__raw': '161.400', 'quantidade_alcancada__raw': '12.630', 'data_de_referencia__raw': '21/02/2025', 'sinalizacao_de_necessidade_de_revisao_proximo_exercicio': 'Não', 'notas_do_usuario': 'Quantidade alcançada informada de acordo com email enviado por Glenio Cerqueira de França em 19/03/2025'}","{'meta_prevista_para_2024': 161400.0, 'meta_prevista_para_2025': 161400.0, 'meta_prevista_para_2026': 161400.0, 'meta_prevista_para_2027': 161400.0, 'quantidade_alcancada': 12630.0, 'data_de_referencia': 21022025.0}"
07bf390a-43bb-5598-94b0-9d2bef04911f,c11b9579-45d1-58de-af90-2c8b6bc73152,547,table,94f48a6e-94a7-5568-adf8-1dc43a560480,31d94bbc-ec68-5d39-be9a-11db2a72af21,Informações do Monitoramento,informacoes_do_monitoramento,table_row,"{'regiao': 'Região Norte', 'meta_prevista_para_2024__raw': '51.000', 'meta_prevista_para_2025__raw': '51.000', 'meta_prevista_para_2026__raw': '51.000', 'meta_prevista_para_2027__raw': '51.000', 'quantidade_alcancada__raw': '0', 'data_de_referencia__raw': '21/02/2025', 'sinalizacao_de_necessidade_de_revisao_proximo_exercicio': 'Não', 'notas_do_usuario': 'Quantidade alcançada informada de acordo com email enviado por Glenio Cerqueira de França em 19/03/2025'}","{'meta_prevista_para_2024': 51000.0, 'meta_prevista_para_2025': 51000.0, 'meta_prevista_para_2026': 51000.0, 'meta_prevista_para_2027': 51000.0, 'quantidade_alcancada': 0.0, 'data_de_referencia': 21022025.0}"
ccecf6da-161e-5f40-8b57-02b483607dfa,c11b9579-45d1-58de-af90-2c8b6bc73152,548,table,2a40713b-4921-5812-ad1f-cc1a97825978,08818412-893e-5915-a718-58031e9d55d1,Informações do Monitoramento,informacoes_do_monitoramento,table_row,"{'regiao_sudeste': 'Região Sul', '250800__raw': '88.200', '250800_2__raw': '88.200', '250800_3__raw': '88.200', '250800_4__raw': '88.200', '1916384__raw': '32.579', '21_02_2025__raw': '21/02/2025', 'nao': 'Não', 'quantidade_alcancada_informada_de_acordo_com_email_enviado_por_glenio_cerqueira_de_franca_em_19_03_2025': 'Quantidade alcançada informada de acordo com email enviado por Glenio Cerqueira de França em 19/03/2025'}","{'250800': 88200.0, '250800_2': 88200.0, '250800_3': 88200.0, '250800_4': 88200.0, '1916384': 32579.0, '21_02_2025': 21022025.0}"
79610389-8720-5749-85e4-7eb4c99508e6,c11b9579-45d1-58de-af90-2c8b6bc73152,550,table,d41d6871-219e-536f-8b7b-b9bbfef70f77,19ee4108-768f-514b-b68c-b6243e322907,Medida Institucional Normativa: 08DD - Criação e ampliação de instâncias de participação social.,medida_institucional_normativa_08dd_criacao_e_ampliacao_de_instancias_de_participacao_social,table_row,"{'regiao': 'Região Centro- Oeste', 'meta_prevista_para_2024__raw': '557', 'meta_prevista_para_2025__raw': '557', 'meta_prevista_para_2026__raw': '557', 'meta_prevista_para_2027__raw': '557', 'quantidade_alcancada': 'Valor não disponível', 'data_de_referencia__raw': '21/02/2025', 'sinalizacao_de_necessidade_de_revisao_proximo_exercicio': 'Sim', 'notas_do_usuario': 'Não informado'}","{'meta_prevista_para_2024': 557.0, 'meta_prevista_para_2025': 557.0, 'meta_prevista_para_2026': 557.0, 'meta_prevista_para_2027': 557.0, 'data_de_referencia': 21022025.0}"
8d1a3472-21d3-53a0-9e71-5060045a0e28,c11b9579-45d1-58de-af90-2c8b6bc73152,550,table,d41d6871-219e-536f-8b7b-b9bbfef70f77,19ee4108-768f-514b-b68c-b6243e322907,Medida Institucional Normativa: 08DD - Criação e ampliação de instâncias de participação social.,medida_institucional_normativa_08dd_criacao_e_ampliacao_de_instancias_de_participacao_social,table_row,"{'regiao': 'Região Nordeste', 'meta_prevista_para_2024__raw': '1.851', 'meta_prevista_para_2025__raw': '1.851', 'meta_prevista_para_2026__raw': '1.851', 'meta_prevista_para_2027__raw': '1.851', 'quantidade_alcancada': 'Valor não disponível', 'data_de_referencia__raw': '21/02/2025', 'sinalizacao_de_necessidade_de_revisao_proximo_exercicio': 'Sim', 'notas_do_usuario': 'Não informado'}","{'meta_prevista_para_2024': 1851.0, 'meta_prevista_para_2025': 1851.0, 'meta_prevista_para_2026': 1851.0, 'meta_prevista_para_2027': 1851.0, 'data_de_referencia': 21022025.0}"
105ba0c8-98f5-5dd2-9dc6-8deba048ee42,c11b9579-45d1-58de-af90-2c8b6bc73152,550,table,d41d6871-219e-536f-8b7b-b9bbfef70f77,19ee4108-768f-514b-b68c-b6243e322907,Medida Institucional Normativa: 08DD - Criação e ampliação de instâncias de participação social.,medida_institucional_normativa_08dd_criacao_e_ampliacao_de_instancias_de_participacao_social,table_row,"{'regiao': 'Região Norte', 'meta_prevista_para_2024__raw': '585', 'meta_prevista_para_2025__raw': '585', 'meta_prevista_para_2026__raw': '585', 'meta_prevista_para_2027__raw': '585', 'quantidade_alcancada': 'Valor não disponível', 'data_de_referencia__raw': '21/02/2025', 'sinalizacao_de_necessidade_de_revisao_proximo_exercicio': 'Sim', 'notas_do_usuario': 'Não informado'}","{'meta_prevista_para_2024': 585.0, 'meta_prevista_para_2025': 585.0, 'meta_prevista_para_2026': 585.0, 'meta_prevista_para_2027': 585.0, 'data_de_referencia': 21022025.0}"
aaf1367f-baa6-52cc-b9b2-66fe27c8fff8,c11b9579-45d1-58de-af90-2c8b6bc73152,550,table,d41d6871-219e-536f-8b7b-b9bbfef70f77,19ee4108-768f-514b-b68c-b6243e322907,Medida Institucional Normativa: 08DD - Criação e ampliação de instâncias de participação social.,medida_institucional_normativa_08dd_criacao_e_ampliacao_de_instancias_de_participacao_social,table_row,"{'regiao': 'Região Sudeste', 'meta_prevista_para_2024__raw': '2.876', 'meta_prevista_para_2025__raw': '2.876', 'meta_prevista_para_2026__raw': '2.876', 'meta_prevista_para_2027__raw': '2.876', 'quantidade_alcancada': 'Valor não disponível', 'data_de_referencia__raw': '21/02/2025', 'sinalizacao_de_necessidade_de_revisao_proximo_exercicio': 'Sim', 'notas_do_usuario': 'Não informado'}","{'meta_prevista_para_2024': 2876.0, 'meta_prevista_para_2025': 2876.0, 'meta_prevista_para_2026': 2876.0, 'meta_prevista_para_2027': 2876.0, 'data_de_referencia': 21022025.0}"
c301210a-26b4-58e8-8164-0732b867d25a,c11b9579-45d1-58de-af90-2c8b6bc73152,550,table,d41d6871-219e-536f-8b7b-b9bbfef70f77,19ee4108-768f-514b-b68c-b6243e322907,Medida Institucional Normativa: 08DD - Criação e ampliação de instâncias de participação social.,medida_institucional_normativa_08dd_criacao_e_ampliacao_de_instancias_de_participacao_social,table_row,"{'regiao': 'Região Sul', 'meta_prevista_para_2024__raw': '1.012', 'meta_prevista_para_2025__raw': '1.012', 'meta_prevista_para_2026__raw': '1.012', 'meta_prevista_para_2027__raw': '1.012', 'quantidade_alcancada': 'Valor não disponível', 'data_de_referencia__raw': '21/02/2025', 'sinalizacao_de_necessidade_de_revisao_proximo_exercicio': 'Sim', 'notas_do_usuario': 'Não informado'}","{'meta_prevista_para_2024': 1012.0, 'meta_prevista_para_2025': 1012.0, 'meta_prevista_para_2026': 1012.0, 'meta_prevista_para_2027': 1012.0, 'data_de_referencia': 21022025.0}"
725e2403-281a-5392-9289-122d1d7fbc30,c11b9579-45d1-58de-af90-2c8b6bc73152,562,table,226b19d1-9fd7-5f0d-87af-7235faa96d98,ac1369cd-850c-59e9-9b62-95dc4c9081de,Medida Institucional Normativa: 04BB - Plano Nacional de Juventude,medida_institucional_normativa_04bb_plano_nacional_de_juventude,table_row,"{'regiao': 'Amazônia Legal', 'meta_prevista_para_2024': '-', 'meta_prevista_para_2025': '-', 'meta_prevista_para_2026': '-', 'meta_prevista_para_2027__raw': '3', 'quantidade_alcancada__raw': '0', 'data_de_referencia__raw': '31/12/2024', 'sinalizacao_de_necessidade_de_revisao_proximo_exercicio': 'Não', 'notas_do_usuario': 'Não informado'}","{'meta_prevista_para_2027': 3.0, 'quantidade_alcancada': 0.0, 'data_de_referencia': 31122024.0}"
959ee183-135e-5873-9b4e-89f7606606e5,c11b9579-45d1-58de-af90-2c8b6bc73152,562,table,226b19d1-9fd7-5f0d-87af-7235faa96d98,ac1369cd-850c-59e9-9b62-95dc4c9081de,Medida Institucional Normativa: 04BB - Plano Nacional de Juventude,medida_institucional_normativa_04bb_plano_nacional_de_juventude,table_row,"{'regiao': 'Área de Atuação da Superintendência de Desenvolvimento do Nordeste', 'meta_prevista_para_2024': '-', 'meta_prevista_para_2025': '-', 'meta_prevista_para_2026': '-', 'meta_prevista_para_2027__raw': '3', 'quantidade_alcancada__raw': '0', 'data_de_referencia__raw': '31/12/2024', 'sinalizacao_de_necessidade_de_revisao_proximo_exercicio': 'Não', 'notas_do_usuario': 'Não informado'}","{'meta_prevista_para_2027': 3.0, 'quantidade_alcancada': 0.0, 'data_de_referencia': 31122024.0}"
1f46bb5d-04b8-5f68-9753-fcf5657c5b09,c11b9579-45d1-58de-af90-2c8b6bc73152,572,table,2df4efac-3d3e-5581-b36c-9ff35a429e16,500b3f54-cdea-59e4-b55d-ad45d9451143,Informações do Monitoramento,informacoes_do_monitoramento,table_row,{'0': 'Órgão Responsável: 65000 - Ministério das Mulheres'},{}
b0063ef2-a3f2-547e-965c-2938cc955cce,c11b9579-45d1-58de-af90-2c8b6bc73152,573,table,4d6f5562-d97f-5f1d-a0b2-e95c16d48cab,ed858ad5-8cad-52f5-b831-69c57c0d456e,Informações do Monitoramento,informacoes_do_monitoramento,table_row,"{'regiao': 'Região Centro- Oeste', 'meta_prevista_para_2024__raw': '10', 'meta_prevista_para_2025__raw': '10', 'meta_prevista_para_2026__raw': '10', 'meta_prevista_para_2027__raw': '10', 'quantidade_alcancada': 'Valor não disponível', 'data_de_referencia__raw': '31/12/2024', 'sinalizacao_de_necessidade_de_revisao_proximo_exercicio': 'Não', 'notas_do_usuario': 'Torna-se complexo e impreciso o dado por região, uma vez que a maior parte das ações são realizadas em articulação com outros órgãos do governo federal e organizações da sociedade civil, ficando a parte executiva das ações, em sua maioria, sob a responsabilidade dos parceiros.'}","{'meta_prevista_para_2024': 10.0, 'meta_prevista_para_2025': 10.0, 'meta_prevista_para_2026': 10.0, 'meta_prevista_para_2027': 10.0, 'data_de_referencia': 31122024.0}"
a102453e-5fe4-5b42-abc9-493667fb61b1,c11b9579-45d1-58de-af90-2c8b6bc73152,573,table,4d6f5562-d97f-5f1d-a0b2-e95c16d48cab,ed858ad5-8cad-52f5-b831-69c57c0d456e,Informações do Monitoramento,informacoes_do_monitoramento,table_row,"{'regiao': 'Região Nordeste', 'meta_prevista_para_2024__raw': '20', 'meta_prevista_para_2025__raw': '20', 'meta_prevista_para_2026__raw': '20', 'meta_prevista_para_2027__raw': '20', 'quantidade_alcancada': 'Valor não disponível', 'data_de_referencia__raw': '31/12/2024', 'sinalizacao_de_necessidade_de_revisao_proximo_exercicio': 'Não', 'notas_do_usuario': 'Torna-se complexo e impreciso o dado por região, uma vez que a maior parte das ações são realizadas em articulação com outros órgãos do governo federal e organizações da sociedade civil, ficando a parte executiva das ações, em sua maioria, sob a responsabilidade dos parceiros.'}","{'meta_prevista_para_2024': 20.0, 'meta_prevista_para_2025': 20.0, 'meta_prevista_para_2026': 20.0, 'meta_prevista_para_2027': 20.0, 'data_de_referencia': 31122024.0}"
93213390-14ec-50f9-9da1-1738d1227dc9,c11b9579-45d1-58de-af90-2c8b6bc73152,573,table,4d6f5562-d97f-5f1d-a0b2-e95c16d48cab,ed858ad5-8cad-52f5-b831-69c57c0d456e,Informações do Monitoramento,informacoes_do_monitoramento,table_row,"{'regiao': 'Região Norte', 'meta_prevista_para_2024__raw': '20', 'meta_prevista_para_2025__raw': '20', 'meta_prevista_para_2026__raw': '20', 'meta_prevista_para_2027__raw': '20', 'quantidade_alcancada': 'Valor não disponível', 'data_de_referencia__raw': '31/12/2024', 'sinalizacao_de_necessidade_de_revisao_proximo_exercicio': 'Não', 'notas_do_usuario': 'Torna-se complexo e impreciso o dado por região, uma vez que a maior parte das ações são realizadas em articulação com outros órgãos do governo federal e organizações da sociedade civil, ficando a parte executiva das ações, em sua maioria, sob a responsabilidade dos parceiros.'}","{'meta_prevista_para_2024': 20.0, 'meta_prevista_para_2025': 20.0, 'meta_prevista_para_2026': 20.0, 'meta_prevista_para_2027': 20.0, 'data_de_referencia': 31122024.0}"
93f6ae2a-1bbb-5f8c-940f-32ce020cd8ea,c11b9579-45d1-58de-af90-2c8b6bc73152,573,table,4d6f5562-d97f-5f1d-a0b2-e95c16d48cab,ed858ad5-8cad-52f5-b831-69c57c0d456e,Informações do Monitoramento,informacoes_do_monitoramento,table_row,"{'regiao': 'Região Sudeste', 'meta_prevista_para_2024__raw': '30', 'meta_prevista_para_2025__raw': '30', 'meta_prevista_para_2026__raw': '30', 'meta_prevista_para_2027__raw': '30', 'quantidade_alcancada': 'Valor não disponível', 'data_de_referencia__raw': '31/12/2024', 'sinalizacao_de_necessidade_de_revisao_proximo_exercicio': 'Não', 'notas_do_usuario': 'Torna-se complexo e impreciso o dado por região, uma vez que a maior parte das ações são realizadas em articulação com outros órgãos do governo federal e organizações da sociedade civil, ficando a parte executiva das ações, em sua maioria, sob a'}","{'meta_prevista_para_2024': 30.0, 'meta_prevista_para_2025': 30.0, 'meta_prevista_para_2026': 30.0, 'meta_prevista_para_2027': 30.0, 'data_de_referencia': 31122024.0}"
9196249c-4943-58ea-894e-121b54b68293,c11b9579-45d1-58de-af90-2c8b6bc73152,574,table,5df986ef-b816-5c1e-b78b-1a5eeef7afa2,d43bbcba-7842-58a7-a2f8-a51354f2c279,Desagregação da Meta,desagregacao_da_meta,table_row,"{'regiao_sul': 'Cidades-sede', '20': '-', '20_2': '-', '20_3': '-', '20_4': '-', 'valor_nao_disponivel': 'Valor não disponível', '31_12_2024__raw': '31/12/2024', 'nao': 'Não', 'responsabilidade_dos_parceirostorna_se_complexo_e_impreciso_o_dado_por_regiao_uma_vez_que_a_maior_parte_das_acoes_sao_realizadas_em_articulacao_com_outros_orgaos_do_governo_federal_e_organizacoes_da_sociedade_civil_ficando_a_parte_executiva_das_acoes_em_sua_maioria_sob_a_responsabilidade_dos_parceiros': 'Torna-se complexo e impreciso o dado por região, uma vez que a maior parte das ações são realizadas em articulação com outros órgãos do governo federal e organizações da sociedade civil, ficando a parte executiva das ações, em sua maioria, sob a responsabilidade dos parceiros.'}",{'31_12_2024': 31122024.0}
0e53bd76-1ade-5f77-bf4c-c8028be1696f,c11b9579-45d1-58de-af90-2c8b6bc73152,574,table,5f7ada31-ef4f-5e88-9c8e-ce7ad77f229c,d43bbcba-7842-58a7-a2f8-a51354f2c279,Desagregação da Meta,desagregacao_da_meta,table_row,"{'publico': 'Jovem', 'meta_prevista_para_2024__raw': '4', 'meta_prevista_para_2025__raw': '6', 'meta_prevista_para_2026__raw': '8', 'meta_prevista_para_2027__raw': '10', 'quantidade_alcancada': 'Valor não disponível', 'data_de_referencia__raw': '31/12/2024', 'sinalizacao_de_necessidade_de_revisao_proximo_exercicio': 'Não', 'notas_do_usuario': 'Torna-se complexo e impreciso o dado por faixa etária, uma vez que a maior parte das ações são realizadas em articulação com outros órgãos do governo federal e organizações da sociedade civil, ficando a parte executiva das ações, em sua maioria, sob a responsabilidade dos parceiros.'}","{'meta_prevista_para_2024': 4.0, 'meta_prevista_para_2025': 6.0, 'meta_prevista_para_2026': 8.0, 'meta_prevista_para_2027': 10.0, 'data_de_referencia': 31122024.0}"
2a2c4a95-fbde-58c6-815e-24fda84db692,c11b9579-45d1-58de-af90-2c8b6bc73152,574,table,5f7ada31-ef4f-5e88-9c8e-ce7ad77f229c,d43bbcba-7842-58a7-a2f8-a51354f2c279,Desagregação da Meta,desagregacao_da_meta,table_row,"{'publico': 'População Negra', 'meta_prevista_para_2024__raw': '7,5', 'meta_prevista_para_2025__raw': '9,5', 'meta_prevista_para_2026__raw': '11,5', 'meta_prevista_para_2027__raw': '13,5', 'quantidade_alcancada': 'Valor não disponível', 'data_de_referencia__raw': '31/12/2024', 'sinalizacao_de_necessidade_de_revisao_proximo_exercicio': 'Não', 'notas_do_usuario': 'Torna-se complexo e impreciso o dado por raça, uma vez que a maior parte das ações são realizadas em articulação com outros órgãos do governo federal e organizações da sociedade civil, ficando a parte executiva das ações, em sua maioria, sob a responsabilidade dos parceiros.'}","{'meta_prevista_para_2024': 7.5, 'meta_prevista_para_2025': 9.5, 'meta_prevista_para_2026': 11.5, 'meta_prevista_para_2027': 13.5, 'data_de_referencia': 31122024.0}"
c00e21e0-84e4-543d-aad7-95d0432bcd16,c11b9579-45d1-58de-af90-2c8b6bc73152,576,table,d035d2c8-390f-5e3e-863b-ee4646b8c66a,18e838cf-ed90-578b-9d8c-02c696b4b43a,Regionalizações da Meta,regionalizacoes_da_meta,table_row,"{'regiao': 'Região Centro- Oeste', 'meta_prevista_para_2024__raw': '50', 'meta_prevista_para_2025__raw': '150', 'meta_prevista_para_2026__raw': '200', 'meta_prevista_para_2027__raw': '250', 'quantidade_alcancada': 'Valor não disponível', 'data_de_referencia__raw': '31/12/2024', 'sinalizacao_de_necessidade_de_revisao_proximo_exercicio': 'Não', 'notas_do_usuario': 'As ações de formação com foco na desconstrução do conjunto de imagens estereotipadas das mulheres,'}","{'meta_prevista_para_2024': 50.0, 'meta_prevista_para_2025': 150.0, 'meta_prevista_para_2026': 200.0, 'meta_prevista_para_2027': 250.0, 'data_de_referencia': 31122024.0}"
dc173a41-2527-5be1-afa3-001830ccfd45,c11b9579-45d1-58de-af90-2c8b6bc73152,577,table,c56444d0-7193-54fa-8b73-3373fd72d120,19591026-1b85-5054-baf3-7a9dc4514361,Desagregação da Meta,desagregacao_da_meta,table_row,"{'0': '', '1': '', '2': '', '3': '', '4': '', '5': '', '6': '', '7': '', '8': 'valorizando-as em sua diversidade e pluralidade, são, em sua maioria, articuladas e executadas em parceria com outros órgãos e organizações da sociedade civil, não sendo possível neste momento, portanto, a regionalização dos dados.'}",{}
dcf1d2bb-86aa-5c5f-b134-1372836e057b,c11b9579-45d1-58de-af90-2c8b6bc73152,577,table,c56444d0-7193-54fa-8b73-3373fd72d120,19591026-1b85-5054-baf3-7a9dc4514361,Desagregação da Meta,desagregacao_da_meta,table_row,"{'0': 'Região Nordeste', '1__raw': '200', '2__raw': '300', '3__raw': '450', '4__raw': '550', '5': 'Valor não disponível', '6__raw': '31/12/2024', '7': 'Não', '8': 'As ações de formação com foco na desconstrução do conjunto de imagens estereotipadas das mulheres, valorizando-as em sua diversidade e pluralidade, são, em sua maioria, articuladas e executadas em parceria com outros órgãos e organizações da sociedade civil, não sendo possível neste momento, portanto, a regionalização dos dados.'}","{'1': 200.0, '2': 300.0, '3': 450.0, '4': 550.0, '6': 31122024.0}"
dea8bf94-1216-5871-afb8-43cedf2ffcdb,c11b9579-45d1-58de-af90-2c8b6bc73152,577,table,c56444d0-7193-54fa-8b73-3373fd72d120,19591026-1b85-5054-baf3-7a9dc4514361,Desagregação da Meta,desagregacao_da_meta,table_row,"{'0': 'Região Norte', '1__raw': '100', '2__raw': '200', '3__raw': '350', '4__raw': '450', '5': 'Valor não disponível', '6__raw': '31/12/2024', '7': 'Não', '8': 'As ações de formação com foco na desconstrução do conjunto de imagens estereotipadas das mulheres, valorizando-as em sua diversidade e pluralidade, são, em sua maioria, articuladas e executadas em parceria com outros órgãos e organizações da sociedade civil, não sendo possível neste momento, portanto, a regionalização dos dados.'}","{'1': 100.0, '2': 200.0, '3': 350.0, '4': 450.0, '6': 31122024.0}"
9e966004-8403-5b95-9aba-491227ea7d62,c11b9579-45d1-58de-af90-2c8b6bc73152,577,table,c56444d0-7193-54fa-8b73-3373fd72d120,19591026-1b85-5054-baf3-7a9dc4514361,Desagregação da Meta,desagregacao_da_meta,table_row,"{'0': 'Região Sudeste', '1__raw': '100', '2__raw': '200', '3__raw': '300', '4__raw': '500', '5': 'Valor não disponível', '6__raw': '31/12/2024', '7': 'Não', '8': 'As ações de formação com foco na desconstrução do conjunto de imagens estereotipadas das mulheres, valorizando-as em sua diversidade e pluralidade, são, em sua maioria, articuladas e executadas em parceria com outros órgãos e organizações da sociedade civil, não sendo possível neste momento, portanto, a regionalização dos dados.'}","{'1': 100.0, '2': 200.0, '3': 300.0, '4': 500.0, '6': 31122024.0}"
4fd093bc-f924-575b-8123-7921316aad22,c11b9579-45d1-58de-af90-2c8b6bc73152,577,table,c56444d0-7193-54fa-8b73-3373fd72d120,19591026-1b85-5054-baf3-7a9dc4514361,Desagregação da Meta,desagregacao_da_meta,table_row,"{'0': 'Região Sul', '1__raw': '50', '2__raw': '150', '3__raw': '250', '4__raw': '250', '5': 'Valor não disponível', '6__raw': '31/12/2024', '7': 'Não', '8': 'As ações de formação com foco na desconstrução do conjunto de imagens estereotipadas das mulheres, valorizando-as em sua diversidade e pluralidade, são, em sua maioria, articuladas e executadas em parceria com outros órgãos e organizações da sociedade civil, não sendo possível neste momento, portanto, a regionalização dos dados.'}","{'1': 50.0, '2': 150.0, '3': 250.0, '4': 250.0, '6': 31122024.0}"
65225918-f4bb-5435-b62b-31e03cdf7962,c11b9579-45d1-58de-af90-2c8b6bc73152,577,table,f4276135-2175-5cce-a52c-e5a62778f40f,19591026-1b85-5054-baf3-7a9dc4514361,Desagregação da Meta,desagregacao_da_meta,table_row,"{'publico': 'Mulheres', 'meta_prevista_para_2024__raw': '500', 'meta_prevista_para_2025__raw': '500', 'meta_prevista_para_2026__raw': '500', 'meta_prevista_para_2027__raw': '500', 'quantidade_alcancada__raw': '4.712', 'data_de_referencia__raw': '31/12/2024', 'sinalizacao_de_necessidade_de_revisao_proximo_exercicio': 'Não', 'notas_do_usuario': 'Compreende-se que todas as ações contidas nesta entrega são voltadas'}","{'meta_prevista_para_2024': 500.0, 'meta_prevista_para_2025': 500.0, 'meta_prevista_para_2026': 500.0, 'meta_prevista_para_2027': 500.0, 'quantidade_alcancada': 4712.0, 'data_de_referencia': 31122024.0}"
d953a0b8-194b-57c2-8f1c-b9bca2de9aec,c11b9579-45d1-58de-af90-2c8b6bc73152,578,table,c01823e5-836e-517a-b242-0264266e35c9,4db6fe5a-c57a-5a50-899d-18f0ce869a90,Informações do Monitoramento,informacoes_do_monitoramento,table_row,{'0': 'para as mulheres'},{}
46e222a0-a314-53ee-8247-791851bb6ffd,c11b9579-45d1-58de-af90-2c8b6bc73152,578,table,69dc58bf-0153-523b-b572-30b7bda382c4,4db6fe5a-c57a-5a50-899d-18f0ce869a90,Informações do Monitoramento,informacoes_do_monitoramento,table_row,"{'0': 'Objetivo Específico: 0060 - Promover ações que favoreçam a ampliação da participação efetiva das Mulheres, em toda a sua diversidade e pluralidade, a fim de que possam atuar em igualdade de condições nos pleitos eleitorais e em todos os espaços de poder e decisão, nas esferas públicas e privadas. Órgão Responsável: 65000 - Ministério das Mulheres Concluída: -'}",{}
46202bbf-ad1b-5dd3-870b-49884c507896,c11b9579-45d1-58de-af90-2c8b6bc73152,602,table,f04b4b0b-b5b4-5c0d-8452-f1021da31258,918c1c4a-40c0-5064-983e-89788e3acf41,Informações do Monitoramento,informacoes_do_monitoramento,table_row,"{'regiao_centro_oeste': 'Região Nordeste', 'untitled': '-', 'nao_informado__raw': '- 1', 'nao_informado_2': 'Não informado', 'nao_informado_3': 'Não', 'nao_informado_4': 'Alteração efetuada conforme emal MDHC de 2025.'}",{'nao_informado': -1.0}
188e2b00-165e-5208-81bf-d311c59dc7a2,c11b9579-45d1-58de-af90-2c8b6bc73152,602,table,f04b4b0b-b5b4-5c0d-8452-f1021da31258,918c1c4a-40c0-5064-983e-89788e3acf41,Informações do Monitoramento,informacoes_do_monitoramento,table_row,"{'regiao_centro_oeste': 'Região Norte', 'untitled': '-', 'nao_informado': '- Não informado', 'nao_informado_2': 'Não informado', 'nao_informado_3': 'Não informado', 'nao_informado_4': 'Não informado'}",{}
931ca4a2-78a5-5c42-ad69-f53410b63b41,c11b9579-45d1-58de-af90-2c8b6bc73152,602,table,f04b4b0b-b5b4-5c0d-8452-f1021da31258,918c1c4a-40c0-5064-983e-89788e3acf41,Informações do Monitoramento,informacoes_do_monitoramento,table_row,"{'regiao_centro_oeste': 'Região Sudeste', 'untitled': '-', 'nao_informado': '- Não informado', 'nao_informado_2': 'Não informado', 'nao_informado_3': 'Não informado', 'nao_informado_4': 'Não informado'}",{}
fac12c21-0953-5146-9d5c-43984b6fa552,c11b9579-45d1-58de-af90-2c8b6bc73152,602,table,f04b4b0b-b5b4-5c0d-8452-f1021da31258,918c1c4a-40c0-5064-983e-89788e3acf41,Informações do Monitoramento,informacoes_do_monitoramento,table_row,"{'regiao_centro_oeste': 'Região Sul', 'untitled': '-', 'nao_informado': '- Não informado', 'nao_informado_2': 'Não informado', 'nao_informado_3': 'Não informado', 'nao_informado_4': 'Não informado'}",{}
a4d53bd0-31fe-5761-ac8a-2a685c70e116,c11b9579-45d1-58de-af90-2c8b6bc73152,603,table,c569beac-93d4-5f67-889a-64b43cfbaad1,e1a72089-efc3-5e98-a2c2-8f4ed69191ed,Medida Institucional Normativa: 0581 - Lançar o III Plano Nacional para a Erradicação do Trabalho Escravo.,medida_institucional_normativa_0581_lancar_o_iii_plano_nacional_para_a_erradicacao_do_trabalho_escravo,table_row,"{'regiao': 'Região Centro- Oeste', 'meta_prevista_para_2024__raw': '5', 'meta_prevista_para_2025__raw': '10', 'meta_prevista_para_2026__raw': '15', 'meta_prevista_para_2027__raw': '25', 'quantidade_alcancada': 'Não informado', 'data_de_referencia': 'Não informado', 'sinalizacao_de_necessidade_de_revisao_proximo_exercicio': 'Não informado', 'notas_do_usuario': 'Não informado'}","{'meta_prevista_para_2024': 5.0, 'meta_prevista_para_2025': 10.0, 'meta_prevista_para_2026': 15.0, 'meta_prevista_para_2027': 25.0}"
e084a69b-e5b6-5493-932a-42c9d558390f,c11b9579-45d1-58de-af90-2c8b6bc73152,603,table,c569beac-93d4-5f67-889a-64b43cfbaad1,e1a72089-efc3-5e98-a2c2-8f4ed69191ed,Medida Institucional Normativa: 0581 - Lançar o III Plano Nacional para a Erradicação do Trabalho Escravo.,medida_institucional_normativa_0581_lancar_o_iii_plano_nacional_para_a_erradicacao_do_trabalho_escravo,table_row,"{'regiao': 'Região Nordeste', 'meta_prevista_para_2024__raw': '5', 'meta_prevista_para_2025__raw': '10', 'meta_prevista_para_2026__raw': '15', 'meta_prevista_para_2027__raw': '25', 'quantidade_alcancada__raw': '1', 'data_de_referencia': 'Não informado', 'sinalizacao_de_necessidade_de_revisao_proximo_exercicio': 'Não', 'notas_do_usuario': 'Alteração efetuada conforme email MDHC de 27/03/2025.'}","{'meta_prevista_para_2024': 5.0, 'meta_prevista_para_2025': 10.0, 'meta_prevista_para_2026': 15.0, 'meta_prevista_para_2027': 25.0, 'quantidade_alcancada': 1.0}"
bc0f29eb-5132-52f3-90f1-ec41f45be3b4,c11b9579-45d1-58de-af90-2c8b6bc73152,603,table,c569beac-93d4-5f67-889a-64b43cfbaad1,e1a72089-efc3-5e98-a2c2-8f4ed69191ed,Medida Institucional Normativa: 0581 - Lançar o III Plano Nacional para a Erradicação do Trabalho Escravo.,medida_institucional_normativa_0581_lancar_o_iii_plano_nacional_para_a_erradicacao_do_trabalho_escravo,table_row,"{'regiao': 'Região Norte', 'meta_prevista_para_2024__raw': '5', 'meta_prevista_para_2025__raw': '10', 'meta_prevista_para_2026__raw': '15', 'meta_prevista_para_2027__raw': '25', 'quantidade_alcancada': 'Não informado', 'data_de_referencia': 'Não informado', 'sinalizacao_de_necessidade_de_revisao_proximo_exercicio': 'Não informado', 'notas_do_usuario': 'Não informado'}","{'meta_prevista_para_2024': 5.0, 'meta_prevista_para_2025': 10.0, 'meta_prevista_para_2026': 15.0, 'meta_prevista_para_2027': 25.0}"
5dadb41e-add0-5f35-87cd-799566c1a8a2,c11b9579-45d1-58de-af90-2c8b6bc73152,603,table,c569beac-93d4-5f67-889a-64b43cfbaad1,e1a72089-efc3-5e98-a2c2-8f4ed69191ed,Medida Institucional Normativa: 0581 - Lançar o III Plano Nacional para a Erradicação do Trabalho Escravo.,medida_institucional_normativa_0581_lancar_o_iii_plano_nacional_para_a_erradicacao_do_trabalho_escravo,table_row,"{'regiao': 'Região Sudeste', 'meta_prevista_para_2024__raw': '5', 'meta_prevista_para_2025__raw': '10', 'meta_prevista_para_2026__raw': '15', 'meta_prevista_para_2027__raw': '25', 'quantidade_alcancada': 'Não informado', 'data_de_referencia': 'Não informado', 'sinalizacao_de_necessidade_de_revisao_proximo_exercicio': 'Não informado', 'notas_do_usuario': 'Não informado'}","{'meta_prevista_para_2024': 5.0, 'meta_prevista_para_2025': 10.0, 'meta_prevista_para_2026': 15.0, 'meta_prevista_para_2027': 25.0}"
785d68ac-fd75-5254-bc70-da26cb9b1ff4,c11b9579-45d1-58de-af90-2c8b6bc73152,603,table,c569beac-93d4-5f67-889a-64b43cfbaad1,e1a72089-efc3-5e98-a2c2-8f4ed69191ed,Medida Institucional Normativa: 0581 - Lançar o III Plano Nacional para a Erradicação do Trabalho Escravo.,medida_institucional_normativa_0581_lancar_o_iii_plano_nacional_para_a_erradicacao_do_trabalho_escravo,table_row,"{'regiao': 'Região Sul', 'meta_prevista_para_2024__raw': '5', 'meta_prevista_para_2025__raw': '10', 'meta_prevista_para_2026__raw': '15', 'meta_prevista_para_2027__raw': '25', 'quantidade_alcancada': 'Não informado', 'data_de_referencia': 'Não informado', 'sinalizacao_de_necessidade_de_revisao_proximo_exercicio': 'Não informado', 'notas_do_usuario': 'Não informado'}","{'meta_prevista_para_2024': 5.0, 'meta_prevista_para_2025': 10.0, 'meta_prevista_para_2026': 15.0, 'meta_prevista_para_2027': 25.0}"
9c5b0974-2ac3-5f7e-8c97-c98fa4ca5a6c,c11b9579-45d1-58de-af90-2c8b6bc73152,620,table,512c238d-25aa-5f0b-b181-4dd4ea9861a4,40bf6a54-5a42-5720-9fca-350889c7aee0,Informações do Monitoramento,informacoes_do_monitoramento,table_row,"{'regiao': 'Região Centro- Oeste', 'meta_prevista_para_2024__raw': '1.000', 'meta_prevista_para_2025__raw': '1.000', 'meta_prevista_para_2026__raw': '2.000', 'meta_prevista_para_2027__raw': '2.000', 'quantidade_alcancada__raw': '0', 'data_de_referencia__raw': '01/01/2025', 'sinalizacao_de_necessidade_de_revisao_proximo_exercicio': 'Não', 'notas_do_usuario': 'Não informado'}","{'meta_prevista_para_2024': 1000.0, 'meta_prevista_para_2025': 1000.0, 'meta_prevista_para_2026': 2000.0, 'meta_prevista_para_2027': 2000.0, 'quantidade_alcancada': 0.0, 'data_de_referencia': 1012025.0}"
c20d4a37-5a48-5412-ab92-79ba21b42d08,c11b9579-45d1-58de-af90-2c8b6bc73152,620,table,512c238d-25aa-5f0b-b181-4dd4ea9861a4,40bf6a54-5a42-5720-9fca-350889c7aee0,Informações do Monitoramento,informacoes_do_monitoramento,table_row,"{'regiao': 'Região Nordeste', 'meta_prevista_para_2024__raw': '8.000', 'meta_prevista_para_2025__raw': '10.000', 'meta_prevista_para_2026__raw': '15.000', 'meta_prevista_para_2027__raw': '20.000', 'quantidade_alcancada__raw': '9.010,7', 'data_de_referencia__raw': '01/01/2025', 'sinalizacao_de_necessidade_de_revisao_proximo_exercicio': 'Não', 'notas_do_usuario': 'Não informado'}","{'meta_prevista_para_2024': 8000.0, 'meta_prevista_para_2025': 10000.0, 'meta_prevista_para_2026': 15000.0, 'meta_prevista_para_2027': 20000.0, 'quantidade_alcancada': 9010.7, 'data_de_referencia': 1012025.0}"
fbe47974-4c76-507f-99b9-d1b11b71e498,c11b9579-45d1-58de-af90-2c8b6bc73152,620,table,512c238d-25aa-5f0b-b181-4dd4ea9861a4,40bf6a54-5a42-5720-9fca-350889c7aee0,Informações do Monitoramento,informacoes_do_monitoramento,table_row,"{'regiao': 'Região Norte', 'meta_prevista_para_2024__raw': '1.000', 'meta_prevista_para_2025__raw': '3.000', 'meta_prevista_para_2026__raw': '5.000', 'meta_prevista_para_2027__raw': '10.000', 'quantidade_alcancada__raw': '4.203,9', 'data_de_referencia__raw': '01/01/2025', 'sinalizacao_de_necessidade_de_revisao_proximo_exercicio': 'Não', 'notas_do_usuario': 'Não informado'}","{'meta_prevista_para_2024': 1000.0, 'meta_prevista_para_2025': 3000.0, 'meta_prevista_para_2026': 5000.0, 'meta_prevista_para_2027': 10000.0, 'quantidade_alcancada': 4203.9, 'data_de_referencia': 1012025.0}"
49c0e78c-6114-56ce-8a78-00909531dda7,c11b9579-45d1-58de-af90-2c8b6bc73152,620,table,512c238d-25aa-5f0b-b181-4dd4ea9861a4,40bf6a54-5a42-5720-9fca-350889c7aee0,Informações do Monitoramento,informacoes_do_monitoramento,table_row,"{'regiao': 'Região Sudeste', 'meta_prevista_para_2024__raw': '1.000', 'meta_prevista_para_2025__raw': '1.000', 'meta_prevista_para_2026__raw': '3.000', 'meta_prevista_para_2027__raw': '2.000', 'quantidade_alcancada__raw': '76,2', 'data_de_referencia__raw': '01/01/2025', 'sinalizacao_de_necessidade_de_revisao_proximo_exercicio': 'Não', 'notas_do_usuario': 'Não'}","{'meta_prevista_para_2024': 1000.0, 'meta_prevista_para_2025': 1000.0, 'meta_prevista_para_2026': 3000.0, 'meta_prevista_para_2027': 2000.0, 'quantidade_alcancada': 76.2, 'data_de_referencia': 1012025.0}"
24ac7424-8291-5a90-9f81-1f6d49bab6c8,c11b9579-45d1-58de-af90-2c8b6bc73152,621,table,f55faa67-5399-5121-8bfe-4b1463e5f648,1b1c5e39-b50b-5e1e-aae1-d2feb0becbde,Entrega: 1168 - Territórios quilombolas identificados e delimitados,entrega_1168_territorios_quilombolas_identificados_e_delimitados,table_row,"{'column_1': 'Região Sul', 'column_2__raw': '1.000', 'column_3__raw': '1.000', 'column_4__raw': '5.000', 'column_5__raw': '8.000', 'column_6__raw': '0 01/01/2025', 'column_7': 'Não', 'informado': 'Não informado'}","{'column_2': 1000.0, 'column_3': 1000.0, 'column_4': 5000.0, 'column_5': 8000.0, 'column_6': 1012025.0}"
4f3bef7c-5b4f-5d14-a090-9303c1f722cb,c11b9579-45d1-58de-af90-2c8b6bc73152,621,table,79d7409d-1bbe-58fb-9c37-3892cdfd9515,1b1c5e39-b50b-5e1e-aae1-d2feb0becbde,Entrega: 1168 - Territórios quilombolas identificados e delimitados,entrega_1168_territorios_quilombolas_identificados_e_delimitados,table_row,"{'publico': 'Quilombolas', 'meta_prevista_para_2024__raw': '12.000', 'meta_prevista_para_2025__raw': '16.000', 'meta_prevista_para_2026__raw': '30.000', 'meta_prevista_para_2027__raw': '42.000', 'quantidade_alcancada__raw': '13.291', 'data_de_referencia__raw': '01/01/2025', 'sinalizacao_de_necessidade_de_revisao_proximo_exercicio': 'Não', 'notas_do_usuario': 'Não informado'}","{'meta_prevista_para_2024': 12000.0, 'meta_prevista_para_2025': 16000.0, 'meta_prevista_para_2026': 30000.0, 'meta_prevista_para_2027': 42000.0, 'quantidade_alcancada': 13291.0, 'data_de_referencia': 1012025.0}"
ffaa3546-3a55-5a6b-a4c3-98cf8f38f7be,c11b9579-45d1-58de-af90-2c8b6bc73152,622,table,aa39f962-9607-589e-ba35-c95ca8f2c3f7,ef5a5d67-67b6-5eca-8389-12cebf6f69b7,Entrega: 1171 - Territórios quilombolas reconhecidos para regularização fundiária,entrega_1171_territorios_quilombolas_reconhecidos_para_regularizacao_fundiaria,table_row,"{'regiao': 'Região Centro- Oeste', 'meta_prevista_para_2024__raw': '1', 'meta_prevista_para_2025__raw': '4', 'meta_prevista_para_2026__raw': '10', 'meta_prevista_para_2027__raw': '27', 'quantidade_alcancada__raw': '1', 'data_de_referencia__raw': '01/01/2025', 'sinalizacao_de_necessidade_de_revisao_proximo_exercicio': 'Não', 'notas_do_usuario': 'Não informado'}","{'meta_prevista_para_2024': 1.0, 'meta_prevista_para_2025': 4.0, 'meta_prevista_para_2026': 10.0, 'meta_prevista_para_2027': 27.0, 'quantidade_alcancada': 1.0, 'data_de_referencia': 1012025.0}"
09f82650-582a-577a-b672-3120434d3466,c11b9579-45d1-58de-af90-2c8b6bc73152,622,table,aa39f962-9607-589e-ba35-c95ca8f2c3f7,ef5a5d67-67b6-5eca-8389-12cebf6f69b7,Entrega: 1171 - Territórios quilombolas reconhecidos para regularização fundiária,entrega_1171_territorios_quilombolas_reconhecidos_para_regularizacao_fundiaria,table_row,"{'regiao': 'Região Nordeste', 'meta_prevista_para_2024__raw': '4', 'meta_prevista_para_2025__raw': '12', 'meta_prevista_para_2026__raw': '26', 'meta_prevista_para_2027__raw': '32', 'quantidade_alcancada__raw': '9', 'data_de_referencia__raw': '01/01/2025', 'sinalizacao_de_necessidade_de_revisao_proximo_exercicio': 'Não', 'notas_do_usuario': 'Não informado'}","{'meta_prevista_para_2024': 4.0, 'meta_prevista_para_2025': 12.0, 'meta_prevista_para_2026': 26.0, 'meta_prevista_para_2027': 32.0, 'quantidade_alcancada': 9.0, 'data_de_referencia': 1012025.0}"
337e426f-2699-59a8-b0c2-6dd20d07520d,c11b9579-45d1-58de-af90-2c8b6bc73152,622,table,aa39f962-9607-589e-ba35-c95ca8f2c3f7,ef5a5d67-67b6-5eca-8389-12cebf6f69b7,Entrega: 1171 - Territórios quilombolas reconhecidos para regularização fundiária,entrega_1171_territorios_quilombolas_reconhecidos_para_regularizacao_fundiaria,table_row,"{'regiao': 'Região Norte', 'meta_prevista_para_2024__raw': '1', 'meta_prevista_para_2025__raw': '8', 'meta_prevista_para_2026__raw': '10', 'meta_prevista_para_2027__raw': '23', 'quantidade_alcancada__raw': '1', 'data_de_referencia__raw': '01/01/2025', 'sinalizacao_de_necessidade_de_revisao_proximo_exercicio': 'Não', 'notas_do_usuario': 'Não informado'}","{'meta_prevista_para_2024': 1.0, 'meta_prevista_para_2025': 8.0, 'meta_prevista_para_2026': 10.0, 'meta_prevista_para_2027': 23.0, 'quantidade_alcancada': 1.0, 'data_de_referencia': 1012025.0}"
c7cc8e05-d1fb-5127-897e-2df07b063f1e,c11b9579-45d1-58de-af90-2c8b6bc73152,622,table,aa39f962-9607-589e-ba35-c95ca8f2c3f7,ef5a5d67-67b6-5eca-8389-12cebf6f69b7,Entrega: 1171 - Territórios quilombolas reconhecidos para regularização fundiária,entrega_1171_territorios_quilombolas_reconhecidos_para_regularizacao_fundiaria,table_row,"{'regiao': 'Região Sudeste', 'meta_prevista_para_2024__raw': '2', 'meta_prevista_para_2025__raw': '8', 'meta_prevista_para_2026__raw': '10', 'meta_prevista_para_2027__raw': '25', 'quantidade_alcancada__raw': '3', 'data_de_referencia__raw': '01/01/2025', 'sinalizacao_de_necessidade_de_revisao_proximo_exercicio': 'Não', 'notas_do_usuario': 'Não informado'}","{'meta_prevista_para_2024': 2.0, 'meta_prevista_para_2025': 8.0, 'meta_prevista_para_2026': 10.0, 'meta_prevista_para_2027': 25.0, 'quantidade_alcancada': 3.0, 'data_de_referencia': 1012025.0}"
8e43033c-6ef5-5126-b6ea-3161d2fe04d7,c11b9579-45d1-58de-af90-2c8b6bc73152,622,table,aa39f962-9607-589e-ba35-c95ca8f2c3f7,ef5a5d67-67b6-5eca-8389-12cebf6f69b7,Entrega: 1171 - Territórios quilombolas reconhecidos para regularização fundiária,entrega_1171_territorios_quilombolas_reconhecidos_para_regularizacao_fundiaria,table_row,"{'regiao': 'Região Sul', 'meta_prevista_para_2024__raw': '2', 'meta_prevista_para_2025__raw': '8', 'meta_prevista_para_2026__raw': '14', 'meta_prevista_para_2027__raw': '23', 'quantidade_alcancada__raw': '1', 'data_de_referencia__raw': '01/01/2025', 'sinalizacao_de_necessidade_de_revisao_proximo_exercicio': 'Não', 'notas_do_usuario': 'Não informado'}","{'meta_prevista_para_2024': 2.0, 'meta_prevista_para_2025': 8.0, 'meta_prevista_para_2026': 14.0, 'meta_prevista_para_2027': 23.0, 'quantidade_alcancada': 1.0, 'data_de_referencia': 1012025.0}"
02046e81-fcbf-50e2-bd91-18a1753b9dd2,c11b9579-45d1-58de-af90-2c8b6bc73152,622,table,988304e4-347a-57fc-8d42-7238a07367e2,ef5a5d67-67b6-5eca-8389-12cebf6f69b7,Entrega: 1171 - Territórios quilombolas reconhecidos para regularização fundiária,entrega_1171_territorios_quilombolas_reconhecidos_para_regularizacao_fundiaria,table_row,"{'publico': 'Quilombolas', 'meta_prevista_para_2024__raw': '10', 'meta_prevista_para_2025__raw': '40', 'meta_prevista_para_2026__raw': '70', 'meta_prevista_para_2027__raw': '130', 'quantidade_alcancada__raw': '15', 'data_de_referencia__raw': '01/01/2025', 'sinalizacao_de_necessidade_de_revisao_proximo_exercicio': 'Não', 'notas_do_usuario': 'Não informado'}","{'meta_prevista_para_2024': 10.0, 'meta_prevista_para_2025': 40.0, 'meta_prevista_para_2026': 70.0, 'meta_prevista_para_2027': 130.0, 'quantidade_alcancada': 15.0, 'data_de_referencia': 1012025.0}"
cd2a0a0b-35c5-5252-aae3-62c835e266d0,c11b9579-45d1-58de-af90-2c8b6bc73152,623,table,04b7031c-e11e-5c7d-828a-88612987e912,00009969-beba-5fd9-895e-eed22adebe80,Regionalizações da Meta,regionalizacoes_da_meta,table_row,"{'regiao': 'Região Centro- Oeste', 'meta_prevista_para_2024__raw': '4', 'meta_prevista_para_2025__raw': '6', 'meta_prevista_para_2026__raw': '6', 'meta_prevista_para_2027__raw': '8', 'quantidade_alcancada__raw': '0', 'data_de_referencia__raw': '01/01/2025', 'sinalizacao_de_necessidade_de_revisao_proximo_exercicio': 'Não', 'notas_do_usuario': 'Não informado'}","{'meta_prevista_para_2024': 4.0, 'meta_prevista_para_2025': 6.0, 'meta_prevista_para_2026': 6.0, 'meta_prevista_para_2027': 8.0, 'quantidade_alcancada': 0.0, 'data_de_referencia': 1012025.0}"
51c28d45-4547-5d9b-8650-6941a34f2cb0,c11b9579-45d1-58de-af90-2c8b6bc73152,623,table,04b7031c-e11e-5c7d-828a-88612987e912,00009969-beba-5fd9-895e-eed22adebe80,Regionalizações da Meta,regionalizacoes_da_meta,table_row,"{'regiao': 'Região Nordeste', 'meta_prevista_para_2024__raw': '22', 'meta_prevista_para_2025__raw': '24', 'meta_prevista_para_2026__raw': '24', 'meta_prevista_para_2027__raw': '26', 'quantidade_alcancada__raw': '12', 'data_de_referencia__raw': '01/01/2025', 'sinalizacao_de_necessidade_de_revisao_proximo_exercicio': 'Não', 'notas_do_usuario': 'Não informado'}","{'meta_prevista_para_2024': 22.0, 'meta_prevista_para_2025': 24.0, 'meta_prevista_para_2026': 24.0, 'meta_prevista_para_2027': 26.0, 'quantidade_alcancada': 12.0, 'data_de_referencia': 1012025.0}"
ecea2b24-49bb-5ce6-8bc1-9bb7e7a29751,c11b9579-45d1-58de-af90-2c8b6bc73152,623,table,04b7031c-e11e-5c7d-828a-88612987e912,00009969-beba-5fd9-895e-eed22adebe80,Regionalizações da Meta,regionalizacoes_da_meta,table_row,"{'regiao': 'Região Norte', 'meta_prevista_para_2024__raw': '4', 'meta_prevista_para_2025__raw': '6', 'meta_prevista_para_2026__raw': '6', 'meta_prevista_para_2027__raw': '8', 'quantidade_alcancada__raw': '3', 'data_de_referencia__raw': '01/01/2025', 'sinalizacao_de_necessidade_de_revisao_proximo_exercicio': 'Não', 'notas_do_usuario': 'Não informado'}","{'meta_prevista_para_2024': 4.0, 'meta_prevista_para_2025': 6.0, 'meta_prevista_para_2026': 6.0, 'meta_prevista_para_2027': 8.0, 'quantidade_alcancada': 3.0, 'data_de_referencia': 1012025.0}"
029a80e0-2360-5198-bedd-b361a7d292c2,c11b9579-45d1-58de-af90-2c8b6bc73152,623,table,04b7031c-e11e-5c7d-828a-88612987e912,00009969-beba-5fd9-895e-eed22adebe80,Regionalizações da Meta,regionalizacoes_da_meta,table_row,"{'regiao': 'Região Sudeste', 'meta_prevista_para_2024__raw': '6', 'meta_prevista_para_2025__raw': '8', 'meta_prevista_para_2026__raw': '8', 'meta_prevista_para_2027__raw': '10', 'quantidade_alcancada__raw': '5', 'data_de_referencia__raw': '01/01/2025', 'sinalizacao_de_necessidade_de_revisao_proximo_exercicio': 'Não', 'notas_do_usuario': 'Não informado'}","{'meta_prevista_para_2024': 6.0, 'meta_prevista_para_2025': 8.0, 'meta_prevista_para_2026': 8.0, 'meta_prevista_para_2027': 10.0, 'quantidade_alcancada': 5.0, 'data_de_referencia': 1012025.0}"
3eea1b83-ec87-526c-a88f-382ece2722df,c11b9579-45d1-58de-af90-2c8b6bc73152,623,table,04b7031c-e11e-5c7d-828a-88612987e912,00009969-beba-5fd9-895e-eed22adebe80,Regionalizações da Meta,regionalizacoes_da_meta,table_row,"{'regiao': 'Região Sul', 'meta_prevista_para_2024__raw': '4', 'meta_prevista_para_2025__raw': '6', 'meta_prevista_para_2026__raw': '6', 'meta_prevista_para_2027__raw': '8', 'quantidade_alcancada__raw': '1', 'data_de_referencia__raw': '01/01/2025', 'sinalizacao_de_necessidade_de_revisao_proximo_exercicio': 'Não', 'notas_do_usuario': 'Não informado'}","{'meta_prevista_para_2024': 4.0, 'meta_prevista_para_2025': 6.0, 'meta_prevista_para_2026': 6.0, 'meta_prevista_para_2027': 8.0, 'quantidade_alcancada': 1.0, 'data_de_referencia': 1012025.0}"
387833ec-31ef-55ca-aba2-d0752519a160,c11b9579-45d1-58de-af90-2c8b6bc73152,623,table,be2176c4-5d4d-578d-b83d-6a90b4ba79e7,00009969-beba-5fd9-895e-eed22adebe80,Regionalizações da Meta,regionalizacoes_da_meta,table_row,"{'publico': 'Povos e Comunidades Tradicionais', 'meta_prevista_para_2024__raw': '40', 'meta_prevista_para_2025__raw': '50', 'meta_prevista_para_2026__raw': '50', 'meta_prevista_para_2027__raw': '60', 'quantidade_alcancada__raw': '21', 'data_de_referencia__raw': '01/01/2025', 'sinalizacao_de_necessidade_de_revisao_proximo_exercicio': 'Não', 'notas_do_usuario': 'Não informado'}","{'meta_prevista_para_2024': 40.0, 'meta_prevista_para_2025': 50.0, 'meta_prevista_para_2026': 50.0, 'meta_prevista_para_2027': 60.0, 'quantidade_alcancada': 21.0, 'data_de_referencia': 1012025.0}"
5683f51c-c035-53d4-b00b-e41e761f1ec0,c11b9579-45d1-58de-af90-2c8b6bc73152,624,table,74de1592-ee01-59fd-80b6-7000a7eef0c8,9eb0bb75-8bed-5a80-b982-5c63500fe630,Informações do Monitoramento,informacoes_do_monitoramento,table_row,"{'regiao': 'Região Centro- Oeste', 'meta_prevista_para_2024__raw': '4', 'meta_prevista_para_2025__raw': '6', 'meta_prevista_para_2026__raw': '6', 'meta_prevista_para_2027__raw': '8', 'quantidade_alcancada__raw': '0', 'data_de_referencia__raw': '01/01/2025', 'sinalizacao_de_necessidade_de_revisao_proximo_exercicio': 'Não', 'notas_do_usuario': 'Não informado'}","{'meta_prevista_para_2024': 4.0, 'meta_prevista_para_2025': 6.0, 'meta_prevista_para_2026': 6.0, 'meta_prevista_para_2027': 8.0, 'quantidade_alcancada': 0.0, 'data_de_referencia': 1012025.0}"
fe9c31fb-f9c7-5869-8246-3a08226a2e4a,c11b9579-45d1-58de-af90-2c8b6bc73152,624,table,74de1592-ee01-59fd-80b6-7000a7eef0c8,9eb0bb75-8bed-5a80-b982-5c63500fe630,Informações do Monitoramento,informacoes_do_monitoramento,table_row,"{'regiao': 'Região Nordeste', 'meta_prevista_para_2024__raw': '22', 'meta_prevista_para_2025__raw': '24', 'meta_prevista_para_2026__raw': '24', 'meta_prevista_para_2027__raw': '26', 'quantidade_alcancada__raw': '18', 'data_de_referencia__raw': '01/01/2025', 'sinalizacao_de_necessidade_de_revisao_proximo_exercicio': 'Não', 'notas_do_usuario': 'Não informado'}","{'meta_prevista_para_2024': 22.0, 'meta_prevista_para_2025': 24.0, 'meta_prevista_para_2026': 24.0, 'meta_prevista_para_2027': 26.0, 'quantidade_alcancada': 18.0, 'data_de_referencia': 1012025.0}"
ddfb3dc6-371d-5caa-8da8-8d285e99d594,c11b9579-45d1-58de-af90-2c8b6bc73152,624,table,74de1592-ee01-59fd-80b6-7000a7eef0c8,9eb0bb75-8bed-5a80-b982-5c63500fe630,Informações do Monitoramento,informacoes_do_monitoramento,table_row,"{'regiao': 'Região Norte', 'meta_prevista_para_2024__raw': '4', 'meta_prevista_para_2025__raw': '6', 'meta_prevista_para_2026__raw': '6', 'meta_prevista_para_2027__raw': '8', 'quantidade_alcancada__raw': '0', 'data_de_referencia__raw': '01/01/2025', 'sinalizacao_de_necessidade_de_revisao_proximo_exercicio': 'Não', 'notas_do_usuario': 'Não informado'}","{'meta_prevista_para_2024': 4.0, 'meta_prevista_para_2025': 6.0, 'meta_prevista_para_2026': 6.0, 'meta_prevista_para_2027': 8.0, 'quantidade_alcancada': 0.0, 'data_de_referencia': 1012025.0}"
5739b972-272f-5f45-8ed3-1361351e9a3e,c11b9579-45d1-58de-af90-2c8b6bc73152,624,table,74de1592-ee01-59fd-80b6-7000a7eef0c8,9eb0bb75-8bed-5a80-b982-5c63500fe630,Informações do Monitoramento,informacoes_do_monitoramento,table_row,"{'regiao': 'Região Sudeste', 'meta_prevista_para_2024__raw': '6', 'meta_prevista_para_2025__raw': '8', 'meta_prevista_para_2026__raw': '8', 'meta_prevista_para_2027__raw': '10', 'quantidade_alcancada__raw': '10', 'data_de_referencia__raw': '01/01/2025', 'sinalizacao_de_necessidade_de_revisao_proximo_exercicio': 'Não', 'notas_do_usuario': 'Não informado'}","{'meta_prevista_para_2024': 6.0, 'meta_prevista_para_2025': 8.0, 'meta_prevista_para_2026': 8.0, 'meta_prevista_para_2027': 10.0, 'quantidade_alcancada': 10.0, 'data_de_referencia': 1012025.0}"
72fcf094-fd17-512a-ab60-c6ce7b90278a,c11b9579-45d1-58de-af90-2c8b6bc73152,624,table,74de1592-ee01-59fd-80b6-7000a7eef0c8,9eb0bb75-8bed-5a80-b982-5c63500fe630,Informações do Monitoramento,informacoes_do_monitoramento,table_row,"{'regiao': 'Região Sul', 'meta_prevista_para_2024__raw': '4', 'meta_prevista_para_2025__raw': '6', 'meta_prevista_para_2026__raw': '6', 'meta_prevista_para_2027__raw': '8', 'quantidade_alcancada__raw': '3', 'data_de_referencia__raw': '01/01/2025', 'sinalizacao_de_necessidade_de_revisao_proximo_exercicio': 'Não', 'notas_do_usuario': 'Não informado'}","{'meta_prevista_para_2024': 4.0, 'meta_prevista_para_2025': 6.0, 'meta_prevista_para_2026': 6.0, 'meta_prevista_para_2027': 8.0, 'quantidade_alcancada': 3.0, 'data_de_referencia': 1012025.0}"
2cc98a9e-f1ab-5722-a821-e56196121bbc,c11b9579-45d1-58de-af90-2c8b6bc73152,624,table,436bc8c8-f99f-5163-95e5-77c29923ad81,9eb0bb75-8bed-5a80-b982-5c63500fe630,Informações do Monitoramento,informacoes_do_monitoramento,table_row,"{'publico': 'Quilombolas', 'meta_prevista_para_2024__raw': '40', 'meta_prevista_para_2025__raw': '50', 'meta_prevista_para_2026__raw': '50', 'meta_prevista_para_2027__raw': '60', 'quantidade_alcancada__raw': '31', 'data_de_referencia__raw': '01/01/2025', 'sinalizacao_de_necessidade_de_revisao_proximo_exercicio': 'Não', 'notas_do_usuario': 'Não informado'}","{'meta_prevista_para_2024': 40.0, 'meta_prevista_para_2025': 50.0, 'meta_prevista_para_2026': 50.0, 'meta_prevista_para_2027': 60.0, 'quantidade_alcancada': 31.0, 'data_de_referencia': 1012025.0}"
e66ff58a-b631-5163-878a-e7a1b61f12ec,c11b9579-45d1-58de-af90-2c8b6bc73152,625,table,0ecc120c-7780-52ef-a695-5abbb28dd22c,aa288005-4551-50a1-8a16-92602a023f1b,Entrega: 1179 - Áreas tituladas para comunidades quilombolas,entrega_1179_areas_tituladas_para_comunidades_quilombolas,table_row,"{'regiao': 'Região Centro- Oeste', 'meta_prevista_para_2024__raw': '1.000', 'meta_prevista_para_2025__raw': '1.000', 'meta_prevista_para_2026__raw': '2.000', 'meta_prevista_para_2027__raw': '2.000', 'quantidade_alcancada__raw': '0', 'data_de_referencia__raw': '01/01/2025', 'sinalizacao_de_necessidade_de_revisao_proximo_exercicio': 'Não', 'notas_do_usuario': 'Não informado'}","{'meta_prevista_para_2024': 1000.0, 'meta_prevista_para_2025': 1000.0, 'meta_prevista_para_2026': 2000.0, 'meta_prevista_para_2027': 2000.0, 'quantidade_alcancada': 0.0, 'data_de_referencia': 1012025.0}"
5a221d4b-bdf1-5966-bb67-37dfd0b2e3eb,c11b9579-45d1-58de-af90-2c8b6bc73152,625,table,0ecc120c-7780-52ef-a695-5abbb28dd22c,aa288005-4551-50a1-8a16-92602a023f1b,Entrega: 1179 - Áreas tituladas para comunidades quilombolas,entrega_1179_areas_tituladas_para_comunidades_quilombolas,table_row,"{'regiao': 'Região Nordeste', 'meta_prevista_para_2024__raw': '8.000', 'meta_prevista_para_2025__raw': '10.000', 'meta_prevista_para_2026__raw': '15.000', 'meta_prevista_para_2027__raw': '20.000', 'quantidade_alcancada__raw': '9.010,7', 'data_de_referencia__raw': '01/01/2025', 'sinalizacao_de_necessidade_de_revisao_proximo_exercicio': 'Não', 'notas_do_usuario': 'Não informado'}","{'meta_prevista_para_2024': 8000.0, 'meta_prevista_para_2025': 10000.0, 'meta_prevista_para_2026': 15000.0, 'meta_prevista_para_2027': 20000.0, 'quantidade_alcancada': 9010.7, 'data_de_referencia': 1012025.0}"
14b096c1-f1f6-5efa-b41d-bbd26c863532,c11b9579-45d1-58de-af90-2c8b6bc73152,625,table,0ecc120c-7780-52ef-a695-5abbb28dd22c,aa288005-4551-50a1-8a16-92602a023f1b,Entrega: 1179 - Áreas tituladas para comunidades quilombolas,entrega_1179_areas_tituladas_para_comunidades_quilombolas,table_row,"{'regiao': 'Região Norte', 'meta_prevista_para_2024__raw': '1.000', 'meta_prevista_para_2025__raw': '3.000', 'meta_prevista_para_2026__raw': '5.000', 'meta_prevista_para_2027__raw': '10.000', 'quantidade_alcancada__raw': '4.203,9', 'data_de_referencia__raw': '01/01/2025', 'sinalizacao_de_necessidade_de_revisao_proximo_exercicio': 'Não', 'notas_do_usuario': 'Não informado'}","{'meta_prevista_para_2024': 1000.0, 'meta_prevista_para_2025': 3000.0, 'meta_prevista_para_2026': 5000.0, 'meta_prevista_para_2027': 10000.0, 'quantidade_alcancada': 4203.9, 'data_de_referencia': 1012025.0}"
ffe370da-3096-5eef-ac1e-7ba345f0a893,c11b9579-45d1-58de-af90-2c8b6bc73152,625,table,0ecc120c-7780-52ef-a695-5abbb28dd22c,aa288005-4551-50a1-8a16-92602a023f1b,Entrega: 1179 - Áreas tituladas para comunidades quilombolas,entrega_1179_areas_tituladas_para_comunidades_quilombolas,table_row,"{'regiao': 'Região Sudeste', 'meta_prevista_para_2024__raw': '1.000', 'meta_prevista_para_2025__raw': '1.000', 'meta_prevista_para_2026__raw': '3.000', 'meta_prevista_para_2027__raw': '2.000', 'quantidade_alcancada__raw': '76,2', 'data_de_referencia__raw': '01/01/2025', 'sinalizacao_de_necessidade_de_revisao_proximo_exercicio': 'Não', 'notas_do_usuario': 'Não informado'}","{'meta_prevista_para_2024': 1000.0, 'meta_prevista_para_2025': 1000.0, 'meta_prevista_para_2026': 3000.0, 'meta_prevista_para_2027': 2000.0, 'quantidade_alcancada': 76.2, 'data_de_referencia': 1012025.0}"
bb203de8-4e3a-51d6-b864-52d2f62e01ef,c11b9579-45d1-58de-af90-2c8b6bc73152,625,table,0ecc120c-7780-52ef-a695-5abbb28dd22c,aa288005-4551-50a1-8a16-92602a023f1b,Entrega: 1179 - Áreas tituladas para comunidades quilombolas,entrega_1179_areas_tituladas_para_comunidades_quilombolas,table_row,"{'regiao': 'Região Sul', 'meta_prevista_para_2024__raw': '1.000', 'meta_prevista_para_2025__raw': '1.000', 'meta_prevista_para_2026__raw': '5.000', 'meta_prevista_para_2027__raw': '8.000', 'quantidade_alcancada__raw': '0', 'data_de_referencia__raw': '01/01/2025', 'sinalizacao_de_necessidade_de_revisao_proximo_exercicio': 'Não', 'notas_do_usuario': 'Não informado'}","{'meta_prevista_para_2024': 1000.0, 'meta_prevista_para_2025': 1000.0, 'meta_prevista_para_2026': 5000.0, 'meta_prevista_para_2027': 8000.0, 'quantidade_alcancada': 0.0, 'data_de_referencia': 1012025.0}"
d18f84d5-daff-5b2c-8bd8-14e7d0cb1da4,c11b9579-45d1-58de-af90-2c8b6bc73152,626,table,cbf7f7c5-daa2-5333-9674-5950e34e099c,4b7963ae-f606-5c70-b219-76b06fa3c67a,Informações do Monitoramento,informacoes_do_monitoramento,table_row,"{'publico': 'Quilombolas', 'meta_prevista_para_2024__raw': '12.000', 'meta_prevista_para_2025__raw': '16.000', 'meta_prevista_para_2026__raw': '30.000', 'meta_prevista_para_2027__raw': '42.000', 'quantidade_alcancada__raw': '13.291', 'data_de_referencia__raw': '01/01/2025', 'sinalizacao_de_necessidade_de_revisao_proximo_exercicio': 'Não', 'notas_do_usuario': 'Não informado'}","{'meta_prevista_para_2024': 12000.0, 'meta_prevista_para_2025': 16000.0, 'meta_prevista_para_2026': 30000.0, 'meta_prevista_para_2027': 42000.0, 'quantidade_alcancada': 13291.0, 'data_de_referencia': 1012025.0}"
bd53ccaf-4551-5f2b-9d40-afbf1c244a48,c11b9579-45d1-58de-af90-2c8b6bc73152,627,table,f0d3597f-0083-5426-afaf-643721014b0a,4a5e1c40-907b-5d7d-ad19-d8b0d9b69635,Desagregação da Meta,desagregacao_da_meta,table_row,"{'regiao': 'Região Centro- Oeste', 'meta_prevista_para_2024__raw': '0', 'meta_prevista_para_2025__raw': '1', 'meta_prevista_para_2026__raw': '1', 'meta_prevista_para_2027__raw': '2', 'quantidade_alcancada__raw': '1', 'data_de_referencia__raw': '01/01/2025', 'sinalizacao_de_necessidade_de_revisao_proximo_exercicio': 'Sim', 'notas_do_usuario': 'SEPLAN - alteração do campo Sinalização de necessidade de revisão - próximo exercício para Sim, conforme informação da área setorial.'}","{'meta_prevista_para_2024': 0.0, 'meta_prevista_para_2025': 1.0, 'meta_prevista_para_2026': 1.0, 'meta_prevista_para_2027': 2.0, 'quantidade_alcancada': 1.0, 'data_de_referencia': 1012025.0}"
9e279a53-5140-5126-befe-8c11b7b0219e,c11b9579-45d1-58de-af90-2c8b6bc73152,627,table,f0d3597f-0083-5426-afaf-643721014b0a,4a5e1c40-907b-5d7d-ad19-d8b0d9b69635,Desagregação da Meta,desagregacao_da_meta,table_row,"{'regiao': 'Região Nordeste', 'meta_prevista_para_2024__raw': '2', 'meta_prevista_para_2025__raw': '5', 'meta_prevista_para_2026__raw': '3', 'meta_prevista_para_2027__raw': '5', 'quantidade_alcancada__raw': '35', 'data_de_referencia__raw': '01/01/2025', 'sinalizacao_de_necessidade_de_revisao_proximo_exercicio': 'Sim', 'notas_do_usuario': 'SEPLAN - alteração do campo Sinalização de necessidade de revisão - próximo exercício para Sim, conforme informação da área setorial.'}","{'meta_prevista_para_2024': 2.0, 'meta_prevista_para_2025': 5.0, 'meta_prevista_para_2026': 3.0, 'meta_prevista_para_2027': 5.0, 'quantidade_alcancada': 35.0, 'data_de_referencia': 1012025.0}"
324f4526-261b-5e80-a842-4c6472020671,c11b9579-45d1-58de-af90-2c8b6bc73152,627,table,f0d3597f-0083-5426-afaf-643721014b0a,4a5e1c40-907b-5d7d-ad19-d8b0d9b69635,Desagregação da Meta,desagregacao_da_meta,table_row,"{'regiao': 'Região Norte', 'meta_prevista_para_2024__raw': '2', 'meta_prevista_para_2025__raw': '2', 'meta_prevista_para_2026__raw': '3', 'meta_prevista_para_2027__raw': '3', 'quantidade_alcancada__raw': '58', 'data_de_referencia__raw': '01/01/2025', 'sinalizacao_de_necessidade_de_revisao_proximo_exercicio': 'Sim', 'notas_do_usuario': 'SEPLAN - alteração do campo Sinalização de necessidade de revisão - próximo exercício para Sim, conforme informação da área setorial.'}","{'meta_prevista_para_2024': 2.0, 'meta_prevista_para_2025': 2.0, 'meta_prevista_para_2026': 3.0, 'meta_prevista_para_2027': 3.0, 'quantidade_alcancada': 58.0, 'data_de_referencia': 1012025.0}"
d7f12d2d-18f3-56c1-9269-f869593c029d,c11b9579-45d1-58de-af90-2c8b6bc73152,627,table,f0d3597f-0083-5426-afaf-643721014b0a,4a5e1c40-907b-5d7d-ad19-d8b0d9b69635,Desagregação da Meta,desagregacao_da_meta,table_row,"{'regiao': 'Região Sudeste', 'meta_prevista_para_2024__raw': '3', 'meta_prevista_para_2025__raw': '2', 'meta_prevista_para_2026__raw': '3', 'meta_prevista_para_2027__raw': '2', 'quantidade_alcancada__raw': '11', 'data_de_referencia__raw': '01/01/2025', 'sinalizacao_de_necessidade_de_revisao_proximo_exercicio': 'Sim', 'notas_do_usuario': 'SEPLAN - alteração do campo Sinalização de necessidade de revisão - próximo exercício para Sim, conforme informação da área setorial.'}","{'meta_prevista_para_2024': 3.0, 'meta_prevista_para_2025': 2.0, 'meta_prevista_para_2026': 3.0, 'meta_prevista_para_2027': 2.0, 'quantidade_alcancada': 11.0, 'data_de_referencia': 1012025.0}"
b7718b63-3709-5fdd-af54-df8289229a29,c11b9579-45d1-58de-af90-2c8b6bc73152,627,table,f0d3597f-0083-5426-afaf-643721014b0a,4a5e1c40-907b-5d7d-ad19-d8b0d9b69635,Desagregação da Meta,desagregacao_da_meta,table_row,"{'regiao': 'Região Sul', 'meta_prevista_para_2024__raw': '0', 'meta_prevista_para_2025__raw': '1', 'meta_prevista_para_2026__raw': '0', 'meta_prevista_para_2027__raw': '2', 'quantidade_alcancada__raw': '5', 'data_de_referencia__raw': '01/01/2025', 'sinalizacao_de_necessidade_de_revisao_proximo_exercicio': 'Sim', 'notas_do_usuario': 'SEPLAN - alteração do campo Sinalização de necessidade de revisão - próximo exercício para Sim, conforme informação da área setorial.'}","{'meta_prevista_para_2024': 0.0, 'meta_prevista_para_2025': 1.0, 'meta_prevista_para_2026': 0.0, 'meta_prevista_para_2027': 2.0, 'quantidade_alcancada': 5.0, 'data_de_referencia': 1012025.0}"
af7c02b4-6a6a-54a5-8b67-1fcf59703650,c11b9579-45d1-58de-af90-2c8b6bc73152,627,table,2c61c92c-57cd-5cd1-ad75-15d7a380f1ca,4a5e1c40-907b-5d7d-ad19-d8b0d9b69635,Desagregação da Meta,desagregacao_da_meta,table_row,"{'publico': 'Povos e Comunidades Tradicionais', 'meta_prevista_para_2024__raw': '7', 'meta_prevista_para_2025__raw': '10', 'meta_prevista_para_2026__raw': '10', 'meta_prevista_para_2027__raw': '14', 'quantidade_alcancada__raw': '110', 'data_de_referencia__raw': '01/01/2025', 'sinalizacao_de_necessidade_de_revisao_proximo_exercicio': 'Não', 'notas_do_usuario': 'Não informado'}","{'meta_prevista_para_2024': 7.0, 'meta_prevista_para_2025': 10.0, 'meta_prevista_para_2026': 10.0, 'meta_prevista_para_2027': 14.0, 'quantidade_alcancada': 110.0, 'data_de_referencia': 1012025.0}"
5c76f62f-9e3f-5abc-a0e4-4844edecb406,c11b9579-45d1-58de-af90-2c8b6bc73152,628,table,c34f1560-737d-5546-9ea1-288f4273a92e,2f544b74-5214-548c-b3bb-42abfb67a0ac,Informações do Monitoramento,informacoes_do_monitoramento,table_row,"{'regiao': 'Região Centro- Oeste', 'meta_prevista_para_2024__raw': '0', 'meta_prevista_para_2025__raw': '1.000', 'meta_prevista_para_2026__raw': '2.000', 'meta_prevista_para_2027__raw': '2.200', 'quantidade_alcancada__raw': '0', 'data_de_referencia__raw': '01/01/2025', 'sinalizacao_de_necessidade_de_revisao_proximo_exercicio': 'Não', 'notas_do_usuario': 'Não informado'}","{'meta_prevista_para_2024': 0.0, 'meta_prevista_para_2025': 1000.0, 'meta_prevista_para_2026': 2000.0, 'meta_prevista_para_2027': 2200.0, 'quantidade_alcancada': 0.0, 'data_de_referencia': 1012025.0}"
09fede77-6f96-5ebe-8881-e80ad97b7663,c11b9579-45d1-58de-af90-2c8b6bc73152,628,table,c34f1560-737d-5546-9ea1-288f4273a92e,2f544b74-5214-548c-b3bb-42abfb67a0ac,Informações do Monitoramento,informacoes_do_monitoramento,table_row,"{'regiao': 'Região Nordeste', 'meta_prevista_para_2024__raw': '3.200', 'meta_prevista_para_2025__raw': '3.000', 'meta_prevista_para_2026__raw': '4.000', 'meta_prevista_para_2027__raw': '4.000', 'quantidade_alcancada__raw': '3.800', 'data_de_referencia__raw': '01/01/2025', 'sinalizacao_de_necessidade_de_revisao_proximo_exercicio': 'Não', 'notas_do_usuario': 'Não informado'}","{'meta_prevista_para_2024': 3200.0, 'meta_prevista_para_2025': 3000.0, 'meta_prevista_para_2026': 4000.0, 'meta_prevista_para_2027': 4000.0, 'quantidade_alcancada': 3800.0, 'data_de_referencia': 1012025.0}"
4b9b20ed-2048-505f-8667-1e31808b9652,c11b9579-45d1-58de-af90-2c8b6bc73152,628,table,c34f1560-737d-5546-9ea1-288f4273a92e,2f544b74-5214-548c-b3bb-42abfb67a0ac,Informações do Monitoramento,informacoes_do_monitoramento,table_row,"{'regiao': 'Região Norte', 'meta_prevista_para_2024__raw': '6.600', 'meta_prevista_para_2025__raw': '3.000', 'meta_prevista_para_2026__raw': '3.500', 'meta_prevista_para_2027__raw': '3.500', 'quantidade_alcancada__raw': '0', 'data_de_referencia__raw': '01/01/2025', 'sinalizacao_de_necessidade_de_revisao_proximo_exercicio': 'Não', 'notas_do_usuario': 'Não informado'}","{'meta_prevista_para_2024': 6600.0, 'meta_prevista_para_2025': 3000.0, 'meta_prevista_para_2026': 3500.0, 'meta_prevista_para_2027': 3500.0, 'quantidade_alcancada': 0.0, 'data_de_referencia': 1012025.0}"
be322c48-a763-588a-81c1-09a2f52225d3,c11b9579-45d1-58de-af90-2c8b6bc73152,628,table,c34f1560-737d-5546-9ea1-288f4273a92e,2f544b74-5214-548c-b3bb-42abfb67a0ac,Informações do Monitoramento,informacoes_do_monitoramento,table_row,"{'regiao': 'Região Sudeste', 'meta_prevista_para_2024__raw': '0', 'meta_prevista_para_2025__raw': '2.000', 'meta_prevista_para_2026__raw': '3.500', 'meta_prevista_para_2027__raw': '3.500', 'quantidade_alcancada__raw': '0', 'data_de_referencia__raw': '01/01/2025', 'sinalizacao_de_necessidade_de_revisao_proximo_exercicio': 'Não', 'notas_do_usuario': 'Não informado'}","{'meta_prevista_para_2024': 0.0, 'meta_prevista_para_2025': 2000.0, 'meta_prevista_para_2026': 3500.0, 'meta_prevista_para_2027': 3500.0, 'quantidade_alcancada': 0.0, 'data_de_referencia': 1012025.0}"
33f60851-dd62-5557-be3d-eb70fe4a4efd,c11b9579-45d1-58de-af90-2c8b6bc73152,628,table,c34f1560-737d-5546-9ea1-288f4273a92e,2f544b74-5214-548c-b3bb-42abfb67a0ac,Informações do Monitoramento,informacoes_do_monitoramento,table_row,"{'regiao': 'Região Sul', 'meta_prevista_para_2024__raw': '0', 'meta_prevista_para_2025__raw': '1.000', 'meta_prevista_para_2026__raw': '2.000', 'meta_prevista_para_2027__raw': '2.000', 'quantidade_alcancada__raw': '0', 'data_de_referencia__raw': '01/01/2025', 'sinalizacao_de_necessidade_de_revisao_proximo_exercicio': 'Não', 'notas_do_usuario': 'Não informado'}","{'meta_prevista_para_2024': 0.0, 'meta_prevista_para_2025': 1000.0, 'meta_prevista_para_2026': 2000.0, 'meta_prevista_para_2027': 2000.0, 'quantidade_alcancada': 0.0, 'data_de_referencia': 1012025.0}"
4c946429-8e20-5577-8bc5-5fa0676ef760,c11b9579-45d1-58de-af90-2c8b6bc73152,628,table,25408ea5-ec47-5b12-b1d8-da16d4b10810,2f544b74-5214-548c-b3bb-42abfb67a0ac,Informações do Monitoramento,informacoes_do_monitoramento,table_row,"{'publico': 'Povos e', 'meta_prevista_para_2024__raw': '9.800', 'meta_prevista_para_2025__raw': '10.000', 'meta_prevista_para_2026__raw': '15.000', 'meta_prevista_para_2027__raw': '15.200', 'quantidade_alcancada__raw': '600', 'data_de_referencia__raw': '01/01/2025', 'sinalizacao_de_necessidade_de_revisao_proximo_exercicio': 'Não', 'notas_do_usuario': 'Não'}","{'meta_prevista_para_2024': 9800.0, 'meta_prevista_para_2025': 10000.0, 'meta_prevista_para_2026': 15000.0, 'meta_prevista_para_2027': 15200.0, 'quantidade_alcancada': 600.0, 'data_de_referencia': 1012025.0}"
6f954846-2e8a-5c6f-bb90-dbd37c3872b3,c11b9579-45d1-58de-af90-2c8b6bc73152,629,table,79980bad-6d76-57b0-adec-b7c981c635b0,136d8c9b-026b-561c-b1b3-20983cc2e16b,Informações do Monitoramento,informacoes_do_monitoramento,table_row,"{'0': 'Comunidades Tradicionais', '1': 'informado'}",{}
5295976c-d5e0-5934-b4a6-71ee755cc95f,c11b9579-45d1-58de-af90-2c8b6bc73152,629,table,5f49e4ab-d971-517b-b7d9-fdfcdc0ab830,136d8c9b-026b-561c-b1b3-20983cc2e16b,Informações do Monitoramento,informacoes_do_monitoramento,table_row,"{'regiao': 'Região Centro- Oeste', 'meta_prevista_para_2024__raw': '4.145', 'meta_prevista_para_2025__raw': '4.568', 'meta_prevista_para_2026__raw': '5.024', 'meta_prevista_para_2027__raw': '5.527', 'quantidade_alcancada__raw': '5.235', 'data_de_referencia__raw': '01/01/2025', 'sinalizacao_de_necessidade_de_revisao_proximo_exercicio': 'Não', 'notas_do_usuario': 'Não informado'}","{'meta_prevista_para_2024': 4145.0, 'meta_prevista_para_2025': 4568.0, 'meta_prevista_para_2026': 5024.0, 'meta_prevista_para_2027': 5527.0, 'quantidade_alcancada': 5235.0, 'data_de_referencia': 1012025.0}"
2ecd5dcf-f84f-5855-8a66-7ff0fc5de769,c11b9579-45d1-58de-af90-2c8b6bc73152,629,table,5f49e4ab-d971-517b-b7d9-fdfcdc0ab830,136d8c9b-026b-561c-b1b3-20983cc2e16b,Informações do Monitoramento,informacoes_do_monitoramento,table_row,"{'regiao': 'Região Nordeste', 'meta_prevista_para_2024__raw': '39.745', 'meta_prevista_para_2025__raw': '43.719', 'meta_prevista_para_2026__raw': '48.091', 'meta_prevista_para_2027__raw': '52.900', 'quantidade_alcancada__raw': '140.138', 'data_de_referencia__raw': '01/01/2025', 'sinalizacao_de_necessidade_de_revisao_proximo_exercicio': 'Sim', 'notas_do_usuario': 'SEPLAN - alteração do campo Sinalização de necessidade de revisão - próximo exercício para Sim, conforme área setorial.'}","{'meta_prevista_para_2024': 39745.0, 'meta_prevista_para_2025': 43719.0, 'meta_prevista_para_2026': 48091.0, 'meta_prevista_para_2027': 52900.0, 'quantidade_alcancada': 140138.0, 'data_de_referencia': 1012025.0}"
a50d0fa0-9582-566f-a38c-47d118f70538,c11b9579-45d1-58de-af90-2c8b6bc73152,630,table,0721ecb5-2020-5966-a10d-e760196a4d15,4ef08b8c-5a64-5f1b-bc98-8f294ade5be5,"Entrega: 1201 - Produção de quilombolas, de indígenas e de povos e comunidades tradicionais registrada com selo de origem",entrega_1201_producao_de_quilombolas_de_indigenas_e_de_povos_e_comunidades_tradicionais_registrada_com_selo_de_origem,table_row,"{'regiao_norte': 'Região Sudeste', '13474__raw': '5.710', '14818__raw': '6.280', '16300__raw': '6.908', '17930__raw': '7.599', '51020__raw': '12.845', '01_01_2025__raw': '01/01/2025', 'sim': 'Sim', 'seplan_alteracao_do_campo_sinalizacao_de_necessidade_de_revisao_proximo_exercicio_para_sim_conforme_area_setorial': 'SEPLAN - alteração do campo Sinalização de necessidade de revisão - próximo exercício para Sim, conforme área setorial.'}","{'13474': 5710.0, '14818': 6280.0, '16300': 6908.0, '17930': 7599.0, '51020': 12845.0, '01_01_2025': 1012025.0}"
58a1f934-4b58-5b5f-b138-3cc2895b2b0d,c11b9579-45d1-58de-af90-2c8b6bc73152,630,table,0721ecb5-2020-5966-a10d-e760196a4d15,4ef08b8c-5a64-5f1b-bc98-8f294ade5be5,"Entrega: 1201 - Produção de quilombolas, de indígenas e de povos e comunidades tradicionais registrada com selo de origem",entrega_1201_producao_de_quilombolas_de_indigenas_e_de_povos_e_comunidades_tradicionais_registrada_com_selo_de_origem,table_row,"{'regiao_norte': 'Região Sul', '13474__raw': '8.535', '14818__raw': '9.385', '16300__raw': '10.324', '17930__raw': '11.356', '51020__raw': '7.625', '01_01_2025__raw': '01/01/2025', 'sim': 'Não', 'seplan_alteracao_do_campo_sinalizacao_de_necessidade_de_revisao_proximo_exercicio_para_sim_conforme_area_setorial': 'Não informado'}","{'13474': 8535.0, '14818': 9385.0, '16300': 10324.0, '17930': 11356.0, '51020': 7625.0, '01_01_2025': 1012025.0}"
fea03f2b-3f64-55df-8b71-743da5992858,c11b9579-45d1-58de-af90-2c8b6bc73152,630,table,d4017beb-95b3-597d-9367-d108bc3a03b6,4ef08b8c-5a64-5f1b-bc98-8f294ade5be5,"Entrega: 1201 - Produção de quilombolas, de indígenas e de povos e comunidades tradicionais registrada com selo de origem",entrega_1201_producao_de_quilombolas_de_indigenas_e_de_povos_e_comunidades_tradicionais_registrada_com_selo_de_origem,table_row,"{'0': 'Região', '1': 'Meta prevista para 2024', '2': 'Meta prevista para 2025', '3': 'Meta prevista para 2026', '4': 'Meta prevista para 2027', '5': 'Quantidade alcançada', '6': 'Data de Referência', '7': 'Sinalização de necessidade de revisão - próximo', '8': 'Notas do usuário'}",{}
1dfa8440-839a-53f1-882b-701053804fb9,c11b9579-45d1-58de-af90-2c8b6bc73152,631,table,ed5c3d85-b821-5284-8774-856dfc14d13a,7e85a57b-64c2-5ea9-a714-ba37b4a0cbb9,Objetivo Específico: 0346 - Promover o acesso democratizado à terra,objetivo_especifico_0346_promover_o_acesso_democratizado_a_terra,table_row,"{'column_1': 'Região Centro- Oeste', 'column_2__raw': '1', 'column_3__raw': '1', 'column_4__raw': '2', 'column_5__raw': '2', 'column_6__raw': '54', 'column_7__raw': '01/01/2025', 'exercicio': 'Sim', 'column_9': 'SEPLAN - alteração do campo Sinalização de necessidade de revisão - próximo exercício para Sim, conforme área setorial.'}","{'column_2': 1.0, 'column_3': 1.0, 'column_4': 2.0, 'column_5': 2.0, 'column_6': 54.0, 'column_7': 1012025.0}"
37561fb1-0e16-5183-b3ff-614073ce4f05,c11b9579-45d1-58de-af90-2c8b6bc73152,631,table,ed5c3d85-b821-5284-8774-856dfc14d13a,7e85a57b-64c2-5ea9-a714-ba37b4a0cbb9,Objetivo Específico: 0346 - Promover o acesso democratizado à terra,objetivo_especifico_0346_promover_o_acesso_democratizado_a_terra,table_row,"{'column_1': 'Região Nordeste', 'column_2__raw': '2', 'column_3__raw': '4', 'column_4__raw': '6', 'column_5__raw': '9', 'column_6__raw': '351', 'column_7__raw': '01/01/2025', 'exercicio': 'Sim', 'column_9': 'SEPLAN - alteração do campo Sinalização de necessidade de revisão - próximo exercício para Sim, conforme área setorial.'}","{'column_2': 2.0, 'column_3': 4.0, 'column_4': 6.0, 'column_5': 9.0, 'column_6': 351.0, 'column_7': 1012025.0}"
f1a52539-5713-53f2-a87d-d63c9d5ba2f9,c11b9579-45d1-58de-af90-2c8b6bc73152,631,table,ed5c3d85-b821-5284-8774-856dfc14d13a,7e85a57b-64c2-5ea9-a714-ba37b4a0cbb9,Objetivo Específico: 0346 - Promover o acesso democratizado à terra,objetivo_especifico_0346_promover_o_acesso_democratizado_a_terra,table_row,"{'column_1': 'Região Norte', 'column_2__raw': '1', 'column_3__raw': '2', 'column_4__raw': '3', 'column_5__raw': '3', 'column_6__raw': '61', 'column_7__raw': '01/01/2025', 'exercicio': 'Sim', 'column_9': 'SEPLAN - alteração do campo Sinalização de necessidade de revisão - próximo exercício para Sim, conforme área setorial.'}","{'column_2': 1.0, 'column_3': 2.0, 'column_4': 3.0, 'column_5': 3.0, 'column_6': 61.0, 'column_7': 1012025.0}"
660eccff-db14-56e3-a6ef-9cd13021f5ae,c11b9579-45d1-58de-af90-2c8b6bc73152,631,table,ed5c3d85-b821-5284-8774-856dfc14d13a,7e85a57b-64c2-5ea9-a714-ba37b4a0cbb9,Objetivo Específico: 0346 - Promover o acesso democratizado à terra,objetivo_especifico_0346_promover_o_acesso_democratizado_a_terra,table_row,"{'column_1': 'Região Sudeste', 'column_2__raw': '1', 'column_3__raw': '2', 'column_4__raw': '3', 'column_5__raw': '3', 'column_6__raw': '25', 'column_7__raw': '01/01/2025', 'exercicio': 'Sim', 'column_9': 'SEPLAN - alteração do campo Sinalização de necessidade de revisão - próximo exercício para Sim, conforme área setorial.'}","{'column_2': 1.0, 'column_3': 2.0, 'column_4': 3.0, 'column_5': 3.0, 'column_6': 25.0, 'column_7': 1012025.0}"
ef8d6412-6aa7-54de-b3d1-c106f19db607,c11b9579-45d1-58de-af90-2c8b6bc73152,631,table,ed5c3d85-b821-5284-8774-856dfc14d13a,7e85a57b-64c2-5ea9-a714-ba37b4a0cbb9,Objetivo Específico: 0346 - Promover o acesso democratizado à terra,objetivo_especifico_0346_promover_o_acesso_democratizado_a_terra,table_row,"{'column_1': 'Região Sul', 'column_2__raw': '0', 'column_3__raw': '1', 'column_4__raw': '1', 'column_5__raw': '3', 'column_6__raw': '30', 'column_7__raw': '01/01/2025', 'exercicio': 'Sim', 'column_9': 'SEPLAN - alteração do campo Sinalização de necessidade de revisão - próximo exercício para Sim, conforme área setorial.'}","{'column_2': 0.0, 'column_3': 1.0, 'column_4': 1.0, 'column_5': 3.0, 'column_6': 30.0, 'column_7': 1012025.0}"
7cab9756-dfb2-5c01-a1ec-59449be7aba7,c11b9579-45d1-58de-af90-2c8b6bc73152,631,table,34ba9fa1-ad3c-5a1c-9a27-726e1f8574b8,7e85a57b-64c2-5ea9-a714-ba37b4a0cbb9,Objetivo Específico: 0346 - Promover o acesso democratizado à terra,objetivo_especifico_0346_promover_o_acesso_democratizado_a_terra,table_row,"{'publico': 'Povos e Comunidades Tradicionais', 'meta_prevista_para_2024__raw': '5', 'meta_prevista_para_2025__raw': '10', 'meta_prevista_para_2026__raw': '15', 'meta_prevista_para_2027__raw': '20', 'quantidade_alcancada__raw': '521', 'data_de_referencia__raw': '01/01/2025', 'sinalizacao_de_necessidade_de_revisao_proximo_exercicio': 'Não', 'notas_do_usuario': 'Não informado'}","{'meta_prevista_para_2024': 5.0, 'meta_prevista_para_2025': 10.0, 'meta_prevista_para_2026': 15.0, 'meta_prevista_para_2027': 20.0, 'quantidade_alcancada': 521.0, 'data_de_referencia': 1012025.0}"
12989ef7-6c27-500b-b1f5-12081f9e609e,c11b9579-45d1-58de-af90-2c8b6bc73152,632,table,68e66bcb-c056-5049-8d0a-7216150392ee,f7565653-4116-5d68-ba1a-6c241d77eabd,Entrega: 1512 - Famílias beneficiadas com documentos de regularização fundiária emitidos em áreas sob domínio dos estados,entrega_1512_familias_beneficiadas_com_documentos_de_regularizacao_fundiaria_emitidos_em_areas_sob_dominio_dos_estados,table_row,"{'regiao': 'Região Centro-', 'meta_prevista_para_2024__raw': '100', 'meta_prevista_para_2025__raw': '134', 'meta_prevista_para_2026__raw': '133', 'meta_prevista_para_2027__raw': '133', 'quantidade_alcancada': '', 'data_de_referencia__raw': '0 01/01/2025', 'sinalizacao_de_necessidade_de_revisao_proximo_exercicio': 'Sim', 'notas_do_usuario': 'SEPLAN - alteração do campo Sinalização de'}","{'meta_prevista_para_2024': 100.0, 'meta_prevista_para_2025': 134.0, 'meta_prevista_para_2026': 133.0, 'meta_prevista_para_2027': 133.0, 'data_de_referencia': 1012025.0}"
fe9e55b8-d8fc-5344-9101-63a3382c67a9,c11b9579-45d1-58de-af90-2c8b6bc73152,633,table,e47315ab-9e3f-5e35-a855-7d451e3ad7ed,bb39657c-a7b7-5267-ab16-b255f453f18d,Objetivo Específico: 0347 - Aprimorar o gerenciamento da malha fundiária,objetivo_especifico_0347_aprimorar_o_gerenciamento_da_malha_fundiaria,table_row,"{'oeste': 'Região Nordeste', 'column_2__raw': '600', 'column_3__raw': '800', 'column_4__raw': '800', 'column_5__raw': '800', 'column_6__raw': '0', 'column_7__raw': '01/01/2025', 'column_8': 'Sim', 'necessidade_de_revisao_proximo_exercicio_para_sim_conforme_informacao_da_area_setorial': 'SEPLAN - alteração do campo Sinalização de necessidade de revisão - próximo exercício para Sim, conforme informação da área setorial.'}","{'column_2': 600.0, 'column_3': 800.0, 'column_4': 800.0, 'column_5': 800.0, 'column_6': 0.0, 'column_7': 1012025.0}"
bd82e29d-1ec9-56bd-bbff-b1cd0aae3894,c11b9579-45d1-58de-af90-2c8b6bc73152,633,table,e47315ab-9e3f-5e35-a855-7d451e3ad7ed,bb39657c-a7b7-5267-ab16-b255f453f18d,Objetivo Específico: 0347 - Aprimorar o gerenciamento da malha fundiária,objetivo_especifico_0347_aprimorar_o_gerenciamento_da_malha_fundiaria,table_row,"{'oeste': 'Região Norte', 'column_2__raw': '600', 'column_3__raw': '800', 'column_4__raw': '800', 'column_5__raw': '800', 'column_6__raw': '0', 'column_7__raw': '01/01/2025', 'column_8': 'Sim', 'necessidade_de_revisao_proximo_exercicio_para_sim_conforme_informacao_da_area_setorial': 'SEPLAN - alteração do campo Sinalização de necessidade de revisão - próximo exercício para Sim, conforme informação da área setorial.'}","{'column_2': 600.0, 'column_3': 800.0, 'column_4': 800.0, 'column_5': 800.0, 'column_6': 0.0, 'column_7': 1012025.0}"
5eb5c80f-5004-51b9-a3a7-b34cfcad0bf6,c11b9579-45d1-58de-af90-2c8b6bc73152,633,table,e47315ab-9e3f-5e35-a855-7d451e3ad7ed,bb39657c-a7b7-5267-ab16-b255f453f18d,Objetivo Específico: 0347 - Aprimorar o gerenciamento da malha fundiária,objetivo_especifico_0347_aprimorar_o_gerenciamento_da_malha_fundiaria,table_row,"{'oeste': 'Região Sudeste', 'column_2__raw': '100', 'column_3__raw': '133', 'column_4__raw': '134', 'column_5__raw': '133', 'column_6__raw': '0', 'column_7__raw': '01/01/2025', 'column_8': 'Sim', 'necessidade_de_revisao_proximo_exercicio_para_sim_conforme_informacao_da_area_setorial': 'SEPLAN - alteração do campo Sinalização de necessidade de revisão - próximo exercício para Sim, conforme informação da área setorial.'}","{'column_2': 100.0, 'column_3': 133.0, 'column_4': 134.0, 'column_5': 133.0, 'column_6': 0.0, 'column_7': 1012025.0}"
73a964d9-3385-5bc6-857e-55952559f9fc,c11b9579-45d1-58de-af90-2c8b6bc73152,633,table,e47315ab-9e3f-5e35-a855-7d451e3ad7ed,bb39657c-a7b7-5267-ab16-b255f453f18d,Objetivo Específico: 0347 - Aprimorar o gerenciamento da malha fundiária,objetivo_especifico_0347_aprimorar_o_gerenciamento_da_malha_fundiaria,table_row,"{'oeste': 'Região Sul', 'column_2__raw': '100', 'column_3__raw': '133', 'column_4__raw': '133', 'column_5__raw': '134', 'column_6__raw': '0', 'column_7__raw': '01/01/2025', 'column_8': 'Sim', 'necessidade_de_revisao_proximo_exercicio_para_sim_conforme_informacao_da_area_setorial': 'SEPLAN - alteração do campo Sinalização de necessidade de revisão - próximo exercício para Sim, conforme informação da área setorial.'}","{'column_2': 100.0, 'column_3': 133.0, 'column_4': 133.0, 'column_5': 134.0, 'column_6': 0.0, 'column_7': 1012025.0}"
77ebb38b-4bda-5aba-b4ef-b5209416d152,c11b9579-45d1-58de-af90-2c8b6bc73152,634,table,2d99c364-eb8b-59b7-b525-5eed98117c69,63c24e12-fa34-5e3d-bb63-e6a2b9964129,Informações do Monitoramento,informacoes_do_monitoramento,table_row,"{'regiao': 'Região Amazônica', 'meta_prevista_para_2024__raw': '900.000', 'meta_prevista_para_2025__raw': '1.081.000', 'meta_prevista_para_2026__raw': '1.350.000', 'meta_prevista_para_2027__raw': '1.800.000', 'quantidade_alcancada__raw': '13.779.212,53', 'data_de_referencia__raw': '01/01/2025', 'sinalizacao_de_necessidade_de_revisao_proximo_exercicio': 'Sim', 'notas_do_usuario': 'Amazônia Legal SEPLAN - alteração do campo Sinalização de necessidade de revisão - próximo exercício para Sim, conforme informação da área setorial.'}","{'meta_prevista_para_2024': 900000.0, 'meta_prevista_para_2025': 1081000.0, 'meta_prevista_para_2026': 1350000.0, 'meta_prevista_para_2027': 1800000.0, 'quantidade_alcancada': 13779212.53, 'data_de_referencia': 1012025.0}"
1cc51028-93b4-5cc4-bad3-b550e7e5cf32,c11b9579-45d1-58de-af90-2c8b6bc73152,634,table,2d99c364-eb8b-59b7-b525-5eed98117c69,63c24e12-fa34-5e3d-bb63-e6a2b9964129,Informações do Monitoramento,informacoes_do_monitoramento,table_row,"{'regiao': 'Região Centro- Oeste', 'meta_prevista_para_2024': '-', 'meta_prevista_para_2025': '-', 'meta_prevista_para_2026': '-', 'meta_prevista_para_2027': '-', 'quantidade_alcancada__raw': '373.755,74', 'data_de_referencia__raw': '01/01/2025', 'sinalizacao_de_necessidade_de_revisao_proximo_exercicio': 'Sim', 'notas_do_usuario': 'SEPLAN - alteração do campo Sinalização de necessidade de revisão - próximo exercício para Sim, conforme informação da área setorial.'}","{'quantidade_alcancada': 373755.74, 'data_de_referencia': 1012025.0}"
01a31278-0b65-5da2-97f9-b8a65bce8a9f,c11b9579-45d1-58de-af90-2c8b6bc73152,634,table,2d99c364-eb8b-59b7-b525-5eed98117c69,63c24e12-fa34-5e3d-bb63-e6a2b9964129,Informações do Monitoramento,informacoes_do_monitoramento,table_row,"{'regiao': 'Região Nordeste', 'meta_prevista_para_2024': '-', 'meta_prevista_para_2025': '-', 'meta_prevista_para_2026': '-', 'meta_prevista_para_2027': '-', 'quantidade_alcancada__raw': '185.826,79', 'data_de_referencia__raw': '01/01/2025', 'sinalizacao_de_necessidade_de_revisao_proximo_exercicio': 'Sim', 'notas_do_usuario': 'SEPLAN - alteração do campo Sinalização de necessidade de revisão - próximo'}","{'quantidade_alcancada': 185826.79, 'data_de_referencia': 1012025.0}"
d5264774-b1c4-546f-948e-e290d5b8435e,c11b9579-45d1-58de-af90-2c8b6bc73152,635,table,09e68cad-5dbe-5cf1-aa82-08bbb434fea5,a857138a-0965-5063-af53-c71202166b92,"Medida Institucional Normativa: 0618 - Revisão do decreto 10.592/2020, que trata da Câmara Técnica de Destinação e Regularização Fundiária de Terras Públicas Federais Rurais",medida_institucional_normativa_0618_revisao_do_decreto_10592_2020_que_trata_da_camara_tecnica_de_destinacao_e_regularizacao_fundiaria_de_terras_publicas_federais_rurais,table_row,"{'column_1': 'Região Norte', 'column_2': '-', 'column_3': '-', 'column_4': '-', 'column_5': '-', 'column_6__raw': '13.307.167,87', 'column_7__raw': '01/01/2025', 'column_8': 'Sim', 'exercicio_para_sim_conforme_informacao_da_area_setorial': 'SEPLAN - alteração do campo Sinalização de necessidade de revisão - próximo exercício para Sim, conforme informação da área setorial.'}","{'column_6': 13307167.87, 'column_7': 1012025.0}"
166e9991-2552-5b9a-be0c-a1f3eafba21c,c11b9579-45d1-58de-af90-2c8b6bc73152,635,table,09e68cad-5dbe-5cf1-aa82-08bbb434fea5,a857138a-0965-5063-af53-c71202166b92,"Medida Institucional Normativa: 0618 - Revisão do decreto 10.592/2020, que trata da Câmara Técnica de Destinação e Regularização Fundiária de Terras Públicas Federais Rurais",medida_institucional_normativa_0618_revisao_do_decreto_10592_2020_que_trata_da_camara_tecnica_de_destinacao_e_regularizacao_fundiaria_de_terras_publicas_federais_rurais,table_row,"{'column_1': 'Região Sudeste', 'column_2': '-', 'column_3': '-', 'column_4': '-', 'column_5': '-', 'column_6__raw': '0', 'column_7__raw': '01/01/2025', 'column_8': 'Sim', 'exercicio_para_sim_conforme_informacao_da_area_setorial': 'SEPLAN - alteração do campo Sinalização de necessidade de revisão - próximo exercício para Sim, conforme informação da área setorial.'}","{'column_6': 0.0, 'column_7': 1012025.0}"
e544ce55-aa8b-50f5-b573-522728da00de,c11b9579-45d1-58de-af90-2c8b6bc73152,635,table,09e68cad-5dbe-5cf1-aa82-08bbb434fea5,a857138a-0965-5063-af53-c71202166b92,"Medida Institucional Normativa: 0618 - Revisão do decreto 10.592/2020, que trata da Câmara Técnica de Destinação e Regularização Fundiária de Terras Públicas Federais Rurais",medida_institucional_normativa_0618_revisao_do_decreto_10592_2020_que_trata_da_camara_tecnica_de_destinacao_e_regularizacao_fundiaria_de_terras_publicas_federais_rurais,table_row,"{'column_1': 'Região Sul', 'column_2': '-', 'column_3': '-', 'column_4': '-', 'column_5': '-', 'column_6__raw': '102.864,46', 'column_7__raw': '01/01/2025', 'column_8': 'Sim', 'exercicio_para_sim_conforme_informacao_da_area_setorial': 'SEPLAN - alteração do campo Sinalização de necessidade de revisão - próximo exercício para Sim, conforme informação da área setorial.'}","{'column_6': 102864.46, 'column_7': 1012025.0}"
cd0728f6-1d29-53e0-8c98-52882004d462,c11b9579-45d1-58de-af90-2c8b6bc73152,640,table,8d645752-f073-5472-a970-e1edb643b86b,,,table,table_row,{'0': 'Descrição da implantação da Medida Institucional Normativa: Medida implementada através do Decreto 11.637/2023 Medida Institucional concluída?: Sim'},{}
